station_id,station_name,latitude,longitude,city,state,row_index,valid_coordinates
47002,SALINÓPOLIS,-0.6231,-47.3536,SALINÓPOLIS,PARÁ,0,True
47003,CURUÇA,-0.7375,-47.8536,CURUÇA,PARÁ,1,True
47004,PRIMAVERA,-0.9294,-47.0994,PRIMAVERA,PARÁ,2,True
47005,MARUDA,-0.6336,-47.6583,MARAPANIM,PARÁ,3,True
47006,SÃO JOÃO DE PIRABAS,-0.7747,-47.1775,SÃO JOÃO DE PIRABAS,PARÁ,4,True
47007,MAGALHÃES BARATA,-0.7944,-47.5997,MAGALHÃES BARATA,PARÁ,5,True
48006,VIGIA,-0.8681,-48.1103,VIGIA,PARÁ,6,True
49009,ANAJÁS,-0.9853,-49.9394,ANAJÁS,PARÁ,7,True
49010,CHAVES,-0.1656,-49.9786,CHAVES,PARÁ,8,True
49011,SANTA CRUZ DO ARARI,-1.0158,-48.9597,SANTA CRUZ DO ARARI,PARÁ,9,True
51002,NAVIO,-0.3992,-51.4203,MAZAGÃO,AMAPÁ,10,True
51004,VILA DO MARACÁ,-0.1806,-51.7358,MAZAGÃO,AMAPÁ,11,True
51005,BOM JARDIM,-0.7947,-51.6239,GURUPÁ,PARÁ,12,True
52000,SÃO FRANCISCO,-0.5711,-52.575,LARANJAL DO JARÍ,AMAPÁ,13,True
52003,SÃO PEDRO,-0.4567,-52.0775,MAZAGÃO,AMAPÁ,14,True
60000,BASE ALALAÚ,-0.8558,-60.5219,RORAINÓPOLIS,RORAIMA,15,True
60001,FAZENDA SÃO LUCAS,-0.2275,-60.6908,SÃO LUIZ,RORAIMA,16,True
61000,SANTA MARIA DO BOIAÇU,-0.5067,-61.7858,RORAINÓPOLIS,RORAIMA,17,True
61001,TERRA PRETA,-0.8731,-61.9317,CARACARAÍ,RORAIMA,18,True
63000,CUMARU,-0.5983,-63.3978,BARCELOS,AMAZONAS,19,True
63001,SAMAUMA,-0.3672,-62.7753,BARCELOS,AMAZONAS,20,True
65001,TAPURUQUARA,-0.4203,-65.0153,SANTA IZABEL DO RIO,AMAZONAS,21,True
66000,LIVRAMENTO,-0.2889,-66.1533,SÃO GABRIEL DA CACH,AMAZONAS,22,True
67002,TUMBIRA,-0.3444,-67.5358,SÃO GABRIEL DA CACH,AMAZONAS,23,True
144002,CURURUPU,-1.8261,-44.8678,CURURUPU,MARANHÃO,24,True
145006,CÂNDIDO MENDES,-1.4558,-45.7281,CÂNDIDO MENDES,MARANHÃO,25,True
146005,TARARUA - PONTE,-1.7331,-46.5989,VISEU,PARÁ,26,True
146008,ALTO BONITO,-1.8175,-46.3439,VISEU,PARÁ,27,True
146009,VISEU,-1.2314,-46.1878,VISEU,PARÁ,28,True
146010,EMBORAI,-1.2917,-46.5836,AUGUSTO CORRÊA,PARÁ,29,True
146011,SANTA LUZIA DO PARÁ,-1.5161,-46.9061,SANTA LUZIA DO PARÁ,PARÁ,30,True
147002,CAPANEMA,-1.2036,-47.1781,CAPANEMA,PARÁ,31,True
147007,CASTANHAL,-1.2975,-47.9394,CASTANHAL,PARÁ,32,True
147008,SÃO DOMINGOS DO CAPIM,-1.6775,-47.77,SÃO DOMINGOS DO CAP,PARÁ,33,True
147010,IGARAPÉ-AÇU,-1.1325,-47.6283,IGARAPÉ-AÇU,PARÁ,34,True
147011,COLÔNIA SANTO ANTÔNIO,-1.655,-47.4914,IRITUIA,PARÁ,35,True
147016,OUREM,-1.5517,-47.1172,OURÉM,PARÁ,36,True
147017,TERRA ALTA,-1.0386,-47.9133,TERRA ALTA,PARÁ,37,True
147018,SANTA MARIA DO PARÁ,-1.3569,-47.5742,SANTA MARIA DO PARÁ,PARÁ,38,True
147019,NOVA TIMBOTEUA,-1.21111,-47.3864,NOVA TIMBOTEUA,PARÁ,39,True
148003,SANTA ISABEL DO PARÁ,-1.2964,-48.1708,SANTA ISABEL DO PAR,PARÁ,40,True
148009,ACARÁ,-1.9611,-48.2064,ACARÁ,PARÁ,41,True
148010,ABAETETUBA,-1.7503,-48.8669,ABAETETUBA,PARÁ,42,True
148011,VILA DO CONDE,-1.5656,-48.7669,BARCARENA,PARÁ,43,True
148012,MOSQUEIRO,-1.0942,-48.3986,BELÉM,PARÁ,44,True
148017,BUJARU,-1.5211,-48.0461,BUJARU,PARÁ,45,True
148018,IGARAPÉ-MIRI,-1.9706,-48.9339,IGARAPÉ-MIRI,PARÁ,46,True
149003,OEIRAS DO PARÁ,-2.0019,-49.8636,OEIRAS DO PARÁ,PARÁ,47,True
149004,JOANA COELI,-1.8975,-49.3817,CAMETÁ,PARÁ,48,True
150003,ANTÔNIO LEMOS,-1.7917,-50.4347,BREVES,PARÁ,49,True
151000,JARILÂNDIA,-1.1233,-51.9964,ALENQUER,PARÁ,50,True
151001,ACAMPAMENTO IBDF,-1.7922,-51.4344,PORTEL,PARÁ,51,True
151002,AREIAS,-1.2131,-51.2622,MELGAÇO,PARÁ,52,True
151003,CARRAZEDO,-1.5825,-51.9178,GURUPÁ,PARÁ,53,True
152005,ALMEIRIM,-1.5264,-52.5783,ALMEIRIM,PARÁ,54,True
152006,FAZENDA BELA VISTA,-1.0819,-53.1575,ALMEIRIM,PARÁ,55,True
153000,PRAINHA,-1.8011,-53.48,PRAINHA,PARÁ,56,True
154000,ARAPARI,-1.7736,-54.3972,MONTE ALEGRE,PARÁ,57,True
154001,BOCA DO INFERNO,-1.5,-54.8714,ALENQUER,PARÁ,58,True
154003,ALENQUER,-1.9428,-54.7392,ALENQUER,PARÁ,59,True
155000,ORIXIMINÁ,-1.7597,-55.8614,ORIXIMINÁ,PARÁ,60,True
155002,VILA CURUA,-1.88806,-55.1156,ALENQUER,PARÁ,61,True
156000,VISTA ALEGRE - CONJ 1,-1.1014,-56.04,ORIXIMINÁ,PARÁ,62,True
156002,PORTO TROMBETAS,-1.4556,-56.4025,ORIXIMINÁ,PARÁ,63,True
157000,CACH DA PORTEIRA - CONJ 1,-1.0875,-57.0469,ORIXIMINÁ,PARÁ,64,True
157001,MINERAÇÃO CAIMA,-1.4378,-57.8275,NHAMUNDÁ,AMAZONAS,65,True
157002,PORTUGUÊS,-1.8683,-57.0506,FARO,PARÁ,66,True
158003,SÃO JOSÉ,-1.9328,-58.2558,URUCARÁ,AMAZONAS,67,True
159000,BALBINA P-8 (UHE BALBINA),-1.9381,-59.4833,PRESIDENTE FIGUEIRE,AMAZONAS,68,True
160000,POSTO ABONARI - FUNAI,-1.2989,-60.3997,PRESIDENTE FIGUEIRE,AMAZONAS,69,True
161002,MOURA,-1.4589,-61.6331,BARCELOS,AMAZONAS,70,True
162000,CARVOEIRO,-1.3944,-61.9792,BARCELOS,AMAZONAS,71,True
162002,UMANAPANA,-1.8872,-62.4367,BARCELOS,AMAZONAS,72,True
165000,MARAÃ,-1.8611,-65.5906,MARAÃ,AMAZONAS,73,True
166000,ACANAUI,-1.8211,-66.6,JAPURÁ,AMAZONAS,74,True
167001,MAMORI,-1.7319,-67.5786,JAPURÁ,AMAZONAS,75,True
169000,VILA BITTENCOURT,-1.3947,-69.4283,JAPURÁ,AMAZONAS,76,True
169002,MANGUEIRA,-1.7333,-69.1167,JAPURÁ,AMAZONAS,77,True
242002,BARRO DURO,-2.9022,-42.3131,TUTÓIA,MARANHÃO,78,True
244011,GUIMARÃES,-2.1294,-44.6069,GUIMARÃES,MARANHÃO,79,True
244012,SÃO BENTO,-2.7011,-44.8233,SÃO BENTO,MARANHÃO,80,True
245001,ALTO TURI,-2.9539,-45.6647,MONÇÃO,MARANHÃO,81,True
245003,MARACACUME,-2.0522,-45.9583,CÂNDIDO MENDES,MARANHÃO,82,True
245007,BR-316 / RIO PARUÁ,-2.5047,-45.7842,TURIAÇU,MARANHÃO,83,True
245008,PEDRO ROSÁRIO,-2.9708,-45.355,VIANA,MARANHÃO,84,True
245009,PIMENTA,-2.5903,-45.3653,PINHEIRO,MARANHÃO,85,True
245010,PINHEIRO,-2.5153,-45.0856,PINHEIRO,MARANHÃO,86,True
245011,SANTA HELENA,-2.2739,-45.2711,SANTA HELENA,MARANHÃO,87,True
247000,BADAJÓS,-2.5128,-47.7681,SÃO DOMINGOS DO CAP,PARÁ,88,True
247003,FAZENDA JAUARÁ,-2.0356,-47.7506,AURORA DO PARÁ,PARÁ,89,True
247004,FAZENDA SÃO RAIMUNDO,-2.4261,-47.5161,IPIXUNA DO PARÁ,PARÁ,90,True
247005,CAFEZAL,-2.7717,-46.8025,PARAGOMINAS,PARÁ,91,True
247006,PA-256 / RIO CAPIM,-2.9483,-47.8144,IPIXUNA DO PARÁ,PARÁ,92,True
247008,ACAMPAMENTO MENDES JUNIOR,-2.3433,-47.8469,SÃO DOMINGOS DO CAP,PARÁ,93,True
248001,FAZENDA URUCURE,-2.4478,-48.5786,ACARÁ,PARÁ,94,True
248003,TOMÉ-AÇU,-2.4208,-48.1489,TOMÉ-AÇU,PARÁ,95,True
248006,PA-256 / RIO ACARA-MIRIM,-2.7822,-48.3522,TOMÉ-AÇU,PARÁ,96,True
249002,VILA ELIM,-2.8044,-49.3778,MOJU,PARÁ,97,True
249003,BAIÃO,-2.785,-49.6694,BAIÃO,PARÁ,98,True
249004,VILA DO CARMO,-2.4497,-49.4383,MOCAJUBA,PARÁ,99,True
250000,CIPOAL,-2.785,-50.4536,PORTEL,PARÁ,100,True
250001,VILA SÃO BENEDITO,-1.9917,-50.3686,BAGRE,PARÁ,101,True
250002,IRAPURU,-2.4533,-50.9228,PORTEL,PARÁ,102,True
250003,ACANGATA,-2.245,-50.6297,PORTEL,PARÁ,103,True
251000,MARACACUERA FLORESTAL,-2.245,-51.1794,PORTEL,PARÁ,104,True
251001,SENADOR JOSÉ PORFÍRIO,-2.5867,-51.9481,SENADOR JOSÉ PORFIR,PARÁ,105,True
252001,ITAPÉUA DO PARÁ,-2.3364,-52.9186,PORTO DE MOZ,PARÁ,106,True
253000,SANTA CRUZ,-1.1789,-53.5994,PRAINHA,PARÁ,107,True
254000,SANTARÉM,-2.4433,-54.7025,SANTARÉM,PARÁ,108,True
255000,CURUAI,-2.2683,-55.4806,SANTARÉM,PARÁ,109,True
255001,CACHOEIRA DO ARUÃ,-2.6508,-55.7206,SANTARÉM,PARÁ,110,True
256001,JURUTI,-2.1522,-56.0875,JURUTI,PARÁ,111,True
256002,NHAMUNDÁ,-2.1897,-56.7106,NHAMUNDÁ,AMAZONAS,112,True
257000,URUCARA,-2.5378,-57.7581,URUCARÁ,AMAZONAS,113,True
257001,BARREIRINHA,-2.7922,-57.0644,BARREIRINHA,AMAZONAS,114,True
257002,BOA VISTA DO RAMOS,-2.9703,-57.59,BOA VISTA DO RAMOS,AMAZONAS,115,True
257003,MOCAMBO,-2.4556,-57.2825,PARINTINS,AMAZONAS,116,True
258001,SANTA LUZIA,-2.2911,-58.5058,URUCARÁ,AMAZONAS,117,True
259000,CACHOEIRA MORENA,-2.1039,-59.3442,PRESIDENTE FIGUEIRE,AMAZONAS,118,True
259004,RIO PRETO DA EVA,-2.7003,-59.6997,RIO PRETO DA EVA,AMAZONAS,119,True
260006,NOVO AIRÃO,-2.62,-60.9478,NOVO AIRÃO,AMAZONAS,120,True
260007,PRESIDENTE FIGUEIREDO,-2.0417,-60.0258,PRESIDENTE FIGUEIRE,AMAZONAS,121,True
261000,BARURI,-2.0247,-61.5414,NOVO AIRÃO,AMAZONAS,122,True
265000,SÃO PEDRO,-2.35,-65.1167,MARAÃ,AMAZONAS,123,True
266004,PORTO ANTUNES,-2.8903,-66.9492,JUTAÍ,AMAZONAS,124,True
267001,ESPÍRITO SANTO,-2.75,-67.5667,FONTE BOA,AMAZONAS,125,True
268000,BOA UNIÃO,-2.8806,-68.7986,SANTO ANTÔNIO DO IÇ,AMAZONAS,126,True
269001,IPIRANGA NOVO,-2.9297,-69.6931,SANTO ANTÔNIO DO IÇ,AMAZONAS,127,True
338014,UMARITUBA NOVA,-3.67,-38.9817,SÃO GONÇALO DO AMAR,CEARÁ,128,True
339000,AMONTADA,-3.3633,-39.8294,AMONTADA,CEARÁ,129,True
339028,SÃO LUÍS DO CURU,-3.6739,-39.2417,SÃO LUÍS DO CURU,CEARÁ,130,True
339045,FAZENDA SÃO JOÃO,-3.9453,-39.4111,APUIARES,CEARÁ,131,True
340064,SOBRAL,-3.6967,-40.34,SOBRAL,CEARÁ,132,True
341027,TINGUIS,-3.7233,-41.9756,PIRACURUCA,PIAUÍ,133,True
342002,ESPERANTINA,-3.9033,-42.2294,ESPERANTINA,PIAUÍ,134,True
342007,LUZILÂNDIA,-3.4622,-42.3733,LUZILÂNDIA,PIAUÍ,135,True
342009,BARRA DA ONÇA,-3.3647,-42.7239,SANTA QUITÉRIA DO M,MARANHÃO,136,True
343001,IGUARÁ,-3.5536,-43.8736,VARGEM GRANDE,MARANHÃO,137,True
343003,NINA RODRIGUES,-3.4594,-43.8989,NINA RODRIGUES,MARANHÃO,138,True
343004,MUNIM,-3.46,-43.8994,VARGEM GRANDE,MARANHÃO,139,True
343009,MATA ROMA,-3.6258,-43.1122,MATA ROMA,MARANHÃO,140,True
343010,BREJO DO MEIO,-3.94,-43.5206,CHAPADINHA,MARANHÃO,141,True
343011,GONÇALO,-3.0439,-43.2367,URBANO SANTOS,MARANHÃO,142,True
344004,CANTANHEDE,-3.6325,-44.3764,CANTANHEDE,MARANHÃO,143,True
344007,PIRITORÓ II,-3.7097,-44.2933,PIRAPEMAS,MARANHÃO,144,True
344008,PEDRAS,-3.9436,-44.0175,PIRAPEMAS,MARANHÃO,145,True
344010,PRESIDENTE JUSCELINO,-2.9278,-44.0792,PRESIDENTE JUSCELIN,MARANHÃO,146,True
344011,SÃO MATEUS DO MARANHÃO,-4.0078,-44.4661,SÃO MATEUS DO MARAN,MARANHÃO,147,True
344012,MIRANDA,-3.5497,-44.5833,MIRANDA DO NORTE,MARANHÃO,148,True
344013,LAGO AÇÚ,-3.8464,-44.8908,VITÓRIA DO MEARIM,MARANHÃO,149,True
345000,ARATOÍ GRANDE,-3.765,-45.2203,BELA VISTA DO MARAN,MARANHÃO,150,True
345006,PINDARÉ-MIRIM,-3.6583,-45.4431,PINDARÉ-MIRIM,MARANHÃO,151,True
345012,BOA VISTA DO PINDARÉ,-3.4028,-45.0106,CAJARI,MARANHÃO,152,True
345013,NEWTON BELO,-3.4244,-45.6694,MONÇÃO,MARANHÃO,153,True
346001,FAZENDA RURAL ZEBU,-3.3342,-46.8733,PARAGOMINAS,PARÁ,154,True
346002,TUCUMÃ,-4.2208,-46.1653,BOM JARDIM,MARANHÃO,155,True
347000,PARAGOMINAS,-3.01,-47.3433,PARAGOMINAS,PARÁ,156,True
347001,GURUPIZINHO,-3.7425,-47.4978,PARAGOMINAS,PARÁ,157,True
347002,FAZENDA PLANALTO (EX.RANCHO GRANDE),-3.4522,-47.4672,PARAGOMINAS,PARÁ,158,True
348001,FAZENDA MARINGA,-3.1544,-48.0858,SÃO DOMINGOS DO CAP,PARÁ,159,True
348002,TAILÂNDIA,-2.9503,-48.9669,TAILÂNDIA,PARÁ,160,True
349001,CACHOEIRA TRACAMBEUA,-3.5142,-49.2225,MOJU,PARÁ,161,True
349002,GOIANÉSIA,-3.8336,-49.0858,TUCURUÍ,PARÁ,162,True
349003,JOANA PERES,-3.0158,-49.7967,BAIÃO,PARÁ,163,True
350000,FAZENDA ESTRELA DO NORTE,-3.8706,-50.4628,PORTEL,PARÁ,164,True
350001,BOM JARDIM DA TRANSAMAZÔNICA,-3.6664,-50.6328,PORTEL,PARÁ,165,True
351000,GRANJA GAZELA,-3.4194,-51.2558,PORTEL,PARÁ,166,True
351002,FAZENDA CIPAUBA,-3.7231,-51.5681,SENADOR JOSÉ PORFIR,PARÁ,167,True
352005,BRASIL NOVO,-3.3078,-52.5419,ALTAMIRA,PARÁ,168,True
353000,URUARÁ,-3.6778,-53.5544,PRAINHA,PARÁ,169,True
353002,VILA UNIÃO DA FLORESTA,-3.5181,-53.1406,MEDICILÂNDIA,PARÁ,170,True
354000,SÍTIO SÃO PEDRO,-3.8889,-54.315,SANTARÉM,PARÁ,171,True
355001,MUTUM,-3.4936,-54.8869,SANTARÉM,PARÁ,172,True
356002,GUARIBA,-3.2281,-56.5861,JURUTI,PARÁ,173,True
357001,MAUÉS,-3.4006,-57.7156,MAUÉS,AMAZONAS,174,True
357003,MUCAJÁ,-3.8967,-57.5042,MAUÉS,AMAZONAS,175,True
357004,MENINO DEUS,-3.7728,-57.3031,MAUÉS,AMAZONAS,176,True
358002,BALSA DO RIO URUBÚ,-2.9131,-59.0433,ITACOATIARA,AMAZONAS,177,True
358003,OSÓRIO FONSECA,-3.8167,-58.2861,NOVA OLINDA DO NORT,AMAZONAS,178,True
359001,NOVA OLINDA DO NORTE,-3.8847,-59.0897,NOVA OLINDA DO NORT,AMAZONAS,179,True
359004,AUTAZES,-3.5764,-59.1339,AUTAZES,AMAZONAS,180,True
359005,CPRM - SUREG/MA,-3.1,-59.9944,MANAUS,AMAZONAS,181,True
360001,MANACAPURU,-3.3083,-60.6094,MANACAPURU,AMAZONAS,182,True
361000,BERURI,-3.8978,-61.3747,MANACAPURU,AMAZONAS,183,True
361001,CAAPIRANGA,-3.3297,-61.2133,CODAJÁS,AMAZONAS,184,True
361002,ANAMÃ,-3.5811,-61.3783,ANAMÃ,AMAZONAS,185,True
362002,BADAJÓS,-3.4183,-62.6786,CODAJÁS,AMAZONAS,186,True
363000,BARRO ALTO - SÂO RAIMUNDO DO IPIXUNA,-3.875,-63.7858,COARI,AMAZONAS,187,True
364001,JUTICA,-3.5903,-64.3069,TEFÉ,AMAZONAS,188,True
366000,FORTE DAS GRAÇAS,-3.6414,-66.1031,JURUÁ,AMAZONAS,189,True
366001,MARTÍRIO,-2.9811,-65.9419,JURUÁ,AMAZONAS,190,True
367000,SANTO ANTÔNIO DO IÇÁ,-3.1017,-67.9356,SANTO ANTÔNIO DO IÇ,AMAZONAS,191,True
367001,PORTO SEGURO,-3.3372,-67.4889,JUTAÍ,AMAZONAS,192,True
368001,SÃO PAULO DE OLIVENÇA,-3.4569,-68.9119,SÃO PAULO DE OLIVEN,AMAZONAS,193,True
369000,SANTA RITA DO WEIL,-3.5731,-69.3708,SÃO PAULO DE OLIVEN,AMAZONAS,194,True
438011,BAÚ,-4.1214,-38.6592,PACATUBA,CEARÁ,195,True
438021,CHOROZINHO,-4.3022,-38.4969,CHOROZINHO,CEARÁ,196,True
438022,CRISTAIS,-4.4975,-38.3606,CASCAVEL,CEARÁ,197,True
438061,CAIO PRADO,-4.6564,-38.9431,ITAPIUNA,CEARÁ,198,True
440005,CROATÁ,-4.4164,-40.9042,CROATÁ,CEARÁ,199,True
440042,FAZENDA CAJAZEIRAS,-4.3678,-40.5356,HIDROLÂNDIA,CEARÁ,200,True
440043,FAZENDA PARANÁ,-4.0969,-40.1264,SANTA QUITÉRIA,CEARÁ,201,True
441014,SAUDOSO,-4.6186,-41.125,PORANGA,CEARÁ,202,True
442005,FAZENDA ALEGRIA,-4.41,-42.1953,BARRAS,PIAUÍ,203,True
442010,MIGUEL ALVES,-4.1025,-42.5353,MIGUEL ALVES,PIAUÍ,204,True
442013,DUQUE BACELAR,-4.1528,-42.9461,DUQUE BACELAR,MARANHÃO,205,True
443006,CODÓ,-4.4542,-43.8772,CODÓ,MARANHÃO,206,True
443007,FAZENDA SOBRAL,-4.4644,-43.9311,CODÓ,MARANHÃO,207,True
443011,PALMEIRA DO NORTE,-4.4206,-43.6492,CODÓ,MARANHÃO,208,True
443012,ALDEIAS ALTAS,-4.6242,-43.4658,ALDEIAS ALTAS,MARANHÃO,209,True
444001,COROATÁ,-4.1628,-44.1658,COROATA,MARANHÃO,210,True
444005,PEDREIRAS II,-4.5767,-44.5994,PEDREIRAS,MARANHÃO,211,True
444008,SANTA VITÓRIA,-5.1014,-44.9608,BARRA DO CORDA,MARANHÃO,212,True
444013,PIRITORÓ BR-316,-4.3722,-44.3342,PERITORÓ,MARANHÃO,213,True
445001,ESPERANTINA,-4.0303,-45.7711,SANTA LUZIA,MARANHÃO,214,True
445007,ANGICO,-4.7428,-45.1806,LAGO DA PEDRA,MARANHÃO,215,True
445008,ARAME,-4.8611,-46.0078,ARAME,MARANHÃO,216,True
445009,LAGO DA PEDRA,-4.5606,-45.1256,LAGO DA PEDRA,MARANHÃO,217,True
445010,SÃO JOÃO DO GRAJAÚ,-4.2406,-45.3581,VITORINO FREIRE,MARANHÃO,218,True
446000,PONTE BR-222,-4.2989,-46.4936,SANTA LUZIA,MARANHÃO,219,True
446001,FAZENDA PEDREIRAS,-4.4094,-46.7492,SANTA LUZIA,MARANHÃO,220,True
446002,VALE DO PINDARÉ,-4.6981,-46.9392,SANTA LUZIA,MARANHÃO,221,True
447001,KM ZERO / PA-70,-4.2867,-47.5592,DOM ELISEU,PARÁ,222,True
447002,RETA KM-32,-4.8297,-47.2692,IMPERATRIZ,MARANHÃO,223,True
447003,LIGAÇÃO DO PARÁ,-4.1167,-47.5469,DOM ELISEU,PARÁ,224,True
447004,AÇAILÂNDIA,-4.9308,-47.4967,AÇAILÂNDIA,MARANHÃO,225,True
448000,RONDON DO PARÁ,-4.8036,-48.0689,SÃO DOMINGOS DO CAP,PARÁ,226,True
449001,NOVA JACUNDA,-4.4628,-49.1197,JACUNDÁ,PARÁ,227,True
449002,NOVO REPARTIMENTO,-4.24,-49.9542,JACUNDÁ,PARÁ,228,True
449003,NOVA IPIXUNA,-4.9208,-49.0686,JACUNDÁ,PARÁ,229,True
452000,MONTE ALEGRE DO XINGU,-4.6656,-52.7203,ALTAMIRA,PARÁ,230,True
454001,FAZENDA MARCONDES,-3.9664,-54.6419,ITAITUBA,PARÁ,231,True
455002,CUPARI,-4.175,-55.4269,RURÓPOLIS,PARÁ,232,True
455003,KM 1385 BR-163,-4.7547,-56.0794,ITAITUBA,PARÁ,233,True
455004,RURÓPOLIS PRESIDENTE MÉDICI,-4.0925,-54.9019,RURÓPOLIS,PARÁ,234,True
456001,KM 1342 TRANSAMAZÔNICA,-4.9469,-56.8822,ITAITUBA,PARÁ,235,True
456002,ACAMPAMENTO URUÁ,-4.55,-56.3,ITAITUBA,PARÁ,236,True
458001,CARAMURI,-4.2308,-58.6714,BORBA,AMAZONAS,237,True
459000,BORBA,-4.3914,-59.5983,BORBA,AMAZONAS,238,True
459001,NITERÓI (TERRA PRETA II),-4.7497,-59.2494,NOVA OLINDA DO NORT,AMAZONAS,239,True
460001,COLOCAÇÃO TUPANA,-4.1667,-60.8,BORBA,AMAZONAS,240,True
462001,ARUMÃ - JUSANTE,-4.7408,-62.1519,BERURI,AMAZONAS,241,True
462002,BEABÁ,-4.8586,-62.8683,TAPAUÁ,AMAZONAS,242,True
463003,VISTA ALEGRE,-4.6725,-63.6233,COARI,AMAZONAS,243,True
465000,ESTIRÃO DA SANTA CRUZ,-4.2922,-65.2017,TEFÉ,AMAZONAS,244,True
465001,CIPÓ,-4.8667,-65.75,TEFÉ,AMAZONAS,245,True
466001,GAVIÃO,-4.8392,-66.8506,CARAUARI,AMAZONAS,246,True
468003,CONCEIÇÃO (EX. ILHA DA NOVA SORTE),-4.8967,-68.6633,JUTAÍ,AMAZONAS,247,True
469001,TABATINGA,-4.2511,-69.9514,TABATINGA,AMAZONAS,248,True
470002,ESTIRÃO DO REPOUSO,-4.3833,-70.9667,ATALAIA DO NORTE,AMAZONAS,249,True
470005,SANTA TERESA NOVA (PARAÍSO),-4.1344,-70.5489,ATALAIA DO NORTE,AMAZONAS,250,True
470009,LADÁRIO - JUSANTE,-4.5836,-70.2811,ATALAIA DO NORTE,AMAZONAS,251,True
471000,SANTA MARIA/FLORES,-4.5397,-71.4003,ATALAIA DO NORTE,AMAZONAS,252,True
535038,FAZENDA POTENJI,-5.8458,-35.5233,IELMO MARINHO,RIO GRANDE DO NORTE,253,True
536035,MENDUBIM DE BAIXO,-5.6319,-36.9161,AÇU,RIO GRANDE DO NORTE,254,True
536036,PENDÊNCIAS,-5.2572,-36.7233,PENDÊNCIAS,RIO GRANDE DO NORTE,255,True
537008,PEDRA DE ABELHAS,-5.5933,-37.6842,FELIPE GUERRA,RIO GRANDE DO NORTE,256,True
537019,UPANEMA,-5.6436,-37.2553,UPANEMA,RIO GRANDE DO NORTE,257,True
537034,AUGUSTO SEVERO,-5.8672,-37.3147,AUGUSTO SEVERO,RIO GRANDE DO NORTE,258,True
537035,FAZENDA ANGICOS,-5.2889,-37.2889,MOSSORÓ,RIO GRANDE DO NORTE,259,True
537036,GOVERNADOR DIX-SEPT ROSADO,-5.45,-37.515,GOVERNADOR DIX-SEPT,RIO GRANDE DO NORTE,260,True
537037,MOSSORÓ,-5.2194,-37.3622,MOSSORÓ,RIO GRANDE DO NORTE,261,True
538008,CASTANHÃO,-5.4669,-38.4075,ALTO SANTO,CEARÁ,262,True
538043,JAGUARIBE,-5.9022,-38.6314,JAGUARIBE,CEARÁ,263,True
538044,PEIXE GORDO,-5.2247,-38.2006,TABULEIRO DO NORTE,CEARÁ,264,True
539037,SENADOR POMPEU,-5.58,-39.3681,SENADOR POMPEU,CEARÁ,265,True
539053,QUIXERAMOBIM,-5.2014,-39.2917,QUIXERAMOBIM,CEARÁ,266,True
541002,FAZENDA BOA ESPERANÇA,-5.2247,-41.7369,CASTELO DO PIAUÍ,PIAUÍ,267,True
542008,PRATA DO PIAUÍ,-5.6675,-42.2061,PRATA DO PIAUÍ,PIAUÍ,268,True
542012,TERESINA - CHESF,-5.0878,-42.7992,TERESINA,PIAUÍ,269,True
543002,LAGOA,-5.4844,-43.3586,PARNARAMA,MARANHÃO,270,True
543004,MENDES,-5.7092,-43.5872,BURITI BRAVO,MARANHÃO,271,True
543009,FAZENDA VENEZA,-5.5728,-43.0242,PALMEIRAIS,PIAUÍ,272,True
543010,PALMEIRAIS,-5.9756,-43.0617,PALMEIRAIS,PIAUÍ,273,True
543011,VEREDA GRANDE,-5.97,-43.4158,PASSAGEM FRANCA,MARANHÃO,274,True
544006,FLORES,-5.4197,-44.9283,BARRA DO CORDA,MARANHÃO,275,True
544009,GRAÇA ARANHA,-5.405,-44.3356,GRAÇA ARANHA,MARANHÃO,276,True
545011,RIO CORDA II,-5.7275,-45.3131,BARRA DO CORDA,MARANHÃO,277,True
546006,FORTALEZA,-5.6044,-46.2386,GRAJAU,MARANHÃO,278,True
546007,SÍTIO NOVO,-5.8842,-46.7019,SÍTIO NOVO,MARANHÃO,279,True
547005,BURITIRAMA,-5.5944,-47.0192,BURITIRANA,MARANHÃO,280,True
548000,ARAGUATINS,-5.6483,-48.125,ARAGUATINS,TOCANTINS,281,True
548001,SÃO SEBASTIÃO DO TOCANTINS,-5.2597,-48.2069,SÃO SEBASTIÃO DO TO,TOCANTINS,282,True
548002,BOM JESUS DO TOCANTINS,-5.0514,-48.6336,BOM JESUS DO TOCANT,PARÁ,283,True
549004,SERRA PELADA,-5.9347,-49.6767,MARABÁ,PARÁ,284,True
549007,KM 60 / PA-150,-5.8031,-49.1833,MARABÁ,PARÁ,285,True
549008,ITUPIRANGA,-5.1289,-49.3242,ITUPIRANGA,PARÁ,286,True
554000,CAJUEIRO,-5.6503,-54.5208,ALTAMIRA,PARÁ,287,True
555000,KM 1326 BR-163,-5.1825,-56.0578,ITAITUBA,PARÁ,288,True
555002,KM 1130  BR-163,-6.6714,-55.4958,ITAITUBA,PARÁ,289,True
560001,RECREIO (PEDREIRAS),-5.2964,-60.7006,NOVO ARIPUANÃ,AMAZONAS,290,True
560002,MONTE ALEGRE,-5.5892,-60.3736,NOVO ARIPUANÃ,AMAZONAS,291,True
563000,SERINGAL MOREIRA,-5.1092,-63.9847,TEFÉ,AMAZONAS,292,True
563002,BATURITÉ,-5.7219,-63.5108,TAPAUÁ,AMAZONAS,293,True
564001,NOVA OLINDA,-5.5831,-64.3353,TAPAUÁ,AMAZONAS,294,True
564002,SERINGAL SAUDADE (TAPIRI),-5.9533,-64.3164,TAPAUÁ,AMAZONAS,295,True
567001,XIBAUA,-5.8936,-67.8569,CARAUARI,AMAZONAS,296,True
567002,MARIMARI,-5.4608,-67.4058,CARAUARI,AMAZONAS,297,True
568001,COLOCAÇÃO CAXIAS NOVO,-5.3808,-68.9983,JUTAÍ,AMAZONAS,298,True
569001,NOVA VIDA,-5.6333,-69.2333,JUTAÍ,AMAZONAS,299,True
572000,PALMEIRAS DO JAVARI,-5.1375,-72.8136,ATALAIA DO NORTE,AMAZONAS,300,True
635013,ENGENHO OLHO D'ÁGUA,-6.0853,-35.2486,SÃO JOSÉ DE MIPIBU,RIO GRANDE DO NORTE,301,True
635078,SÃO JOSÉ DO CAMPESTRE,-6.3286,-35.6958,SÃO JOSÉ DO CAMPEST,RIO GRANDE DO NORTE,302,True
635079,FAZENDA ALAGAMAR,-6.5983,-35.5292,BANANEIRAS,PARAÍBA,303,True
636019,SANTA CRUZ,-6.2428,-35.9947,SANTA CRUZ,RIO GRANDE DO NORTE,304,True
636045,SÍTIO VOLTA,-6.5936,-36.785,JARDIM DO SERIDÓ,RIO GRANDE DO NORTE,305,True
637010,AÇUDE LAGOINHA,-6.4622,-37.3025,JARDIM DE PIRANHAS,RIO GRANDE DO NORTE,306,True
637039,CAICÓ,-6.4511,-37.0906,CAICÓ,RIO GRANDE DO NORTE,307,True
637074,PAU FERRADO,-6.9658,-37.9242,POMBAL,PARAÍBA,308,True
638007,LAVRAS DA MANGABEIRA,-6.7628,-38.9606,LAVRAS DA MANGABEIR,CEARÁ,309,True
638014,ICÓ,-6.4089,-38.8636,ICÓ,CEARÁ,310,True
638032,ANTENOR NAVARRO,-6.7353,-38.4481,SÃO JOÃO DO RIO DO,PARAÍBA,311,True
638044,AÇUDE BONITO,-6.2128,-38.4256,SÃO MIGUEL,RIO GRANDE DO NORTE,312,True
639044,IGUATU,-6.3744,-39.2933,IGUATU,CEARÁ,313,True
639045,MALHADA,-6.6461,-39.9594,SABOEIRO,CEARÁ,314,True
640003,ARNEIROZ,-6.3264,-40.1589,ARNEIROZ,CEARÁ,315,True
642012,FAZENDA TALHADA,-6.9731,-42.1061,OEIRAS,PIAUÍ,316,True
643011,LAGES,-6.61,-43.4011,BARÃO DE GRAJAÚ,MARANHÃO,317,True
643012,PASSAGEM FRANCA,-6.1747,-43.7792,PASSAGEM FRANCA,MARANHÃO,318,True
643013,BARÃO DE GRAJAÚ,-6.7614,-43.0278,BARÃO DE GRAJAÚ,MARANHÃO,319,True
644003,COLINAS,-6.0275,-44.2539,COLINAS,MARANHÃO,320,True
644007,MIRADOR,-6.3692,-44.3594,MIRADOR,MARANHÃO,321,True
644012,PORTO DO LOPES,-6.0103,-44.3444,MIRADOR,MARANHÃO,322,True
644015,CAMPO LARGO,-6.0639,-44.7164,MIRADOR,MARANHÃO,323,True
645002,PAPAGAIO,-6.0022,-45.3942,FERNANDO FALCÃO,MARANHÃO,324,True
645003,MATO GROSSO,-6.8442,-45.1092,LORETO,MARANHÃO,325,True
645004,FAZENDA PIRANHAS,-6.0392,-45.9206,GRAJAU,MARANHÃO,326,True
646005,FAZENDA SÃO VICENTE,-6.8183,-46.3336,FORTALEZA DOS NOGUE,MARANHÃO,327,True
646006,FAZENDA SEMPRE VIVA,-6.1928,-46.2689,GRAJAU,MARANHÃO,328,True
647000,TOCANTINÓPOLIS,-6.2886,-47.3919,TOCANTINÓPOLIS,TOCANTINS,329,True
647001,WANDERLÂNDIA - RD BELÉM - BRASÍLIA,-6.8392,-47.9706,WANDERLÂNDIA,TOCANTINS,330,True
648000,XAMBIOÁ,-6.4131,-48.5333,XAMBIOÁ,TOCANTINS,331,True
648001,ANANAS,-6.3639,-48.0725,ANANÁS,TOCANTINS,332,True
648002,PIRAQUÊ,-6.6722,-48.4703,ARAGUANÃ,TOCANTINS,333,True
649000,FAZENDA SURUBIM,-6.4278,-49.4197,MARABÁ,PARÁ,334,True
649001,FAZENDA SANTA ELISA,-6.7947,-49.5486,SAPUCAIA,PARÁ,335,True
649002,ELDORADO,-6.1053,-49.3775,MARABÁ,PARÁ,336,True
649003,PORTO LEMOS,-6.8692,-49.0986,SANTA FÉ DO ARAGUAI,TOCANTINS,337,True
650001,FAZENDA CAIÇARA,-6.8153,-50.5389,MARABÁ,PARÁ,338,True
651001,BOA ESPERANÇA,-6.7025,-51.7986,SÃO FÉLIX DO XINGU,PARÁ,339,True
654000,MANOEL JORGE  (TERRA PRETA),-6.2022,-54.0728,ALTAMIRA,PARÁ,340,True
655001,KM 1027 DA BR-163,-7.5108,-55.2636,ITAITUBA,PARÁ,341,True
655003,JAMANXIM,-5.4556,-55.87,ITAITUBA,PARÁ,342,True
655004,JARDIM DO OURO,-6.2575,-55.7733,ITAITUBA,PARÁ,343,True
657000,JACAREACANGA,-6.2356,-57.7753,JACAREACANGA,PARÁ,344,True
658000,SANTARÉM SUCUNDURI,-6.7953,-59.0408,APUÍ,AMAZONAS,345,True
660000,SERINGAL JENIPAPO,-6.0028,-60.1853,NOVO ARIPUANÃ,AMAZONAS,346,True
661001,NOVA ESPERANÇA,-6.3606,-61.7667,MANICORÉ,AMAZONAS,347,True
662001,JUMA,-7.0083,-62.7872,HUMAITÁ,AMAZONAS,348,True
664000,BACABA,-6.325,-64.8911,TAPAUÁ,AMAZONAS,349,True
664001,CANUTAMA,-6.5389,-64.3858,CANUTAMA,AMAZONAS,350,True
668000,SANTOS DUMONT,-6.4417,-68.2439,CARAUARI,AMAZONAS,351,True
669001,SOLEDADE,-6.6139,-69.1217,EIRUNEPÉ,AMAZONAS,352,True
670000,FOZ DO GREGÓRIO,-6.8,-70.65,EIRUNEPÉ,AMAZONAS,353,True
735009,MULUNGU,-7.0294,-35.4681,MULUNGU,PARAÍBA,354,True
735036,PONTE DA BATALHA,-7.13,-35.0475,SANTA TERESINHA,PARAÍBA,355,True
735050,ENGENHO SÍTIO,-7.9681,-35.1567,SÃO LOURENÇO DA MAT,PERNAMBUCO,356,True
735066,PAUDALHO,-7.8942,-35.1733,PAUDALHO,PERNAMBUCO,357,True
735067,SALGADINHO,-7.9428,-35.6342,SALGADINHO,PERNAMBUCO,358,True
735100,LIMOEIRO,-7.8789,-35.4519,LIMOEIRO,PERNAMBUCO,359,True
735124,BODOCONGO,-7.5283,-35.9997,BOQUEIRÃO,PARAÍBA,360,True
735157,CARPINA,-7.8428,-35.1825,CARPINA,PERNAMBUCO,361,True
735158,SURUBIM,-7.8547,-35.7644,SURUBIM,PERNAMBUCO,362,True
735159,VERTENTES,-7.91,-35.9886,VERTENTES,PERNAMBUCO,363,True
736000,TAPEROÁ II,-7.2175,-36.8289,TAPEROÁ,PARAÍBA,364,True
736040,JATAÚBA,-7.9864,-36.5006,JATAÚBA,PERNAMBUCO,365,True
736041,SANTA CRUZ DO CAPIBARIBE,-7.9619,-36.2022,SANTA CRUZ DO CAPIB,PERNAMBUCO,366,True
736042,TAQUARITINGA DO NORTE,-7.9039,-36.0469,TAQUARITINGA DO NOR,PERNAMBUCO,367,True
737006,PIANCÓ,-7.2142,-37.9258,PIANCÓ,PARAÍBA,368,True
737023,AFOGADOS DA INGAZEIRA (DNOCS),-7.7389,-37.6483,AFOGADOS DA INGAZEI,PERNAMBUCO,369,True
737027,FLORES,-7.8678,-37.9725,FLORES,PERNAMBUCO,370,True
738049,PODIMIRIM,-7.2997,-38.9847,MILAGRES,CEARÁ,371,True
741003,ITAINÓPOLIS,-7.4497,-41.4775,ITAINÓPOLIS,PIAUÍ,372,True
741009,SANTA CRUZ DO PIAUÍ II,-7.1811,-41.7642,SANTA CRUZ DO PIAUÍ,PIAUÍ,373,True
742011,SÃO FRANCISCO DO PIAUÍ,-7.2464,-42.5419,SÃO FRANCISCO DO PI,PIAUÍ,374,True
742012,FRANCISCO AYRES,-6.6183,-42.6939,FRANCISCO AYRES,PIAUÍ,375,True
743009,BARRA DO LANCE,-7.2453,-43.6444,JERUMENHA,PIAUÍ,376,True
744000,SÃO FÉLIX DE BALSAS,-7.0814,-44.8125,SÃO FÉLIX DE BALSAS,MARANHÃO,377,True
745003,RIBEIRO GONÇALVES,-7.5572,-45.2444,RIBEIRO GONÇALVES,PIAUÍ,378,True
745004,SAMBAÍBA,-7.1411,-45.3461,SAMBAÍBA,MARANHÃO,379,True
745005,FAZENDA TIGRE,-7.3419,-45.6064,SÃO RAIMUNDO DAS MA,MARANHÃO,380,True
746006,BALSAS,-7.5233,-46.0339,BALSAS,MARANHÃO,381,True
746007,BREJO COMPRIDO,-7.9286,-45.9886,BALSAS,MARANHÃO,382,True
746008,MORRO VERMELHO,-7.1578,-46.5544,RIACHÃO,MARANHÃO,383,True
746009,RECURSOS,-7.3314,-46.3075,BALSAS,MARANHÃO,384,True
747000,CAROLINA,-7.3231,-47.4644,CAROLINA,MARANHÃO,385,True
747001,GOIATINS,-7.7147,-47.315,GOIATINS,TOCANTINS,386,True
747009,PALMEIRANTE,-7.8594,-47.9289,PALMEIRANTE,TOCANTINS,387,True
748001,COLÔNIA,-7.8778,-48.8786,BERNARDO SAYÃO,TOCANTINS,388,True
748002,FAZ. PRIMAVERA - ROD. BEL - BRASÍLIA,-7.5606,-48.4228,NOVA OLINDA,TOCANTINS,389,True
748003,MURICILÂNDIA,-7.1544,-48.6031,MURICILÂNDIA,TOCANTINS,390,True
749000,ARAPOEMA,-7.6553,-49.065,ARAPOEMA,TOCANTINS,391,True
749001,BOA VISTA DO ARAGUAIA,-7.3231,-49.2242,ARAGUAÍNA,TOCANTINS,392,True
749002,XINGUARA,-7.0947,-49.9672,XINGUARA,PARÁ,393,True
750000,FAZENDA CUMARU DO NORTE,-7.8283,-50.8289,REDENÇÃO,PARÁ,394,True
750001,POSTO DA SERRA,-7.5061,-50.0447,RIO MARIA,PARÁ,395,True
750002,BANNACH,-7.3511,-50.4081,RIO MARIA,PARÁ,396,True
758000,BARRA DO SÃO MANUEL,-7.3389,-58.155,BORBA,AMAZONAS,397,True
759000,VILA DO APUI,-7.2044,-59.8931,NOVO ARIPUANÃ,AMAZONAS,398,True
760000,PRAINHA VELHA,-7.205,-60.6436,NOVO ARIPUANÃ,AMAZONAS,399,True
760001,BOCA DO GUARIBA,-7.7053,-60.5783,APUÍ,AMAZONAS,400,True
762002,MAICI-MIRIM,-7.6308,-62.6606,HUMAITÁ,AMAZONAS,401,True
762003,MAICI-GRANDE,-7.8028,-62.3478,HUMAITÁ,AMAZONAS,402,True
763001,HUMAITÁ,-7.5153,-63.0286,HUMAITÁ,AMAZONAS,403,True
764003,CRISTO,-7.465,-64.2433,LÁBREA,AMAZONAS,404,True
765000,CACHOEIRA,-7.7156,-66.0583,LÁBREA,AMAZONAS,405,True
765001,SÃO BENTO,-7.5306,-65.35,LÁBREA,AMAZONAS,406,True
766001,SERINGAL FORTALEZA,-7.7172,-66.9847,PAUINI,AMAZONAS,407,True
767002,FAZENDA BORANGABA,-7.54,-67.4778,PAUINI,AMAZONAS,408,True
770000,ENVIRA,-7.4281,-70.0225,ENVIRA,AMAZONAS,409,True
770001,SERINGAL SANTO AMARO,-7.2667,-70.9833,EIRUNEPÉ,AMAZONAS,410,True
771000,IPIXUNA,-7.0508,-71.6842,IPIXUNA,AMAZONAS,411,True
771001,FAZENDA PARANACRE,-7.9511,-71.4822,TARAUACÁ,ACRE,412,True
772002,SERINGAL BOA FÉ,-7.2358,-72.3336,IPIXUNA,AMAZONAS,413,True
772003,SERINGAL BOM FUTURO,-7.8503,-72.0192,TARAUACÁ,ACRE,414,True
773000,SERRA DO MOA,-7.4356,-73.6522,CRUZEIRO DO SUL,ACRE,415,True
835048,SÃO LOURENÇO DA MATA II,-7.9986,-35.0319,SÃO LOURENÇO DA MAT,PERNAMBUCO,416,True
835068,VITÓRIA DE SANTO ANTÃO,-8.1136,-35.2839,VITÓRIA DE SANTO AN,PERNAMBUCO,417,True
835106,CARUARU,-8.3028,-36.0108,CARUARU,PERNAMBUCO,418,True
835135,CUMARU,-8.0119,-35.6961,CUMARU,PERNAMBUCO,419,True
835136,GLÓRIA DO GOITÁ,-8.0,-35.2908,GLÓRIA DO GOITÁ,PERNAMBUCO,420,True
835137,POMBOS,-8.1408,-35.3997,POMBOS,PERNAMBUCO,421,True
835138,PIRAPAMA,-8.2792,-35.0633,CABO DE SANTO AGOST,PERNAMBUCO,422,True
835139,JACUÍPE,-8.8419,-35.4475,JACUÍPE,ALAGOAS,423,True
835140,ENGENHO MATO GROSSO,-8.6375,-35.3056,GAMELEIRA,PERNAMBUCO,424,True
835141,PALMARES,-8.6794,-35.5772,PALMARES,PERNAMBUCO,425,True
836043,SANHARÓ,-8.3656,-36.5603,SANHARÓ,PERNAMBUCO,426,True
836092,BREJO DA MADRE DE DEUS,-8.1456,-36.3703,BREJO DA MADRE DE D,PERNAMBUCO,427,True
836093,POÇÃO,-8.1894,-36.7069,POÇÃO,PERNAMBUCO,428,True
837038,INAJÁ,-8.9208,-37.8306,INAJÁ,PERNAMBUCO,429,True
838000,AIRI (ROCHEDO),-8.5392,-38.1928,FLORESTA,PERNAMBUCO,430,True
838002,AÇUDE SERRINHA,-8.2397,-38.5278,MIRANDIBA,PERNAMBUCO,431,True
838004,BELÉM DE SÃO FRANCISCO,-8.765,-38.9606,BELÉM DE SÃO FRANCI,PERNAMBUCO,432,True
838021,FLORESTA,-8.6064,-38.5786,FLORESTA,PERNAMBUCO,433,True
838031,SERRA TALHADA,-8.0006,-38.2447,SERRA TALHADA,PERNAMBUCO,434,True
839009,JACARÉ,-8.2628,-39.8472,PARNAMIRIM,PERNAMBUCO,435,True
839013,PARNAMIRIM,-8.0922,-39.5742,PARNAMIRIM,PERNAMBUCO,436,True
839014,POÇO DO FUMO,-8.1778,-39.7314,PARNAMIRIM,PERNAMBUCO,437,True
839031,IBÓ,-8.6231,-39.2392,BELÉM DE SÃO FRANCI,PERNAMBUCO,438,True
839034,FAZENDA TAPERA,-8.5203,-39.6408,OROCÓ,PERNAMBUCO,439,True
839035,SANTA MARIA DA BOA VISTA,-8.8042,-39.8225,SANTA MARIA DA BOA,PERNAMBUCO,440,True
840010,FAZENDA SÃO BENTO,-8.6161,-39.9994,SANTA MARIA DA BOA,PERNAMBUCO,441,True
840015,LAGOA GRANDE,-8.9989,-40.2731,SANTA MARIA DA BOA,PERNAMBUCO,442,True
841017,PEDRA REDONDA,-8.0056,-41.5014,CONCEIÇÃO DO CANIND,PIAUÍ,443,True
844008,CRISTINO CASTRO II,-8.8131,-44.2156,CRISTINO CASTRO,PIAUÍ,444,True
845003,BABILÔNIA,-8.3175,-45.9678,TASSO FRAGOSO,MARANHÃO,445,True
845004,BARRA DO FOSDÃO,-8.1014,-45.5875,TASSO FRAGOSO,MARANHÃO,446,True
845005,INHUMAS,-8.8211,-45.9681,ALTO PARNAÍBA,MARANHÃO,447,True
846005,BOA VISTA,-8.7736,-46.1183,ALTO PARNAÍBA,MARANHÃO,448,True
847001,ITACAJA,-8.3917,-47.7628,ITACAJÁ,TOCANTINS,449,True
847002,CAMPOS LINDOS,-7.9711,-46.8064,CAMPOS LINDOS,TOCANTINS,450,True
848000,COLINAS DO TOCANTINS,-8.0528,-48.4817,COLINAS DO TOCANTIN,TOCANTINS,451,True
848001,GUARAI,-8.8319,-48.8172,GUARAÍ,TOCANTINS,452,True
848002,ITAPORÃ DO TOCANTINS,-8.5739,-48.6903,ITAPORÃ DO TOCANTIN,TOCANTINS,453,True
848003,TUPIRATINS,-8.3992,-48.1303,TUPIRATINS,TOCANTINS,454,True
849002,ARAGUACEMA (CHACARA ARAGUAIA),-8.8022,-49.5556,ARAGUACEMA,TOCANTINS,455,True
850000,REDENÇÃO,-8.0439,-50.0006,REDENÇÃO,PARÁ,456,True
850001,FAZENDA SANTA MARTA DO INAJÁ,-8.6603,-50.4442,SANTA MARIA DAS BAR,PARÁ,457,True
851000,FAZENDA RIO DOURADO,-8.3464,-51.4428,SÃO FÉLIX DO XINGU,PARÁ,458,True
855000,KM 947 BR-163,-8.1872,-55.1194,ITAITUBA,PARÁ,459,True
862000,TABAJARA,-8.9322,-62.0556,MACHADINHO D'OESTE,RONDÔNIA,460,True
863005,SÍTIO VISTA ALEGRE,-8.09778,-63.6475,HUMAITÁ,AMAZONAS,461,True
865000,FAZENDA SHEFFER,-8.3344,-65.7194,LÁBREA,AMAZONAS,462,True
867001,BOCA DO ACRE,-8.7356,-67.4003,BOCA DO ACRE,AMAZONAS,463,True
867002,SÃO ROMÃO (TABOCAL),-8.25,-67.3667,BOCA DO ACRE,AMAZONAS,464,True
869000,MANOEL URBANO,-8.8842,-69.2681,MANOEL URBANO,ACRE,465,True
870002,FEIJÓ,-8.1636,-70.3564,FEIJÓ,ACRE,466,True
870003,SERINGAL SANTA HELENA,-8.6858,-70.5511,FEIJÓ,ACRE,467,True
872000,THAUMATURGO,-8.9353,-72.785,MARECHAL THAUMATURG,ACRE,468,True
872001,PORTO WALTER,-8.2675,-72.7344,PORTO WALTER,ACRE,469,True
935012,MURICI - PONTE,-9.3136,-35.9497,MURICI,ALAGOAS,470,True
935056,FAZENDA BOA FORTUNA,-9.4675,-35.8564,RIO LARGO,ALAGOAS,471,True
935057,MARECHAL DEODORO,-9.7164,-35.8917,MARECHAL DEODORO,ALAGOAS,472,True
936076,TRAIPU,-9.9728,-37.0033,TRAIPU,ALAGOAS,473,True
936110,ATALAIA,-9.5072,-36.0233,ATALAIA,ALAGOAS,474,True
936111,VIÇOSA,-9.3792,-36.2492,VIÇOSA,ALAGOAS,475,True
936112,SÃO JOSÉ DA LAJE,-9.0042,-36.0511,SÃO JOSÉ DA LAJE,ALAGOAS,476,True
936113,UNIÃO DOS PALMARES,-9.1544,-36.0358,UNIÃO DOS PALMARES,ALAGOAS,477,True
936114,SANTANA DO MUNDAÚ,-9.1689,-36.2197,SANTANA DO MUNDAÚ,ALAGOAS,478,True
937013,DELMIRO GOUVÉIA,-9.3928,-37.9942,DELMIRO GOUVÉIA,ALAGOAS,479,True
937018,PÃO DE AÇÚCAR,-9.7486,-37.4497,PÃO DE AÇÚCAR,ALAGOAS,480,True
937023,PIRANHAS,-9.6261,-37.7561,PIRANHAS,ALAGOAS,481,True
937031,ÁGUAS BELAS,-9.1056,-37.1317,ÁGUAS BELAS,PERNAMBUCO,482,True
937032,SANTANA DO IPANEMA,-9.3728,-37.2453,SANTANA DO IPANEMA,ALAGOAS,483,True
939017,PRÓXIMO A CURAÇA II,-9.1225,-39.9364,CURAÇÁ,BAHIA,484,True
940018,CAMPO DOS CAVALOS,-9.5597,-40.6467,JUAZEIRO,BAHIA,485,True
940024,JUAZEIRO,-9.4053,-40.5036,JUAZEIRO,BAHIA,486,True
940025,LAGOA DO BOI,-9.4908,-40.2044,JUAZEIRO,BAHIA,487,True
940028,JUNCO,-9.6767,-40.6039,JUAZEIRO,BAHIA,488,True
945011,ALTO PARNAÍBA,-9.1131,-45.9261,ALTO PARNAÍBA,MARANHÃO,489,True
946003,LIZARDA,-9.5972,-46.6728,LIZARDA,TOCANTINS,490,True
947001,MANSINHA,-9.4575,-47.3269,RIO SONO,TOCANTINS,491,True
948000,MIRACEMA DO TOCANTINS,-9.5642,-48.3875,MIRACEMA DO TOCANTI,TOCANTINS,492,True
948001,PORTO REAL,-9.3069,-47.9292,PEDRO AFONSO,TOCANTINS,493,True
949000,ABREULÂNDIA,-9.6244,-49.1553,ABREULÂNDIA,TOCANTINS,494,True
949001,DOIS IRMÃOS DO TOCANTINS,-9.2572,-49.0642,DOIS IRMÃOS DO TOCA,TOCANTINS,495,True
949003,MARIANÓPOLIS,-9.8011,-49.6564,MARIANÓPOLIS DO TOC,TOCANTINS,496,True
950000,CASEARA,-9.27,-49.9589,CASEARA,TOCANTINS,497,True
950001,BARREIRA DO CAMPO,-9.2275,-50.2108,SANTANA DO ARAGUAIA,PARÁ,498,True
950002,CANGUSSU,-9.9703,-49.9936,PIUM,TOCANTINS,499,True
950003,VILA MANDII,-9.5353,-50.8608,SANTANA DO ARAGUAIA,PARÁ,500,True
951000,VILA RICA,-10.0189,-51.1228,VILA RICA,MATO GROSSO,501,True
954001,CACHIMBO,-9.8186,-54.8864,GUARANTÃ DO NORTE,MATO GROSSO,502,True
956000,ALTA FLORESTA,-9.8703,-56.1022,ALTA FLORESTA,MATO GROSSO,503,True
956001,JUSANTE FOZ PEIXOTO DE AZEVEDO,-9.6433,-56.0186,ALTA FLORESTA,MATO GROSSO,504,True
956002,PARANAITA,-9.6939,-56.4742,PARANAITA,MATO GROSSO,505,True
957001,NOVO PLANETA,-9.5664,-57.3947,APIACÁS,MATO GROSSO,506,True
961003,FÁBIO (BOLICHE),-9.6814,-61.9789,MACHADINHO D'OESTE,RONDÔNIA,507,True
962000,MINERAÇÃO ORIENTE NOVO,-9.5864,-62.3939,MACHADINHO D'OESTE,RONDÔNIA,508,True
963000,ARIQUEMES,-9.9317,-63.0569,ARIQUEMES,RONDÔNIA,509,True
963001,SANTO ANTÔNIO BR-364,-9.2606,-63.1619,PORTO VELHO,RONDÔNIA,510,True
963004,FAZENDA RIO BRANCO,-9.8872,-62.9878,ARIQUEMES,RONDÔNIA,511,True
963009,PONTE DO RIO PRETO DO CRESPO,-9.4667,-63.25,RIO CRESPO,RONDÔNIA,512,True
965001,ABUNÃ,-9.7031,-65.3647,PORTO VELHO,RONDÔNIA,513,True
966000,NOVA CALIFORNIA,-9.7556,-66.6117,PORTO VELHO,RONDÔNIA,514,True
966001,PEDREIRAS,-9.6903,-65.9931,PORTO VELHO,RONDÔNIA,515,True
967001,FLORIANO PEIXOTO,-9.0667,-67.3969,BOCA DO ACRE,AMAZONAS,516,True
967004,RESTAURANTE PORTEIRA DO AMAZONAS,-9.5008,-67.2822,LÁBREA,AMAZONAS,517,True
967005,SANTA ROSA,-9.8881,-67.1392,SENADOR GUIOMARD,ACRE,518,True
968001,SERINGAL DA CARIDADE,-9.0439,-68.5772,BOCA DO ACRE,AMAZONAS,519,True
968003,SERINGAL SÃO JOSÉ,-9.3744,-68.7239,SENA MADUREIRA,ACRE,520,True
968004,FAZENDA CANARI,-9.5667,-68.2833,BUJARI,ACRE,521,True
969001,SERINGAL GUARANY,-9.1103,-68.9933,SENA MADUREIRA,ACRE,522,True
972000,FOZ DO BREU,-9.4017,-72.7025,MARECHAL THAUMATURG,ACRE,523,True
1036005,PENEDO,-10.285,-36.5564,PENEDO,ALAGOAS,524,True
1036007,PIAÇABUÇÚ,-10.4064,-36.4261,PIAÇABUÇÚ,ALAGOAS,525,True
1036048,PROPRIÁ,-10.2153,-36.8239,PROPRIÁ,SERGIPE,526,True
1036062,CAMAÇARI,-10.0314,-36.3039,CORURIPE,ALAGOAS,527,True
1036063,FAZENDA CAJUEIRO,-10.5781,-36.9156,JAPARATUBA,SERGIPE,528,True
1037007,FAZENDA BELÉM,-10.9417,-37.345,ITAPORANGA D'AJUDA,SERGIPE,529,True
1037049,SANTA ROSA DE LIMA (CAMBOATA),-10.6528,-37.1928,SANTA ROSA DE LIMA,SERGIPE,530,True
1037078,CAPELA,-10.4833,-37.0667,CAPELA,SERGIPE,531,True
1039019,QUEIMADAS,-10.9742,-39.6328,QUEIMADAS,BAHIA,532,True
1039025,AÇUDE JACURICI,-10.6514,-39.7211,ITIÚBA,BAHIA,533,True
1040025,PINDOBAÇU,-10.8025,-40.38,PINDOBAÇU,BAHIA,534,True
1040026,PONTO NOVO,-10.8444,-40.1117,CALDEIRÃO GRANDE,BAHIA,535,True
1040027,AÇUDE SOHÉM,-10.3947,-40.1147,SENHOR DO BONFIM,BAHIA,536,True
1042012,RIO VERDE II,-10.9864,-42.3422,ITAGUAÇU DA BAHIA,BAHIA,537,True
1046001,MATEIROS,-10.5464,-46.4186,MATEIROS,TOCANTINS,538,True
1047000,JATOBÁ (FAZENDA BOA NOVA),-9.9906,-47.4786,NOVO ACORDO,TOCANTINS,539,True
1047001,NOVO ACORDO,-9.9606,-47.6747,NOVO ACORDO,TOCANTINS,540,True
1047002,PORTO GILÂNDIA,-10.7553,-47.7647,MONTE DO CARMO,TOCANTINS,541,True
1047004,PONTE ALTA DO TOCANTINS,-10.7508,-47.5361,PONTE ALTA DO TOCAN,TOCANTINS,542,True
1048000,FÁTIMA,-10.7636,-48.9022,FÁTIMA,TOCANTINS,543,True
1048001,PARAÍSO DO TOCANTINS,-10.1653,-48.8906,PARAÍSO DO TOCANTIN,TOCANTINS,544,True
1048005,TAQUARUSSU DO PORTO,-10.3133,-48.1625,PALMAS,TOCANTINS,545,True
1049001,PIUM,-10.4411,-49.1792,PIUM,TOCANTINS,546,True
1049002,PRÓXIMO BARREIRA DA CRUZ,-10.7344,-49.8564,LAGOA DA CONFUSÃO,TOCANTINS,547,True
1050000,LUCIARA,-11.2192,-50.6686,LUCIARA,MATO GROSSO,548,True
1050002,SANTA TEREZINHA,-10.4611,-50.5125,FORTALEZA DO TABOCÃ,TOCANTINS,549,True
1051001,PORTO ALEGRE DO NORTE,-10.8672,-51.6306,PORTO ALEGRE DO NOR,MATO GROSSO,550,True
1052000,VILA SÃO JOSÉ DO XINGU,-10.8072,-52.7461,SÃO JOSÉ DO XINGU,MATO GROSSO,551,True
1052001,RIO COMANDANTE FONTOURA,-10.5547,-52.1833,PORTO ALEGRE DO NOR,MATO GROSSO,552,True
1053001,FAZENDA SANTA EMÍLIA,-10.5392,-53.6089,MARCELÂNDIA,MATO GROSSO,553,True
1054000,AGROPECUÁRIA CAJABI,-10.7461,-54.5461,MARCELÂNDIA,MATO GROSSO,554,True
1055000,ESTRADA CUIABÁ - SANTARÉM,-10.2203,-54.9711,PEIXOTO DE AZEVEDO,MATO GROSSO,555,True
1055001,INDECO,-10.1125,-55.57,CARLINDA,MATO GROSSO,556,True
1055002,COLIDER,-10.7986,-55.4486,COLÍDER,MATO GROSSO,557,True
1055003,FAZENDA TRATEX,-10.9542,-55.5486,COLÍDER,MATO GROSSO,558,True
1057001,TRIVELATO,-9.9417,-57.1331,NOVA MONTE VERDE,MATO GROSSO,559,True
1058002,NÚCLEO ARIEL,-9.8564,-58.2489,COTRIGUAÇU,MATO GROSSO,560,True
1058003,JURUENA,-10.3125,-58.5017,JURUENA,MATO GROSSO,561,True
1058004,NOVO TANGARA,-10.8342,-58.8033,CASTANHEIRA,MATO GROSSO,562,True
1058005,VALE DO NATAL,-10.5886,-58.8678,ARIPUANÃ,MATO GROSSO,563,True
1059000,HUMBOLDT,-10.1753,-59.4517,ARIPUANÃ,MATO GROSSO,564,True
1060001,FAZENDA MUIRAQUITA,-10.4344,-60.5572,ARIPUANÃ,MATO GROSSO,565,True
1061002,FAZENDA CASTANHAL,-10.3969,-61.0453,RONDOLÂNDIA,MATO GROSSO,566,True
1061003,RONDOMINAS (BARROCAS),-10.5169,-62.0014,OURO PRETO DO OESTE,RONDÔNIA,567,True
1062001,JARU,-10.4458,-62.4656,JARU,RONDÔNIA,568,True
1062002,SERINGAL 70,-10.2364,-62.6272,JARU,RONDÔNIA,569,True
1062003,MIRANTE DA SERRA,-11.0036,-62.6561,MIRANTE DA SERRA,RONDÔNIA,570,True
1062004,THEOBROMA,-10.2364,-62.3458,THEOBROMA,RONDÔNIA,571,True
1063000,ESCOLA CARAMURÚ,-10.505,-63.6461,ARIQUEMES,RONDÔNIA,572,True
1063001,MINERAÇÃO PONTE MASSANGANA,-9.7608,-63.2875,ARIQUEMES,RONDÔNIA,573,True
1065002,GUAJARÁ-MIRIM,-10.7925,-65.3478,GUAJARÁ-MIRIM,RONDÔNIA,574,True
1067002,PLÁCIDO DE CASTRO,-10.3242,-67.1886,PLÁCIDO DE CASTRO,ACRE,575,True
1067003,VILA CAPIXABA,-10.5758,-67.6767,CAPIXABA,ACRE,576,True
1068000,XAPURI,-10.6497,-68.5067,XAPURI,ACRE,577,True
1069000,ASSIS BRASIL,-10.9436,-69.5656,ASSIS BRASIL,ACRE,578,True
1137001,SALGADO,-11.0303,-37.4783,SALGADO,SERGIPE,579,True
1137017,ESTÂNCIA,-11.2667,-37.4431,ESTÂNCIA,SERGIPE,580,True
1137027,ITANHY,-11.5419,-37.5661,JANDAÍRA,BAHIA,581,True
1137042,FAZENDA TRIANON,-11.655,-37.9369,ACAJUTIBA,BAHIA,582,True
1137043,USINA ALTAMIRA,-11.7683,-37.8036,CONDE,BAHIA,583,True
1138002,INHAMBUPE,-11.7828,-38.3481,INHAMBUPE,BAHIA,584,True
1138014,CIPÓ,-11.0981,-38.5131,CIPÓ,BAHIA,585,True
1138026,PONTE EUCLIDES DA CUNHA,-11.0631,-38.8353,TUCANO,BAHIA,586,True
1139022,GAVIÃO II,-11.4742,-39.7847,GAVIÃO,BAHIA,587,True
1140000,MIGUEL CALMON (DJALMA DUTRA),-11.4325,-40.6044,MIGUEL CALMON,BAHIA,588,True
1140010,FRANÇA,-11.5533,-40.6,PIRITIBA,BAHIA,589,True
1140031,BARRA DO MUNDO NOVO,-11.8656,-40.5178,MUNDO NOVO,BAHIA,590,True
1140032,AÇUDE SERROTE,-11.4106,-40.3036,SERROLÂNDIA,BAHIA,591,True
1140033,AÇUDE RIO DO PEIXE,-11.2303,-39.9658,CAPIM GROSSO,BAHIA,592,True
1142017,FAZENDA CABACEIRAS,-11.3286,-42.305,IBIPEBA,BAHIA,593,True
1142020,FAZENDA REFRIGÉRIO - JUSANTE,-11.3561,-42.2736,IBIPEBA,BAHIA,594,True
1143002,MORPARÁ,-11.5633,-43.2753,MORPARÁ,BAHIA,595,True
1143010,BOQUEIRÃO,-11.3553,-43.8456,MANSIDÃO,BAHIA,596,True
1144005,FAZENDA MACAMBIRA,-11.6139,-44.1575,COTEGIPE,BAHIA,597,True
1144014,SÃO SEBASTIÃO,-11.9794,-44.8772,ANGICAL,BAHIA,598,True
1144027,IBIPETUBA,-11.0061,-44.5256,SANTA RITA DE CÁSSI,BAHIA,599,True
1145001,FORMOSA DO RIO PRETO,-11.0478,-45.2019,FORMOSA DO RIO PRET,BAHIA,600,True
1145004,FAZENDA BOM JARDIM,-10.9925,-45.5267,FORMOSA DO RIO PRET,BAHIA,601,True
1145013,PONTE SERAFIM - MONTANTE,-11.8961,-45.6119,BARREIRAS,BAHIA,602,True
1145014,NOVA VIDA - MONTANTE,-11.8525,-45.1222,BARREIRAS,BAHIA,603,True
1145019,CARIPARÉ,-11.5119,-45.0419,RIACHÃO DAS NEVES,BAHIA,604,True
1146000,DIANÓPOLIS,-11.6253,-46.8106,DIANÓPOLIS,TOCANTINS,605,True
1147000,ALMAS,-11.5789,-47.1739,ALMAS,TOCANTINS,606,True
1147001,NATIVIDADE,-11.6969,-47.7283,NATIVIDADE,TOCANTINS,607,True
1147002,PINDORAMA DO TOCANTINS,-11.1403,-47.5767,PINDORAMA DO TOCANT,TOCANTINS,608,True
1147003,PORTO ALEGRE,-11.61,-47.045,PORTO ALEGRE DO TOC,TOCANTINS,609,True
1148000,FAZENDA LOBEIRA,-11.5314,-48.2947,SÃO VALÉRIO DA NATI,TOCANTINS,610,True
1149000,DUERE,-11.3389,-49.2653,DUERÉ,TOCANTINS,611,True
1149001,FORMOSO DO ARAGUAIA,-11.7972,-49.525,FORMOSO DO ARAGUAIA,TOCANTINS,612,True
1149002,GURUPI,-11.7372,-49.1361,GURUPI,TOCANTINS,613,True
1150001,SÃO FÉLIX DO ARAGUAIA,-11.6197,-50.6625,SÃO FÉLIX DO ARAGUA,MATO GROSSO,614,True
1151000,BATE PAPO,-11.6747,-51.3764,ALTO BOA VISTA,MATO GROSSO,615,True
1152000,SUIA LIQUILÂNDIA,-11.73,-51.9889,SÃO FÉLIX DO ARAGUA,MATO GROSSO,616,True
1154001,SANTA FELICIDADE,-11.9292,-54.9981,SANTA CARMEM,MATO GROSSO,617,True
1154002,FAZENDA RIO NEGRO,-11.5242,-54.3589,UNIÃO DO SUL,MATO GROSSO,618,True
1155000,CACHOEIRÃO,-11.6511,-55.7025,SINOP,MATO GROSSO,619,True
1156000,FAZENDA ITAUBA,-11.4714,-56.4333,TABAPORÃ,MATO GROSSO,620,True
1156001,SINOP (FAZENDA SEMPRE VERDE),-11.6914,-55.4486,PORTO DOS GAÚCHOS,MATO GROSSO,621,True
1157000,PORTO DOS GAÚCHOS,-11.5358,-57.4172,PORTO DOS GAÚCHOS,MATO GROSSO,622,True
1157001,JUARA,-11.2531,-57.5067,JUARA,MATO GROSSO,623,True
1157002,OLHO D'ÁGUA,-11.715,-57.0419,PORTO DOS GAÚCHOS,MATO GROSSO,624,True
1158001,FONTANILHAS,-11.3417,-58.3383,JUÍNA,MATO GROSSO,625,True
1158002,JUÍNA,-11.4081,-58.7186,JUÍNA,MATO GROSSO,626,True
1158003,FAZENDA TOMBADOR,-11.7178,-58.0472,BRASNORTE,MATO GROSSO,627,True
1160000,MARCO RONDON,-12.0153,-60.855,PIMENTA BUENO,RONDÔNIA,628,True
1160002,FAZENDA FLOR DO CAMPO,-11.7489,-60.8678,PIMENTA BUENO,RONDÔNIA,629,True
1161000,VISTA ALEGRE,-11.4408,-61.4839,CACOAL,RONDÔNIA,630,True
1161001,PIMENTA BUENO,-11.6836,-61.1922,PIMENTA BUENO,RONDÔNIA,631,True
1161002,ROLIM DE MOURA,-11.7497,-61.7764,ROLIM DE MOURA,RONDÔNIA,632,True
1161003,MINISTRO ANDREAZZA,-11.1969,-61.5281,MINISTRO ANDREAZZA,RONDÔNIA,633,True
1168001,BRASILÉIA,-11.0233,-68.735,BRASILÉIA,ACRE,634,True
1237000,CORTE GRANDE,-12.0575,-37.7564,ESPLANADA,BAHIA,635,True
1237003,JANGADO,-12.1303,-37.9417,CARDEAL DA SILVA,BAHIA,636,True
1238000,TIRIRICA,-12.5703,-38.0567,CAMAÇARI,BAHIA,637,True
1238010,ARAÇAS,-12.2103,-38.2006,ARAÇAS,BAHIA,638,True
1238042,BURACICA,-12.2514,-38.515,ALAGOINHAS,BAHIA,639,True
1238046,EMBOACICA,-12.6031,-38.1375,CAMAÇARI,BAHIA,640,True
1238051,TEODORO SAMPAIO,-12.3003,-38.6439,TEODORO SAMPAIO,BAHIA,641,True
1239007,ARGOIM,-12.585,-39.5183,RAFAEL JAMBEIRO,BAHIA,642,True
1240012,ITAETÉ,-12.99,-40.9633,ITAETÉ,BAHIA,643,True
1240016,IAÇU,-12.7622,-40.2108,IAÇU,BAHIA,644,True
1241001,FAZENDA IGUAÇU,-12.9347,-41.0658,ITAETÉ,BAHIA,645,True
1241008,ANDARAÍ,-12.8017,-41.3275,ANDARAÍ,BAHIA,646,True
1241017,PORTO,-12.4975,-41.2961,LENÇÓIS,BAHIA,647,True
1241026,UTINGA,-12.5019,-41.2078,UTINGA,BAHIA,648,True
1241027,FAZENDA RIBEIRO,-12.06,-41.3475,BONITO,BAHIA,649,True
1241028,ESTAÇÃO EXPERIMENTAL,-12.0192,-41.0547,UTINGA,BAHIA,650,True
1241032,GUINÉ,-12.7664,-41.5361,MUCUGÊ,BAHIA,651,True
1241033,USINA MUCUGÊ,-13.0075,-41.37,MUCUGÊ,BAHIA,652,True
1242015,BROTAS DE MACAÚBAS,-12.0036,-42.6283,BROTAS DE MACAÚBAS,BAHIA,653,True
1242016,PONTE BR-242,-12.2519,-42.7628,OLIVEIRA DOS BREJIN,BAHIA,654,True
1243000,GAMELEIRA,-12.8669,-43.3814,SÍTIO DO MATO,BAHIA,655,True
1243011,IBOTIRAMA,-12.1806,-43.2233,IBOTIRAMA,BAHIA,656,True
1243019,SERRA DOURADA (FAZ. MURITIBA),-12.7692,-43.9575,SERRA DOURADA,BAHIA,657,True
1244011,BARREIRAS,-11.1544,-45.0092,BARREIRAS,BAHIA,658,True
1244019,FAZENDA COQUEIRO,-12.3892,-44.9322,SÃO DESIDÉRIO,BAHIA,659,True
1245004,FAZENDA REDENÇÃO,-12.1347,-45.1042,BARREIRAS,BAHIA,660,True
1245005,DEROCAL,-12.4114,-45.1203,SÃO DESIDÉRIO,BAHIA,661,True
1245007,SÍTIO GRANDE,-12.4306,-45.0858,SÃO DESIDÉRIO,BAHIA,662,True
1245014,FAZENDA JOHÁ,-12.1256,-45.8108,BARREIRAS,BAHIA,663,True
1245015,RODA VELHA,-12.7653,-45.9439,SÃO DESIDÉRIO,BAHIA,664,True
1246000,PONTE ALTA DO BOM JESUS,-12.0908,-46.4794,PONTE ALTA DO BOM J,TOCANTINS,665,True
1246001,AURORA DO NORTE,-12.7139,-46.4086,AURORA DO TOCANTINS,TOCANTINS,666,True
1247000,CONCEIÇÃO DO TOCANTINS,-12.2325,-47.3244,CONCEIÇÃO DO TOCANT,TOCANTINS,667,True
1247002,RIO DA PALMA (FAZ. CHUVA MANGA),-12.4156,-47.1997,CONCEIÇÃO DO TOCANT,TOCANTINS,668,True
1247005,FAZENDA SANTA RITA,-12.585,-47.4867,FÁTIMA,TOCANTINS,669,True
1248001,COLONHA,-12.3875,-48.7108,PEIXE,TOCANTINS,670,True
1248003,PALMEIRÓPOLIS,-13.0419,-48.4069,PALMEIRÓPOLIS,TOCANTINS,671,True
1249000,ALVORADA,-12.4836,-49.1244,ALVORADA,TOCANTINS,672,True
1249001,ARAGUAÇU,-12.9311,-49.8294,ARAGUAÇU,TOCANTINS,673,True
1249002,PROJETO RIO FORMOSO,-11.8394,-49.7717,FORMOSO DO ARAGUAIA,TOCANTINS,674,True
1249003,BARREIRA DO PEQUI,-12.0986,-49.9475,SANDOLÂNDIA,TOCANTINS,675,True
1249004,PRAIA ALTA,-12.4181,-49.59,SANDOLÂNDIA,TOCANTINS,676,True
1250000,FAZENDA PIRATININGA,-12.8206,-50.3361,SÃO MIGUEL DO ARAGU,GOIÁS,677,True
1250001,SANTO ANTÔNIO DO LEVERGER,-12.2903,-50.9656,NOVO SANTO ANTÔNIO,MATO GROSSO,678,True
1251000,ALÔ BRASIL,-12.1642,-51.6969,BOM JESUS DO ARAGUA,MATO GROSSO,679,True
1251001,DIVÍNEA,-12.9397,-51.8264,RIBEIRÃO CASCALHEIR,MATO GROSSO,680,True
1254001,AGROVENSA,-12.8131,-54.7517,VERA,MATO GROSSO,681,True
1255001,TELES PIRES,-12.675,-55.7931,SORRISO,MATO GROSSO,682,True
1255002,NÚCLEO COLONIAL RIO FERRO,-12.5178,-54.9125,FELIZ NATAL,MATO GROSSO,683,True
1256002,FAZENDA DIVISÃO,-12.9806,-56.3156,LUCAS DO RIO VERDE,MATO GROSSO,684,True
1257000,BRASNORTE,-12.1164,-58.0003,BRASNORTE,MATO GROSSO,685,True
1261001,PARECIS,-12.2092,-61.6286,PARECIS,RONDÔNIA,686,True
1262000,PEDRAS NEGRAS,-12.8514,-62.8992,COSTA MARQUES,RONDÔNIA,687,True
1262001,IZIDOLÂNDIA,-12.6014,-62.1783,ALTA FLORESTA D'OES,RONDÔNIA,688,True
1264000,PRINCIPE DA BEIRA,-12.4269,-64.4225,COSTA MARQUES,RONDÔNIA,689,True
1338009,COROA,-13.0025,-38.6431,VERA CRUZ,BAHIA,690,True
1339000,SANTA LUZIA,-13.6011,-39.4917,WENCESLAU GUIMARÃES,BAHIA,691,True
1339012,ITUBERÁ,-13.8106,-39.1692,ITUBERÁ,BAHIA,692,True
1339020,ARATUIPE,-13.5669,-39.0019,ARATUIPE,BAHIA,693,True
1339027,WENCESLAU GUIMARÃES,-13.6847,-39.4789,WENCESLAU GUIMARÃES,BAHIA,694,True
1339030,MUTUÍPE,-13.225,-39.5042,MUTUÍPE,BAHIA,695,True
1339034,NAZARÉ,-13.0308,-39.0322,NAZARÉ,BAHIA,696,True
1339038,VALENÇA,-13.3672,-39.0772,VALENÇA,BAHIA,697,True
1339041,SANTA INÊS,-13.2975,-39.8214,SANTA INÊS,BAHIA,698,True
1339044,NILO PEÇANHA,-13.5967,-39.1247,NILO PEÇANHA,BAHIA,699,True
1340003,JEQUIÉ,-13.8822,-40.1403,JEQUIÉ,BAHIA,700,True
1341029,ITUAÇU,-13.8128,-41.3019,ITUAÇU,BAHIA,701,True
1343008,PORTO NOVO,-13.2925,-43.9092,SANTANA,BAHIA,702,True
1343019,BOM JESUS DA LAPA,-13.2553,-43.4358,SERRA DO RAMALHO,BAHIA,703,True
1344002,MOCAMBO,-13.2778,-44.5589,SANTA MARIA DA VITÓ,BAHIA,704,True
1344013,GATOS,-13.7106,-44.6325,JABORANDI,BAHIA,705,True
1344014,CORRENTINA,-13.3364,-44.6522,CORRENTINA,BAHIA,706,True
1344015,COLÔNIA DO FORMOSO,-13.5667,-44.3061,CORIBE,BAHIA,707,True
1344016,ARROJADO,-13.4508,-44.5656,CORRENTINA,BAHIA,708,True
1344017,SANTA MARIA DA VITÓRIA,-13.4006,-44.1975,SANTA MARIA DA VITÓ,BAHIA,709,True
1345000,ARROJOLÂNDIA,-13.7342,-45.4033,CORRENTINA,BAHIA,710,True
1346000,SÃO DOMINGOS,-13.3975,-46.3158,SÃO DOMINGOS,GOIÁS,711,True
1346001,NOVA ROMA (FAZ.SUCURI),-13.7425,-46.8775,NOVA ROMA,GOIÁS,712,True
1346002,FAZENDA INGAZEIRO,-13.6858,-46.5656,SÃO DOMINGOS,GOIÁS,713,True
1346004,CAMPOS BELOS,-13.0367,-46.7769,CAMPOS BELOS,GOIÁS,714,True
1346005,SÃO VICENTE,-13.5508,-46.4672,SÃO DOMINGOS,GOIÁS,715,True
1346006,FAZENDA PLANALTO,-13.7519,-46.14,CORRENTINA,BAHIA,716,True
1346007,FAZENDA PRAINHA (FAZ.ANTAS),-13.3125,-46.0631,SÃO DESIDÉRIO,BAHIA,717,True
1347001,PONTE PARANÃ,-13.4253,-47.1392,TERESINA DE GOIÁS,GOIÁS,718,True
1348000,CAMPINAÇU,-13.79,-48.5669,CAMPINAÇU,GOIÁS,719,True
1348003,TROMBAS,-13.5128,-48.745,TROMBAS,GOIÁS,720,True
1349000,ESTRELA DO NORTE,-13.8725,-49.0714,ESTRELA DO NORTE,GOIÁS,721,True
1349001,NOVO PLANALTO,-13.2447,-49.5017,NOVO PLANALTO,GOIÁS,722,True
1349002,PORANGATU (DESCOBERTO),-13.4097,-49.1564,PORANGATU,GOIÁS,723,True
1349003,ENTRONCAMENTO SÃO MIGUEL,-13.1028,-49.2014,PORANGATU,GOIÁS,724,True
1350000,BANDEIRANTES,-13.6894,-50.7961,NOVA CRIXÁS,GOIÁS,725,True
1350001,RIO PINTADO (FAZ.PONTAL),-13.5286,-50.1881,SÃO MIGUEL DO ARAGU,GOIÁS,726,True
1350002,SÃO MIGUEL DO ARAGUAIA,-13.3286,-50.1994,SÃO MIGUEL DO ARAGU,GOIÁS,727,True
1351000,TRECHO MÉDIO,-14.0881,-51.6989,COCALINHO,MATO GROSSO,728,True
1352000,FAZENDA SETE DE SETEMBRO,-13.8836,-52.4128,ÁGUA BOA,MATO GROSSO,729,True
1352001,GARAPU,-13.4956,-52.4544,CANARANA,MATO GROSSO,730,True
1352002,SERRA DOURADA,-13.7053,-52.0267,CANARANA,MATO GROSSO,731,True
1353001,ESTÂNCIA RODEIO,-13.8419,-53.2417,CAMPINÁPOLIS,MATO GROSSO,732,True
1354000,FAZENDA AGROCHAPADA,-13.4483,-54.2811,PARANATINGA,MATO GROSSO,733,True
1354001,AGROPECUÁRIA MALP,-13.3417,-54.0772,PARANATINGA,MATO GROSSO,734,True
1355001,PORTO RONCADOR,-13.5564,-55.3317,SORRISO,MATO GROSSO,735,True
1356002,NOVA MUTUM,-13.8156,-56.1222,NOVA MUTUM,MATO GROSSO,736,True
1357000,NOVA MARINGÁ,-13.0661,-57.1133,NOVA MARINGÁ,MATO GROSSO,737,True
1358001,BACAVAL,-13.6414,-58.2892,CAMPO NOVO DO PAREC,MATO GROSSO,738,True
1358002,FAZENDA TUCUNARÉ,-13.4667,-58.975,SAPEZAL,MATO GROSSO,739,True
1358005,SPERÁFICO,-13.91,-58.8981,SAPEZAL,MATO GROSSO,740,True
1359000,PADRONAL,-13.1831,-59.8769,COMODORO,MATO GROSSO,741,True
1359001,VILA ALEGRE,-13.7781,-59.7675,COMODORO,MATO GROSSO,742,True
1360000,COLORADO DO OESTE,-13.1142,-60.5483,COLORADO DO OESTE,RONDÔNIA,743,True
1360001,CEREJEIRA,-13.1967,-60.8233,CEREJEIRAS,RONDÔNIA,744,True
1360002,PIMENTEIRAS,-13.4797,-61.0464,PIMENTEIRAS DO OEST,RONDÔNIA,745,True
1360003,PORTO AZEITE,-13.7306,-60.5883,COMODORO,MATO GROSSO,746,True
1439001,LOMANTO JUNIOR,-14.8103,-39.4714,IBICARAÍ,BAHIA,747,True
1439002,FLORESTA AZUL,-14.8597,-39.6583,FLORESTA AZUL,BAHIA,748,True
1439006,PEDRINHAS,-14.3267,-39.4686,GONGOGI,BAHIA,749,True
1439023,ITAJUÍPE (PIRANJI),-14.6778,-39.3894,ITAJUÍPE,BAHIA,750,True
1439044,SANTA CRUZ DA VITÓRIA,-14.9589,-39.8075,SANTA CRUZ DA VITÓR,BAHIA,751,True
1439089,IBICARAÍ,-14.8694,-39.5883,IBICARAÍ,BAHIA,752,True
1440009,LUCAIA (CAMPOS SALES),-14.7444,-40.4917,PLANALTO,BAHIA,753,True
1440032,AREIÃO,-14.0339,-40.9675,MIRANTE,BAHIA,754,True
1441000,SANTO ANTÔNIO,-14.0994,-41.2911,TANHAÇU,BAHIA,755,True
1442031,URANDI,-14.7603,-42.6561,URANDI,BAHIA,756,True
1443001,MANGA,-14.7567,-43.9322,MANGA,MINAS GERAIS,757,True
1443002,CARINHANHA,-14.3044,-43.7681,CARINHANHA,BAHIA,758,True
1443026,PALMAS DE MONTE ALTO,-14.2594,-43.1656,PALMAS DE MONTE ALT,BAHIA,759,True
1444000,SÃO GONÇALO,-14.3136,-44.4603,MONTALVÂNIA,MINAS GERAIS,760,True
1444001,CAPITÂNEA,-14.4311,-44.4817,MONTALVÂNIA,MINAS GERAIS,761,True
1444003,MIRAVANIA,-14.7475,-44.4111,MANGA,MINAS GERAIS,762,True
1444004,JUVENÍLIA,-14.2658,-44.1572,MONTALVÂNIA,MINAS GERAIS,763,True
1444005,LAGOA DAS PEDRAS,-14.2806,-44.4094,MONTALVÂNIA,MINAS GERAIS,764,True
1444017,FAZENDA PORTO ALEGRE,-14.2683,-44.5217,COCOS,BAHIA,765,True
1445000,CAJUEIRO,-14.8361,-45.1733,JANUÁRIA,MINAS GERAIS,766,True
1446004,SÍTIO D'ABADIA,-14.8039,-46.2533,SÍTIO D'ABADIA,GOIÁS,767,True
1447000,ALTO PARAÍSO DE GOIÁS,-14.1347,-47.5117,ALTO PARAÍSO DE GOI,GOIÁS,768,True
1447002,SÃO JOÃO D'ALIANÇA,-14.7072,-47.5236,SÃO JOÃO D'ALIANÇA,GOIÁS,769,True
1448001,NIQUELÂNDIA,-14.475,-48.4583,NIQUELÂNDIA,GOIÁS,770,True
1448004,MOQUEM - FAZENDA VAU DA ONÇA,-14.5489,-48.1653,NIQUELÂNDIA,GOIÁS,771,True
1448005,PALMEIRINHA,-14.0222,-48.6111,CAMPINAÇU,GOIÁS,772,True
1449000,PILAR DE GOIÁS,-14.7611,-49.5803,PILAR DE GOIÁS,GOIÁS,773,True
1449001,PORTO URUAÇU,-14.5553,-49.1394,URUAÇU,GOIÁS,774,True
1449002,SANTA TEREZINHA DE GOIÁS,-14.4336,-49.7167,SANTA TEREZINHA DE,GOIÁS,775,True
1449003,CRIXAS,-14.5325,-49.9628,CRIXAS,GOIÁS,776,True
1450000,LAGOA DA FLECHA,-14.3328,-50.7303,NOVA CRIXÁS,GOIÁS,777,True
1450001,MOZARLÂNDIA (CHAC. FOGUEIRA),-14.7414,-50.5772,MOZARLÂNDIA,GOIÁS,778,True
1450002,GOVERNADOR LEÔNINO,-14.0972,-50.3328,NOVA CRIXÁS,GOIÁS,779,True
1451000,ARUANÃ,-14.9275,-51.0828,ARUANÃ,GOIÁS,780,True
1452000,XAVANTINA,-14.6722,-52.3547,NOVA XAVANTINA,MATO GROSSO,781,True
1452004,ÁGUA BOA,-14.0764,-52.1503,ÁGUA BOA,MATO GROSSO,782,True
1453000,PASSAGEM DA BR-309,-14.6119,-53.9986,PARANATINGA,MATO GROSSO,783,True
1454000,PARANATINGA,-14.4178,-54.0494,PARANATINGA,MATO GROSSO,784,True
1454002,NOVA BRASILÂNDIA,-14.9261,-54.9728,NOVA BRASILÂNDIA,MATO GROSSO,785,True
1455008,FAZENDA RAIZAMA (COIMBRA),-14.8439,-55.855,ROSÁRIO OESTE,MATO GROSSO,786,True
1456001,ARENÁPOLIS (CANAÃ),-14.4694,-56.85,ARENÁPOLIS,MATO GROSSO,787,True
1456003,NORTELÂNDIA,-14.4511,-56.8142,NORTELÂNDIA,MATO GROSSO,788,True
1456009,PARECIS (BR-364),-14.1564,-56.9331,DIAMANTINO,MATO GROSSO,789,True
1457000,TAPIRAPUÃ,-14.8506,-57.7678,TANGARÁ DA SERRA,MATO GROSSO,790,True
1457001,TANGARÁ DA SERRA,-14.6322,-57.4686,BARRA DO BUGRES,MATO GROSSO,791,True
1457003,DECIOLÂNDIA,-14.1833,-57.5069,DIAMANTINO,MATO GROSSO,792,True
1457004,PRÓXIMO ILHOCA,-14.5847,-57.925,TANGARÁ DA SERRA,MATO GROSSO,793,True
1458002,BRASFOR,-14.3842,-58.2344,TANGARÁ DA SERRA,MATO GROSSO,794,True
1459003,NOVA LACERDA,-14.4694,-59.5939,NOVA LACERDA,MATO GROSSO,795,True
1538001,BELMONTE,-15.8706,-38.8886,BELMONTE,BAHIA,796,True
1539002,SÃO JOSÉ,-15.0922,-39.3456,SÃO JOSÉ DA VITÓRIA,BAHIA,797,True
1539006,ITAPEBI,-15.9608,-39.5261,ITAPEBI,BAHIA,798,True
1539008,ITAJÚ DO COLÔNIA,-15.1389,-39.7242,ITAJU DO COLÔNIA,BAHIA,799,True
1539010,MASCOTE,-15.5642,-39.3017,MASCOTE,BAHIA,800,True
1539014,FAZENDA NANCY,-15.6033,-39.5169,CAMACAN,BAHIA,801,True
1539016,FAZENDA MANAUS,-15.1544,-39.7692,ITAJU DO COLÔNIA,BAHIA,802,True
1539022,CAMACAN (VARGITO),-15.4253,-39.4928,CAMACAN,BAHIA,803,True
1540003,INHOBIM,-15.3408,-40.9328,VITÓRIA DA CONQUIST,BAHIA,804,True
1540004,ITAMBÉ,-15.2483,-40.6311,ITAMBÉ,BAHIA,805,True
1540019,JORDANIA,-15.8944,-40.1697,JORDANIA,MINAS GERAIS,806,True
1540020,BANDEIRA,-15.8817,-40.5633,BANDEIRA,MINAS GERAIS,807,True
1541001,CÂNDIDO SALES,-15.505,-41.2292,CÂNDIDO SALES,BAHIA,808,True
1541010,ITAMARATI,-15.5808,-41.4086,ÁGUAS VERMELHAS,MINAS GERAIS,809,True
1541013,VEREDA DO PARAÍSO,-15.4897,-41.4578,SÃO JOÃO DO PARAÍSO,MINAS GERAIS,810,True
1542014,SÃO JOÃO DO PARAÍSO,-15.3167,-42.0228,SÃO JOÃO DO PARAÍSO,MINAS GERAIS,811,True
1542015,RIO PARDO DE MINAS,-15.5983,-42.5475,RIO PARDO DE MINAS,MINAS GERAIS,812,True
1542016,SERRA BRANCA,-15.6367,-42.9436,PORTEIRINHA,MINAS GERAIS,813,True
1543002,COLÔNIA DO JAÍBA,-15.3411,-43.6753,JAÍBA,MINAS GERAIS,814,True
1543013,JANAÚBA,-15.7756,-43.2797,JANAÚBA,MINAS GERAIS,815,True
1544012,SÃO FRANCISCO,-15.9494,-44.8681,SÃO FRANCISCO,MINAS GERAIS,816,True
1544017,PEDRAS DE MARIA DA CRUZ,-15.5978,-44.3903,JANUÁRIA,MINAS GERAIS,817,True
1544018,FAZENDA CANADÁ,-15.0225,-44.0536,ITACARAMBI,MINAS GERAIS,818,True
1544019,SÃO JOÃO DA PONTE,-15.9303,-44.0042,SÃO JOÃO DA PONTE,MINAS GERAIS,819,True
1544030,VARZELÂNDIA,-15.7042,-44.0286,VARZELÂNDIA,MINAS GERAIS,820,True
1544032,USINA DO PANDEIROS - MONTANTE,-15.4831,-44.7672,JANUÁRIA,MINAS GERAIS,821,True
1545002,SERRA DAS ARARAS,-15.5022,-45.39,SÃO FRANCISCO,MINAS GERAIS,822,True
1545004,GAUCHOS,-15.295,-45.6267,SÃO FRANCISCO,MINAS GERAIS,823,True
1546000,ARINOS - MONTANTE,-15.9178,-46.1192,ARINOS,MINAS GERAIS,824,True
1546001,BURITIS - JUSANTE,-15.6158,-46.415,BURITIS,MINAS GERAIS,825,True
1546005,CABECEIRAS,-15.8008,-46.9247,CABECEIRAS,GOIÁS,826,True
1546010,FAZENDA CARVALHO,-15.5242,-46.2844,BURITIS,MINAS GERAIS,827,True
1546011,PIRATINGA,-15.0314,-46.2922,FORMOSO,MINAS GERAIS,828,True
1548001,MIMOSO,-15.0631,-48.1664,MIMOSO DE GOIÁS,GOIÁS,829,True
1548003,PIRENÓPOLIS,-15.8547,-48.9661,PIRENÓPOLIS,GOIÁS,830,True
1548011,FAZENDA MARAJÁ,-15.5414,-48.5542,PADRE BERNARDO,GOIÁS,831,True
1548020,ÁGUAS LINDAS,-15.7414,-48.3056,ÁGUAS LINDAS DE GOI,GOIÁS,832,True
1549001,GOIANÉSIA,-15.3292,-49.1217,GOIANÉSIA,GOIÁS,833,True
1549002,ITAPURANGA,-15.5642,-49.9436,ITAPURANGA,GOIÁS,834,True
1549003,JARAGUÁ,-15.7581,-49.3369,JARAGUÁ,GOIÁS,835,True
1549004,NOVA AMÉRICA,-15.0206,-49.8917,NOVA AMÉRICA,GOIÁS,836,True
1549009,URUANA,-15.4961,-49.6908,URUANA,GOIÁS,837,True
1550000,ITAPIRAPUA,-15.8158,-50.6086,ITAPIRAPUÃ,GOIÁS,838,True
1550001,JEROAQUARA,-15.3731,-50.5,FAINA,GOIÁS,839,True
1550002,TRAVESSÃO,-15.5356,-50.7028,MATRINCHÃ,GOIÁS,840,True
1551000,BRITÂNIA,-15.2461,-51.1633,BRITÂNIA,GOIÁS,841,True
1551001,MONTES CLAROS DE GOIÁS,-15.9408,-51.3572,MONTES CLAROS DE GO,GOIÁS,842,True
1551002,PERES,-15.89,-51.8536,ARAGARÇAS,GOIÁS,843,True
1551003,SANTA FÉ,-15.7672,-51.1044,SANTA FÉ DE GOIÁS,GOIÁS,844,True
1552001,GENERAL CARNEIRO,-15.7111,-52.7544,GENERAL CARNEIRO,MATO GROSSO,845,True
1552002,TORIQUEJE,-15.2503,-53.0553,BARRA DO GARÇAS,MATO GROSSO,846,True
1552006,PINDAÍBA,-15.0356,-52.2375,BARRA DO GARÇAS,MATO GROSSO,847,True
1553003,FAZENDA ANJO DA GUARDA,-15.5419,-53.4519,GENERAL CARNEIRO,MATO GROSSO,848,True
1554005,RIO DAS MORTES,-15.3147,-54.1758,PRIMAVERA DO LESTE,MATO GROSSO,849,True
1554006,JACIARA,-15.9889,-54.9683,JACIARA,MATO GROSSO,850,True
1555005,SÃO JOSÉ DA SERRA,-15.8361,-55.3219,CAMPO VERDE,MATO GROSSO,851,True
1555008,FAZENDA ESTIVA PR3,-15.2328,-55.7411,CHAPADA DOS GUIMARÃ,MATO GROSSO,852,True
1556000,NOSSA SENHORA DA GUIA,-15.355,-56.2317,CUIABÁ,MATO GROSSO,853,True
1556001,N.S. LIVRAMENTO - BOSQUE F. BARROS,-15.7739,-56.3497,NOSSA SENHORA DO LI,MATO GROSSO,854,True
1556006,SECO (FAZENDA SECO),-15.6353,-56.6117,VÁRZEA GRANDE,MATO GROSSO,855,True
1556007,SANTA EDWIGES,-15.6986,-55.1356,VÁRZEA GRANDE,MATO GROSSO,856,True
1557001,BARRA DO BUGRES,-15.0767,-57.1825,BARRA DO BUGRES,MATO GROSSO,857,True
1557003,BARRANQUINHO,-15.6422,-57.475,PORTO ESTRELA,MATO GROSSO,858,True
1557005,SÃO JOSÉ DO SEPOTUBA,-15.0925,-57.6803,SALTO DO CÉU,MATO GROSSO,859,True
1558000,COLÔNIA RIO BRANCO,-15.2453,-58.1133,RIO BRANCO,MATO GROSSO,860,True
1558001,PONTE CABAÇAL MT-125,-15.4692,-57.8942,MIRASSOL D'OESTE,MATO GROSSO,861,True
1558004,ALTO JAURÚ,-15.44,-58.5878,INDIAVAÍ,MATO GROSSO,862,True
1558005,PORTO ESPERIDIÃO,-15.8533,-58.4658,PORTO ESPERIDIÃO,MATO GROSSO,863,True
1559000,PONTES E LACERDA,-15.2242,-59.3503,PONTES E LACERDA,MATO GROSSO,864,True
1559006,MATO GROSSO,-15.0081,-59.9492,VILA BELA DA SANTÍS,MATO GROSSO,865,True
1560000,FAZENDA AREIÃO,-15.4003,-60.0317,VILA BELA DA SANTÍS,MATO GROSSO,866,True
1639000,MUNDO NOVO,-16.265,-39.5833,EUNÁPOLIS,BAHIA,867,True
1640000,JACINTO,-16.1386,-40.2903,JACINTO,MINAS GERAIS,868,True
1640001,FAZENDA CAJUEIRO,-16.1203,-40.7394,ALMENARA,MINAS GERAIS,869,True
1640009,RUBIM,-16.3789,-40.5408,RUBIM,MINAS GERAIS,870,True
1640010,FELISBURGO,-16.6342,-40.7606,FELISBURGO,MINAS GERAIS,871,True
1640012,JUCURUÇU,-16.8386,-40.1564,ITAMARAJU,BAHIA,872,True
1641001,ITAOBIM,-16.5683,-41.5031,ITAOBIM,MINAS GERAIS,873,True
1641002,JEQUITINHONHA,-16.4275,-41.0139,JEQUITINHONHA,MINAS GERAIS,874,True
1641007,SÃO JOÃO GRANDE,-16.6894,-41.4983,ITAOBIM,MINAS GERAIS,875,True
1641010,ITINGA,-16.6181,-41.7675,ITINGA,MINAS GERAIS,876,True
1641011,MEDINA,-16.23,-41.4808,MEDINA,MINAS GERAIS,877,True
1641012,FAZENDA BOA SORTE JUSANTE,-16.5961,-41.0244,JOAÍMA,MINAS GERAIS,878,True
1641013,COMERCINHO,-16.2961,-41.7903,COMERCINHO,MINAS GERAIS,879,True
1642002,CORONEL MURTA,-16.6131,-42.1869,CORONEL MURTA,MINAS GERAIS,880,True
1642007,PORTO MANDACARU,-16.6789,-42.4856,GRÃO MOGOL,MINAS GERAIS,881,True
1642008,RUBELITA,-16.4119,-42.2683,RUBELITA,MINAS GERAIS,882,True
1642013,PEGA,-16.86,-42.3475,VIRGEM DA LAPA,MINAS GERAIS,883,True
1642014,FAZENDA JAMBEIRO - GRÃO MOGOL,-16.5914,-42.9183,GRÃO MOGOL,MINAS GERAIS,884,True
1642026,PONTE VACARIA,-16.1931,-42.5942,SALINAS,MINAS GERAIS,885,True
1642027,BARRA DO SALINAS,-16.6178,-42.3089,CORONEL MURTA,MINAS GERAIS,886,True
1642028,ITIRA,-16.7608,-42.0061,ARAÇUAÍ,MINAS GERAIS,887,True
1643020,CAPITÃO ENÉAS,-16.3222,-43.715,CAPITÃO ENÉAS,MINAS GERAIS,888,True
1643026,BOM JARDIM,-16.1086,-43.8561,SÃO JOÃO DA PONTE,MINAS GERAIS,889,True
1644027,BRASÍLIA DE MINAS - JUSANTE,-16.2064,-44.4253,BRASÍLIA DE MINAS,MINAS GERAIS,890,True
1644028,SÃO JOÃO DA VEREDA,-16.7025,-44.1172,MONTES CLAROS,MINAS GERAIS,891,True
1645000,SÃO ROMÃO,-16.3717,-45.0828,SÃO ROMÃO,MINAS GERAIS,892,True
1645002,SANTO INÁCIO,-16.2817,-45.4142,SÃO ROMÃO,MINAS GERAIS,893,True
1645003,BARRA DO ESCURO,-16.2686,-45.2378,SÃO ROMÃO,MINAS GERAIS,894,True
1645005,VILA URUCUIA,-16.1336,-45.7422,SÃO FRANCISCO,MINAS GERAIS,895,True
1645007,PORTO ALEGRE,-16.9089,-45.3786,SANTA FÉ DE MINAS,MINAS GERAIS,896,True
1645009,CACHOEIRA DA MANTEIGA,-16.6569,-45.0808,BURITIZEIRO,MINAS GERAIS,897,True
1645013,FAZENDA ÁGUA BRANCA,-16.8072,-45.0303,BURITIZEIRO,MINAS GERAIS,898,True
1645019,FAZENDA CONCEIÇÃO,-16.4286,-45.7422,SÃO ROMÃO,MINAS GERAIS,899,True
1646000,PORTO DOS POÇÕES,-16.8297,-46.3222,DOM BOSCO,MINAS GERAIS,900,True
1646001,UNAÍ,-16.3514,-46.8897,UNAÍ,MINAS GERAIS,901,True
1646003,SANTO ANTÔNIO DO BOQUEIRÃO,-16.5297,-46.7211,UNAÍ,MINAS GERAIS,902,True
1646004,FAZENDA O RESFRIADO,-16.5028,-46.6628,UNAÍ,MINAS GERAIS,903,True
1647008,FAZENDA LIMEIRA,-16.2089,-47.2325,UNAÍ,MINAS GERAIS,904,True
1648001,PONTE ANÁPOLIS - BRASÍLIA,-16.1431,-48.6,ALEXÂNIA,GOIÁS,905,True
1649000,ANICUNS,-16.4653,-49.9428,ANICUNS,GOIÁS,906,True
1649001,ARAGOIÂNIA,-16.9119,-49.4522,ARAGOIÂNIA,GOIÁS,907,True
1649004,GOIANÁPOLIS,-16.5164,-49.0203,GOIANÁPOLIS,GOIÁS,908,True
1649006,INHUMAS,-16.3467,-49.495,INHUMAS,GOIÁS,909,True
1649007,ITABERAÍ,-16.0275,-49.8003,ITABERAÍ,GOIÁS,910,True
1649009,OURO VERDE DE GOIÁS,-16.2186,-49.1978,OURO VERDE DE GOIÁS,GOIÁS,911,True
1649010,PALMEIRAS DE GOIÁS,-16.8031,-49.9286,PALMEIRAS DE GOIÁS,GOIÁS,912,True
1649012,TRINDADE,-16.6611,-49.4878,TRINDADE,GOIÁS,913,True
1650000,CACHOEIRA DE GOIÁS,-16.6694,-50.6492,CACHOEIRA DE GOIÁS,GOIÁS,914,True
1650001,CÓRREGO DO OURO,-16.2983,-50.5567,CÓRREGO DO OURO,GOIÁS,915,True
1650002,ISRAELÂNDIA,-16.3164,-50.9061,ISRAELÂNDIA,GOIÁS,916,True
1650003,TURVÂNIA,-16.6094,-50.1328,TURVÂNIA,GOIÁS,917,True
1651000,CAIAPONIA,-16.9497,-51.7994,CAIAPÔNIA,GOIÁS,918,True
1651001,IPORÁ,-16.4281,-51.0828,IPORÁ,GOIÁS,919,True
1651002,PIRANHAS,-16.4233,-51.8228,PIRANHAS,GOIÁS,920,True
1651003,SÃO FERREIRA,-16.3058,-51.4706,ARENÓPOLIS,GOIÁS,921,True
1652000,BOM JARDIM DE GOIÁS,-16.2092,-52.1686,BOM JARDIM DE GOIÁS,GOIÁS,922,True
1652001,PONTE BRANCA,-16.7664,-52.8372,PONTE BRANCA,MATO GROSSO,923,True
1652002,TORIXOREU,-16.2014,-52.55,TORIXORÉU,MATO GROSSO,924,True
1652003,DOVERLÂNDIA,-16.7217,-52.3211,DOVERLÂNDIA,GOIÁS,925,True
1653000,TESOURO,-16.0767,-53.5511,TESOURO,MATO GROSSO,926,True
1653002,GUIRATINGA,-16.3528,-53.7608,GUIRATINGA,MATO GROSSO,927,True
1653004,ALTO GARÇAS,-16.9442,-53.5336,ALTO GARÇAS,MATO GROSSO,928,True
1653005,CAFELÂNDIA DO LESTE,-16.6689,-53.4536,ARAGUAINHA,MATO GROSSO,929,True
1654000,RONDONÓPOLIS,-16.4711,-54.6561,RONDONÓPOLIS,MATO GROSSO,930,True
1654001,SANTA TEREZINHA,-16.6739,-54.2661,PEDRA PRETA,MATO GROSSO,931,True
1654004,SANTA ESCOLÁSTICA,-16.8431,-54.4081,PEDRA PRETA,MATO GROSSO,932,True
1654005,VALE RICO,-16.3911,-54.1494,GUIRATINGA,MATO GROSSO,933,True
1655000,BAIA NOVA,-16.3561,-55.5864,BARÃO DE MELGAÇO,MATO GROSSO,934,True
1655001,ACIMA DO CÓRREGO GRANDE,-16.6081,-55.2064,SANTO ANTÔNIO DO LE,MATO GROSSO,935,True
1655002,BARÃO DE MELGAÇO,-16.1936,-55.9453,BARÃO DE MELGAÇO,MATO GROSSO,936,True
1655004,SANTA LÚCIA,-16.8939,-55.9072,BARÃO DE MELGAÇO,MATO GROSSO,937,True
1656001,PORTO CERCADO (Ex-Retiro Biguaçal),-16.5119,-56.3756,POCONÉ,MATO GROSSO,938,True
1656002,POCONÉ,-16.3147,-56.5436,POCONÉ,MATO GROSSO,939,True
1656003,SÃO JOSÉ DO BORIRÉU,-16.9211,-56.2236,BARÃO DE MELGAÇO,MATO GROSSO,940,True
1656004,SÃO JOÃO,-16.9442,-56.6319,POCONÉ,MATO GROSSO,941,True
1657002,DESCALVADOS,-16.7336,-57.7503,CÁCERES,MATO GROSSO,942,True
1657003,CÁCERES (DNPVN),-16.0817,-57.6942,CÁCERES,MATO GROSSO,943,True
1657004,FLECHAS,-16.0392,-57.2575,CÁCERES,MATO GROSSO,944,True
1658000,DESTACAMENTO DA CORIXA,-16.3944,-58.3389,CÁCERES,MATO GROSSO,945,True
1659001,DESTACAMENTO DA FORTUNA,-16.2708,-59.4919,VILA BELA DA SANTÍS,MATO GROSSO,946,True
1739001,PRADO,-17.3503,-39.22,PRADO,BAHIA,947,True
1739005,ITAMARAJU,-17.045,-39.5447,ITAMARAJU,BAHIA,948,True
1739006,HELVÉCIA (EFBM),-17.8081,-39.6625,NOVA VIÇOSA,BAHIA,949,True
1739010,ALCOBAÇA,-17.5156,-39.2275,ALCOBAÇA,BAHIA,950,True
1739020,FAZENDA CASCATA,-17.5103,-39.6411,TEIXEIRA DE FREITAS,BAHIA,951,True
1739021,CACHOEIRA GRANDE,-17.2536,-39.7783,PRADO,BAHIA,952,True
1739022,FAZENDA RIO DO SUL,-17.2494,-39.6222,PRADO,BAHIA,953,True
1740000,CARLOS CHAGAS,-17.7056,-40.7597,CARLOS CHAGAS,MINAS GERAIS,954,True
1740001,NANUQUE - MONTANTE,-17.8375,-40.3772,NANUQUE,MINAS GERAIS,955,True
1740005,MEDEIROS NETO,-17.3722,-40.2258,MEDEIROS NETO,BAHIA,956,True
1740006,SÃO JOSÉ DO PRADO,-17.1875,-39.9822,VEREDA,BAHIA,957,True
1740008,ITANHÉM,-17.1633,-40.3267,ITANHÉM,BAHIA,958,True
1740026,SÃO PEDRO DO PAMPÃ,-17.3203,-40.6761,UMBURATIBA,MINAS GERAIS,959,True
1740033,ÁGUAS FORMOSAS,-17.0825,-40.9408,ÁGUAS FORMOSAS,MINAS GERAIS,960,True
1741001,MUCURI,-17.595,-41.4928,TEÓFILO OTONI,MINAS GERAIS,961,True
1741003,FAZENDA DIACUI,-17.4911,-41.2394,TEÓFILO OTONI,MINAS GERAIS,962,True
1741006,LADAINHA (EFBM),-17.6294,-41.7372,LADAINHA,MINAS GERAIS,963,True
1741007,PEDRO VERSIANI (EFBM),-17.8803,-41.3147,TEÓFILO OTONI,MINAS GERAIS,964,True
1741009,FRANCISCO SÁ (EFBM),-17.7386,-41.1211,CARLOS CHAGAS,MINAS GERAIS,965,True
1741013,PADRE PARAÍSO,-17.0728,-41.4831,PADRE PARAÍSO,MINAS GERAIS,966,True
1742008,CARBONITA,-17.5794,-42.995,CARBONITA,MINAS GERAIS,967,True
1742014,CAPELINHA,-17.6917,-42.5261,CAPELINHA,MINAS GERAIS,968,True
1742017,MALACACHETA,-17.8456,-42.0756,MALACACHETA,MINAS GERAIS,969,True
1742019,ÁGUA BOA,-17.9922,-42.3939,ÁGUA BOA,MINAS GERAIS,970,True
1742020,FAZENDA FACÃO,-16.9711,-42.1156,ARAÇUAÍ,MINAS GERAIS,971,True
1742022,PONTE ALTA,-17.2825,-42.8078,TURMALINA,MINAS GERAIS,972,True
1742023,MINAS NOVAS,-17.2192,-42.5889,MINAS NOVAS,MINAS GERAIS,973,True
1742025,SETUBINHA,-17.5728,-42.1353,SETUBINHA,MINAS GERAIS,974,True
1743002,VILA TERRA BRANCA - JUSANTE,-17.3128,-43.2078,BOCAIÚVA,MINAS GERAIS,975,True
1743016,ITACAMBIRA,-17.0694,-43.3131,ITACAMBIRA,MINAS GERAIS,976,True
1743018,SENADOR MODESTINO,-17.9531,-43.2467,SENADOR MODESTINO G,MINAS GERAIS,977,True
1744009,VÁRZEA DA PALMA,-17.5961,-44.7011,VÁRZEA DA PALMA,MINAS GERAIS,978,True
1744010,LASSANCE,-17.89,-44.5767,LASSANCE,MINAS GERAIS,979,True
1744030,ESTAÇÃO DE CURIMATAI,-17.9953,-44.1767,BUENÓPOLIS,MINAS GERAIS,980,True
1745001,CACHOEIRA DO PAREDÃO,-17.1111,-45.4378,BURITIZEIRO,MINAS GERAIS,981,True
1745014,FAZENDA SANTANA,-17.8253,-45.4792,JOÃO PINHEIRO,MINAS GERAIS,982,True
1746001,PORTO DA EXTREMA,-17.0308,-46.0136,JOÃO PINHEIRO,MINAS GERAIS,983,True
1746002,SANTA ROSA,-17.2553,-46.4739,PARACATU,MINAS GERAIS,984,True
1746006,PONTE DA BR-040 - PRATA,-17.6636,-46.355,JOÃO PINHEIRO,MINAS GERAIS,985,True
1746007,PONTE DA BR-040 - PARACATU,-17.4972,-46.5817,PARACATU,MINAS GERAIS,986,True
1746017,FAZENDA POÇÕES,-17.0419,-46.8178,PARACATU,MINAS GERAIS,987,True
1746018,FAZENDA LIMOEIRO,-17.9156,-47.0106,CLARO DOS POÇÕES,MINAS GERAIS,988,True
1746019,FAZENDA CÓRREGO DO OURO,-17.6133,-46.8592,GUARDA-MOR,MINAS GERAIS,989,True
1747005,GUARDA-MOR,-17.7725,-47.0986,GUARDA-MOR,MINAS GERAIS,990,True
1748004,MARZAGÃO,-17.9831,-48.6833,MARZAGÃO,GOIÁS,991,True
1749000,EDÉIA (ALEGRETE),-17.3414,-49.9303,EDÉIA,GOIÁS,992,True
1749001,FAZENDA BOA VISTA,-17.1056,-49.6908,VARJÃO,GOIÁS,993,True
1749002,JOVIÂNIA,-17.8094,-49.6264,JOVIÂNIA,GOIÁS,994,True
1749003,MORRINHOS,-17.7328,-49.1153,MORRINHOS,GOIÁS,995,True
1749004,PONTALINA,-17.5169,-49.4417,PONTALINA,GOIÁS,996,True
1749005,PIRACANJUBA,-17.2894,-49.0272,PIRACANJUBA,GOIÁS,997,True
1749009,CROMÍNIA,-17.2847,-49.3828,CROMÍNIA,GOIÁS,998,True
1750000,BARRA DO MONJOLO,-17.7322,-50.1808,EDÉIA,GOIÁS,999,True
1750001,FAZENDA NOVA DO TURVO,-17.0792,-50.2894,PARAÚNA,GOIÁS,1000,True
1750003,PONTE RIO VERDÃO,-17.5414,-50.5561,ACREÚNA,GOIÁS,1001,True
1750004,PONTE RODAGEM,-17.3253,-50.6819,PARAÚNA,GOIÁS,1002,True
1750008,FAZENDA PARAÍSO,-17.4658,-50.7742,RIO VERDE,GOIÁS,1003,True
1750013,PARAUNA,-16.9489,-50.4469,PARAÚNA,GOIÁS,1004,True
1751001,PONTE RIO DOCE,-17.8564,-51.3967,JATAÍ,GOIÁS,1005,True
1751002,BENJAMIN  BARROS,-17.695,-51.8922,JATAÍ,GOIÁS,1006,True
1751004,MONTIVIDIU,-17.3647,-51.0767,MONTIVIDIU,GOIÁS,1007,True
1752002,FAZENDA SÃO BERNARDO,-17.6889,-52.9833,MINEIROS,GOIÁS,1008,True
1752003,PONTE DO CEDRO,-17.5794,-52.6014,MINEIROS,GOIÁS,1009,True
1752006,BOM JARDIM,-17.7181,-52.17,JATAÍ,GOIÁS,1010,True
1753000,ALTO ARAGUAIA,-17.3,-53.2194,ALTO ARAGUAIA,MATO GROSSO,1011,True
1753002,FAZENDA BABILÔNIA,-17.3528,-53.0919,SANTA RITA DO ARAGU,GOIÁS,1012,True
1754000,ITIQUIRA,-17.2078,-54.14,ITIQUIRA,MATO GROSSO,1013,True
1754002,POSTO CORRENTES (MT-163),-17.5869,-54.7567,SONORA,MATO GROSSO DO SUL,1014,True
1754004,PEDRO SEVERO,-17.8308,-54.3131,PEDRO GOMES,MATO GROSSO DO SUL,1015,True
1755000,SANTO ANTÔNIO DO PARAÍSO,-17.4917,-55.2322,ITIQUIRA,MATO GROSSO,1016,True
1755001,UNIÃO,-17.7903,-55.7736,CORUMBÁ,MATO GROSSO DO SUL,1017,True
1755003,SÃO JERÔNIMO,-17.2017,-56.0086,BARÃO DE MELGAÇO,MATO GROSSO,1018,True
1756000,ILHA CAMARGO,-17.0572,-56.5856,BARÃO DE MELGAÇO,MATO GROSSO,1019,True
1756001,SÃO JOSÉ DO PIQUIRI,-17.2914,-56.3847,BARÃO DE MELGAÇO,MATO GROSSO,1020,True
1756002,RETIRO SEGURO,-18.0208,-56.7319,CORUMBÁ,MATO GROSSO DO SUL,1021,True
1756003,PORTO DO ALEGRE,-17.6233,-56.965,CORUMBÁ,MATO GROSSO DO SUL,1022,True
1757001,PORTO CONCEIÇÃO,-17.1433,-57.3594,POCONÉ,MATO GROSSO,1023,True
1757003,BELA VISTA DO NORTE,-17.6414,-57.6906,CORUMBÁ,MATO GROSSO DO SUL,1024,True
1839000,MORRO D'ANTA (PEDRO CANÁRIO),-18.2994,-39.9586,CONCEIÇÃO DA BARRA,ESPÍRITO SANTO,1025,True
1839001,CONCEIÇÃO DA BARRA,-18.5622,-39.7472,CONCEIÇÃO DA BARRA,ESPÍRITO SANTO,1026,True
1839006,BARRA NOVA,-18.9503,-39.7644,SÃO MATEUS,ESPÍRITO SANTO,1027,True
1840000,ÁGUIA BRANCA,-18.9856,-40.7461,ÁGUIA BRANCA,ESPÍRITO SANTO,1028,True
1840003,ITAUNINHAS,-18.4894,-40.0906,SÃO MATEUS,ESPÍRITO SANTO,1029,True
1840004,BARRA DE SÃO FRANCISCO,-18.7619,-40.89,BARRA DE SÃO FRANCI,ESPÍRITO SANTO,1030,True
1840007,ÁGUA DOCE,-18.5481,-40.9764,ÁGUA DOCE DO NORTE,ESPÍRITO SANTO,1031,True
1840008,PONTE NOVA (BR-101),-18.9817,-39.9933,LINHARES,ESPÍRITO SANTO,1032,True
1840009,FAZENDA SÃO MATEUS,-18.1222,-40.8858,ECOPORANGA,ESPÍRITO SANTO,1033,True
1840010,CEDROLÂNDIA,-18.8097,-40.6906,NOVA VENÉCIA,ESPÍRITO SANTO,1034,True
1840012,FAZENDA LIMOEIRO,-18.1456,-40.1439,MONTANHA,ESPÍRITO SANTO,1035,True
1840013,ECOPORANGA,-18.3658,-40.8406,ECOPORANGA,ESPÍRITO SANTO,1036,True
1840015,PATRIMÔNIO SANTA LUZIA DO NORTE,-18.2056,-40.6033,ECOPORANGA,ESPÍRITO SANTO,1037,True
1840016,PATRIMÔNIO XV,-18.4942,-40.4642,NOVA VENÉCIA,ESPÍRITO SANTO,1038,True
1840017,SÃO JOÃO DO SOBRADO,-18.3186,-40.4067,PINHEIROS,ESPÍRITO SANTO,1039,True
1840019,CÓRREGO DA BOA ESPERANÇA,-18.7006,-40.4419,NOVA VENÉCIA,ESPÍRITO SANTO,1040,True
1840020,SÃO JOÃO DA CACHOEIRA GRANDE,-18.5647,-40.3367,SÃO MATEUS,ESPÍRITO SANTO,1041,True
1840026,BOCA DA VALA,-18.6586,-40.0911,SÃO MATEUS,ESPÍRITO SANTO,1042,True
1841001,VILA MATIAS - MONTANTE,-18.5747,-41.9178,MATHIAS LOBATO,MINAS GERAIS,1043,True
1841003,CAMPANÁRIO,-18.2386,-41.7486,CAMPANÁRIO,MINAS GERAIS,1044,True
1841006,VARGEM GRANDE,-18.6811,-41.1967,MANTENA,MINAS GERAIS,1045,True
1841007,FIDELÂNDIA - MONTANTE,-18.2031,-41.2483,ATALÉIA,MINAS GERAIS,1046,True
1841008,ATALÉIA,-18.0469,-41.1144,ATALÉIA,MINAS GERAIS,1047,True
1841009,MANTENÓPOLIS,-18.8389,-41.1103,MANTENÓPOLIS,ESPÍRITO SANTO,1048,True
1841010,SANTO AGOSTINHO,-18.4061,-41.04,BARRA DE SÃO FRANCI,ESPÍRITO SANTO,1049,True
1841011,TUMIRITINGA,-18.9764,-41.6403,TUMIRITINGA,MINAS GERAIS,1050,True
1841018,CENTRAL DE MINAS,-18.7631,-41.3083,CENTRAL DE MINAS,MINAS GERAIS,1051,True
1841019,DIVINO DAS LARANJEIRAS,-18.7769,-41.4828,DIVINO DAS LARANJEI,MINAS GERAIS,1052,True
1841020,GOVERNADOR VALADARES,-18.8831,-41.9503,GOVERNADOR VALADARE,MINAS GERAIS,1053,True
1841021,SÃO JOSÉ DO DIVINO,-18.4886,-41.3925,SÃO JOSÉ DO DIVINO,MINAS GERAIS,1054,True
1842004,SÃO PEDRO DO SUAÇUÍ,-18.3631,-42.6022,SÃO PEDRO DO SUAÇUÍ,MINAS GERAIS,1055,True
1842005,COROACI,-18.6119,-42.2786,COROACI,MINAS GERAIS,1056,True
1842007,GUANHÃES,-18.7722,-42.9311,GUANHÃES,MINAS GERAIS,1057,True
1842008,SANTA MARIA DO SUAÇUÍ,-18.2011,-42.4553,SANTA MARIA DO SUAÇ,MINAS GERAIS,1058,True
1842020,SÃO JOÃO EVANGELISTA,-18.5528,-42.7642,SÃO JOÃO EVANGELIST,MINAS GERAIS,1059,True
1842026,ITAMARANDIBA,-18.0897,-42.8394,ITAMARANDIBA,MINAS GERAIS,1060,True
1843000,USINA PARAUNA,-18.6356,-43.9658,PRESIDENTE JUSCELIN,MINAS GERAIS,1061,True
1843002,GOUVEIA,-18.4656,-43.7431,GOUVÉIA,MINAS GERAIS,1062,True
1843003,MENDANHA - MONTANTE,-18.1133,-43.5203,DIAMANTINA,MINAS GERAIS,1063,True
1843011,SERRO,-18.5928,-43.4125,SERRO,MINAS GERAIS,1064,True
1843012,RIO VERMELHO,-18.2797,-43.0006,RIO VERMELHO,MINAS GERAIS,1065,True
1843015,POVOADO DE VAU,-18.4172,-43.5256,DIAMANTINA,MINAS GERAIS,1066,True
1844001,SANTO HIPÓLITO,-18.3061,-44.2258,SANTO HIPÓLITO,MINAS GERAIS,1067,True
1844009,PRESIDENTE JUSCELINO - JUSANTE,-18.6439,-44.0481,PRESIDENTE JUSCELIN,MINAS GERAIS,1068,True
1844010,PONTE DO LICÍNIO - JUSANTE,-18.6714,-44.1914,PRESIDENTE JUSCELIN,MINAS GERAIS,1069,True
1844017,CORINTO,-18.3722,-44.4436,CORINTO,MINAS GERAIS,1070,True
1844018,PONTE DO BICUDO,-18.1908,-44.5556,CORINTO,MINAS GERAIS,1071,True
1844019,MORRO DA GARÇA,-18.5417,-44.5989,MORRO DA GARÇA,MINAS GERAIS,1072,True
1845002,FAZENDA SÃO FÉLIX,-18.4644,-45.6467,SÃO GONÇALO DO ABAE,MINAS GERAIS,1073,True
1845004,LAGOA DO GOUVÉIA,-18.8414,-45.8514,TIROS,MINAS GERAIS,1074,True
1845013,SÃO GONÇALO DO ABAETÉ,-18.3436,-45.8367,SÃO GONÇALO DO ABAE,MINAS GERAIS,1075,True
1845014,TIROS,-18.9997,-45.9661,TIROS,MINAS GERAIS,1076,True
1845021,CANOEIROS,-18.0383,-45.5236,SÃO GONÇALO DO ABAE,MINAS GERAIS,1077,True
1845027,BARRA DO RIO DE JANEIRO,-17.9581,-45.1022,TRÊS MARIAS,MINAS GERAIS,1078,True
1846002,CHARQUEADA DO PATROCÍNIO,-18.93,-46.9667,PATROCÍNIO,MINAS GERAIS,1079,True
1846003,MAJOR PORTO,-18.7069,-46.0369,PATOS DE MINAS,MINAS GERAIS,1080,True
1846004,GUIMARANIA,-18.8497,-46.8008,GUIMARANIA,MINAS GERAIS,1081,True
1846005,PRESIDENTE OLEGÁRIO,-18.4125,-46.4222,PRESIDENTE OLEGÁRIO,MINAS GERAIS,1082,True
1846006,PANTANO,-18.5594,-46.8003,COROMANDEL,MINAS GERAIS,1083,True
1846007,SANTANA DE PATOS,-18.8411,-46.5508,PATOS DE MINAS,MINAS GERAIS,1084,True
1846015,VAZANTE,-18.005,-46.9111,VAZANTE,MINAS GERAIS,1085,True
1846016,PONTE FIRME,-18.0339,-46.4194,PRESIDENTE OLEGÁRIO,MINAS GERAIS,1086,True
1846017,LEAL DE PATOS,-18.6411,-46.3344,PATOS DE MINAS,MINAS GERAIS,1087,True
1846019,ROCINHA,-18.3736,-46.915,PATOS DE MINAS,MINAS GERAIS,1088,True
1846023,LAGAMAR,-18.1828,-46.8042,LAGAMAR,MINAS GERAIS,1089,True
1847000,MONTE CARMELO,-18.7206,-47.5244,MONTE CARMELO,MINAS GERAIS,1090,True
1847001,ESTRELA DO SUL,-18.7381,-47.69,ESTRELA DO SUL,MINAS GERAIS,1091,True
1847003,ABADIA DOS DOURADOS,-18.4911,-47.4064,ABADIA DOS DOURADOS,MINAS GERAIS,1092,True
1847006,TRÊS RANCHOS,-18.3633,-47.7806,TRÊS RANCHOS,GOIÁS,1093,True
1847007,CASCALHO RICO,-18.5789,-47.8792,CASCALHO RICO,MINAS GERAIS,1094,True
1847008,COROMANDEL,-18.4711,-47.1883,COROMANDEL,MINAS GERAIS,1095,True
1847010,IRAÍ DE MINAS,-18.9819,-47.4575,IRAÍ DE MINAS,MINAS GERAIS,1096,True
1847011,PONTE VICENTE GOULART - JUSANTE,-18.2983,-47.1219,COROMANDEL,MINAS GERAIS,1097,True
1848000,MONTE ALEGRE DE MINAS,-18.8722,-48.8694,MONTE ALEGRE DE MIN,MINAS GERAIS,1098,True
1848004,FAZENDA CACHOEIRA,-18.6983,-48.7819,TUPACIGUARA,MINAS GERAIS,1099,True
1848006,TUPACIGUARA,-18.6008,-48.6908,TUPACIGUARA,MINAS GERAIS,1100,True
1848007,CORUMBAZUL,-18.2425,-48.8586,BURITI ALEGRE,GOIÁS,1101,True
1848008,BRILHANTE,-18.4922,-48.9028,TUPACIGUARA,MINAS GERAIS,1102,True
1848009,XAPETUBA,-18.8625,-48.5839,MONTE ALEGRE DE MIN,MINAS GERAIS,1103,True
1848010,ARAGUARI,-18.6511,-48.2092,ARAGUARI,MINAS GERAIS,1104,True
1849000,ITUIUTABA,-18.9411,-49.4631,ITUIUTABA,MINAS GERAIS,1105,True
1849002,IPIAÇU,-18.6919,-49.9486,IPIAÇU,MINAS GERAIS,1106,True
1849006,AVANTIGUARA,-18.7719,-49.0697,CANÁPOLIS,MINAS GERAIS,1107,True
1849016,PONTE MEIA PONTE,-18.3394,-49.6114,ITUMBIARA,GOIÁS,1108,True
1849026,PONTE BR-365 (FAZ. BOA VISTA),-18.8869,-50.0003,GURINHATÃ,MINAS GERAIS,1109,True
1850001,FAZENDA ALIANÇA,-18.1047,-50.0314,GOIATUBA,GOIÁS,1110,True
1850002,QUIRINÓPOLIS,-18.5011,-50.5219,QUIRINÓPOLIS,GOIÁS,1111,True
1850003,MAURILÂNDIA,-17.9797,-50.3372,MAURILÂNDIA,GOIÁS,1112,True
1851000,CACHOEIRA ALTA,-18.9097,-50.8503,CACHOEIRA ALTA,GOIÁS,1113,True
1851001,CAMPO ALEGRE,-18.5178,-52.0928,APORÉ,GOIÁS,1114,True
1851002,ITARUMÃ,-18.7647,-51.3472,ITARUMÃ,GOIÁS,1115,True
1851004,POMBAL,-18.0931,-51.4969,JATAÍ,GOIÁS,1116,True
1851005,SERRANÓPOLIS,-18.3044,-51.9622,SERRANÓPOLIS,GOIÁS,1117,True
1852000,APORÉ,-18.9661,-51.9267,APORÉ,GOIÁS,1118,True
1852001,FAZENDA FORMOSO,-18.4067,-52.5269,CHAPADÃO DO CÉU,GOIÁS,1119,True
1852002,INDÁIA GRANDE,-18.9978,-52.5881,CHAPADÃO DO SUL,MATO GROSSO DO SUL,1120,True
1852003,CIDADE CHAPADÃO GAUCHO,-18.6917,-52.5939,CHAPADÃO DO SUL,MATO GROSSO DO SUL,1121,True
1853000,FAZENDA TAQUARI,-17.8111,-53.2889,ALTO TAQUARI,MATO GROSSO,1122,True
1853002,CACHOEIRA POLVORA,-18.1906,-54.2578,COXIM,MATO GROSSO DO SUL,1123,True
1853004,COSTA RICA,-18.5472,-53.1353,COSTA RICA,MATO GROSSO DO SUL,1124,True
1853005,COLÔNIA FIGUEIRÃO,-18.6797,-53.6378,FIGUEIRÃO,MATO GROSSO DO SUL,1125,True
1854001,PEDRO GOMES,-18.0986,-54.5472,PEDRO GOMES,MATO GROSSO DO SUL,1126,True
1854002,RIO VERDE DE MATO GROSSO,-18.91,-54.8322,RIO VERDE DE MATO G,MATO GROSSO DO SUL,1127,True
1854003,JAURU,-18.6492,-54.3572,COXIM,MATO GROSSO DO SUL,1128,True
1854004,COXIM,-18.5042,-54.7556,COXIM,MATO GROSSO DO SUL,1129,True
1854006,CONFLUÊNCIA DO RIO JAURU,-18.7303,-54.5786,RIO VERDE DE MATO G,MATO GROSSO DO SUL,1130,True
1857001,AMOLAR,-18.0403,-57.4908,CORUMBÁ,MATO GROSSO DO SUL,1131,True
1857003,SÃO FRANCISCO,-18.3939,-57.3911,CORUMBÁ,MATO GROSSO DO SUL,1132,True
1939002,POVOAÇÃO,-19.5775,-39.7944,LINHARES,ESPÍRITO SANTO,1133,True
1940000,ITARANA,-19.8744,-40.8744,ITARANA,ESPÍRITO SANTO,1134,True
1940001,SÃO JOÃO DE PETRÓPOLIS,-19.8053,-40.6789,SANTA TERESA,ESPÍRITO SANTO,1135,True
1940002,SANTA CRUZ - LITORAL,-19.9578,-40.1544,ARACRUZ,ESPÍRITO SANTO,1136,True
1940003,RIACHO,-19.7497,-40.0431,ARACRUZ,ESPÍRITO SANTO,1137,True
1940005,CAVALINHO,-19.6922,-40.3981,IBIRAÇU,ESPÍRITO SANTO,1138,True
1940006,COLATINA - CORPO DE BOMBEIROS,-19.5308,-40.6231,COLATINA,ESPÍRITO SANTO,1139,True
1940007,FUNDÃO,-19.9369,-40.4014,FUNDÃO,ESPÍRITO SANTO,1140,True
1940009,PANCAS,-19.2203,-40.8533,PANCAS,ESPÍRITO SANTO,1141,True
1940010,VALSUGANA VELHA - MONTANTE,-19.9533,-40.5525,SANTA TERESA,ESPÍRITO SANTO,1142,True
1940012,ITAIMBÉ,-19.6636,-40.8353,ITAGUAÇU,ESPÍRITO SANTO,1143,True
1940013,NOVO BRASIL,-19.2375,-40.5914,COLATINA,ESPÍRITO SANTO,1144,True
1940016,BARRA DE SÃO GABRIEL,-19.0578,-40.5164,SÃO GABRIEL DA PALH,ESPÍRITO SANTO,1145,True
1940020,CALDEIRÃO,-19.955,-40.7417,SANTA TERESA,ESPÍRITO SANTO,1146,True
1940021,ARACRUZ,-19.83,-40.2722,ARACRUZ,ESPÍRITO SANTO,1147,True
1940022,JACUPEMBA,-19.5886,-40.1981,ARACRUZ,ESPÍRITO SANTO,1148,True
1940023,RIO BANANAL,-19.2742,-40.3208,LINHARES,ESPÍRITO SANTO,1149,True
1941000,IPANEMA,-19.7989,-41.7061,IPANEMA,MINAS GERAIS,1150,True
1941003,BAIXO GUANDU,-19.5253,-41.0153,BAIXO GUANDÚ,ESPÍRITO SANTO,1151,True
1941004,RESPLENDOR - JUSANTE,-19.3431,-41.2461,RESPLENDOR,MINAS GERAIS,1152,True
1941005,BARRA DO CUIETÉ - JUSANTE,-19.0617,-41.5328,CONSELHEIRO PENA,MINAS GERAIS,1153,True
1941006,ASSARAI - MONTANTE,-19.5947,-41.4581,POCRANE,MINAS GERAIS,1154,True
1941008,LARANJA DA TERRA,-19.9011,-41.0581,AFONSO CLÁUDIO,ESPÍRITO SANTO,1155,True
1941009,IBITUBA,-19.6911,-41.02,BAIXO GUANDÚ,ESPÍRITO SANTO,1156,True
1941010,SÃO SEBASTIÃO DA ENCRUZILHADA,-19.4925,-41.1617,AIMORÉS,MINAS GERAIS,1157,True
1941011,SANTO ANTÔNIO DO MANHUAÇU,-19.6783,-41.8361,CARATINGA,MINAS GERAIS,1158,True
1941012,ALTO RIO NOVO,-19.0592,-41.0275,PANCAS,ESPÍRITO SANTO,1159,True
1941018,ITANHOMI,-19.1617,-41.8622,ITANHOMI,MINAS GERAIS,1160,True
1941019,MUTUM,-19.8111,-41.4378,MUTUM,MINAS GERAIS,1161,True
1941021,ALVARENGA,-19.4158,-41.7297,ALVARENGA,MINAS GERAIS,1162,True
1942002,BOM JESUS DO GALHO,-19.8336,-42.3178,BOM JESUS DO GALHO,MINAS GERAIS,1163,True
1942006,VERMELHO VELHO,-19.9989,-42.3475,RAUL SOARES,MINAS GERAIS,1164,True
1942008,DOM CAVATI,-19.3736,-42.105,DOM CAVATI,MINAS GERAIS,1165,True
1942029,MARIO DE CARVALHO,-19.5247,-42.6442,CORONEL FABRICIANO,MINAS GERAIS,1166,True
1942030,BELO ORIENTE,-19.3164,-42.3961,BELO ORIENTE,MINAS GERAIS,1167,True
1942031,CACHOEIRA DOS ÓCULOS - MONTANTE,-19.7769,-42.4769,CÓRREGO NOVO,MINAS GERAIS,1168,True
1942032,NAQUE VELHO,-19.1886,-42.4228,NAQUE,MINAS GERAIS,1169,True
1943000,MINERAÇÃO MORRO VELHO,-19.9792,-43.85,NOVA LIMA,MINAS GERAIS,1170,True
1943001,RIO PIRACICABA,-19.9228,-43.1778,RIO PIRACICABA,MINAS GERAIS,1171,True
1943002,CONCEIÇÃO DO MATO DENTRO,-19.0167,-43.4442,CONCEIÇÃO DO MATO D,MINAS GERAIS,1172,True
1943003,FERROS,-19.2503,-43.0144,FERROS,MINAS GERAIS,1173,True
1943004,JABOTICATUBAS,-19.5206,-43.7444,JABOTICATUBAS,MINAS GERAIS,1174,True
1943006,SABARÁ,-19.8931,-43.815,SABARÁ,MINAS GERAIS,1175,True
1943007,SANTA BÁRBARA,-19.9453,-43.4011,SANTA BÁRBARA,MINAS GERAIS,1176,True
1943008,SANTA MARIA DO ITABIRA,-19.4403,-43.1186,SANTA MARIA DE ITAB,MINAS GERAIS,1177,True
1943009,VESPASIANO,-19.6872,-43.9208,VESPASIANO,MINAS GERAIS,1178,True
1943010,CAETÉ,-19.9028,-43.6664,CAETÉ,MINAS GERAIS,1179,True
1943022,CAIXA DE AREIA,-19.945,-43.9125,BELO HORIZONTE,MINAS GERAIS,1180,True
1943023,TAQUARAÇU,-19.6639,-43.6881,TAQUARAÇU DE MINAS,MINAS GERAIS,1181,True
1943024,JOSÉ DE MELO,-19.6897,-43.5856,NOVA UNIÃO (JOSÉ DE,MINAS GERAIS,1182,True
1943025,MORRO DO PILAR,-19.2175,-43.3742,MORRO DO PILAR,MINAS GERAIS,1183,True
1943027,USINA PETI,-19.8808,-43.3675,SÃO GONÇALO DO RIO,MINAS GERAIS,1184,True
1943035,VAU DA LAGOA,-19.2189,-43.5881,SANTANA DO RIACHO,MINAS GERAIS,1185,True
1943042,FAZENDA CARAIBAS,-19.1197,-43.8375,BALDIM,MINAS GERAIS,1186,True
1943049,PONTE RAUL SOARES,-19.5614,-43.9178,LAGOA SANTA,MINAS GERAIS,1187,True
1944004,PONTE NOVA DO PARAOPEBA,-19.9489,-44.4722,JUATUBA,MINAS GERAIS,1188,True
1944007,FAZENDA ESCOLA FLORESTAL,-19.8797,-44.4217,FLORESTAL,MINAS GERAIS,1189,True
1944009,PEDRO LEOPOLDO,-19.6344,-44.0533,PEDRO LEOPOLDO,MINAS GERAIS,1190,True
1944010,HORTO FLORESTAL,-19.2681,-44.4017,PARAOPEBA,MINAS GERAIS,1191,True
1944011,JAGUARUNA - JUSANTE,-19.7281,-44.8067,ONÇA DE PITANGUI,MINAS GERAIS,1192,True
1944020,PIRAPAMA,-19.0131,-44.0367,SANTANA DE PIRAPAMA,MINAS GERAIS,1193,True
1944021,VELHO DA TAIPA,-19.6961,-44.9294,PITANGUI,MINAS GERAIS,1194,True
1944024,FAZENDA VARGEM BONITA,-19.2372,-44.1231,JEQUITIBÁ,MINAS GERAIS,1195,True
1944026,BARRO PRETO,-19.9642,-44.4519,MATEUS LEME,MINAS GERAIS,1196,True
1944027,JUATUBA,-19.9556,-44.3344,MATEUS LEME,MINAS GERAIS,1197,True
1944031,PONTE DA TAQUARA,-19.4233,-44.5483,PARAOPEBA,MINAS GERAIS,1198,True
1944049,PAPAGAIOS,-19.4283,-44.7197,PAPAGAIOS,MINAS GERAIS,1199,True
1944055,BETIM - COPASA,-19.9733,-44.1881,BETIM,MINAS GERAIS,1200,True
1944059,FORTUNA DE MINAS,-19.5631,-44.4469,FORTUNA DE MINAS,MINAS GERAIS,1201,True
1944062,FAZENDA SANTA RITA,-19.9828,-44.4922,MATEUS LEME,MINAS GERAIS,1202,True
1944063,SILVA CAMPOS,-19.0872,-44.9472,POMPÉU,MINAS GERAIS,1203,True
1944068,FAZENDA CAPÃO DO GADO,-19.0289,-44.1939,CORDISBURGO,MINAS GERAIS,1204,True
1945002,BARRA DO FUNCHAL,-19.3947,-45.8844,SERRA DA SAUDADE,MINAS GERAIS,1205,True
1945004,ESTAÇÃO ALVARO DA SILVEIRA,-19.7517,-45.1169,BOM DESPACHO,MINAS GERAIS,1206,True
1945008,BOM DESPACHO,-19.7425,-45.255,BOM DESPACHO,MINAS GERAIS,1207,True
1945019,DORES DO INDÁIA (CVSF),-19.4686,-45.6017,DORES DO INDÁIA,MINAS GERAIS,1208,True
1945035,ABAETÉ,-19.1631,-45.4425,ABAETÉ,MINAS GERAIS,1209,True
1945038,PORTO DAS ANDORINHAS,-19.2786,-45.2858,ABAETÉ,MINAS GERAIS,1210,True
1945039,MARTINHO CAMPOS,-19.3322,-45.2281,MARTINHO CAMPOS,MINAS GERAIS,1211,True
1946000,TAPIRAÍ - JUSANTE,-19.8794,-46.0328,TAPIRAÍ,MINAS GERAIS,1212,True
1946004,IBIÁ,-19.475,-46.5419,IBIÁ,MINAS GERAIS,1213,True
1946005,SALITRE,-19.0706,-46.7958,PATROCÍNIO,MINAS GERAIS,1214,True
1946007,FAZENDA SÃO MATEUS,-19.5167,-46.5711,IBIÁ,MINAS GERAIS,1215,True
1946008,SERRA DO SALITRE,-19.1128,-46.6883,SERRA DO SALITRE,MINAS GERAIS,1216,True
1946009,SÃO GOTARDO,-19.3153,-46.0444,SÃO GOTARDO,MINAS GERAIS,1217,True
1946010,PRATINHA,-19.7514,-46.4119,PRATINHA,MINAS GERAIS,1218,True
1946011,TAPIRA,-19.9269,-46.8253,TAPIRA,MINAS GERAIS,1219,True
1946018,PONTE DO RIO SÃO JOÃO,-19.3233,-46.6372,IBIÁ,MINAS GERAIS,1220,True
1946022,CARMO DO PARANAIBA,-19.0033,-46.3061,CARMO DO PARANAIBA,MINAS GERAIS,1221,True
1947001,SANTA JULIANA,-19.3158,-47.5261,SANTA JULIANA,MINAS GERAIS,1222,True
1947002,CONQUISTA,-19.9303,-47.5428,CONQUISTA,MINAS GERAIS,1223,True
1947006,PONTE JOÃO CÂNDIDO,-19.1467,-47.1847,PATROCÍNIO,MINAS GERAIS,1224,True
1947007,PERDIZES,-19.3486,-47.2953,PERDIZES,MINAS GERAIS,1225,True
1947008,LAGOA,-19.8786,-47.3547,SACRAMENTO,MINAS GERAIS,1226,True
1947009,ZELÂNDIA,-19.5375,-47.4531,SANTA JULIANA,MINAS GERAIS,1227,True
1948003,VERÍSSIMO,-19.6731,-48.3097,VERÍSSIMO,MINAS GERAIS,1228,True
1948005,FAZENDA PARAÍSO,-19.2469,-48.5661,PRATA,MINAS GERAIS,1229,True
1948006,FAZENDA LETREIRO,-18.9883,-48.1903,UBERLÂNDIA,MINAS GERAIS,1230,True
1948007,CAMPO FLORIDO,-19.7706,-48.5742,CAMPO FLORIDO,MINAS GERAIS,1231,True
1948010,PIRAJUBA,-19.9075,-48.6936,PIRAJUBA,MINAS GERAIS,1232,True
1948014,PONTE BR-153 (FAZ. NOSSA SENHORA APARECIDA),-19.0394,-49.0425,PRATA,MINAS GERAIS,1233,True
1949000,SÃO FRANCISCO DE SALES,-19.8167,-49.75,SÃO FRANCISCO DE SA,MINAS GERAIS,1234,True
1949002,FAZENDA BURITI DO PRATA,-19.3597,-49.1803,PRATA,MINAS GERAIS,1235,True
1949003,GURINHATÃ,-19.2133,-49.7881,GURINHATÃ,MINAS GERAIS,1236,True
1949004,CAMPINA VERDE,-19.5422,-49.4831,CAMPINA VERDE,MINAS GERAIS,1237,True
1949005,COMENDADOR GOMES,-19.6981,-49.0839,COMENDADOR GOMES,MINAS GERAIS,1238,True
1949006,PONTE DO PRATA,-19.0353,-49.6967,ITUIUTABA,MINAS GERAIS,1239,True
1949007,ITAPAJIPE (LAGEADO),-19.8925,-49.3714,ITAPAGIPE,MINAS GERAIS,1240,True
1950000,ITURAMA,-19.7247,-50.1917,ITURAMA,MINAS GERAIS,1241,True
1950011,PONTE SÃO DOMINGOS,-19.2081,-50.6628,SANTA VITÓRIA,MINAS GERAIS,1242,True
1950012,UNIÃO (VILA UNIÃO),-19.5289,-50.3286,ITURAMA,MINAS GERAIS,1243,True
1950017,PORTO ALENCASTRO,-19.6617,-50.9964,ITURAMA,MINAS GERAIS,1244,True
1951000,CANASTRA,-19.1,-51.1494,ITAJÁ,GOIÁS,1245,True
1951001,ITAJÁ,-19.1364,-51.5344,ITAJÁ,GOIÁS,1246,True
1951003,FAZENDA PINDORAMA,-19.3908,-51.6089,PARANAÍBA,MATO GROSSO DO SUL,1247,True
1951004,ARVORE GRANDE,-19.2292,-51.875,CASSILÂNDIA,MATO GROSSO DO SUL,1248,True
1951005,INOCÊNCIA,-19.7364,-51.9336,INOCÊNCIA,MATO GROSSO DO SUL,1249,True
1952000,ALTO SUCURIU,-19.4442,-52.5583,CHAPADÃO DO SUL,MATO GROSSO DO SUL,1250,True
1952001,PONTAL,-19.6781,-52.8964,ÁGUA CLARA,MATO GROSSO DO SUL,1251,True
1952002,MORANGAS,-19.5536,-52.1664,INOCÊNCIA,MATO GROSSO DO SUL,1252,True
1953000,ALTO RIO VERDE,-19.3769,-53.5697,ÁGUA CLARA,MATO GROSSO DO SUL,1253,True
1953001,VISTA ALEGRE,-19.7847,-53.9639,RIBAS DO RIO PARDO,MATO GROSSO DO SUL,1254,True
1953003,FURLANETO,-19.2719,-53.4908,ÁGUA CLARA,MATO GROSSO DO SUL,1255,True
1953004,PORTO DE PEDRAS,-19.055,-53.015,COSTA RICA,MATO GROSSO DO SUL,1256,True
1954002,ROCHEDO,-19.9533,-54.8786,ROCHEDO,MATO GROSSO DO SUL,1257,True
1954003,RIO NEGRO,-19.4397,-54.9833,RIO NEGRO,MATO GROSSO DO SUL,1258,True
1954004,CAMAPUÃ,-19.4967,-53.9967,CAMAPUÃ,MATO GROSSO DO SUL,1259,True
1954005,BANDEIRANTES,-19.9178,-54.3586,BANDEIRANTES,MATO GROSSO DO SUL,1260,True
1954006,FAZENDA CARANDA,-19.3222,-54.1611,CAMAPUÃ,MATO GROSSO DO SUL,1261,True
1955000,IGUAÇU,-19.9447,-55.7944,AQUIDAUANA,MATO GROSSO DO SUL,1262,True
1956001,PARAÍSO,-19.1733,-56.7122,CORUMBÁ,MATO GROSSO DO SUL,1263,True
1956003,ENTRE RIOS,-19.6967,-56.2828,AQUIDAUANA,MATO GROSSO DO SUL,1264,True
1956004,CAMPO ALTO,-19.0033,-56.0889,CORUMBÁ,MATO GROSSO DO SUL,1265,True
1956005,BODOQUENA,-19.8708,-56.9836,MIRANDA,MATO GROSSO DO SUL,1266,True
1956008,SÃO SEBASTIÃO,-19.3592,-56.4092,AQUIDAUANA,MATO GROSSO DO SUL,1267,True
1957003,PORTO DA MANGA,-19.2583,-57.2353,CORUMBÁ,MATO GROSSO DO SUL,1268,True
1957004,FORTE COIMBRA,-19.9186,-57.7894,CORUMBÁ,MATO GROSSO DO SUL,1269,True
1957005,PIRAPUTANGA,-19.3053,-57.5933,CORUMBÁ,MATO GROSSO DO SUL,1270,True
1957006,PORTO ESPERANÇA,-19.6008,-57.4381,CORUMBÁ,MATO GROSSO DO SUL,1271,True
2040001,FAZENDA JUCURUABA,-20.415,-40.4853,VIANA,ESPÍRITO SANTO,1272,True
2040003,FAZENDA FONTE LIMPA (DNOS),-20.1903,-40.3189,SERRA,ESPÍRITO SANTO,1273,True
2040004,GUARAPARI (DNOS),-20.6522,-40.5086,GUARAPARI,ESPÍRITO SANTO,1274,True
2040005,ICONHA - MONTANTE,-20.7836,-40.8258,ICONHA,ESPÍRITO SANTO,1275,True
2040006,USINA PAINEIRAS,-20.9528,-40.9533,ITAPEMIRIM,ESPÍRITO SANTO,1276,True
2040007,SANTA MARIA DO JETIBÁ,-20.0281,-40.7442,SANTA MARIA DE JETI,ESPÍRITO SANTO,1277,True
2040008,GARRAFÃO (DNOS),-20.1433,-40.9753,SANTA LEOPOLDINA,ESPÍRITO SANTO,1278,True
2040009,ANCHIETA (DNOS),-20.8036,-40.6556,ANCHIETA,ESPÍRITO SANTO,1279,True
2040010,SANTA LEOPOLDINA,-20.1003,-40.5278,SANTA LEOPOLDINA,ESPÍRITO SANTO,1280,True
2040011,MATILDE (DNOS),-20.5567,-40.8114,ALFREDO CHAVES,ESPÍRITO SANTO,1281,True
2040012,MARECHAL FLORIANO (DNOS),-20.4119,-40.6822,DOMINGOS MARTINS,ESPÍRITO SANTO,1282,True
2040014,DUAS BOCAS (DNOS),-20.2614,-40.4792,CARIACICA,ESPÍRITO SANTO,1283,True
2040015,PEROBINHA (DNOS),-20.2836,-40.7831,DOMINGOS MARTINS,ESPÍRITO SANTO,1284,True
2040017,DUAS BARRAS (DNOS),-20.7281,-40.8825,ICONHA,ESPÍRITO SANTO,1285,True
2040018,CACHOEIRA SUIÇA (DNOS),-20.0794,-40.6067,SANTA LEOPOLDINA,ESPÍRITO SANTO,1286,True
2040020,VILA NOVA MARAVILHA,-20.5875,-40.9492,ALFREDO CHAVES,ESPÍRITO SANTO,1287,True
2040022,PONTA DA FRUTA,-20.5156,-40.3636,VILA VELHA,ESPÍRITO SANTO,1288,True
2040023,SÃO RAFAEL,-20.2964,-40.9339,DOMINGOS MARTINS,ESPÍRITO SANTO,1289,True
2040045,CÓRREGO DO GALO,-20.3175,-40.6528,DOMINGOS MARTINS,ESPÍRITO SANTO,1290,True
2041000,ATÍLIO VIVACQUA,-20.9128,-41.195,ATÍLIO VIVACQUA,ESPÍRITO SANTO,1291,True
2041001,GUAÇUÍ,-20.7736,-41.6817,GUAÇUÍ,ESPÍRITO SANTO,1292,True
2041002,CASTELO,-20.6056,-41.1997,CASTELO,ESPÍRITO SANTO,1293,True
2041003,RIVE,-20.7469,-41.4661,ALEGRE,ESPÍRITO SANTO,1294,True
2041005,CAIANA,-20.6939,-41.9219,CAIANA,MINAS GERAIS,1295,True
2041008,DORES DO MANHUMIRIM,-20.1081,-41.7283,MANHUAÇU,MINAS GERAIS,1296,True
2041010,JACIGUA (DNOS),-20.7019,-41.0164,VARGEM ALTA,ESPÍRITO SANTO,1297,True
2041011,CONCEIÇÃO DO CASTELO (DNOS),-20.3522,-41.2394,CONCEIÇÃO DO CASTEL,ESPÍRITO SANTO,1298,True
2041013,IÚNA,-20.3458,-41.5375,IÚNA,ESPÍRITO SANTO,1299,True
2041014,DORES DO RIO PRETO,-20.6858,-41.8461,DORES DO RIO PRETO,ESPÍRITO SANTO,1300,True
2041015,FAZENDA MONTE ALEGRE,-20.9447,-41.4008,MUQUI,ESPÍRITO SANTO,1301,True
2041016,IBITIRAMA,-20.5406,-41.6656,ALEGRE,ESPÍRITO SANTO,1302,True
2041017,SANTA CRUZ - CAPARAÓ,-20.3228,-41.7042,IÚNA,ESPÍRITO SANTO,1303,True
2041018,USINA FORTALEZA,-20.3714,-41.4089,MUNIZ FREIRE,ESPÍRITO SANTO,1304,True
2041019,ITAICI,-20.5283,-41.5114,MUNIZ FREIRE,ESPÍRITO SANTO,1305,True
2041020,ARACE (FAZENDA MODELO),-20.3667,-41.0611,DOMINGOS MARTINS,ESPÍRITO SANTO,1306,True
2041021,BURARAMA,-20.6806,-41.3483,CACHOEIRO DO  ITAPE,ESPÍRITO SANTO,1307,True
2041023,AFONSO CLAÚDIO - MONTANTE,-20.0786,-41.1214,AFONSO CLÁUDIO,ESPÍRITO SANTO,1308,True
2041046,VARRE - SAI,-20.9314,-41.8678,NATIVIDADE,RIO DE JANEIRO,1309,True
2041048,FAZENDA VARGEM ALEGRE,-20.1706,-41.9611,MANHUAÇU,MINAS GERAIS,1310,True
2042000,CARANGOLA,-20.74,-42.0239,CARANGOLA,MINAS GERAIS,1311,True
2042008,RAUL SOARES - MONTANTE,-20.1036,-42.44,RAUL SOARES,MINAS GERAIS,1312,True
2042010,ABRE CAMPO,-20.2989,-42.4781,ABRE CAMPO,MINAS GERAIS,1313,True
2042011,RIO CASCA,-20.2147,-42.6522,RIO CASCA,MINAS GERAIS,1314,True
2042014,BICUIBA,-20.7694,-42.3011,SÃO FRANCISCO DO GL,MINAS GERAIS,1315,True
2042016,SÃO MIGUEL DO ANTA,-20.6825,-42.8067,SÃO MIGUEL DO ANTA,MINAS GERAIS,1316,True
2042017,MATIPÓ,-20.2772,-42.3256,MATIPÓ,MINAS GERAIS,1317,True
2042018,PONTE NOVA JUSANTE,-20.3847,-42.9028,PONTE NOVA,MINAS GERAIS,1318,True
2042027,PORCIUNCULA,-20.9692,-42.0517,PORCIÚNCULA,RIO DE JANEIRO,1319,True
2042031,FAZENDA CACHOEIRA D'ANTAS,-20.0114,-42.6742,SÃO JOSÉ DO GOIABAL,MINAS GERAIS,1320,True
2043002,LAGOA GRANDE (MMV),-20.1792,-43.9428,NOVA LIMA,MINAS GERAIS,1321,True
2043004,RIO DO PEIXE (MMV),-20.1378,-43.8925,NOVA LIMA,MINAS GERAIS,1322,True
2043005,CONSELHEIRO LAFAIETE,-20.625,-43.7536,CONSELHEIRO LAFAIET,MINAS GERAIS,1323,True
2043009,ACAIACA - JUSANTE,-20.3625,-43.1439,ACAIACA,MINAS GERAIS,1324,True
2043010,PIRANGA,-20.6906,-43.2994,PIRANGA,MINAS GERAIS,1325,True
2043011,FAZENDA PARAÍSO,-20.39,-43.1803,MARIANA,MINAS GERAIS,1326,True
2043013,CONGONHAS - LINIGRAFO,-20.5219,-43.83,CONGONHAS,MINAS GERAIS,1327,True
2043014,PORTO FIRME,-20.6703,-43.0881,PORTO FIRME,MINAS GERAIS,1328,True
2043018,CARANDAÍ,-20.9558,-43.8008,CARANDAÍ,MINAS GERAIS,1329,True
2043025,USINA DA BRECHA,-20.5167,-43.0167,GUARACIABA,MINAS GERAIS,1330,True
2043026,BRAZ PIRES,-20.8475,-43.2419,BRÁS PIRES,MINAS GERAIS,1331,True
2043027,FAZENDA OCIDENTE,-20.2856,-43.0989,BARRA LONGA,MINAS GERAIS,1332,True
2043042,REPRESA DAS CODORNAS (MMV),-20.1647,-43.8919,NOVA LIMA,MINAS GERAIS,1333,True
2043043,REPRESA DO MIGUELÃO (MMV),-20.1261,-43.9503,NOVA LIMA,MINAS GERAIS,1334,True
2043056,FAZENDA ÁGUA LIMPA JUSANTE,-20.3031,-43.6158,OURO PRETO,MINAS GERAIS,1335,True
2043059,COLÉGIO CARAÇA,-20.0969,-43.4881,SANTA BÁRBARA,MINAS GERAIS,1336,True
2043060,ITABIRITO LINIGRAFO,-20.2878,-43.8,ITABIRITO,MINAS GERAIS,1337,True
2044002,ITAÚNA - MONTANTE,-20.0714,-44.5703,ITAÚNA,MINAS GERAIS,1338,True
2044003,CARMO DO CAJURU,-20.1922,-44.7936,CARMO DO CAJURU,MINAS GERAIS,1339,True
2044006,DIVINÓPOLIS,-20.1369,-44.8919,DIVINÓPOLIS,MINAS GERAIS,1340,True
2044007,ENTRE RIOS DE MINAS,-20.6611,-44.0722,ENTRE RIOS DE MINAS,MINAS GERAIS,1341,True
2044008,MELO FRANCO,-20.1978,-44.1208,BRUMADINHO,MINAS GERAIS,1342,True
2044009,FAZENDA CAMPO GRANDE,-20.6253,-44.4333,PASSA TEMPO,MINAS GERAIS,1343,True
2044012,IBIRITÉ,-20.0428,-44.0433,IBIRITÉ,MINAS GERAIS,1344,True
2044016,FAZENDA BENEDITO CHAVES,-20.1692,-44.515,ITATIAIUÇU,MINAS GERAIS,1345,True
2044019,FAZENDA VISTA ALEGRE,-20.0514,-44.4517,MATEUS LEME,MINAS GERAIS,1346,True
2044020,CALAMBAU,-20.0683,-44.4922,ITAÚNA,MINAS GERAIS,1347,True
2044021,ALTO DA BOA VISTA,-20.1056,-44.4011,MATEUS LEME,MINAS GERAIS,1348,True
2044024,FAZENDA CURRALINHO,-20.0075,-44.3311,MATEUS LEME,MINAS GERAIS,1349,True
2044026,FAZENDA COQUEIROS,-20.1297,-44.4744,ITAÚNA,MINAS GERAIS,1350,True
2044027,PONTE FERNÃO DIAS,-20.7408,-44.7833,OLIVEIRA,MINAS GERAIS,1351,True
2044037,SANTO ANTÔNIO DO AMPARO,-20.9442,-44.9075,SANTO ANTÔNIO DO AM,MINAS GERAIS,1352,True
2044038,RESENDE COSTA,-20.9236,-44.2383,RESENDE COSTA,MINAS GERAIS,1353,True
2044041,FAZENDA LARANJEIRAS - JUSANTE,-20.1022,-44.4847,ITAÚNA,MINAS GERAIS,1354,True
2044042,CARMO DA MATA (ETA - COPASA),-20.5625,-44.8675,CARMO DA MATA,MINAS GERAIS,1355,True
2044043,ESTIVA,-20.0003,-44.4617,MATEUS LEME,MINAS GERAIS,1356,True
2044050,SÃO TIAGO,-20.8972,-44.5003,SÃO TIAGO,MINAS GERAIS,1357,True
2044052,JARDIM,-20.045,-44.4078,MATEUS LEME,MINAS GERAIS,1358,True
2044053,ESCOLA DE VETERINÁRIA,-20.0686,-44.345,MATEUS LEME,MINAS GERAIS,1359,True
2044054,SERRA AZUL,-20.0867,-44.4272,MATEUS LEME,MINAS GERAIS,1360,True
2045001,BAMBUÍ,-20.0211,-45.9661,BAMBUÍ,MINAS GERAIS,1361,True
2045002,IGUATAMA,-20.1789,-45.7003,IGUATAMA,MINAS GERAIS,1362,True
2045005,LAMOUNIER,-20.4722,-45.0361,ITAPECERICA,MINAS GERAIS,1363,True
2045010,ARCOS (COPASA),-20.2947,-45.5428,ARCOS,MINAS GERAIS,1364,True
2045011,LAGOA DA PRATA,-20.0367,-45.5353,LAGOA DA PRATA,MINAS GERAIS,1365,True
2045012,PIUMHI,-20.4619,-45.945,PIUMHI,MINAS GERAIS,1366,True
2045013,SANTO ANTÔNIO DO MONTE,-20.0844,-45.2967,SANTO ANTÔNIO DO MO,MINAS GERAIS,1367,True
2045020,CANDÉIAS,-20.76,-45.2742,CANDÉIAS,MINAS GERAIS,1368,True
2045026,ILICÍNEA,-20.9453,-45.8236,ILICÍNEA,MINAS GERAIS,1369,True
2046007,FAZENDA AJUDAS,-20.1017,-46.055,BAMBUÍ,MINAS GERAIS,1370,True
2046009,DELFINÓPOLIS,-20.3478,-46.8458,DELFINÓPOLIS,MINAS GERAIS,1371,True
2046011,USINA SANTANA,-20.8111,-46.8081,PRATÁPOLIS,MINAS GERAIS,1372,True
2046013,VARGEM BONITA,-20.33,-46.3661,VARGEM BONITA,MINAS GERAIS,1373,True
2046025,FAZENDA SAMBURÁ,-20.1475,-46.2847,SÃO ROQUE DE MINAS,MINAS GERAIS,1374,True
2047007,CANINDÉ,-20.1786,-47.8867,ITUVERAVA,SÃO PAULO,1375,True
2047016,FRANCA,-20.5442,-47.4233,FRANCA,SÃO PAULO,1376,True
2047019,SÃO JOAQUIM DA BARRA,-20.585,-47.8914,SÃO JOAQUIM DA BARR,SÃO PAULO,1377,True
2047031,COBIÇA,-20.9958,-47.2633,ALTINÓPOLIS,SÃO PAULO,1378,True
2047032,BRODOSQUI,-20.9967,-47.6606,BRODOSQUI,SÃO PAULO,1379,True
2047037,DESEMBOQUE,-20.0136,-47.0192,SACRAMENTO,MINAS GERAIS,1380,True
2047101,FAZENDA SASSAFRAS,-20.5144,-47.2456,FRANCA,SÃO PAULO,1381,True
2047102,FAZENDA SANTA CECÍLIA,-20.7706,-47.2406,PATROCINIO PAULISTA,SÃO PAULO,1382,True
2047104,FAZENDA BOA SORTE,-20.6919,-47.5528,RESTINGA,SÃO PAULO,1383,True
2047116,USINA JUNQUEIRA (SEDE),-19.99,-47.795,IGARAPAVA,SÃO PAULO,1384,True
2048002,PORTO COLÔMBIA,-20.1814,-48.6842,COLÔMBIA,SÃO PAULO,1385,True
2048004,FAZENDA SÃO DOMINGOS,-20.2106,-48.29,GUAÍRA,SÃO PAULO,1386,True
2048013,GUARACI,-20.4967,-48.9403,GUARACI,SÃO PAULO,1387,True
2048020,TERRA ROXA,-20.7906,-48.3292,TERRA ROXA,SÃO PAULO,1388,True
2048033,DESENGANO,-20.9992,-48.0244,PONTAL,SÃO PAULO,1389,True
2048090,FAZENDA SANTA GENOVEVA,-20.615,-48.4664,JABORANDI,SÃO PAULO,1390,True
2048091,FAZENDA OURO VERDE,-20.3269,-48.5908,COLÔMBIA,SÃO PAULO,1391,True
2048092,BREJINHO,-20.4431,-48.7403,BARRETOS,SÃO PAULO,1392,True
2048093,FAZENDA SÃO JOSÉ,-20.7611,-48.6636,COLINA,SÃO PAULO,1393,True
2048094,FAZENDA POÇO BONITO,-20.4547,-48.1419,BARRETOS,SÃO PAULO,1394,True
2048102,FRUTAL,-20.02,-48.9431,FRUTAL,MINAS GERAIS,1395,True
2049072,FRONTEIRA,-20.2842,-49.2011,FRONTEIRA,MINAS GERAIS,1396,True
2051045,SELVÍRIA,-20.3636,-51.4239,SELVÍRIA,MATO GROSSO DO SUL,1397,True
2051046,APARECIDA DO TABOADO,-20.0683,-51.1036,APARECIDA DO TABOAD,MATO GROSSO DO SUL,1398,True
2052002,ÁGUA CLARA,-20.4453,-52.9019,RIBAS DO RIO PARDO,MATO GROSSO DO SUL,1399,True
2052003,FAZENDA RIO VERDE,-20.1019,-52.9258,ÁGUA CLARA,MATO GROSSO DO SUL,1400,True
2052004,GARCIAS,-20.6028,-52.2183,TRÊS LAGOAS,MATO GROSSO DO SUL,1401,True
2052006,PORTO GALEANO,-20.0939,-52.1603,TRÊS LAGOAS,MATO GROSSO DO SUL,1402,True
2053000,RIBAS DO RIO PARDO,-20.4447,-53.7581,RIBAS DO RIO PARDO,MATO GROSSO DO SUL,1403,True
2053001,USINA MIMOSO,-20.6769,-53.5714,RIBAS DO RIO PARDO,MATO GROSSO DO SUL,1404,True
2053004,CAMPOS ELISIOS,-20.9611,-53.2881,SANTA RITA DO PARDO,MATO GROSSO DO SUL,1405,True
2054005,JARAGUÁ,-20.4931,-54.8114,TERENOS,MATO GROSSO DO SUL,1406,True
2054009,SANTA ELISA,-20.4906,-54.8669,TERENOS,MATO GROSSO DO SUL,1407,True
2054014,DNOS - 8.DRS,-20.4517,-54.6275,CAMPO GRANDE,MATO GROSSO DO SUL,1408,True
2054019,JARAGUARI,-20.1022,-54.4347,JARAGUARI,MATO GROSSO DO SUL,1409,True
2054020,ALEGRE,-20.4708,-54.0967,RIBAS DO RIO PARDO,MATO GROSSO DO SUL,1410,True
2054021,SIDROLÂNDIA,-20.9514,-54.9717,SIDROLÂNDIA,MATO GROSSO DO SUL,1411,True
2055001,CIPOLÂNDIA,-20.1278,-55.3933,AQUIDAUANA,MATO GROSSO DO SUL,1412,True
2055002,PALMEIRAS,-20.4489,-55.4308,DOIS IRMÃOS DO BURI,MATO GROSSO DO SUL,1413,True
2055003,FAZENDA LAJEADO,-20.2922,-55.4453,DOIS IRMÃOS DO BURI,MATO GROSSO DO SUL,1414,True
2055004,TABOCO,-20.0703,-55.6453,AQUIDAUANA,MATO GROSSO DO SUL,1415,True
2056001,MIRANDA,-20.2408,-56.3958,MIRANDA,MATO GROSSO DO SUL,1416,True
2056003,ESTRADA MT-738,-20.7644,-56.0931,BONITO,MATO GROSSO DO SUL,1417,True
2056005,GUAICURUS,-20.1019,-56.7953,MIRANDA,MATO GROSSO DO SUL,1418,True
2056007,SANTA ROSA,-21.0319,-56.9881,PORTO MURTINHO,MATO GROSSO DO SUL,1419,True
2057000,TARUMÃ,-20.2908,-57.6478,CORUMBÁ,MATO GROSSO DO SUL,1420,True
2057001,SÃO SIMÃO,-20.0497,-57.3214,CORUMBÁ,MATO GROSSO DO SUL,1421,True
2140000,BARRA DO ITAPEMIRIM (DNOS),-21.0075,-40.8353,ITAPEMIRIM,ESPÍRITO SANTO,1422,True
2141001,SÃO FRANCISCO PAULA - CACIMBAS,-21.4828,-41.1033,SÃO JOÃO DA BARRA,RIO DE JANEIRO,1423,True
2141002,CAMPOS - PONTE MUNICIPAL,-21.7533,-41.3003,CAMPO DOS GOYTACAZE,RIO DE JANEIRO,1424,True
2141003,CARDOSO MOREIRA,-21.4872,-41.6136,CAMPO DOS GOYTACAZE,RIO DE JANEIRO,1425,True
2141004,ITAPERUNA,-21.2064,-41.8911,ITAPERUNA,RIO DE JANEIRO,1426,True
2141005,SÃO FIDELIS,-21.6453,-41.7522,SÃO FIDÉLIS,RIO DE JANEIRO,1427,True
2141006,DOIS RIOS,-21.6433,-41.8586,SÃO FIDÉLIS,RIO DE JANEIRO,1428,True
2141007,TRÊS IRMÃOS,-21.6253,-41.9853,CAMBUCI,RIO DE JANEIRO,1429,True
2141014,PONTE DO ITABAPOANA,-21.2061,-41.4628,MIMOSO DO SUL,ESPÍRITO SANTO,1430,True
2141015,MIMOSO DO SUL,-21.0647,-41.3625,MIMOSO DO SUL,ESPÍRITO SANTO,1431,True
2141016,SÃO JOSÉ DO CALÇADO,-21.0169,-41.6628,SÃO JOSÉ DO CALÇADO,ESPÍRITO SANTO,1432,True
2141017,SÃO JOSÉ DAS TORRES,-21.0731,-41.2383,MIMOSO DO SUL,ESPÍRITO SANTO,1433,True
2142000,ASTOLFO DUTRA,-21.3069,-42.8606,ASTOLFO DUTRA,MINAS GERAIS,1434,True
2142001,CATAGUASES,-21.3894,-42.6964,CATAGUASES,MINAS GERAIS,1435,True
2142002,PATROCÍNIO DO MURIAÉ,-21.15,-42.2011,PATROCÍNIO DO MURIA,MINAS GERAIS,1436,True
2142004,FAZENDA UMBAÚBAS,-21.0503,-42.5156,MURIAÉ,MINAS GERAIS,1437,True
2142006,USINA MAURÍCIO,-21.4714,-42.8131,ITAMARATI DE MINAS,MINAS GERAIS,1438,True
2142007,FAZENDA DA BARRA (PIRAPETINGA),-21.6581,-42.3428,PIRAPETINGA,MINAS GERAIS,1439,True
2142008,VOLTA GRANDE,-21.7692,-42.5397,VOLTA GRANDE,MINAS GERAIS,1440,True
2142009,JUSSARA,-20.9114,-42.3481,MIRADOURO,MINAS GERAIS,1441,True
2142014,PAQUEQUER,-21.8708,-42.6403,CARMO,RIO DE JANEIRO,1442,True
2142015,PONTO DE PERGUNTA,-21.7428,-42.9883,ITAOCARA,RIO DE JANEIRO,1443,True
2142022,ALDEIA,-21.9514,-42.3561,CANTAGALO,RIO DE JANEIRO,1444,True
2142058,SANTO ANTÔNIO DE PÁDUA,-21.5419,-42.1825,SANTO ANTÔNIO DE PÁ,RIO DE JANEIRO,1445,True
2143000,USINA ITUERÊ,-21.3094,-43.2022,RIO POMBA,MINAS GERAIS,1446,True
2143001,GUARANI,-21.3556,-43.0503,GUARANI,MINAS GERAIS,1447,True
2143003,DESTERRO DO MELO,-21.1492,-43.52,DESTERRO DO MELO,MINAS GERAIS,1448,True
2143005,CAMPOLIDE,-21.2789,-43.82,ANTÔNIO CARLOS,MINAS GERAIS,1449,True
2143006,BARROSO,-21.1872,-43.98,BARROSO,MINAS GERAIS,1450,True
2143007,VARGEM DO ENGENHO,-21.1928,-43.6139,BARBACENA,MINAS GERAIS,1451,True
2143008,IBERTIOGA,-21.4272,-43.9594,IBERTIOGA,MINAS GERAIS,1452,True
2143009,USINA BARBACENA,-21.2747,-43.8786,BARBACENA,MINAS GERAIS,1453,True
2143011,CONCEIÇÃO DO IBITIPOCA,-21.7578,-43.9178,LIMA DUARTE,MINAS GERAIS,1454,True
2143013,ESTEVÃO PINTO,-21.8964,-43.0414,MAR DE ESPANHA,MINAS GERAIS,1455,True
2143016,TORREÕES,-21.8692,-43.5556,JUIZ DE FORA,MINAS GERAIS,1456,True
2143017,TABULEIRO,-21.355,-43.2469,TABULEIRO,MINAS GERAIS,1457,True
2143018,RIO NOVO,-21.4725,-43.1211,RIO NOVO,MINAS GERAIS,1458,True
2143019,USINA BRUMADO,-21.8556,-43.8864,LIMA DUARTE,MINAS GERAIS,1459,True
2143020,CHAPEU D'UVAS,-21.5933,-43.5033,JUIZ DE FORA,MINAS GERAIS,1460,True
2143021,SOBRAJI,-21.9664,-43.3725,BELMIRO BRAGA,MINAS GERAIS,1461,True
2143022,PIAU,-21.4994,-43.1536,PIAU,MINAS GERAIS,1462,True
2143062,SANTOS DUMONT,-21.4311,-43.5531,SANTOS DUMONT,MINAS GERAIS,1463,True
2144000,BOM SUCESSO,-21.0339,-44.7719,BOM SUCESSO,MINAS GERAIS,1464,True
2144001,BOM JARDIM DE MINAS,-21.9472,-44.1939,BOM JARDIM DE MINAS,MINAS GERAIS,1465,True
2144002,PORTO TIRADENTES,-21.1225,-44.2325,TIRADENTES,MINAS GERAIS,1466,True
2144003,CAXAMBU,-21.9897,-44.9386,CAXAMBU,MINAS GERAIS,1467,True
2144004,BAEPENDI,-21.9511,-44.8761,BAEPENDI,MINAS GERAIS,1468,True
2144005,ITUMIRIM,-21.3208,-44.8728,ITUMIRIM,MINAS GERAIS,1469,True
2144006,LUMINARIAS,-21.5069,-44.9156,LUMINÁRIAS,MINAS GERAIS,1470,True
2144007,MADRE DE DEUS DE MINAS,-21.4922,-44.3261,MADRE DE DEUS DE MI,MINAS GERAIS,1471,True
2144009,PORTO DO ELVAS,-21.165,-44.1356,TIRADENTES,MINAS GERAIS,1472,True
2144010,SÃO VICENTE DE MINAS,-21.6992,-44.4389,SÃO VICENTE DE MINA,MINAS GERAIS,1473,True
2144016,TABUÃO,-21.9872,-44.0322,BOM JARDIM DE MINAS,MINAS GERAIS,1474,True
2144018,AIURUOCA,-21.9772,-44.6033,AIURUOCA,MINAS GERAIS,1475,True
2144019,ANDRELÂNDIA,-21.7347,-44.3122,ANDRELÂNDIA,MINAS GERAIS,1476,True
2144020,USINA SÃO JOÃO DEL REI,-21.0556,-44.2089,SÃO JOÃO DEL REI,MINAS GERAIS,1477,True
2144021,FAZENDA LARANJEIRAS,-21.6747,-44.3406,ANDRELÂNDIA,MINAS GERAIS,1478,True
2144022,FAZENDA PARAÍBA,-21.7458,-44.3547,ANDRELÂNDIA,MINAS GERAIS,1479,True
2144023,IBITURUNA,-21.1431,-44.7378,IBITURUNA,MINAS GERAIS,1480,True
2144024,VILA RIO DAS MORTES,-21.1894,-44.3289,SÃO JOÃO DEL REI,MINAS GERAIS,1481,True
2144025,CARVALHOS,-21.9981,-44.4636,CARVALHOS,MINAS GERAIS,1482,True
2144037,CRUZÍLIA,-21.8353,-44.8008,CRUZÍLIA,MINAS GERAIS,1483,True
2144038,CARRANCAS,-21.4842,-44.6433,CARRANCAS,MINAS GERAIS,1484,True
2145001,CONCEIÇÃO DO RIO VERDE,-21.8872,-45.0792,CONCEIÇÃO DO RIO VE,MINAS GERAIS,1485,True
2145003,TRÊS CORAÇÕES,-21.7208,-45.2644,TRÊS CORAÇÕES,MINAS GERAIS,1486,True
2145007,USINA COURO DO CERVO,-21.3436,-45.1703,LAVRAS,MINAS GERAIS,1487,True
2145008,FAZENDA JUCA CASIMIRO,-21.8742,-45.2583,CAMBUQUIRA,MINAS GERAIS,1488,True
2145009,USINA DO CHICÃO,-21.9192,-45.4789,CAMPANHA,MINAS GERAIS,1489,True
2145017,MONSENHOR PAULO,-21.7603,-45.5378,MONSENHOR PAULO,MINAS GERAIS,1490,True
2145020,CHÁCARA SANTANA,-21.6783,-45.2597,TRÊS CORAÇÕES,MINAS GERAIS,1491,True
2145024,PALMELA DOS COELHOS,-21.7864,-45.4403,CAMPANHA,MINAS GERAIS,1492,True
2145032,COQUEIRAL,-21.1928,-45.4486,COQUEIRAL,MINAS GERAIS,1493,True
2145041,CAMPOS GERAIS,-21.2406,-45.7572,CAMPOS GERAIS,MINAS GERAIS,1494,True
2145042,ALFENAS,-21.4525,-45.9442,ALFENAS,MINAS GERAIS,1495,True
2145043,TRÊS PONTAS,-21.3614,-45.5011,TRÊS PONTAS,MINAS GERAIS,1496,True
2145044,CARMO DA CACHOEIRA,-21.4611,-45.2214,CARMO DA CACHOEIRA,MINAS GERAIS,1497,True
2146001,PONTE DO CANOAS,-21.4203,-46.9628,MOCOCA,SÃO PAULO,1498,True
2146013,SÃO JOÃO DA BOA VISTA,-21.985,-46.7953,SÃO JOÃO DA BOA VIS,SÃO PAULO,1499,True
2146026,GUAXUPÉ,-21.2936,-46.7039,GUAXUPÉ,MINAS GERAIS,1500,True
2146028,CACHOEIRA DO CARMO,-21.7225,-46.4386,BOTELHOS,MINAS GERAIS,1501,True
2146029,CACHOEIRA POÇO FUNDO,-21.7908,-46.1242,POÇO FUNDO,MINAS GERAIS,1502,True
2146030,MUZAMBINHO,-21.3806,-46.5189,MUZAMBINHO,MINAS GERAIS,1503,True
2146078,BOM JESUS DA PENHA,-21.0194,-46.5214,BOM JESUS DA PENHA,MINAS GERAIS,1504,True
2146081,ONÇA,-21.3136,-46.8722,GUARANÉSIA,MINAS GERAIS,1505,True
2147022,SANTA ROSA DO VITERBO,-21.5217,-47.3644,SANTA ROSA DE VITER,SÃO PAULO,1506,True
2147035,SÍTIO SANTA FÉ (ex. Fazenda Vista Alegre,-21.8342,-47.2939,SANTA CRUZ DAS PALM,SÃO PAULO,1507,True
2147054,FAZENDA CARVALHAIS,-21.1331,-47.0219,ITAMOGI,MINAS GERAIS,1508,True
2147165,FAZENDA DA CACHOEIRA,-21.6444,-47.0928,CASA BRANCA,SÃO PAULO,1509,True
2147166,FAZENDA SANTO ANTÔNIO II,-21.1447,-47.2797,CAJURU,SÃO PAULO,1510,True
2148028,PONTE GUATAPARA,-21.5,-48.0333,GUATAPARÁ,SÃO PAULO,1511,True
2148050,PASSAGEM (FAZ.SÃO VICENTE),-21.0511,-48.1592,PITANGUEIRAS,SÃO PAULO,1512,True
2148051,PITANGUEIRAS,-21.0111,-48.2183,PITANGUEIRAS,SÃO PAULO,1513,True
2148164,IBATÉ,-21.9542,-48.0061,IBATÉ,SÃO PAULO,1514,True
2148166,FAZENDA EXPERIMENTAL,-21.6575,-48.3542,MATÃO,SÃO PAULO,1515,True
2148167,GAVIÃO PEIXOTO,-21.8367,-48.4953,GAVIÃO PEIXOTO,SÃO PAULO,1516,True
2148168,GUARAPIRANGA,-21.9614,-48.2489,RIBEIRÃO BONITO,SÃO PAULO,1517,True
2148169,NOVA EUROPA,-21.7794,-48.5672,NOVA EUROPA,SÃO PAULO,1518,True
2148173,FAZENDA SANTO ANTÔNIO I,-21.3897,-48.3997,TAQUARITINGA,SÃO PAULO,1519,True
2152000,PORTO VELHO,-20.8006,-52.3883,TRÊS LAGOAS,MATO GROSSO DO SUL,1520,True
2152001,PORTO UERÊ,-21.7258,-52.3342,BATAGUASSU,MATO GROSSO DO SUL,1521,True
2152005,XAVANTINA DO SUL,-21.2953,-52.8106,SANTA RITA DO PARDO,MATO GROSSO DO SUL,1522,True
2152014,FAZENDA BOA ESPERANÇA,-21.2494,-52.2881,BRASILÂNDIA,MATO GROSSO DO SUL,1523,True
2152016,FAZENDA MIMOSINHO,-21.0697,-52.9936,SANTA RITA DO PARDO,MATO GROSSO DO SUL,1524,True
2153000,PORTO PINDAÍBA,-21.6153,-53.0522,NOVA ANDRADINA,MATO GROSSO DO SUL,1525,True
2153002,PASSAGEM RIBEIRÃO LONTRA,-21.4094,-53.6133,RIBAS DO RIO PARDO,MATO GROSSO DO SUL,1526,True
2153003,XAVANTE,-21.9822,-53.4389,NOVA ANDRADINA,MATO GROSSO DO SUL,1527,True
2153004,LANCEIRO,-21.0228,-53.5369,RIBAS DO RIO PARDO,MATO GROSSO DO SUL,1528,True
2153005,FAZENDA DIVISA,-21.2114,-53.9569,CAMPO GRANDE,MATO GROSSO DO SUL,1529,True
2154000,AROEIRA,-21.6472,-54.4253,RIO BRILHANTE,MATO GROSSO DO SUL,1530,True
2154001,PORTO RIO BRILHANTE,-21.8061,-54.6031,RIO BRILHANTE,MATO GROSSO DO SUL,1531,True
2154002,VAU DO BALSAMO,-20.9939,-54.5081,SIDROLÂNDIA,MATO GROSSO DO SUL,1532,True
2154006,RETIRO GUARUJÁ,-21.8717,-54.0808,RIO BRILHANTE,MATO GROSSO DO SUL,1533,True
2154007,CAPÃO BONITO,-21.1828,-54.7461,SIDROLÂNDIA,MATO GROSSO DO SUL,1534,True
2154008,FAZENDA PONTE,-21.3019,-54.1994,CAMPO GRANDE,MATO GROSSO DO SUL,1535,True
2155000,MARACAJU,-21.6186,-55.1369,MARACAJU,MATO GROSSO DO SUL,1536,True
2155001,NIOAQUE,-21.1492,-55.825,NIOAQUE,MATO GROSSO DO SUL,1537,True
2156000,BONITO,-21.1183,-56.48,BONITO,MATO GROSSO DO SUL,1538,True
2156001,JARDIM,-21.4406,-56.0908,GUIA LOPES DA LAGUN,MATO GROSSO DO SUL,1539,True
2157003,SANTA OTÍLIA,-21.1919,-57.0392,PORTO MURTINHO,MATO GROSSO DO SUL,1540,True
2157004,PORTO MURTINHO,-21.7014,-57.8917,PORTO MURTINHO,MATO GROSSO DO SUL,1541,True
2157005,MARABÁ,-21.6889,-57.3597,PORTO MURTINHO,MATO GROSSO DO SUL,1542,True
2157006,BARRANCO BRANCO,-21.0989,-57.8447,PORTO MURTINHO,MATO GROSSO DO SUL,1543,True
2241001,FAROL DE SÃO TOMÉ,-22.0425,-41.0556,CAMPO DOS GOYTACAZE,RIO DE JANEIRO,1544,True
2241002,USINA QUISSAMA,-22.1061,-41.4711,MACAÉ,RIO DE JANEIRO,1545,True
2241003,MACABUZINHO,-22.0861,-41.7397,CONCEIÇÃO DE MACABU,RIO DE JANEIRO,1546,True
2241004,FAZENDA ORATÓRIO,-22.2592,-41.9842,MACAÉ,RIO DE JANEIRO,1547,True
2242001,LEITÃO DA CUNHA,-22.0428,-42.0442,TRAJANO DE MORAIS,RIO DE JANEIRO,1548,True
2242002,MARIA MENDONÇA,-22.1864,-42.1636,TRAJANO DE MORAIS,RIO DE JANEIRO,1549,True
2242003,PILLER,-22.4047,-42.3392,NOVA FRIBURGO,RIO DE JANEIRO,1550,True
2242004,GALDINÓPOLIS,-22.3631,-42.3808,NOVA FRIBURGO,RIO DE JANEIRO,1551,True
2242005,FAZENDA SÃO JOÃO,-22.3903,-42.4947,NOVA FRIBURGO,RIO DE JANEIRO,1552,True
2242006,RIO DOURADO,-22.4722,-42.0844,CASIMIRO DE ABREU,RIO DE JANEIRO,1553,True
2242007,QUARTEIS,-22.4672,-42.3072,SILVA JARDIM,RIO DE JANEIRO,1554,True
2242008,GAVIÕES,-22.5489,-42.5461,SILVA JARDIM,RIO DE JANEIRO,1555,True
2242010,MANUEL RIBEIRO,-22.9061,-42.7319,MARICÁ,RIO DE JANEIRO,1556,True
2242011,ESTAÇÃO DE BOMB. DE IMUNANA,-22.6856,-42.9497,MAGÉ,RIO DE JANEIRO,1557,True
2242012,REPRESA DO PARAÍSO,-22.4958,-42.9086,MAGÉ,RIO DE JANEIRO,1558,True
2242013,FAZENDA DO CARMO,-22.4397,-42.7636,CACHOEIRAS DE MACAC,RIO DE JANEIRO,1559,True
2242014,JAPUIBA,-22.5564,-42.69,CACHOEIRAS DE MACAC,RIO DE JANEIRO,1560,True
2242016,FAZENDA SÃO JOAQUIM,-22.4411,-42.6219,CACHOEIRAS DE MACAC,RIO DE JANEIRO,1561,True
2242017,VISCONDE DE IMBE,-22.0678,-42.16,TRAJANO DE MORAIS,RIO DE JANEIRO,1562,True
2242018,BARRA ALEGRE,-22.2356,-42.2858,BOM JARDIM,RIO DE JANEIRO,1563,True
2242019,VARGEM ALTA,-22.2994,-42.4011,BOM JARDIM,RIO DE JANEIRO,1564,True
2242020,VARGEM GRANDE,-22.2761,-42.5039,NOVA FRIBURGO,RIO DE JANEIRO,1565,True
2242021,BOM JARDIM,-22.1569,-42.4164,BOM JARDIM,RIO DE JANEIRO,1566,True
2242022,FAZENDA MENDES,-22.2858,-42.66,NOVA FRIBURGO,RIO DE JANEIRO,1567,True
2242024,TEODORO DE OLIVEIRA,-22.3772,-42.5517,NOVA FRIBURGO,RIO DE JANEIRO,1568,True
2242025,CASCATINHA DO CONEGO,-22.3425,-42.5572,NOVA FRIBURGO,RIO DE JANEIRO,1569,True
2242026,BOM SUCESSO,-22.2714,-42.7947,TERESÓPOLIS,RIO DE JANEIRO,1570,True
2242027,FAZENDA SOBRADINHO,-22.2011,-42.9,TERESÓPOLIS,RIO DE JANEIRO,1571,True
2242028,ANTA,-22.0353,-42.9908,SAPUCAIA,RIO DE JANEIRO,1572,True
2242029,SUMIDOURO,-22.0503,-42.6783,SUMIDOURO,RIO DE JANEIRO,1573,True
2243002,BARRA DO PIRAÍ,-22.4506,-43.7978,BARRA DO PIRAÍ,RIO DE JANEIRO,1574,True
2243003,PARAÍBA DO SUL,-22.1483,-43.2911,PARAÍBA DO SUL,RIO DE JANEIRO,1575,True
2243004,CONSERVATORIA,-22.2875,-43.9294,VALENÇA,RIO DE JANEIRO,1576,True
2243005,VALENÇA,-22.2189,-43.7036,VALENÇA,RIO DE JANEIRO,1577,True
2243006,PENTAGNA,-22.1569,-43.7525,VALENÇA,RIO DE JANEIRO,1578,True
2243007,TABOAS,-22.2086,-43.6233,RIO DAS FLORES,RIO DE JANEIRO,1579,True
2243008,MANUEL DUARTE,-22.0858,-43.5567,RIO DAS FLORES,RIO DE JANEIRO,1580,True
2243010,ITAMARATI - SE,-22.4853,-43.1492,PETRÓPOLIS,RIO DE JANEIRO,1581,True
2243011,RIO DA CIDADE,-22.4381,-43.1703,PETRÓPOLIS,RIO DE JANEIRO,1582,True
2243012,PEDRO DO RIO,-22.3325,-43.1361,PETRÓPOLIS,RIO DE JANEIRO,1583,True
2243013,AREAL (GRANJA GABI),-22.2439,-43.0972,TRÊS RIOS,RIO DE JANEIRO,1584,True
2243014,FAGUNDES,-22.2997,-43.1781,PETRÓPOLIS,RIO DE JANEIRO,1585,True
2243015,MOURA BRASIL,-22.1403,-43.1542,TRÊS RIOS,RIO DE JANEIRO,1586,True
2243016,MORELI (PARADA MORELI),-22.1931,-43.0083,PETRÓPOLIS,RIO DE JANEIRO,1587,True
2243202,FAZENDA SÃO GABRIEL,-22.0117,-43.875,RIO PRETO,MINAS GERAIS,1588,True
2243229,SANTANÉSIA,-22.5333,-43.8167,PIRAÍ,RIO DE JANEIRO,1589,True
2243250,COROA GRANDE,-22.9044,-43.8678,ITAGUAÍ,RIO DE JANEIRO,1590,True
2244001,QUELUZ,-22.5406,-44.7736,QUELUZ,SÃO PAULO,1591,True
2244010,FAZENDA SANTA CLARA (EX BOCAINA),-22.6919,-44.975,CACHOEIRA PAULISTA,SÃO PAULO,1592,True
2244030,NHANGAPI,-22.5033,-44.6156,RESENDE,RIO DE JANEIRO,1593,True
2244033,SANTA ISABEL DO RIO PRETO,-22.2311,-44.0647,VALENÇA,RIO DE JANEIRO,1594,True
2244034,RIBEIRÃO DE SÃO JOAQUIM,-22.3036,-44.1869,BARRA MANSA,RIO DE JANEIRO,1595,True
2244035,SANTA RITA DO JACUTINGA,-22.1506,-44.09,SANTA RITA DO JACUT,MINAS GERAIS,1596,True
2244036,ZELINDA,-22.2431,-44.2636,PASSA VINTE,MINAS GERAIS,1597,True
2244037,FUMAÇA,-22.2975,-44.3106,RESENDE,RIO DE JANEIRO,1598,True
2244038,PONTE DO SOUZA,-22.2706,-44.3917,RESENDE,RIO DE JANEIRO,1599,True
2244039,FAZENDA AGULHAS NEGRAS,-22.3378,-44.5903,RESENDE,RIO DE JANEIRO,1600,True
2244041,VOLTA REDONDA,-22.5011,-44.0919,VOLTA REDONDA,RIO DE JANEIRO,1601,True
2244043,RIALTO,-22.5814,-44.2681,BARRA MANSA,RIO DE JANEIRO,1602,True
2244044,GLICÉRIO,-22.4742,-44.2289,BARRA MANSA,RIO DE JANEIRO,1603,True
2244045,NOSSA SENHORA DO AMPARO,-22.3856,-44.1075,BARRA MANSA,RIO DE JANEIRO,1604,True
2244047,VISCONDE DE MAUÁ (ESC. AGROT),-22.33,-44.5383,RESENDE,RIO DE JANEIRO,1605,True
2244048,CAMPOS DE CUNHA,-22.9211,-44.8222,CUNHA,SÃO PAULO,1606,True
2244054,USINA CONGONHAL,-22.1211,-44.8425,BAEPENDI,MINAS GERAIS,1607,True
2244057,PONTE DO COSTA,-22.1269,-44.4083,BOCAINA DE MINAS,MINAS GERAIS,1608,True
2244058,MIRANTÃO (CAPELINHA DAS FLORES),-22.2539,-44.495,BOCAINA DE MINAS,MINAS GERAIS,1609,True
2244064,PEDREIRA (PACAU),-22.0261,-44.1736,BOM JARDIM DE MINAS,MINAS GERAIS,1610,True
2244065,ALAGOA,-22.17,-44.6369,ALAGOA,MINAS GERAIS,1611,True
2244068,ITANHANDU,-22.2944,-44.9392,ITANHANDU,MINAS GERAIS,1612,True
2244071,POUSO ALTO,-22.1992,-44.9733,POUSO ALTO,MINAS GERAIS,1613,True
2244135,FAZENDA DAS GARRAFAS,-22.7361,-44.6269,SÃO JOSÉ DO BARREIR,SÃO PAULO,1614,True
2244148,IBICUÍ,-22.9614,-44.0306,MANGARATIBA,RIO DE JANEIRO,1615,True
2244149,BRACUI,-22.9361,-44.3917,ANGRA DOS REIS,RIO DE JANEIRO,1616,True
2245000,SANTA RITA DO SAPUCAÍ,-22.2508,-45.7089,SANTA RITA DO SAPUC,MINAS GERAIS,1617,True
2245010,FAZENDA DA GUARDA (PARQUE),-22.6889,-45.4814,CAMPOS DO JORDÃO,SÃO PAULO,1618,True
2245011,SÃO BENTO DO SAPUCAÍ,-22.6897,-45.73,SÃO BENTO DO SAPUCA,SÃO PAULO,1619,True
2245048,PINDAMONHANGABA,-22.9111,-45.4694,PINDAMONHANGABA,SÃO PAULO,1620,True
2245055,ESTRADA DO CUNHA,-22.9958,-45.0442,CUNHA,SÃO PAULO,1621,True
2245064,DELFIM MOREIRA,-22.5097,-45.2867,DELFIM MOREIRA,MINAS GERAIS,1622,True
2245065,CRISTINA - MONTANTE,-22.2103,-45.2658,CRISTINA,MINAS GERAIS,1623,True
2245066,CONCEIÇÃO DOS OUROS,-22.4142,-45.7908,CONCEIÇÃO DOS OUROS,MINAS GERAIS,1624,True
2245070,BRASÓPOLIS,-22.4714,-45.6219,BRAZÓPOLIS,MINAS GERAIS,1625,True
2245077,POUSO ALEGRE,-22.2447,-45.9597,POUSO ALEGRE,MINAS GERAIS,1626,True
2245080,VIRGÍNIA,-22.3381,-45.0906,VIRGÍNIA,MINAS GERAIS,1627,True
2245083,SÃO JOÃO DE ITAJUBÁ,-22.3756,-45.4469,ITAJUBÁ,MINAS GERAIS,1628,True
2245084,BAIRRO DO ANALDINO,-22.5656,-45.8833,CONSOLAÇÃO,MINAS GERAIS,1629,True
2245085,VARGEM DO CERVO,-22.1322,-45.9178,SILVIANÓPOLIS,MINAS GERAIS,1630,True
2245086,PONTE DO RODRIGUES,-22.3542,-45.8539,POUSO ALEGRE,MINAS GERAIS,1631,True
2245087,BAIRRO SANTA CRUZ,-22.4069,-45.215,DELFIM MOREIRA,MINAS GERAIS,1632,True
2245088,MARIA DA FÉ,-22.3147,-45.3731,MARIA DA FÉ,MINAS GERAIS,1633,True
2245089,SILVIANÓPOLIS,-22.0342,-45.8353,SILVIANÓPOLIS,MINAS GERAIS,1634,True
2245090,CONCEIÇÃO DAS PEDRAS,-22.1622,-45.4581,CONCEIÇÃO DAS PEDRA,MINAS GERAIS,1635,True
2245104,SAPUCAÍ-MIRIM,-22.7453,-45.7447,SAPUCAÍ-MIRIM,MINAS GERAIS,1636,True
2246003,AGUAÍ,-22.0378,-46.965,AGUAÍ,SÃO PAULO,1637,True
2246009,MOGI GUAÇU,-22.3678,-46.9306,MOGI-GUAÇU,SÃO PAULO,1638,True
2246023,AMPARO,-22.71,-46.7747,AMPARO,SÃO PAULO,1639,True
2246033,RIO ABAIXO  (FAZ. CACHOEIRA),-22.8811,-46.6317,BRAGANÇA PAULISTA,SÃO PAULO,1640,True
2246038,ITATIBA,-22.9847,-46.83,ITATIBA,SÃO PAULO,1641,True
2246047,BEIRA DE SANTA RITA,-22.0233,-46.3039,SANTA RITA DE CALDA,MINAS GERAIS,1642,True
2246050,CAMBUÍ (CSME),-22.6078,-46.0394,CAMBUÍ,MINAS GERAIS,1643,True
2246052,JACUTINGA,-22.2886,-46.6192,JACUTINGA,MINAS GERAIS,1644,True
2246056,INCONFIDENTES,-22.3211,-46.3294,INCONFIDENTES,MINAS GERAIS,1645,True
2246057,CAMANDUCAIA,-22.76,-46.1469,CAMANDUCAIA,MINAS GERAIS,1646,True
2246127,BORDA DA MATA,-22.2772,-46.1639,BORDA DA MATA,MINAS GERAIS,1647,True
2246131,BAIRRO TRÊS FAZENDAS,-22.1153,-46.8903,ESPIRITO SANTO DO P,SÃO PAULO,1648,True
2247054,PÁDUA SALES,-22.3008,-47.1336,CONCHAL,SÃO PAULO,1649,True
2247055,JAGUARIUNA,-22.7086,-46.9869,JAGUARIUNA,SÃO PAULO,1650,True
2247058,MONTE MOR,-22.9597,-47.2964,MONTE MOR,SÃO PAULO,1651,True
2247059,CAPIVARI,-23.0161,-47.5092,CAPIVARI,SÃO PAULO,1652,True
2247180,ITIRAPINA,-22.2492,-47.8267,ITIRAPINA,SÃO PAULO,1653,True
2247182,RIBEIRÃO DO FEIJÃO,-22.1522,-47.8864,SÃO CARLOS,SÃO PAULO,1654,True
2247184,ITAQUERI DA SERRA,-22.3422,-47.9178,ITIRAPINA,SÃO PAULO,1655,True
2247185,FAZENDA CAMPO ALEGRE,-22.1483,-48.0006,BROTAS,SÃO PAULO,1656,True
2247196,CRHEA-BROA,-22.17,-47.8989,ITIRAPINA,SÃO PAULO,1657,True
2247197,EST. FERROVIÁRIA CAMPO ALEGRE,-22.2364,-47.9586,BROTAS,SÃO PAULO,1658,True
2247198,FAZENDA PEQUENA HOLANDA,-22.18,-47.7847,ITIRAPINA,SÃO PAULO,1659,True
2248110,RIBEIRÃO BONITO,-22.0778,-48.1803,RIBEIRÃO BONITO,SÃO PAULO,1660,True
2249103,TURVINHO,-22.7397,-49.0308,LENÇÓIS PAULISTA,SÃO PAULO,1661,True
2250024,PORTO JAÚ,-22.8972,-50.0211,SALTO GRANDE,SÃO PAULO,1662,True
2252000,ANAURILÂNDIA,-22.1864,-52.7133,ANAURILÂNDIA,MATO GROSSO DO SUL,1663,True
2252010,VILA SILVA JARDIM,-22.8569,-52.0781,PARANACITY,PARANÁ,1664,True
2253002,PORTO RICO,-22.7711,-53.2714,PORTO RICO,PARANÁ,1665,True
2253014,BATAIPORA,-22.2986,-53.2803,BATAYPORÃ,MATO GROSSO DO SUL,1666,True
2253015,FAZENDA JANGADA,-22.545,-54.0278,JATEI,MATO GROSSO DO SUL,1667,True
2253016,PORTO SÃO JOSÉ,-22.7181,-53.1767,SÃO PEDRO DO PARANÁ,PARANÁ,1668,True
2254000,CAARAPÓ,-22.6244,-54.8247,CAARAPÓ,MATO GROSSO DO SUL,1669,True
2254001,DOURADOS,-22.3981,-54.7917,DOURADOS,MATO GROSSO DO SUL,1670,True
2254003,GLÓRIA DE DOURADOS,-22.4058,-54.2353,GLÓRIA DE DOURADOS,MATO GROSSO DO SUL,1671,True
2254004,PORTO WILMA,-22.0753,-54.1892,DEODÁPOLIS,MATO GROSSO DO SUL,1672,True
2254005,ITAPORÃ,-22.0747,-54.7839,ITAPORÃ,MATO GROSSO DO SUL,1673,True
2255002,ANTÔNIO JOÃO,-22.1881,-55.9436,ANTÔNIO JOÃO,MATO GROSSO DO SUL,1674,True
2255003,BOCAJA,-22.7319,-55.2422,LAGUNA CARAPÃ,MATO GROSSO DO SUL,1675,True
2255004,ITAUM,-22.0861,-55.3531,DOURADOS,MATO GROSSO DO SUL,1676,True
2256001,BELA VISTA,-22.11,-56.5275,BELA VISTA,MATO GROSSO DO SUL,1677,True
2257000,CARACOL,-22.0142,-57.0322,CARACOL,MATO GROSSO DO SUL,1678,True
2257001,SÃO CARLOS,-22.2228,-57.3047,CARACOL,MATO GROSSO DO SUL,1679,True
2344006,PATRIMÔNIO,-23.3172,-44.7217,PARATI,RIO DE JANEIRO,1680,True
2344007,PARATI,-23.2242,-44.7642,PARATI,RIO DE JANEIRO,1681,True
2344008,SÃO ROQUE,-23.0722,-44.6981,PARATI,RIO DE JANEIRO,1682,True
2344009,ALTO S. DO MAR - B. MATO LIMPO,-23.1522,-44.8597,CUNHA,SÃO PAULO,1683,True
2344016,VILA MAMBUCABA,-23.0258,-44.5181,ANGRA DOS REIS,RIO DE JANEIRO,1684,True
2344019,VILA PEREQUE,-23.0047,-44.5364,ANGRA DOS REIS,RIO DE JANEIRO,1685,True
2345062,TAUBATÉ,-23.0394,-45.5597,TAUBATÉ,SÃO PAULO,1686,True
2345063,CAÇAPAVA,-23.0778,-45.7114,CAÇAPAVA,SÃO PAULO,1687,True
2345065,SÃO LUÍS DO PARAITINGA,-23.2392,-45.3056,SÃO LUÍS DO PARAITI,SÃO PAULO,1688,True
2345067,PONTE ALTA 1,-23.3292,-45.1403,SÃO LUÍS DO PARAITI,SÃO PAULO,1689,True
2345071,SANTA BRANCA,-23.3692,-45.9003,SANTA BRANCA,SÃO PAULO,1690,True
2345076,CASA GRANDE,-23.6344,-45.9608,BIRITIBA-MIRIM,SÃO PAULO,1691,True
2345191,CEEPAM,-23.5583,-45.2769,CARAGUATATUBA,SÃO PAULO,1692,True
2346094,PIRACAIA,-23.0522,-46.3653,PIRACAIA,SÃO PAULO,1693,True
2346095,ATIBAIA,-23.1033,-46.5581,ATIBAIA,SÃO PAULO,1694,True
2346097,JUNDIAÍ,-23.1953,-46.8967,JUNDIAÍ,SÃO PAULO,1695,True
2346098,FRANCO DA ROCHA,-23.3331,-46.7328,FRANCO DA ROCHA,SÃO PAULO,1696,True
2346100,ERMELINDO MATARAZZO,-23.4808,-46.4711,SÃO PAULO,SÃO PAULO,1697,True
2346101,BIRITIBA MIRIM,-23.5769,-46.0378,BIRITIBA-MIRIM,SÃO PAULO,1698,True
2346103,VARINHAS,-23.5864,-46.2558,MOGI DAS CRUZES,SÃO PAULO,1699,True
2346106,FAZENDA N.S. APARECIDA,-23.6575,-46.0025,BIRITIBA-MIRIM,SÃO PAULO,1700,True
2347054,LARANJAL PAULISTA,-23.0253,-47.8181,LARANJAL PAULISTA,SÃO PAULO,1701,True
2347055,ITAICI,-23.1081,-47.1806,INDAIATUBA,SÃO PAULO,1702,True
2347056,TIETÊ,-23.0897,-47.7267,TIETÊ,SÃO PAULO,1703,True
2347057,ITUPEVA,-23.1503,-47.0564,ITUPEVA,SÃO PAULO,1704,True
2347058,FAZENDA SÃO MATEUS,-23.3278,-47.7642,TATUÍ,SÃO PAULO,1705,True
2347059,EDEN (PIRAJIBU),-23.4203,-47.4044,SOROCABA,SÃO PAULO,1706,True
2347060,SALTO DE PIRAPORA,-23.6383,-47.5733,SALTO DE PIRAPORA,SÃO PAULO,1707,True
2347061,BAIRRO DO SARAPU,-23.4953,-47.8125,ALAMBARI,SÃO PAULO,1708,True
2347062,JUQUITIBA - II,-23.9328,-47.0728,JUQUITIBA,SÃO PAULO,1709,True
2348033,ANGATUBA,-23.5639,-48.3897,ANGATUBA,SÃO PAULO,1710,True
2348037,CERRADINHO,-23.9697,-48.2783,CAPÃO BONITO,SÃO PAULO,1711,True
2348088,ENGENHEIRO BACELAR,-23.8889,-48.7708,ITAPEVA,SÃO PAULO,1712,True
2349005,PORTO ERMIDÃO (FAZ. HARMONIA),-23.0822,-49.7364,CHAVANTES,SÃO PAULO,1713,True
2349007,PIRAJU,-23.1858,-49.3903,PIRAJU,SÃO PAULO,1714,True
2349020,ITAPORANGA,-23.7078,-49.4764,ITAPORANGA,SÃO PAULO,1715,True
2349030,JOAQUIM TÁVORA MTE,-23.5,-49.8667,JOAQUIM TÁVORA,PARANÁ,1716,True
2349033,TOMAZINA,-23.7667,-49.95,TOMAZINA,PARANÁ,1717,True
2350062,USINA FIGUEIRA,-23.8503,-50.3911,FIGUEIRA,PARANÁ,1718,True
2350066,PORTO LONDRINA,-23.6372,-50.9233,LONDRINA,PARANÁ,1719,True
2350067,CHACARA ANA CLAÚDIA,-23.3125,-50.9958,JATAIZINHO,PARANÁ,1720,True
2351013,MARINGÁ,-23.4167,-51.95,MARINGÁ,PARANÁ,1721,True
2351066,VILA RICA,-23.9006,-51.9525,FÊNIX,PARANÁ,1722,True
2352000,PORTO PARAÍSO DO NORTE,-23.3242,-52.6669,RONDON,PARANÁ,1723,True
2352002,QUINTA DO SOL,-23.8167,-52.1833,QUINTA DO SOL,PARANÁ,1724,True
2352010,PORTO BANANEIRA,-23.6747,-52.1172,ENGENHEIRO BELTRÃO,PARANÁ,1725,True
2352017,PARANAVAI,-23.0833,-52.4333,PARANAVAI,PARANÁ,1726,True
2353001,SANTA ISABEL DO IVAÍ,-23.0067,-53.1889,SANTA ISABEL DO IVA,PARANÁ,1727,True
2353002,BALSA DO GOIO - ERE,-23.9167,-53.1331,MARILUZ,PARANÁ,1728,True
2353044,NOVO PORTO TAQUARA,-23.1869,-53.2014,SANTA ISABEL DO IVA,PARANÁ,1729,True
2353048,FAZENDA VACA BRANCA,-23.0728,-53.8206,NAVIRAÍ,MATO GROSSO DO SUL,1730,True
2354000,NAVIRAI,-23.0578,-54.1939,NAVIRAÍ,MATO GROSSO DO SUL,1731,True
2354001,IGUATEMI,-23.6819,-54.5617,IGUATEMI,MATO GROSSO DO SUL,1732,True
2354004,COLÔNIA BOM JESUS,-23.4497,-54.3936,IGUATEMI,MATO GROSSO DO SUL,1733,True
2355000,AMAMBAÍ,-23.0978,-55.2436,AMAMBAÍ,MATO GROSSO DO SUL,1734,True
2355001,CORONEL SAPUCAIA,-23.2661,-55.5244,CORONEL SAPUCAIA,MATO GROSSO DO SUL,1735,True
2355002,PORTO SÃO DOMINGOS,-23.6503,-55.3919,PARANHOS,MATO GROSSO DO SUL,1736,True
2355003,TACURU,-23.6403,-55.0192,TACURU,MATO GROSSO DO SUL,1737,True
2447042,BARRA DO AÇUNGUI,-24.2064,-47.6133,JUQUIÁ,SÃO PAULO,1738,True
2447043,PEDRO BARROS,-24.2483,-47.3733,MIRACATU,SÃO PAULO,1739,True
2447044,MIRACATU,-24.2711,-47.4642,MIRACATU,SÃO PAULO,1740,True
2447045,ITARIRI,-24.2886,-47.1781,ITARIRI,SÃO PAULO,1741,True
2447046,JUQUIÁ,-24.3211,-47.6247,JUQUIÁ,SÃO PAULO,1742,True
2447074,ESTEIRO DO MORRO,-24.7917,-47.8906,CANANÉIA,SÃO PAULO,1743,True
2447075,FAU,-24.2,-47.4886,MIRACATU,SÃO PAULO,1744,True
2448017,IPORANGA,-24.5856,-48.5947,IPORANGA,SÃO PAULO,1745,True
2448036,CÓRREGO COMPRIDO,-24.75,-48.4831,BARRA DO TURVO,SÃO PAULO,1746,True
2449000,CAPELA DA RIBEIRA,-24.6556,-48.9997,ADRIANÓPOLIS,PARANÁ,1747,True
2449006,BALSA DO CERRO AZUL,-24.8,-49.2833,CERRO AZUL,PARANÁ,1748,True
2449007,TURVO,-24.75,-49.3333,DOUTOR ULYSSES,PARANÁ,1749,True
2449008,CERRO AZUL MONTANTE,-24.8433,-49.2733,CERRO AZUL,PARANÁ,1750,True
2449019,JAGUARIAÍVA,-24.2333,-49.7,JAGUARIAÍVA,PARANÁ,1751,True
2449020,COSTAS,-24.95,-49.3,CERRO AZUL,PARANÁ,1752,True
2449063,BALSA DO JACARÉ,-24.9667,-49.4667,RIO BRANCO DO SUL,PARANÁ,1753,True
2450013,CHÁCARA CACHOEIRA,-24.7667,-50.0667,CASTRO,PARANÁ,1754,True
2451002,UBÁ DO SUL,-24.05,-51.6167,JARDIM ALEGRE,PARANÁ,1755,True
2451003,TEREZA CRISTINA,-24.8333,-51.15,CÂNDIDO DE ABREU,PARANÁ,1756,True
2451006,PORTO MONTEIRO,-24.1058,-51.4822,CRUZMALTINA,PARANÁ,1757,True
2451014,IVAIPORÃ,-24.25,-51.65,IVAIPORÃ,PARANÁ,1758,True
2451015,MANOEL RIBAS,-24.5167,-51.6667,MANOEL RIBAS,PARANÁ,1759,True
2451017,PORTO ESPANHOL,-24.3444,-51.4239,GRANDES RIOS,PARANÁ,1760,True
2451020,BARBOSA FERRAZ,-24.0167,-51.95,BARBOSA FERRAZ,PARANÁ,1761,True
2452000,BALSA DO CANTU,-24.7489,-52.7019,ALTAMIRA DO PARANÁ,PARANÁ,1762,True
2452001,PONTE DO GOIO - BANG,-24.5544,-52.9014,CAMPINA DA LAGOA,PARANÁ,1763,True
2452051,PORTO CARRIEL,-24.9472,-52.5978,DIAMANTE DO SUL,PARANÁ,1764,True
2452055,PORTO GUARANI,-24.85,-52.75,GUARANIAÇÚ,PARANÁ,1765,True
2453000,BALSA SANTA MARIA,-24.1667,-53.7333,IPORÃ,PARANÁ,1766,True
2453001,PONTE DO PIQUIRI,-24.5583,-53.1289,UBIRATÃ,PARANÁ,1767,True
2453009,PORTO FORMOSA,-24.2,-53.3333,FORMOSA DO OESTE,PARANÁ,1768,True
2453013,SALTO SAPUCAÍ,-24.6333,-53.1,IGUATU,PARANÁ,1769,True
2453043,NOVO PORTO 2,-24.3781,-53.1619,NOVA AURORA,PARANÁ,1770,True
2548000,MORRETES,-25.4667,-48.8333,MORRETES,PARANÁ,1771,True
2548001,PRAIA GRANDE,-25.1697,-48.8794,CAMPINA GRANDE DO S,PARANÁ,1772,True
2548003,COLONIA DO CACHOEIRA,-25.2333,-48.75,ANTONINA,PARANÁ,1773,True
2548044,PASSO DO VAU,-25.2142,-48.465,GUARAQUEÇABA,PARANÁ,1774,True
2549003,RIO DA VÁRZEA DOS LIMA,-25.95,-49.3931,QUITANDINHA,PARANÁ,1775,True
2549004,PIRAQUARA,-25.45,-49.0667,PIRAQUARA,PARANÁ,1776,True
2549006,CURITIBA,-25.4333,-49.2667,CURITIBA,PARANÁ,1777,True
2549017,FAZENDINHA,-25.5192,-49.1467,SÃO JOSÉ DOS PINHAI,PARANÁ,1778,True
2549061,QUITANDINHA,-25.855,-49.5258,QUITANDINHA,PARANÁ,1779,True
2549076,CAMPO DO TENENTE,-25.9833,-49.6833,CAMPO DO TENENTE,PARANÁ,1780,True
2549077,MONTANTE ATERRO SANITÁRIO (JURUQUI),-25.3519,-49.3447,ALMIRANTE TAMANDARÉ,PARANÁ,1781,True
2549080,COLÔNIA DOM PEDRO,-25.4181,-49.3869,CAMPO LARGO,PARANÁ,1782,True
2549081,BARRAGEM SANEPAR - PASSAUNA,-25.5378,-49.3892,ARAUCÁRIA,PARANÁ,1783,True
2549082,CAMPINA DAS PEDRAS,-25.5783,-49.4278,ARAUCÁRIA,PARANÁ,1784,True
2549093,GUAJUVIRA,-25.5992,-49.51,ARAUCÁRIA,PARANÁ,1785,True
2550000,PRUDENTÓPOLIS CAPT. SANEPAR,-25.2372,-50.9608,PRUDENTÓPOLIS,PARANÁ,1786,True
2550003,SANTA CRUZ,-25.1333,-50.15,PONTA GROSSA,PARANÁ,1787,True
2550005,RIO CLARO DO SUL (EUFROZINA),-25.9522,-50.6792,MALLET,PARANÁ,1788,True
2550006,IVAÍ,-25.0167,-50.85,IVAÍ,PARANÁ,1789,True
2551000,GUARAPUAVA,-25.35,-51.4833,GUARAPUAVA,PARANÁ,1790,True
2551001,LEONÓPOLIS,-25.6942,-51.2025,INÁCIO MARTINS,PARANÁ,1791,True
2551024,PINHÃO,-25.65,-51.6667,PINHÃO,PARANÁ,1792,True
2551033,PALMEIRINHA,-25.25,-51.55,GUARAPUAVA,PARANÁ,1793,True
2551047,US. SANTA MARIA - SALTO CURUCACA,-25.5333,-51.8167,CANDÓI,PARANÁ,1794,True
2552000,QUEDAS DO IGUAÇU (CAMPO NOVO),-25.4483,-52.9044,QUEDAS DO IGUAÇU,PARANÁ,1795,True
2552041,CANTAGALO,-25.3667,-52.1167,CANTAGALO,PARANÁ,1796,True
2553024,CAPITÃO LEONIDAS MARQUES,-25.4833,-53.6167,CAPITÃO LEÔNIDAS MA,PARANÁ,1797,True
2553057,SÃO SEBASTIÃO,-25.4333,-53.5167,CAPITÃO LEÔNIDAS MA,PARANÁ,1798,True
2648001,ILHOTA-JUSANTE,-26.9217,-48.8392,ILHOTA,SANTA CATARINA,1799,True
2648002,LUIZ ALVES,-26.7242,-48.9317,LUIZ ALVES,SANTA CATARINA,1800,True
2648014,JOINVILLE (RVPSC),-26.3217,-48.8464,JOINVILLE,SANTA CATARINA,1801,True
2648019,PIÇARRAS,-26.755,-48.6994,BALNEÁRIO PIÇARRAS,SANTA CATARINA,1802,True
2648020,ITAPOCU,-26.5617,-48.7192,ARAQUARI,SANTA CATARINA,1803,True
2648027,GARUVA,-26.0356,-48.85,GARUVA,SANTA CATARINA,1804,True
2648028,PONTE SC-301,-26.4483,-48.8303,JOINVILLE,SANTA CATARINA,1805,True
2648033,PIRABEIRABA,-26.18,-48.9394,JOINVILLE,SANTA CATARINA,1806,True
2648034,ESTRADA DOS MORROS,-26.2489,-48.9775,JOINVILLE,SANTA CATARINA,1807,True
2649001,WARNOW,-26.9436,-49.2894,INDAIAL,SANTA CATARINA,1808,True
2649002,POMERODE,-26.7367,-49.1703,POMERODE,SANTA CATARINA,1809,True
2649003,BENEDITO NOVO,-26.7811,-49.365,BENEDITO NOVO,SANTA CATARINA,1810,True
2649004,TIMBÓ NOVO,-26.8297,-49.2719,TIMBÓ,SANTA CATARINA,1811,True
2649005,INDAIAL,-26.9136,-49.2675,INDAIAL,SANTA CATARINA,1812,True
2649007,BLUMENAU  (PCD),-26.9181,-49.0653,BLUMENAU,SANTA CATARINA,1813,True
2649008,ARROZEIRA,-26.7408,-49.2706,RIO DOS CEDROS,SANTA CATARINA,1814,True
2649009,GARCIA,-26.9683,-49.0742,BLUMENAU,SANTA CATARINA,1815,True
2649010,ITOUPAVA CENTRAL,-26.7967,-49.0836,BLUMENAU,SANTA CATARINA,1816,True
2649013,CORUPÁ,-26.4239,-49.2925,CORUPÁ,SANTA CATARINA,1817,True
2649017,DOUTOR PEDRINHO,-26.7172,-49.4831,DOUTOR PEDRINHO,SANTA CATARINA,1818,True
2649021,RIO NEGRO,-26.1,-49.8,RIO NEGRO,PARANÁ,1819,True
2649037,JARAGUÁ DO SUL,-26.4642,-49.0867,JARAGUÁ DO SUL,SANTA CATARINA,1820,True
2649053,WITMARSUM,-26.9261,-49.8025,WITMARSUM,SANTA CATARINA,1821,True
2649054,MOEMA,-26.5306,-49.8436,ITAIÓPOLIS,SANTA CATARINA,1822,True
2649055,CORREDEIRA,-26.4194,-49.5731,RIO NEGRINHO,SANTA CATARINA,1823,True
2649056,ITAIÓPOLIS,-26.3328,-49.9272,ITAIÓPOLIS,SANTA CATARINA,1824,True
2649057,CAMPO ALEGRE,-26.1864,-49.2733,CAMPO ALEGRE,SANTA CATARINA,1825,True
2649058,BARRA DO PRATA,-26.6975,-49.8281,ITAIÓPOLIS,SANTA CATARINA,1826,True
2649060,PRIMEIRO SALTO DO CUBATÃO,-26.2158,-49.0806,JOINVILLE,SANTA CATARINA,1827,True
2649061,BARRAGEM NORTE,-26.895,-49.6722,JOSÉ BOITEUX,SANTA CATARINA,1828,True
2649064,RIO NOVO,-26.4097,-49.3311,CORUPÁ,SANTA CATARINA,1829,True
2649065,BARRA DO AVENCAL,-26.5461,-49.48,RIO DOS CEDROS,SANTA CATARINA,1830,True
2650000,SALTO CANOINHAS,-26.3706,-50.2908,MAJOR VIEIRA,SANTA CATARINA,1831,True
2650015,RESIDENCIA FUCK (LAJEADINHO),-26.7103,-50.2908,MONTE CASTELO,SANTA CATARINA,1832,True
2650016,BURITI (TIMBÓ GRANDE),-26.5558,-50.6011,TIMBÓ GRANDE,SANTA CATARINA,1833,True
2650018,PINHEIROS,-26.3514,-50.6456,CANOINHAS,SANTA CATARINA,1834,True
2650019,LEBON REGIS,-26.9017,-50.6592,LEBON REGIS,SANTA CATARINA,1835,True
2650022,IRACEMA,-26.4586,-50.0031,ITAIÓPOLIS,SANTA CATARINA,1836,True
2650023,NOVA CULTURA,-26.6931,-50.1478,PAPANDUVA,SANTA CATARINA,1837,True
2651001,CAMPINA DA ALEGRIA,-26.8733,-51.7964,VARGEM BONITA,SANTA CATARINA,1838,True
2651004,PORTO VITÓRIA (rio espingarda),-26.1667,-51.2167,PORTO VITÓRIA,PARANÁ,1839,True
2651022,SANTO AGOSTINHO,-26.6086,-51.8817,PASSOS MAIA,SANTA CATARINA,1840,True
2651031,UBALDINO TAQUES,-26.2667,-51.9,PALMAS,PARANÁ,1841,True
2651036,QUILOMETRO 30,-26.7758,-51.2628,MACIEIRA,SANTA CATARINA,1842,True
2651040,PONTE SERRADA,-26.9056,-51.9717,PONTE SERRADA,SANTA CATARINA,1843,True
2651043,PALMAS,-26.4833,-51.9833,PALMAS,PARANÁ,1844,True
2651044,CALMON,-26.5989,-51.1167,MATOS COSTA,SANTA CATARINA,1845,True
2651052,SALTO VELOSO,-26.9067,-51.4097,SALTO VELOSO,SANTA CATARINA,1846,True
2652000,ABELARDO LUZ,-26.5561,-52.3308,ABELARDO LUZ,SANTA CATARINA,1847,True
2652001,BONITO,-26.9508,-52.1817,IPUMIRIM,SANTA CATARINA,1848,True
2652002,MARATA,-26.5836,-52.6403,SÃO DOMINGOS,SANTA CATARINA,1849,True
2652009,PONTE DO VITORINO,-26.0506,-52.8008,BOM SUCESSO DO SUL,PARANÁ,1850,True
2652015,SALTO CLAUDELINO,-26.2781,-52.2961,CLEVELÂNDIA,PARANÁ,1851,True
2652021,JARDINÓPOLIS,-26.7369,-52.9017,SUL BRASIL,SANTA CATARINA,1852,True
2652031,SÃO LOURENÇO DO OESTE,-26.4003,-52.8956,SÃO LOURENÇO DO OES,SANTA CATARINA,1853,True
2652034,PORTO FAE NOVO,-26.8192,-52.7353,CORONEL FREITAS,SANTA CATARINA,1854,True
2653001,CAMPO ERÊ - EMPASC,-26.4578,-53.0794,CAMPO ERÊ,SANTA CATARINA,1855,True
2653002,DIONÍSIO CERQUEIRA,-26.2692,-53.6275,DIONÍSIO CERQUEIRA,SANTA CATARINA,1856,True
2653003,MODELO,-26.7753,-53.0464,MODELO,SANTA CATARINA,1857,True
2653004,PONTE DO SARGENTO,-26.6828,-53.2867,ROMELÂNDIA,SANTA CATARINA,1858,True
2653005,SÃO JOSÉ DO CEDRO,-26.465,-53.4536,SÃO JOSÉ DO CEDRO,SANTA CATARINA,1859,True
2653007,SAUDADES,-26.9283,-53.0075,SAUDADES,SANTA CATARINA,1860,True
2653009,SANTO ANTÔNIO DO SUDOESTE,-26.0667,-53.73,SANTO ANTÔNIO DO SU,PARANÁ,1861,True
2653012,FRANCISCO BELTRÃO,-26.0833,-53.0667,FRANCISCO BELTRÃO,PARANÁ,1862,True
2653013,PALMA SOLA,-26.3456,-53.2717,PALMA SOLA,SANTA CATARINA,1863,True
2653024,PONTE MARMELEIRO MTE. ETA,-26.1525,-53.0183,MARMELEIRO,PARANÁ,1864,True
2748000,BRUSQUE  (PCD),-27.1008,-48.9181,BRUSQUE,SANTA CATARINA,1865,True
2748001,MAJOR GERCINO,-27.4158,-48.9511,MAJOR GERCINO,SANTA CATARINA,1866,True
2748002,NOVA TRENTO,-27.2864,-48.9331,NOVA TRENTO,SANTA CATARINA,1867,True
2748003,GARCIA DE ANGELINA,-27.4858,-48.9869,ANGELINA,SANTA CATARINA,1868,True
2748004,ETA CASAN-MONTANTE,-27.6925,-48.7108,PALHOÇA,SANTA CATARINA,1869,True
2748005,POÇO FUNDO,-27.7047,-48.8036,SANTO AMARO DA IMPE,SANTA CATARINA,1870,True
2748016,ANTONIO CARLOS,-27.5169,-48.7694,ANTÔNIO CARLOS,SANTA CATARINA,1871,True
2748017,PAULO LOPES,-27.9622,-48.6692,PAULO LOPES,SANTA CATARINA,1872,True
2748018,SAO BONIFACIO,-27.9008,-48.9278,SÃO BONIFÁCIO,SANTA CATARINA,1873,True
2748019,GOVERNADOR CELSO RAMOS,-27.3194,-48.5636,GOVERNADOR CELSO RA,SANTA CATARINA,1874,True
2749000,APIUNA - RÉGUA NOVA,-27.0381,-49.395,APIÚNA,SANTA CATARINA,1875,True
2749001,IBIRAMA,-27.0539,-49.5167,IBIRAMA,SANTA CATARINA,1876,True
2749002,ITUPORANGA,-27.3986,-49.6058,ITUPORANGA,SANTA CATARINA,1877,True
2749003,TAIÓ,-27.1131,-49.9944,TAIÓ,SANTA CATARINA,1878,True
2749005,NOVA BREMEN DALBERGIA,-27.0342,-49.5897,IBIRAMA,SANTA CATARINA,1879,True
2749006,POUSO REDONDO,-27.2572,-49.9408,POUSO REDONDO,SANTA CATARINA,1880,True
2749007,LOMBA ALTA,-27.7306,-49.3828,ALFREDO WAGNER,SANTA CATARINA,1881,True
2749009,RIO BONITO,-27.7039,-49.8472,BOCAINA DO SUL,SANTA CATARINA,1882,True
2749012,DIVISA DE ANITAPOLIS,-27.9956,-49.1156,ANITÁPOLIS,SANTA CATARINA,1883,True
2749013,TROMBUDO CENTRAL,-27.2903,-49.7689,TROMBUDO CENTRAL,SANTA CATARINA,1884,True
2749015,FAZENDA BOA ESPERANCA,-27.3978,-48.9803,MAJOR GERCINO,SANTA CATARINA,1885,True
2749016,NEISSE CENTRAL,-27.0403,-49.3814,APIÚNA,SANTA CATARINA,1886,True
2749017,BARRAGEM SUL,-27.5019,-49.5531,ITUPORANGA,SANTA CATARINA,1887,True
2749020,RANCHO QUEIMADO,-27.6719,-49.0117,RANCHO QUEIMADO,SANTA CATARINA,1888,True
2749027,ANITAPOLIS,-27.9097,-49.1297,ANITÁPOLIS,SANTA CATARINA,1889,True
2749031,VILA CANOAS,-27.8042,-49.78,BOCAINA DO SUL,SANTA CATARINA,1890,True
2749033,VIDAL RAMOS,-27.3925,-49.3656,VIDAL RAMOS,SANTA CATARINA,1891,True
2749034,LEOBERTO LEAL,-27.5075,-49.2875,LEOBERTO LEAL,SANTA CATARINA,1892,True
2749035,BOCAINA DO SUL,-27.7536,-49.9639,BOCAINA DO SUL,SANTA CATARINA,1893,True
2749037,SALTINHO,-27.6833,-49.3653,ALFREDO WAGNER,SANTA CATARINA,1894,True
2749039,RIO DO SUL - NOVO,-27.2056,-49.6317,RIO DO SUL,SANTA CATARINA,1895,True
2749041,AGROLÂNDIA,-27.4114,-49.8314,AGROLÂNDIA,SANTA CATARINA,1896,True
2749045,BOTUVERA-MONTANTE,-27.1967,-49.0872,BOTUVERÁ,SANTA CATARINA,1897,True
2749046,SALSEIRO,-27.3319,-49.3283,VIDAL RAMOS,SANTA CATARINA,1898,True
2750001,CAMPO BELO DO SUL,-27.8989,-50.7536,CAMPO BELO DO SUL,SANTA CATARINA,1899,True
2750007,PAINEL,-27.9131,-50.0317,PAINEL,SANTA CATARINA,1900,True
2750008,PASSO CARU,-27.5417,-50.8569,SÃO JOSÉ DO CERRITO,SANTA CATARINA,1901,True
2750009,PASSO MAROMBAS,-27.3339,-50.7533,CURITIBANOS,SANTA CATARINA,1902,True
2750010,PONTE ALTA DO NORTE,-27.1611,-50.4689,PONTE ALTA DO NORTE,SANTA CATARINA,1903,True
2750011,PONTE ALTA DO SUL,-27.4819,-50.385,PONTE ALTA,SANTA CATARINA,1904,True
2750012,PONTE DO RIO ANTINHAS,-27.3453,-50.4358,SÃO CRISTOVÃO DO SU,SANTA CATARINA,1905,True
2750014,BARRAGEM OESTE,-27.0972,-50.0339,TAIÓ,SANTA CATARINA,1906,True
2750020,SÃO JOSÉ DO CERRITO,-27.6617,-50.5783,SÃO JOSÉ DO CERRITO,SANTA CATARINA,1907,True
2750021,CABECEIRA RIBEIRÃO CAETANO,-27.1411,-50.2644,MIRIM DOCE,SANTA CATARINA,1908,True
2750022,PONTE ALTA DO NORTE - CIFSUL,-27.1208,-50.4567,PONTE ALTA DO NORTE,SANTA CATARINA,1909,True
2751001,ANITA GARIBALDI,-27.6922,-51.1294,ANITA GARIBALDI,SANTA CATARINA,1910,True
2751004,JOAÇABA,-27.1717,-51.5003,JOAÇABA,SANTA CATARINA,1911,True
2751006,PAIM FILHO,-27.7125,-51.7378,PAIM FILHO,RIO GRANDE DO SUL,1912,True
2751007,SANANDUVA,-27.9828,-51.7836,SANANDUVA,RIO GRANDE DO SUL,1913,True
2751011,IRANI,-27.0511,-51.9122,IRANI,SANTA CATARINA,1914,True
2751012,CAPINZAL,-27.3422,-51.6083,CAPINZAL,SANTA CATARINA,1915,True
2751015,BARRACÃO,-27.6786,-51.4547,BARRACÃO,RIO GRANDE DO SUL,1916,True
2751017,CLEMENTE ARGOLO,-28.0058,-51.4544,LAGOA VERMELHA,RIO GRANDE DO SUL,1917,True
2751018,MARCELINO RAMOS,-27.4647,-51.9031,MARCELINO RAMOS,RIO GRANDE DO SUL,1918,True
2752005,CONCORDIA,-27.3144,-51.9933,CONCORDIA,SANTA CATARINA,1919,True
2752006,EREBANGO,-27.8542,-52.3047,EREBANGO,RIO GRANDE DO SUL,1920,True
2752017,ITATIBA DO SUL,-27.3889,-52.4544,ITATIBA DO SUL,RIO GRANDE DO SUL,1921,True
2752021,GAURAMA,-27.5872,-52.0928,GAURAMA,RIO GRANDE DO SUL,1922,True
2753002,FREDERICO WESTPHALEN,-27.3608,-53.3975,FREDERICO WESTPHALE,RIO GRANDE DO SUL,1923,True
2753004,LINHA CESCON,-27.8117,-53.0278,SARANDI,RIO GRANDE DO SUL,1924,True
2753006,PALMITOS,-27.0644,-53.1569,PALMITOS,SANTA CATARINA,1925,True
2753007,SANTO AUGUSTO,-27.8517,-53.7764,SANTO AUGUSTO,RIO GRANDE DO SUL,1926,True
2753009,TRÊS PASSOS,-27.4514,-53.925,TRÊS PASSOS,RIO GRANDE DO SUL,1927,True
2753013,IPORÃ,-27.0014,-53.5256,IPORÃ DO OESTE,SANTA CATARINA,1928,True
2753014,LIBERATO SALZANO,-27.5992,-53.0714,LIBERATO SALZANO,RIO GRANDE DO SUL,1929,True
2753015,PALMEIRA DAS MISSÕES,-27.9133,-53.3108,PALMEIRA DAS MISSÕE,RIO GRANDE DO SUL,1930,True
2753016,MIRAGUAI,-27.5008,-53.6925,MIRAGUAI,RIO GRANDE DO SUL,1931,True
2753019,IRAÍ,-27.1889,-53.2533,IRAÍ,RIO GRANDE DO SUL,1932,True
2754001,ALTO URUGUAI,-27.3019,-54.1394,TIRADENTES DO SUL,RIO GRANDE DO SUL,1933,True
2754007,TRÊS DE MAIO,-27.7817,-54.2408,TRÊS DE MAIO,RIO GRANDE DO SUL,1934,True
2754009,TUCUNDUVA,-27.6742,-54.4625,TUCUNDUVA,RIO GRANDE DO SUL,1935,True
2754010,ESQUINA ARAUJO,-27.9681,-54.1164,INDEPENDÊNCIA,RIO GRANDE DO SUL,1936,True
2755001,PORTO LUCENA,-27.8544,-55.0236,PORTO LUCENA,RIO GRANDE DO SUL,1937,True
2848000,ARMAZEM CAPIVARI,-28.2617,-49.0122,ARMAZÉM,SANTA CATARINA,1938,True
2848006,VARGEM DO CEDRO,-28.1036,-48.9194,SÃO MARTINHO,SANTA CATARINA,1939,True
2848007,IMBITUBA,-28.2767,-48.7003,IMBITUBA,SANTA CATARINA,1940,True
2848009,SAO MARTINHO-JUSANTE,-28.1656,-48.9711,SÃO MARTINHO,SANTA CATARINA,1941,True
2849000,RIO DO POUSO,-28.4197,-49.1069,TUBARÃO,SANTA CATARINA,1942,True
2849001,ORLEANS - MONTANTE,-28.3589,-49.295,ORLEANS,SANTA CATARINA,1943,True
2849002,SÃO LUDGERO I,-28.3258,-49.1792,SÃO LUDGERO,SANTA CATARINA,1944,True
2849005,MELEIRO,-28.8322,-49.6367,MELEIRO,SANTA CATARINA,1945,True
2849006,FORQUILHINHA,-28.7506,-49.4731,FORQUILHINHA,SANTA CATARINA,1946,True
2849008,RIO PEQUENO,-28.2094,-49.195,GRÃO PARÁ,SANTA CATARINA,1947,True
2849009,BOM JARDIM DA SERRA,-28.3397,-49.6214,BOM JARDIM DA SERRA,SANTA CATARINA,1948,True
2849019,TIMBÉ DO SUL,-28.835,-49.8378,TIMBÉ DO SUL,SANTA CATARINA,1949,True
2849020,JAGUARUNA,-28.6067,-49.0331,JAGUARUNA,SANTA CATARINA,1950,True
2849021,URUBICI,-28.0072,-49.5922,URUBICI,SANTA CATARINA,1951,True
2849022,IÇARA,-28.7217,-49.3033,IÇARA,SANTA CATARINA,1952,True
2849023,DESPRAIADO,-28.3692,-49.8078,BOM JARDIM DA SERRA,SANTA CATARINA,1953,True
2849024,FOZ DO MANUEL ALVES,-28.8536,-49.5897,MELEIRO,SANTA CATARINA,1954,True
2849027,TUBARÃO,-28.4722,-48.9911,TUBARÃO,SANTA CATARINA,1955,True
2849028,PEDRAS GRANDES,-28.4344,-49.1825,PEDRAS GRANDES,SANTA CATARINA,1956,True
2849029,SERRINHA,-28.6122,-49.5511,SIDERÓPOLIS,SANTA CATARINA,1957,True
2849030,BRACO DO NORTE-MONTANTE,-28.2389,-49.1628,BRAÇO DO NORTE,SANTA CATARINA,1958,True
2849031,SANTA ROSA DE LIMA,-28.0322,-49.1186,SANTA ROSA DE LIMA,SANTA CATARINA,1959,True
2850002,CAPELA SÃO JOSÉ DOS AUSENTES,-28.7144,-50.0689,SÃO JOSÉ DOS AUSENT,RIO GRANDE DO SUL,1960,True
2850004,COXILHA RICA,-28.1522,-50.4408,LAGES,SANTA CATARINA,1961,True
2850006,INVERNADA VELHA,-28.4494,-50.2964,BOM JESUS,RIO GRANDE DO SUL,1962,True
2850009,PASSO TAINHAS,-28.8675,-50.4561,JAQUIRANA,RIO GRANDE DO SUL,1963,True
2851003,ANTÔNIO PRADO,-28.8533,-51.2844,ANTÔNIO PRADO,RIO GRANDE DO SUL,1964,True
2851010,FAZENDA ROSEIRA,-28.6733,-51.1428,CAMPESTRE DA SERRA,RIO GRANDE DO SUL,1965,True
2851020,PASSO DAS PEDRAS,-28.2556,-51.8619,CASEIROS,RIO GRANDE DO SUL,1966,True
2851021,PASSO DO PRATA,-28.8775,-51.4483,VILA FLORES,RIO GRANDE DO SUL,1967,True
2851022,PASSO MIGLIAVACA,-28.6194,-51.8667,CASCA,RIO GRANDE DO SUL,1968,True
2851024,PRATA,-28.7561,-51.6283,NOVA PRATA,RIO GRANDE DO SUL,1969,True
2851028,TRINTA E CINCO,-28.3911,-51.8489,DAVID CANABARRO,RIO GRANDE DO SUL,1970,True
2851043,ESMERALDA,-28.0592,-51.1881,ESMERALDA,RIO GRANDE DO SUL,1971,True
2851044,GUAPORÉ,-28.8444,-51.8792,GUAPORÉ,RIO GRANDE DO SUL,1972,True
2852004,AULER,-28.8039,-52.3817,SOLEDADE,RIO GRANDE DO SUL,1973,True
2852006,CARAZINHO,-28.2933,-52.7242,CARAZINHO,RIO GRANDE DO SUL,1974,True
2852007,COLÔNIA XADREZ,-28.1892,-52.7458,COQUEIROS DO SUL,RIO GRANDE DO SUL,1975,True
2852009,DEPÓSITO,-28.9331,-52.8,ESPUMOSO,RIO GRANDE DO SUL,1976,True
2852014,ILÓPOLIS,-28.9283,-52.1275,ILÓPOLIS,RIO GRANDE DO SUL,1977,True
2852024,PULADOR,-28.2931,-52.555,PASSO FUNDO,RIO GRANDE DO SUL,1978,True
2852031,VILA TRÊS PASSOS,-28.4808,-52.3667,MARAU,RIO GRANDE DO SUL,1979,True
2852046,TAPEJARA,-28.0575,-51.9961,TAPEJARA,RIO GRANDE DO SUL,1980,True
2852050,NÃO-ME-TOQUE,-28.4553,-52.8158,NÃO-ME-TOQUE (CAMPO,RIO GRANDE DO SUL,1981,True
2853003,CONCEIÇÃO,-28.4561,-53.9717,IJUÍ,RIO GRANDE DO SUL,1982,True
2853010,PASSO FAXINAL,-28.2894,-53.7794,AJURICABA,RIO GRANDE DO SUL,1983,True
2853014,SANTA CLARA DO INGAI,-28.7289,-53.1853,QUINZE DE NOVEMBRO,RIO GRANDE DO SUL,1984,True
2853015,TRÊS CAPÕES,-28.8264,-53.5019,BOA VISTA DO INCRA,RIO GRANDE DO SUL,1985,True
2853023,CONDOR,-28.2256,-53.4703,CONDOR,RIO GRANDE DO SUL,1986,True
2853026,CHAPADA,-28.0586,-53.0661,CHAPADA,RIO GRANDE DO SUL,1987,True
2853028,ANDERSON CLAYTON,-28.6667,-53.6147,CRUZ ALTA,RIO GRANDE DO SUL,1988,True
2854001,BOA VISTA,-28.1111,-53.9931,CATUIPE,RIO GRANDE DO SUL,1989,True
2854003,GIRUA,-28.0542,-54.3614,GIRUÁ,RIO GRANDE DO SUL,1990,True
2854005,PASSO MAJOR ZEFERINO,-28.7336,-54.6478,SÃO MIGUEL DAS MISS,RIO GRANDE DO SUL,1991,True
2854006,PASSO VIOLA,-28.2111,-54.6031,GUARANI DAS MISSÕES,RIO GRANDE DO SUL,1992,True
2854012,COIMBRA,-28.7878,-54.4525,SÃO MIGUEL DAS MISS,RIO GRANDE DO SUL,1993,True
2854013,SÃO BERNARDO,-28.9053,-54.065,TUPANCIRETÃ,RIO GRANDE DO SUL,1994,True
2855001,GARRUCHOS,-28.1878,-55.6369,GARRUCHOS,RIO GRANDE DO SUL,1995,True
2855002,PASSO DO SARMENTO,-28.2089,-55.3233,SANTO ANTÔNIO DAS M,RIO GRANDE DO SUL,1996,True
2855004,PASSO DO NOVO,-28.6781,-55.5811,SÃO BORJA,RIO GRANDE DO SUL,1997,True
2855005,FAZENDA SANTA CECÍLIA DO BUTUI,-28.9897,-55.6742,SÃO BORJA,RIO GRANDE DO SUL,1998,True
2855007,SANTO ANTÔNIO DAS MISSÕES,-28.4925,-55.2308,SANTO ANTÔNIO DAS M,RIO GRANDE DO SUL,1999,True
2856006,PASSO SÃO BORJA,-28.6664,-55.9797,SÃO BORJA,RIO GRANDE DO SUL,2000,True
2856007,CUNHA,-28.8975,-56.085,MAÇAMBARÁ,RIO GRANDE DO SUL,2001,True
2949001,PRAIA GRANDE,-29.1958,-49.9633,PRAIA GRANDE,SANTA CATARINA,2002,True
2949003,SOMBRIO,-29.0458,-49.6067,SOMBRIO,SANTA CATARINA,2003,True
2950008,CAMISAS,-29.1083,-50.1875,CAMBARÁ DO SUL,RIO GRANDE DO SUL,2004,True
2950016,GLORINHA,-29.8828,-50.7889,GLORINHA,RIO GRANDE DO SUL,2005,True
2950019,LAJEADO GRANDE,-29.0994,-50.6308,SÃO FRANCISCO DE PA,RIO GRANDE DO SUL,2006,True
2950028,ROLANTE,-29.6508,-50.5728,ROLANTE,RIO GRANDE DO SUL,2007,True
2950033,SECA,-29.0719,-50.9739,CAXIAS DO SUL,RIO GRANDE DO SUL,2008,True
2950034,SERRA DO PINTO,-29.3758,-50.1803,ITATI,RIO GRANDE DO SUL,2009,True
2950038,TERRA DE AREIA,-29.5911,-50.0336,TERRA DE AREIA,RIO GRANDE DO SUL,2010,True
2950056,MÃE DOS HOMENS,-29.2481,-50.0692,PRAIA GRANDE,SANTA CATARINA,2011,True
2950059,AGROPECUÁRIA ANJU,-29.8167,-50.7425,GLORINHA,RIO GRANDE DO SUL,2012,True
2950060,SANTO ANTÔNIO DA PATRULHA,-29.8317,-50.5486,SANTO ANTÔNIO DA PA,RIO GRANDE DO SUL,2013,True
2950062,FAZENDA NOSSA SENHORA CONCEIÇÃO,-29.9608,-50.5994,SANTO ANTÔNIO DA PA,RIO GRANDE DO SUL,2014,True
2951010,ENCANTADO,-29.2378,-51.8594,ENCANTADO,RIO GRANDE DO SUL,2015,True
2951017,JANSEN,-29.3908,-51.8489,FARROUPILHA,RIO GRANDE DO SUL,2016,True
2951022,NOVA PALMIRA,-29.335,-51.1903,CAXIAS DO SUL,RIO GRANDE DO SUL,2017,True
2951024,PORTO GARIBALDI,-29.8117,-51.3869,MONTENEGRO,RIO GRANDE DO SUL,2018,True
2951027,SÃO VENDELINO,-29.3664,-51.3711,SÃO VENDELINO,RIO GRANDE DO SUL,2019,True
2951028,SAPUCAIA DO SUL,-29.82,-51.1611,SAPUCAIA DO SUL,RIO GRANDE DO SUL,2020,True
2951067,CHARQUEADAS,-29.9758,-51.6119,CHARQUEADAS,RIO GRANDE DO SUL,2021,True
2951070,MUÇUM,-29.1672,-51.8686,MUÇUM,RIO GRANDE DO SUL,2022,True
2952001,BARROS CASSAL,-29.085,-52.5844,BARROS CASSAL,RIO GRANDE DO SUL,2023,True
2952003,BOTUCARAI,-29.7128,-52.89,CANDELÁRIA,RIO GRANDE DO SUL,2024,True
2952034,CANDELÁRIA,-29.6694,-52.7903,CANDELÁRIA,RIO GRANDE DO SUL,2025,True
2953008,DONA FRANCISCA,-29.6244,-53.3519,DONA FRANCISCA,RIO GRANDE DO SUL,2026,True
2953030,TUPANCIRETÃ,-29.0856,-53.8192,TUPANCIRETÃ,RIO GRANDE DO SUL,2027,True
2953037,PASSO SÃO LOURENÇO,-30.0089,-53.015,CACHOEIRA DO SUL,RIO GRANDE DO SUL,2028,True
2954001,CACEQUI,-29.8786,-54.8253,CACEQUI,RIO GRANDE DO SUL,2029,True
2954004,ERNESTO ALVES,-29.3661,-54.7356,SANTIAGO,RIO GRANDE DO SUL,2030,True
2954005,FURNAS DO SEGREDO,-29.3589,-54.5019,JAGUARI,RIO GRANDE DO SUL,2031,True
2954007,JAGUARI,-29.5069,-54.6775,JAGUARI,RIO GRANDE DO SUL,2032,True
2954019,QUEVEDOS,-29.3514,-54.0669,QUEVEDOS,RIO GRANDE DO SUL,2033,True
2954020,SANTIAGO,-29.1867,-54.8558,SANTIAGO,RIO GRANDE DO SUL,2034,True
2954030,FLORIDA,-29.2517,-54.5983,SANTIAGO,RIO GRANDE DO SUL,2035,True
2954031,ESQUINA DOS LIMA (STA. BARBARA),-29.0481,-54.5708,CAPÃO DO CIPÓ,RIO GRANDE DO SUL,2036,True
2954032,PONTE TOROPI II,-29.6533,-54.4314,SÃO PEDRO DO SUL,RIO GRANDE DO SUL,2037,True
2955002,CACHOEIRA SANTA CECÍLIA,-29.1961,-55.4753,ITAQUI,RIO GRANDE DO SUL,2038,True
2955006,PONTE DO MIRACATU,-29.4592,-55.2911,SÃO FRANCISCO DE AS,RIO GRANDE DO SUL,2039,True
2955007,UNISTALDA,-29.0475,-55.1511,UNISTALDA,RIO GRANDE DO SUL,2040,True
2955008,MANOEL VIANA,-29.5939,-55.4858,MANOEL VIANA,RIO GRANDE DO SUL,2041,True
2955013,ALEGRETE,-29.7844,-55.7739,ALEGRETE,RIO GRANDE DO SUL,2042,True
2955014,PASSO DA CACHOEIRA,-29.3078,-55.7089,ITAQUI,RIO GRANDE DO SUL,2043,True
2955016,JACAQUA,-29.6869,-55.1958,ALEGRETE,RIO GRANDE DO SUL,2044,True
2956005,ITAQUI,-29.1275,-56.5625,ITAQUI,RIO GRANDE DO SUL,2045,True
2956006,PASSO MARIANO PINTO,-29.3089,-56.0553,ITAQUI,RIO GRANDE DO SUL,2046,True
2956007,PLANO ALTO,-29.7653,-56.5214,URUGUAIANA,RIO GRANDE DO SUL,2047,True
2956008,JOÃO ARREGUI,-29.4711,-56.6678,URUGUAIANA,RIO GRANDE DO SUL,2048,True
2956009,FAZENDA TRÊS CAPÕES,-29.6358,-56.0947,ALEGRETE,RIO GRANDE DO SUL,2049,True
3050002,PALMARES DO SUL,-30.2514,-50.5058,PALMARES DO SUL,RIO GRANDE DO SUL,2050,True
3050007,SOLIDÃO,-30.6683,-50.5408,MOSTARDAS,RIO GRANDE DO SUL,2051,True
3050008,LOMBAS,-30.0467,-50.7019,VIAMÃO,RIO GRANDE DO SUL,2052,True
3051004,CERRO GRANDE,-30.5939,-51.7567,CERRO GRANDE DO SUL,RIO GRANDE DO SUL,2053,True
3051005,GUAÍBA COUNTRY CLUB,-30.1067,-51.6489,GUAÍBA,RIO GRANDE DO SUL,2054,True
3051016,CAMAQUÃ,-30.8658,-51.7958,CAMAQUÃ,RIO GRANDE DO SUL,2055,True
3051017,FAZENDA DA BOA VISTA,-30.7719,-51.6603,CAMAQUÃ,RIO GRANDE DO SUL,2056,True
3051023,BARRA DO RIBEIRO,-30.295,-51.3144,BARRA DO RIBEIRO,RIO GRANDE DO SUL,2057,True
3051031,BUTIA,-30.1589,-51.9311,BUTIÁ,RIO GRANDE DO SUL,2058,True
3052007,PASSO DA GUARDA CEEE,-30.9064,-52.4619,ENCRUZILHADA DO SUL,RIO GRANDE DO SUL,2059,True
3052009,PASSO SÃO JOSÉ,-30.8864,-52.2486,AMARAL FERRADOR,RIO GRANDE DO SUL,2060,True
3052010,PORTO TARUMÃ,-30.9342,-52.9428,PIRATINI,RIO GRANDE DO SUL,2061,True
3052011,QUITERIA,-30.4189,-52.0736,SÃO JERÔNIMO,RIO GRANDE DO SUL,2062,True
3052012,SERRA DOS PEDROSAS,-30.6253,-52.84,ENCRUZILHADA DO SUL,RIO GRANDE DO SUL,2063,True
3052013,DOM FELICIANO,-30.7031,-52.0647,DOM FELICIANO,RIO GRANDE DO SUL,2064,True
3052016,PANTANO GRANDE,-30.1983,-52.3725,PANTANO GRANDE,RIO GRANDE DO SUL,2065,True
3053004,PASSO DO ROCHA,-30.2325,-53.9933,SÃO GABRIEL,RIO GRANDE DO SUL,2066,True
3053007,LAVRAS DO SUL,-30.8175,-53.9014,LAVRAS DO SUL,RIO GRANDE DO SUL,2067,True
3053017,PASSO DOS FREIRES,-30.4353,-53.7125,SÃO SEPÉ,RIO GRANDE DO SUL,2068,True
3053018,IRAPUAZINHO,-30.4872,-53.1183,CACHOEIRA DO SUL,RIO GRANDE DO SUL,2069,True
3053020,SÃO SEPÉ MONTANTE,-30.1936,-53.5644,SÃO SEPÉ,RIO GRANDE DO SUL,2070,True
3053021,BARRO VERMELHO,-30.1406,-53.1589,CACHOEIRA DO SUL,RIO GRANDE DO SUL,2071,True
3053022,CAÇAPAVA DO SUL,-30.5194,-53.4917,CAÇAPAVA DO SUL,RIO GRANDE DO SUL,2072,True
3054002,DOM PEDRITO,-30.9781,-54.6758,DOM PEDRITO,RIO GRANDE DO SUL,2073,True
3054007,ROSÁRIO DO SUL,-30.2469,-54.9175,ROSÁRIO DO SUL,RIO GRANDE DO SUL,2074,True
3054016,GRANJA UMBU,-30.5144,-54.7703,ROSÁRIO DO SUL,RIO GRANDE DO SUL,2075,True
3054018,SÃO GABRIEL,-30.3575,-54.3181,SÃO GABRIEL,RIO GRANDE DO SUL,2076,True
3054019,IBARE,-30.7744,-54.2247,LAVRAS DO SUL,RIO GRANDE DO SUL,2077,True
3055003,FAZENDA ENCERRA,-30.6956,-55.8414,SANTANA DO LIVRAMEN,RIO GRANDE DO SUL,2078,True
3055004,SAICA,-30.0294,-55.0936,CACEQUI,RIO GRANDE DO SUL,2079,True
3055005,SANTA RITA,-30.5164,-55.1267,SANTANA DO LIVRAMEN,RIO GRANDE DO SUL,2080,True
3055007,SÃO CARLOS,-30.2042,-55.4919,ROSÁRIO DO SUL,RIO GRANDE DO SUL,2081,True
3055008,PASSO DA GUARDA,-30.2939,-55.9756,QUARAÍ,RIO GRANDE DO SUL,2082,True
3056004,FAZENDA JUNCO,-30.0189,-56.8214,URUGUAIANA,RIO GRANDE DO SUL,2083,True
3056006,HARMONIA,-30.0686,-56.1703,URUGUAIANA,RIO GRANDE DO SUL,2084,True
3056007,CATY,-30.5256,-56.1722,SANTANA DO LIVRAMEN,RIO GRANDE DO SUL,2085,True
3057002,BARRA DO QUARAÍ,-30.2133,-57.5533,BARRA DO QUARAÍ,RIO GRANDE DO SUL,2086,True
3151002,PACHECA,-31.1303,-51.7886,CAMAQUÃ,RIO GRANDE DO SUL,2087,True
3151003,SÃO LOURENÇO DO SUL,-31.3675,-51.9867,SÃO LOURENÇO DO SUL,RIO GRANDE DO SUL,2088,True
3151004,TAVARES,-31.29,-51.0956,TAVARES,RIO GRANDE DO SUL,2089,True
3152002,BOQUEIRÃO,-31.2839,-52.0831,SÃO LOURENÇO DO SUL,RIO GRANDE DO SUL,2090,True
3152003,CANGUÇU,-31.4044,-52.6733,CANGUÇU,RIO GRANDE DO SUL,2091,True
3152005,VILA FREIRE,-31.6694,-52.7728,CERRITO,RIO GRANDE DO SUL,2092,True
3152008,GRANJA SÃO PEDRO,-31.6728,-52.1778,PELOTAS,RIO GRANDE DO SUL,2093,True
3152011,PASSO DO MENDONÇA,-31.0006,-52.0492,CRISTAL,RIO GRANDE DO SUL,2094,True
3152013,PEDRO OSÓRIO,-31.8797,-52.8103,PEDRO OSÓRIO,RIO GRANDE DO SUL,2095,True
3152016,PONTE CORDEIRO DE FARIAS,-31.5739,-52.4631,PELOTAS,RIO GRANDE DO SUL,2096,True
3153003,PARAÍSO,-31.2267,-53.9014,BAGÉ,RIO GRANDE DO SUL,2097,True
3153004,FERRARIA,-31.7375,-53.0539,PIRATINI,RIO GRANDE DO SUL,2098,True
3153006,PASSO DA CAPELA,-31.1342,-53.0539,PIRATINI,RIO GRANDE DO SUL,2099,True
3153007,PEDRAS ALTAS,-31.7333,-53.5881,PEDRAS ALTAS,RIO GRANDE DO SUL,2100,True
3153008,PINHEIRO MACHADO,-31.5775,-53.3769,PINHEIRO MACHADO,RIO GRANDE DO SUL,2101,True
3153017,TORRINHAS,-31.3142,-53.4994,PINHEIRO MACHADO,RIO GRANDE DO SUL,2102,True
3153021,ESTAÇÃO EXPERIMENTAL DE PIRATINI,-31.4308,-53.1078,PIRATINI,RIO GRANDE DO SUL,2103,True
3154003,TORQUATO SEVERO,-31.0283,-54.1789,DOM PEDRITO,RIO GRANDE DO SUL,2104,True
3154006,ESTÂNCIA DO ESPANTOSO,-31.5339,-54.2947,BAGÉ,RIO GRANDE DO SUL,2105,True
3155001,TRÊS VENDAS,-31.2753,-55.0372,DOM PEDRITO,RIO GRANDE DO SUL,2106,True
3252005,GRANJA CORONEL PEDRO OSÓRIO,-32.0061,-52.6528,ARROIO GRANDE,RIO GRANDE DO SUL,2107,True
3252006,GRANJA CERRITO,-32.3506,-52.54,RIO GRANDE,RIO GRANDE DO SUL,2108,True
3252008,GRANJA SANTA MARIA,-32.5381,-52.5386,RIO GRANDE,RIO GRANDE DO SUL,2109,True
3252024,RIO GRANDE/REGATAS,-32.03,-52.0792,RIO GRANDE,RIO GRANDE DO SUL,2110,True
3253001,ARROIO GRANDE,-32.2372,-53.0897,ARROIO GRANDE,RIO GRANDE DO SUL,2111,True
3253003,GRANJA OSÓRIO,-32.9539,-53.1189,SANTA VITÓRIA DO PA,RIO GRANDE DO SUL,2112,True
3253004,HERVAL,-32.0286,-53.3978,HERVAL,RIO GRANDE DO SUL,2113,True
8050000,CARMO,0.5081,-50.7483,MACAPÁ,AMAPÁ,2114,True
8050001,BAILIQUE (VILA PROGRESSO),0.8731,-50.0522,MACAPÁ,AMAPÁ,2115,True
8051010,PORTO ARIRI,0.3031,-51.1267,MACAPÁ,AMAPÁ,2116,True
8051012,CUPIXI,0.615,-51.765,PORTO GRANDE,AMAPÁ,2117,True
8052000,SERRA DO NAVIO,0.8803,-52.0094,SERRA DO NAVIO,AMAPÁ,2118,True
8059001,SÍTIO SANTA MARIA,0.8069,-59.4283,CAROEBE,RORAIMA,2119,True
8059002,SÃO JOÃO DA BALIZA,0.9578,-59.9139,SÃO JOÃO DA BALIZA,RORAIMA,2120,True
8059003,PCH JATAPU,0.9333,-59.3167,CAROEBE,RORAIMA,2121,True
8060000,FAZENDA SÃO JOSÉ,0.5211,-60.465,RORAINÓPOLIS,RORAIMA,2122,True
8062000,POSTO AJURICABA,0.8842,-62.6222,BARCELOS,AMAZONAS,2123,True
8066001,MISSÃO MATURACÁ,0.6194,-66.1372,SÃO GABRIEL DA CACH,AMAZONAS,2124,True
8066002,BALAIO,0.3875,-66.6492,SÃO GABRIEL DA CACH,AMAZONAS,2125,True
8067001,SÃO FELIPE,0.3711,-67.3136,SÃO GABRIEL DA CACH,AMAZONAS,2126,True
8067002,MALOCA SÃO TOMÉ (Com. Curiri),0.1758,-67.9458,SÃO GABRIEL DA CACH,AMAZONAS,2127,True
8067003,NAZARÉ,0.5878,-67.8064,SÃO GABRIEL DA CACH,AMAZONAS,2128,True
8068000,TARAQUÁ,0.1314,-68.5406,SÃO GABRIEL DA CACH,AMAZONAS,2129,True
8069003,PARI CACHOEIRA,0.2517,-69.7844,SÃO GABRIEL DA CACH,AMAZONAS,2130,True
8069004,PIRARARA POÇO,0.1428,-69.2133,SÃO GABRIEL DA CACH,AMAZONAS,2131,True
8150000,APOREMA,1.2261,-50.8972,TARTARUGALZINHO,AMAPÁ,2132,True
8150001,TARTARUGAL GRANDE,1.3978,-50.9236,TARTARUGALZINHO,AMAPÁ,2133,True
8151000,ITAUBAL DO AMAPÁ,1.5803,-50.9028,TARTARUGALZINHO,AMAPÁ,2134,True
8160001,FAZENDA PARANÁ,1.1264,-60.3994,RORAINÓPOLIS,RORAIMA,2135,True
8160003,AGROPECUÁRIA BOA VISTA,1.4608,-60.7675,CARACARAÍ,RORAIMA,2136,True
8161001,CARACARAÍ,1.8214,-61.1236,CARACARAÍ,RORAIMA,2137,True
8162000,MISSÃO CATRIMANI,1.75,-62.2833,CARACARAÍ,RORAIMA,2138,True
8166000,CUCUÍ,1.2147,-66.8522,SÃO GABRIEL DA CACH,AMAZONAS,2139,True
8167000,MISSÃO IÇANA,1.0742,-67.5933,SÃO GABRIEL DA CACH,AMAZONAS,2140,True
8168000,TUNUI,1.3889,-68.1536,SÃO GABRIEL DA CACH,AMAZONAS,2141,True
8250002,CALÇOENE,2.4956,-50.9508,CALÇOENE,AMAPÁ,2142,True
8250003,AMAPÁ,2.0547,-50.7881,AMAPÁ,AMAPÁ,2143,True
8251001,CUNANI,2.6983,-51.3614,CALÇOENE,AMAPÁ,2144,True
8251003,LOURENÇO,2.3083,-51.6381,CALÇOENE,AMAPÁ,2145,True
8251004,PONTE CASSIPORE,2.9578,-51.4231,OIAPOQUE,AMAPÁ,2146,True
8260002,BOA ESPERANÇA,2.4697,-60.7175,CANTA,RORAIMA,2147,True
8260003,FAZENDA CASTELÃO,2.7606,-60.325,BONFIM,RORAIMA,2148,True
8260004,MUCAJAÍ,2.4714,-60.9178,MUCAJAÍ,RORAIMA,2149,True
8261000,FÉ E ESPERANÇA,2.8708,-61.4406,MUCAJAÍ,RORAIMA,2150,True
8261001,FAZENDA TRÊS PODERES,2.2628,-60.9728,MUCAJAÍ,RORAIMA,2151,True
8262000,POSTO FUNAI,2.7275,-62.0178,ALTO ALEGRE,RORAIMA,2152,True
8263000,MISSÃO SURUCUCU,2.8358,-63.6417,ALTO ALEGRE,RORAIMA,2153,True
8351002,OIAPOQUE,3.8436,-51.8375,OIAPOQUE,AMAPÁ,2154,True
8359000,BONFIM,3.3783,-59.8156,BONFIM,RORAIMA,2155,True
8360000,MALOCA DO CONTÃO,4.1667,-60.5289,PACARAIMA,RORAIMA,2156,True
8360002,FAZENDA PASSARÃO,3.2078,-60.5711,BOA VISTA,RORAIMA,2157,True
8360003,MOCIDADE,3.4636,-60.9097,BOA VISTA,RORAIMA,2158,True
8361000,FAZENDA SÃO JOÃO,3.6608,-61.3839,AMAJARI,RORAIMA,2159,True
8361001,BOQUEIRÃO,3.2906,-61.2881,ALTO ALEGRE,RORAIMA,2160,True
8361004,COLÔNIA DO TAIANO,3.2872,-61.0883,ALTO ALEGRE,RORAIMA,2161,True
8361005,TEPEQUEM,3.7592,-61.7181,AMAJARI,RORAIMA,2162,True
8362000,MALOCA DO ERICÓ,3.6319,-62.3989,ALTO ALEGRE,RORAIMA,2163,True
8363000,UAICÁS,3.5497,-63.1692,ALTO ALEGRE,RORAIMA,2164,True
8459000,MUTUM,4.4517,-59.8589,UIRAMUTA,RORAIMA,2165,True
8460001,VILA SURUMU,4.1961,-60.7939,PACARAIMA,RORAIMA,2166,True
8460003,ÁGUA FRIA,4.6428,-60.4964,UIRAMUTA,RORAIMA,2167,True
8461000,NOVA ESPERANÇA/MARCO BV-8,4.4883,-61.1297,PACARAIMA,RORAIMA,2168,True
8464001,MISSÃO AUARIS - JUSANTE,4.0031,-64.4431,BOA VISTA,RORAIMA,2169,True
