city_label,integrated_absolute_bias
Niteroi (Rio de Janeiro),942.0
Sao Goncalo (Rio de Janeiro),824.25
Itaipulandia (Parana),787.3333333333334
Linha Nova (Rio Grande do Sul),778.375
Feliz (Rio Grande do Sul),778.375
Marica (Rio de Janeiro),764.7916666666666
Picada Cafe (Rio Grande do Sul),763.1666666666666
Missal (Parana),751.125
Alcobaca (Bahia),746.0
Teixeira de Freitas (Bahia),724.0
Presidente Lucena (Rio Grande do Sul),722.75
Ivoti (Rio Grande do Sul),722.75
Santa Helena (Parana),720.75
Sao Jose do Hortencio (Rio Grande do Sul),707.7916666666667
Lindolfo Collor (Rio Grande do Sul),707.7916666666667
Sao Miguel do Iguacu (Parana),707.5416666666666
Vale Real (Rio Grande do Sul),703.2916666666666
Santa Terezinha de Itaipu (Parana),696.5
Diamante DOeste (Parana),696.3333333333333
Medianeira (Parana),692.6666666666667
Ramilandia (Parana),692.5833333333334
Sao Jose das Palmeiras (Parana),690.7916666666667
Foz do Iguacu (Parana),688.25
Nova Petropolis (Rio Grande do Sul),676.6666666666666
Contendas do Sincora (Bahia),675.875
Serranopolis do Iguacu (Parana),663.3333333333333
Carbonita (Minas Gerais),662.5416666666667
Caravelas (Bahia),660.6666666666667
Entre Rios do Oeste (Parana),659.2916666666667
Dois Irmaos (Rio Grande do Sul),653.0416666666667
Morro Reuter (Rio Grande do Sul),653.0416666666667
Vera Cruz do Oeste (Parana),648.875
Pato Bragado (Parana),648.125
Alto Feliz (Rio Grande do Sul),645.4166666666666
Matelandia (Parana),643.25
Sao Pedro do Iguacu (Parana),642.25
Bom Principio (Rio Grande do Sul),626.6666666666666
Ouro Verde do Oeste (Parana),622.7916666666667
Ceu Azul (Parana),616.1666666666667
Tanhacu (Bahia),608.875
Marechal Candido Rondon (Parana),607.7083333333333
Estancia Velha (Rio Grande do Sul),606.2916666666667
Angico (Tocantins),597.4166666666666
Capanema (Parana),595.7083333333334
Campo Bom (Rio Grande do Sul),586.75
Palmelo (Goias),584.0416666666667
Toledo (Parana),583.1666666666667
Lindoeste (Parana),581.0833333333333
Vicentinopolis (Goias),580.25
Santa Maria do Herval (Rio Grande do Sul),576.9166666666667
Capitao Leonidas Marques (Parana),575.875
Santa Tereza do Oeste (Parana),575.5
Sao Vendelino (Rio Grande do Sul),574.3333333333333
Perola dOeste (Parana),573.8333333333334
Santa Lucia (Parana),573.5833333333334
Planalto (Parana),573.375
Sao Sebastiao do Cai (Rio Grande do Sul),573.2083333333333
Manduri (Sao Paulo),571.5
Nova Hartz (Rio Grande do Sul),571.125
Quatro Pontes (Parana),569.3333333333333
Mercedes (Parana),569.3333333333333
Nazare (Tocantins),562.5
Xaxim (Santa Catarina),562.25
Rio Grande (Rio Grande do Sul),562.2083333333333
Caputira (Minas Gerais),557.2083333333334
Realeza (Parana),554.4166666666667
Bela Vista da Caroba (Parana),553.5
Itaborai (Rio de Janeiro),552.7083333333334
Joviania (Goias),552.25
Arvoredo (Santa Catarina),551.8333333333333
Cerqueira Cesar (Sao Paulo),551.375
Cascavel (Parana),551.0416666666667
Itamarandiba (Minas Gerais),550.4166666666667
Boa Vista da Aparecida (Parana),549.625
Tupassi (Parana),547.8333333333333
Vermelho Novo (Minas Gerais),547.2083333333333
Aguas de Santa Barbara (Sao Paulo),545.5416666666666
Manhuacu (Minas Gerais),545.2083333333333
Portao (Rio Grande do Sul),543.125
Veredinha (Minas Gerais),541.4166666666667
Maripa (Parana),541.0833333333333
Cafelandia (Parana),539.4166666666666
Nova Vicosa (Bahia),539.2916666666667
Oleo (Sao Paulo),539.2916666666667
Corumbaiba (Goias),538.7916666666666
Ararica (Rio Grande do Sul),537.2083333333333
Sapiranga (Rio Grande do Sul),537.2083333333333
Nova Santa Rosa (Parana),536.9583333333333
Nova Prata do Iguacu (Parana),534.75
Santa Izabel do Oeste (Parana),534.5416666666666
Pranchita (Parana),533.6666666666667
Pires do Rio (Goias),531.625
Turmalina (Minas Gerais),530.875
Colonia do Gurgueia (Piaui),530.7083333333334
Iaras (Sao Paulo),529.7916666666666
Piraju (Sao Paulo),529.3333333333334
Sete Quedas (Mato Grosso do Sul),528.9583333333333
Matipo (Minas Gerais),523.5416666666667
Santa Barbara do Leste (Minas Gerais),523.3333333333333
Assis Chateaubriand (Parana),521.3333333333333
Corbelia (Parana),520.5416666666666
Matutina (Minas Gerais),520.375
Aricanduva (Minas Gerais),519.5833333333334
Tres Barras do Parana (Parana),517.625
Ampere (Parana),517.0416666666667
Jesuitas (Parana),516.9583333333333
Santa Margarida (Minas Gerais),516.625
Iracema do Oeste (Parana),516.4583333333333
Raul Soares (Minas Gerais),516.3333333333333
Simonesia (Minas Gerais),516.3333333333333
Nova Aurora (Parana),516.0416666666666
Orizona (Goias),514.9166666666667
Sao Joao do Manhuacu (Minas Gerais),514.625
Bernardino de Campos (Sao Paulo),514.5
Japora (Mato Grosso do Sul),513.7083333333334
Senador Modestino Goncalves (Minas Gerais),513.7083333333333
Urucuia (Minas Gerais),513.6666666666667
Paranhos (Mato Grosso do Sul),513.375
Anahy (Parana),512.4166666666666
Catanduvas (Parana),511.5
Tacuru (Mato Grosso do Sul),510.4166666666667
Abreulandia (Tocantins),508.75
Braganey (Parana),508.5416666666667
Gramado (Rio Grande do Sul),508.0416666666667
Santa Rita de Minas (Minas Gerais),507.875
Cordilheira Alta (Santa Catarina),507.8333333333333
Guaira (Parana),507.2916666666667
Santo Antonio do Sudoeste (Parana),506.8333333333333
Salto do Lontra (Parana),506.25
Reduto (Minas Gerais),505.625
Sao Leopoldo (Rio Grande do Sul),505.58333333333337
Iguatu (Parana),503.29166666666663
Sarutaia (Sao Paulo),503.1666666666667
Edeia (Goias),502.4583333333333
Indiara (Goias),502.4166666666667
Boa Esperanca do Iguacu (Parana),502.2083333333333
Pedro Leopoldo (Minas Gerais),501.79166666666663
Formosa do Oeste (Parana),501.7083333333333
Jordania (Minas Gerais),501.16666666666663
Coronel Sapucaia (Mato Grosso do Sul),501.0416666666667
Cedro do Abaete (Minas Gerais),500.08333333333337
Ribeirao das Neves (Minas Gerais),499.16666666666663
Santa Cruz de Goias (Goias),498.8333333333333
Luzinopolis (Tocantins),498.75
Prado (Bahia),498.16666666666663
Brasilandia do Sul (Parana),497.20833333333337
Quarto Centenario (Parana),497.04166666666663
Iguai (Bahia),496.875
Serra da Saudade (Minas Gerais),496.5
Pocoes (Bahia),496.16666666666663
Timburi (Sao Paulo),496.0416666666667
Corrego Novo (Minas Gerais),495.95833333333337
Frei Lagonegro (Minas Gerais),495.875
Moreira Sales (Parana),494.75
Icaraima (Parana),494.0
Alto Piquiri (Parana),493.1666666666667
Lupercio (Sao Paulo),493.0416666666667
Cafezal do Sul (Parana),491.70833333333337
Bom Jesus do Sul (Parana),490.83333333333337
Maiquinique (Bahia),490.66666666666663
Santa Cruz do Rio Pardo (Sao Paulo),490.3333333333333
Terra Roxa (Parana),490.29166666666663
Palotina (Parana),490.29166666666663
Abre Campo (Minas Gerais),490.25
Janiopolis (Parana),490.25
Mundo Novo (Mato Grosso do Sul),490.20833333333337
Sao Gotardo (Minas Gerais),490.04166666666663
Novo Hamburgo (Rio Grande do Sul),489.5416666666667
Acreuna (Goias),489.1666666666667
Alto Paraiso (Parana),489.16666666666663
Chapada Gaucha (Minas Gerais),488.7916666666667
Cruzeiro do Iguacu (Parana),488.5833333333333
Eldorado (Mato Grosso do Sul),488.375
Santa Barbara dOeste (Sao Paulo),488.375
Ipaussu (Sao Paulo),487.25
Cruzeiro do Oeste (Parana),486.9166666666667
Bom Jesus do Galho (Minas Gerais),486.83333333333337
Umuarama (Parana),486.66666666666663
Coluna (Minas Gerais),486.5
Xambre (Parana),486.375
Nova Esperanca do Sudoeste (Parana),486.0
Sao Jose do Jacuri (Minas Gerais),485.91666666666663
Manhumirim (Minas Gerais),485.7916666666667
Perobal (Parana),485.75
Mariluz (Parana),485.7083333333333
Campo Bonito (Parana),485.5
Ivate (Parana),485.04166666666663
Turvelandia (Goias),483.9583333333333
Maria Helena (Parana),483.5
Espirito Santo do Turvo (Sao Paulo),483.16666666666663
Iguaba Grande (Rio de Janeiro),483.125
Sao Pedro da Aldeia (Rio de Janeiro),482.9583333333333
Sao Sebastiao do Maranhao (Minas Gerais),482.45833333333337
Flores de Goias (Goias),482.4166666666667
Tejupa (Sao Paulo),481.58333333333337
Americana (Sao Paulo),481.58333333333337
Douradina (Parana),481.54166666666663
Iguatemi (Mato Grosso do Sul),481.4583333333333
Santana do Manhuacu (Minas Gerais),481.41666666666663
Edealina (Goias),480.7083333333333
Pingo dAgua (Minas Gerais),480.66666666666663
Quartel Geral (Minas Gerais),480.2916666666667
Itaquirai (Mato Grosso do Sul),480.0416666666667
Alvinlandia (Sao Paulo),479.75
Ocaucu (Sao Paulo),479.75
Santa Helena de Goias (Goias),479.625
Contagem (Minas Gerais),479.58333333333337
Altonia (Parana),479.25
Querencia do Norte (Parana),479.16666666666663
Alvorada do Norte (Goias),479.125
Maurilandia (Goias),478.875
Campos Novos Paulista (Sao Paulo),478.83333333333337
Aral Moreira (Mato Grosso do Sul),478.5833333333333
Joanesia (Minas Gerais),478.375
Ubirajara (Sao Paulo),478.20833333333337
Sao Pedro do Turvo (Sao Paulo),477.95833333333337
Jerumenha (Piaui),477.4166666666667
Capim Branco (Minas Gerais),477.20833333333337
Sao Pedro do Suacui (Minas Gerais),477.16666666666663
Ipora (Parana),476.66666666666663
Sao Jorge do Patrocinio (Parana),476.54166666666663
Perola (Parana),476.54166666666663
Esperanca Nova (Parana),476.54166666666663
Pontalina (Goias),476.16666666666663
Timoteo (Minas Gerais),476.0833333333333
Ubirata (Parana),475.8333333333333
Coronel Fabriciano (Minas Gerais),475.625
Piedade de Caratinga (Minas Gerais),475.5416666666667
Santo Antonio da Barra (Goias),475.5
Itarantim (Bahia),475.4583333333333
Ibema (Parana),474.79166666666663
Fartura (Sao Paulo),474.6666666666667
Aloandia (Goias),474.5416666666667
Ribeirao do Sul (Sao Paulo),473.875
Porteirao (Goias),473.5
Jaguaracu (Minas Gerais),473.4583333333333
Ourinhos (Sao Paulo),473.3333333333333
Santa Cruz de Monte Castelo (Parana),473.20833333333337
Francisco Alves (Parana),473.0
Navirai (Mato Grosso do Sul),472.5416666666667
Vespasiano (Minas Gerais),472.45833333333337
Rancho Alegre DOeste (Parana),472.3333333333333
Goioere (Parana),472.25
Parobe (Rio Grande do Sul),472.25
Esmeraldas (Minas Gerais),471.875
Confins (Minas Gerais),471.875
Sao Jose da Lapa (Minas Gerais),471.875
Icem (Sao Paulo),471.83333333333337
Amambai (Mato Grosso do Sul),471.79166666666663
Guariba (Sao Paulo),471.70833333333337
Formoso (Minas Gerais),471.41666666666663
Paulistas (Minas Gerais),471.2083333333333
Sao Joao Evangelista (Minas Gerais),470.91666666666663
Cantagalo (Minas Gerais),470.91666666666663
Sumare (Sao Paulo),470.875
Limeira (Sao Paulo),470.8333333333333
Lucianopolis (Sao Paulo),470.7916666666667
Ibirarema (Sao Paulo),470.66666666666663
Luisburgo (Minas Gerais),470.625
Fronteira (Minas Gerais),470.5416666666667
Martins Soares (Minas Gerais),470.5
Tuneiras do Oeste (Parana),470.4166666666667
Prudente de Morais (Minas Gerais),470.2916666666667
Sao Pedro dos Ferros (Minas Gerais),470.29166666666663
Mirante (Bahia),469.625
Quedas do Iguacu (Parana),469.25
Chavantes (Sao Paulo),468.58333333333337
Canitar (Sao Paulo),468.58333333333337
Lajeado Grande (Santa Catarina),468.5416666666667
Tapejara (Parana),468.1666666666667
Betim (Minas Gerais),468.0
Taguai (Sao Paulo),468.0
Nova Odessa (Sao Paulo),467.7916666666667
Dois Vizinhos (Parana),467.25
Dores de Guanhaes (Minas Gerais),467.25
Carmesia (Minas Gerais),467.08333333333337
Braunas (Minas Gerais),467.0416666666667
Igrejinha (Rio Grande do Sul),466.625
Vera Cruz (Sao Paulo),466.4166666666667
Garca (Sao Paulo),466.125
Guanhaes (Minas Gerais),465.75
Ferros (Minas Gerais),465.70833333333337
Jandaia (Goias),465.375
Divinolandia de Minas (Minas Gerais),465.125
Virginopolis (Minas Gerais),465.125
Dom Joaquim (Minas Gerais),465.0
Gonzaga (Minas Gerais),465.0
Sardoa (Minas Gerais),464.95833333333337
Santa Terezinha do Tocantins (Tocantins),464.54166666666663
Castelandia (Goias),464.25
Arapua (Minas Gerais),464.25
Ipatinga (Minas Gerais),464.04166666666663
Joao Costa (Piaui),463.95833333333337
Santana do Paraiso (Minas Gerais),463.75
Entre Folhas (Minas Gerais),463.5833333333333
Vargem Alegre (Minas Gerais),463.4583333333333
Boa Esperanca (Parana),463.41666666666663
Senhora do Porto (Minas Gerais),463.3333333333333
Coroaci (Minas Gerais),463.20833333333337
Quirinopolis (Goias),462.625
Paulistania (Sao Paulo),462.625
Santa Luzia (Minas Gerais),462.58333333333337
Matozinhos (Minas Gerais),462.45833333333337
Lagoa Santa (Minas Gerais),462.45833333333337
Vere (Parana),462.4583333333333
Pecanha (Minas Gerais),462.375
Juranda (Parana),462.3333333333333
Santa Barbara do Tugurio (Minas Gerais),462.20833333333337
Ribeirao Claro (Parana),461.5416666666667
Laguna Carapa (Mato Grosso do Sul),461.5416666666667
Capelinha (Minas Gerais),460.9166666666667
Rio Vermelho (Minas Gerais),460.6666666666667
Marilia (Sao Paulo),460.0833333333333
Echapora (Sao Paulo),460.0833333333333
Caratinga (Minas Gerais),459.9583333333333
Ubaporanga (Minas Gerais),459.9583333333333
Estrela do Indaia (Minas Gerais),459.5416666666667
Santa Rosa da Serra (Minas Gerais),459.45833333333337
Santa Efigenia de Minas (Minas Gerais),459.33333333333337
Platina (Sao Paulo),459.3333333333333
Sao Geraldo da Piedade (Minas Gerais),459.25
Acucena (Minas Gerais),458.25
Palmital (Sao Paulo),458.0833333333333
Urutai (Goias),458.0416666666667
Felicio dos Santos (Minas Gerais),458.0416666666667
Mambore (Parana),457.7916666666667
Gouvelandia (Goias),457.6666666666667
Farol (Parana),457.5
Sao Jorge dOeste (Parana),457.5
Virgolandia (Minas Gerais),457.375
Belo Horizonte (Minas Gerais),457.375
Campina da Lagoa (Parana),457.375
Santa Fe de Goias (Goias),457.3333333333333
Sabinopolis (Minas Gerais),457.125
Mesquita (Minas Gerais),456.95833333333337
Santana do Riacho (Minas Gerais),456.91666666666663
Jequitiba (Minas Gerais),456.875
Bugre (Minas Gerais),456.75
Ipaba (Minas Gerais),456.75
Salto Grande (Sao Paulo),456.625
Jatei (Mato Grosso do Sul),456.54166666666663
Jaboticabal (Sao Paulo),456.5
Marema (Santa Catarina),455.875
Arandu (Sao Paulo),455.875
Nova Olimpia (Parana),454.91666666666663
Barracao (Parana),454.875
Eneas Marques (Parana),454.41666666666663
Princesa (Santa Catarina),454.29166666666663
Sete Lagoas (Minas Gerais),454.20833333333337
Belo Oriente (Minas Gerais),454.0
Oriente (Sao Paulo),453.9583333333333
Tapira (Parana),453.9166666666667
Agua Boa (Minas Gerais),453.6666666666667
Oscar Bressane (Sao Paulo),453.5833333333333
Caarapo (Mato Grosso do Sul),453.5
Rio das Pedras (Sao Paulo),453.25
Pedra Bonita (Minas Gerais),453.25
Passabem (Minas Gerais),453.08333333333337
Cabralia Paulista (Sao Paulo),452.6666666666667
Guaraniacu (Parana),452.4166666666667
Agudos (Sao Paulo),452.375
Jose Raydan (Minas Gerais),452.2916666666667
Coronel Macedo (Sao Paulo),452.2916666666667
Santa Maria do Suacui (Minas Gerais),452.125
Santa Maria de Itabira (Minas Gerais),452.125
Fernao (Sao Paulo),451.83333333333337
Paranaiguara (Goias),451.66666666666663
Nova Canaa (Bahia),451.66666666666663
Pinhal de Sao Bento (Parana),451.5833333333333
Rio Verde (Goias),451.4583333333333
Nacip Raydan (Minas Gerais),451.04166666666663
Goiatuba (Goias),450.95833333333337
Cidade Gaucha (Parana),450.58333333333337
Barao de Antonina (Sao Paulo),450.375
Iracemapolis (Sao Paulo),449.875
Fatima do Sul (Mato Grosso do Sul),449.7916666666667
Gloria de Dourados (Mato Grosso do Sul),449.7916666666667
Cambara (Parana),449.7083333333333
Professor Jamil (Goias),449.16666666666663
Sao Sebastiao do Rio Preto (Minas Gerais),449.125
Morro do Pilar (Minas Gerais),449.04166666666663
Marlieria (Minas Gerais),448.7083333333333
Serranopolis (Goias),448.6666666666667
Santa Isabel do Ivai (Parana),448.2916666666667
Paulinia (Sao Paulo),448.16666666666663
Vicentina (Mato Grosso do Sul),448.16666666666663
Durande (Minas Gerais),447.91666666666663
Galia (Sao Paulo),447.875
Oliveira Fortes (Minas Gerais),447.375
Novo Horizonte do Sul (Mato Grosso do Sul),446.95833333333337
Cosmopolis (Sao Paulo),446.83333333333337
Inhauma (Minas Gerais),446.83333333333337
Sao Jose da Safira (Minas Gerais),446.75
Porto Rico (Parana),446.58333333333337
Iapu (Minas Gerais),446.4166666666667
Cachoeira Alta (Goias),446.1666666666667
Cordisburgo (Minas Gerais),446.08333333333337
Alvaro de Carvalho (Sao Paulo),445.7916666666667
Marilac (Minas Gerais),445.54166666666663
Conceicao do Mato Dentro (Minas Gerais),445.5
Juatuba (Minas Gerais),445.45833333333337
Faxinal dos Guedes (Santa Catarina),445.45833333333337
Itambe do Mato Dentro (Minas Gerais),445.04166666666663
Nova Granada (Sao Paulo),444.75
Santa Monica (Parana),444.66666666666663
Duartina (Sao Paulo),444.625
Borebi (Sao Paulo),444.625
Antonio Dias (Minas Gerais),444.54166666666663
Baldim (Minas Gerais),443.66666666666663
Conchas (Sao Paulo),443.41666666666663
Carlopolis (Parana),443.375
Cianorte (Parana),443.125
Jacarezinho (Parana),443.0833333333333
Dores do Indaia (Minas Gerais),442.79166666666663
Ingai (Minas Gerais),442.79166666666663
Bom Jesus de Goias (Goias),442.75
Capela de Santana (Rio Grande do Sul),442.6666666666667
Aracai (Minas Gerais),442.25
Chapeco (Santa Catarina),441.91666666666663
Santana de Pirapama (Minas Gerais),441.79166666666663
Rio Casca (Minas Gerais),441.66666666666663
Araruna (Parana),441.625
Taquarituba (Sao Paulo),441.41666666666663
Dionisio (Minas Gerais),441.2083333333333
Sao Jose do Goiabal (Minas Gerais),441.2083333333333
Palestina (Sao Paulo),441.08333333333337
Rondon (Parana),440.7916666666667
Curvelo (Minas Gerais),440.0
Inimutaba (Minas Gerais),439.83333333333337
Chapada da Natividade (Tocantins),439.5833333333333
Santa Ernestina (Sao Paulo),439.16666666666663
Monte Mor (Sao Paulo),439.0
Iaciara (Goias),438.75
Paraopeba (Minas Gerais),438.58333333333337
Sao Goncalo do Rio Preto (Minas Gerais),438.4166666666667
Itapagipe (Minas Gerais),438.375
Santo Antonio do Rio Abaixo (Minas Gerais),438.125
Jaboticatubas (Minas Gerais),438.125
Cachoeira da Prata (Minas Gerais),438.0
Montividiu (Goias),437.9166666666667
Funilandia (Minas Gerais),437.75
Fortuna de Minas (Minas Gerais),437.5
Juti (Mato Grosso do Sul),437.41666666666663
Aparecida do Rio Doce (Goias),437.375
Campos Altos (Minas Gerais),437.1666666666667
Nova Cantu (Parana),437.0416666666667
Sao Domingos das Dores (Minas Gerais),436.75
Riolandia (Sao Paulo),436.70833333333337
Limeira do Oeste (Minas Gerais),436.625
Alto Jequitiba (Minas Gerais),436.41666666666663
Sao Jose do Mantimento (Minas Gerais),436.33333333333337
Orizania (Minas Gerais),436.25
Guaraci (Sao Paulo),436.1666666666667
Anhembi (Sao Paulo),436.16666666666663
Sobralia (Minas Gerais),436.16666666666663
Sericita (Minas Gerais),436.125
Congonhas do Norte (Minas Gerais),435.79166666666663
Sao Simao (Goias),435.625
Altair (Sao Paulo),435.625
Elias Fausto (Sao Paulo),435.125
Serra Azul de Minas (Minas Gerais),434.5416666666667
Materlandia (Minas Gerais),434.5
Periquito (Minas Gerais),434.2083333333333
Caetanopolis (Minas Gerais),434.16666666666663
Barrinha (Sao Paulo),434.0416666666667
Sao Sebastiao do Anta (Minas Gerais),433.79166666666663
Mirassolandia (Sao Paulo),433.70833333333337
Florestal (Minas Gerais),433.5833333333333
Altamira do Parana (Parana),433.5416666666667
Alvorada de Minas (Minas Gerais),433.41666666666663
Rio Paranaiba (Minas Gerais),433.1666666666667
Mombuca (Sao Paulo),433.16666666666663
Motuca (Sao Paulo),433.0
Guaimbe (Sao Paulo),433.0
Vargeao (Santa Catarina),432.95833333333337
Lagoinha (Sao Paulo),432.7916666666667
Pradopolis (Sao Paulo),432.45833333333337
Cezarina (Goias),432.33333333333337
Paiva (Minas Gerais),432.25
Inhumas (Goias),432.125
Hortolandia (Sao Paulo),432.0833333333333
Sao Jose do Norte (Rio Grande do Sul),432.0416666666667
Parauna (Goias),432.0
Planaltina do Parana (Parana),431.75
Uniao de Minas (Minas Gerais),431.5833333333333
Jau (Sao Paulo),431.54166666666663
Taquaracu de Minas (Minas Gerais),431.3333333333333
Imbe de Minas (Minas Gerais),431.08333333333337
Ituacu (Bahia),430.875
Dourado (Sao Paulo),430.375
Mira Estrela (Sao Paulo),430.0416666666667
Salto do Itarare (Parana),430.0416666666667
Getulina (Sao Paulo),429.66666666666663
Arraial do Cabo (Rio de Janeiro),429.58333333333337
Sao Jose da Varginha (Minas Gerais),429.54166666666663
Orindiuva (Sao Paulo),429.41666666666663
Ibirapua (Bahia),429.20833333333337
Cacu (Goias),428.70833333333337
Esteio (Rio Grande do Sul),428.625
Sapucaia do Sul (Rio Grande do Sul),428.625
Mario Campos (Minas Gerais),428.54166666666663
Taquarussu (Mato Grosso do Sul),428.54166666666663
Sarzedo (Minas Gerais),428.54166666666663
Tiros (Minas Gerais),428.5
Iturama (Minas Gerais),428.5
Juara (Mato Grosso),428.375
Joaquim Tavora (Parana),428.3333333333333
Cardoso (Sao Paulo),428.29166666666663
Desterro do Melo (Minas Gerais),428.25
Carrancas (Minas Gerais),427.75
Sao Pedro do Parana (Parana),427.75
Corrego Danta (Minas Gerais),427.66666666666663
Capivari (Sao Paulo),427.45833333333337
Loanda (Parana),427.2916666666667
Rafard (Sao Paulo),427.29166666666663
Onda Verde (Sao Paulo),427.20833333333337
Crominia (Goias),426.79166666666663
Ferreira Gomes (Amapa),426.5
Cristianopolis (Goias),426.375
Naque (Minas Gerais),426.25
Ouroeste (Sao Paulo),426.20833333333337
Mairipotaba (Goias),426.2083333333333
Julio Mesquita (Sao Paulo),426.16666666666663
Diamante do Sul (Parana),425.91666666666663
Guaporema (Parana),425.875
Sao Francisco de Sales (Minas Gerais),425.54166666666663
Ibirite (Minas Gerais),425.04166666666663
Assis (Sao Paulo),424.8333333333333
Inaciolandia (Goias),424.625
Cordeiropolis (Sao Paulo),424.5833333333333
Tres Coroas (Rio Grande do Sul),424.5416666666667
Vereda (Bahia),424.41666666666663
Inhapim (Minas Gerais),424.25
Populina (Sao Paulo),424.2083333333333
Indiapora (Sao Paulo),424.1666666666667
Indianopolis (Parana),424.16666666666663
Saltinho (Sao Paulo),424.04166666666663
Sao Tome (Parana),423.875
Paulo de Faria (Sao Paulo),423.75
Guaraciama (Minas Gerais),423.7083333333333
Manfrinopolis (Parana),423.625
Aparecida (Sao Paulo),423.5416666666667
Sabara (Minas Gerais),423.3333333333333
Campo Alegre de Goias (Goias),423.25
Santo Antonio do Itambe (Minas Gerais),423.20833333333337
Pedranopolis (Sao Paulo),423.08333333333337
Pontes Gestal (Sao Paulo),423.0
Serro (Minas Gerais),422.375
Sao Joaquim de Bicas (Minas Gerais),422.3333333333333
Presidente Kubitschek (Minas Gerais),422.3333333333333
Presidente Juscelino (Minas Gerais),422.20833333333337
Morro da Garca (Minas Gerais),422.20833333333337
Santa Gertrudes (Sao Paulo),421.9166666666667
Tangua (Rio de Janeiro),421.7916666666667
Piracicaba (Sao Paulo),421.41666666666663
Farroupilha (Rio Grande do Sul),421.2083333333333
Itiquira (Mato Grosso),421.16666666666663
Ilha Solteira (Sao Paulo),421.125
Santo Antonio da Platina (Parana),421.08333333333337
Lagoa Santa (Goias),421.0
Lutecia (Sao Paulo),420.9583333333333
Nova Roma (Goias),420.8333333333333
Paineiras (Minas Gerais),420.79166666666663
Ivinhema (Mato Grosso do Sul),420.6666666666667
Piratininga (Sao Paulo),420.625
Guapirama (Parana),420.5
Varjao (Goias),420.45833333333337
Ouro Verde (Santa Catarina),420.41666666666663
Quatigua (Parana),420.2916666666667
Maravilhas (Minas Gerais),420.0
Itaporanga (Sao Paulo),419.9583333333333
Santa Clara dOeste (Sao Paulo),419.9166666666667
Papagaios (Minas Gerais),419.79166666666663
Salgado Filho (Parana),419.625
Salto (Sao Paulo),419.41666666666663
Dionisio Cerqueira (Santa Catarina),419.25
Americo de Campos (Sao Paulo),419.16666666666663
Carneirinho (Minas Gerais),418.95833333333337
Aparecida do Taboado (Mato Grosso do Sul),418.6666666666667
Itaja (Goias),418.58333333333337
Santo Antonio do Grama (Minas Gerais),418.5
Magda (Sao Paulo),418.375
Barra do Jacare (Parana),418.2916666666667
Indaiatuba (Sao Paulo),418.2916666666667
Alvares Florence (Sao Paulo),418.20833333333337
Jussara (Goias),418.2083333333333
Santa Vitoria (Minas Gerais),418.16666666666663
Capao do Leao (Rio Grande do Sul),417.75
Angelandia (Minas Gerais),417.625
Ipigua (Sao Paulo),417.58333333333337
Santa Fe do Sul (Sao Paulo),417.4583333333333
Taiuva (Sao Paulo),417.29166666666663
Engenheiro Coelho (Sao Paulo),417.25
Rubineia (Sao Paulo),417.0
Porto Feliz (Sao Paulo),416.9583333333333
Sao Joao do Oriente (Minas Gerais),416.9166666666667
Macedonia (Sao Paulo),416.7916666666667
Promissao (Sao Paulo),416.625
Conego Marinho (Minas Gerais),416.5
Espigao Alto do Iguacu (Parana),416.29166666666663
Lencois Paulista (Sao Paulo),416.25
Luminarias (Minas Gerais),416.16666666666663
Taquara (Rio Grande do Sul),415.8333333333333
Itaruma (Goias),415.33333333333337
Pequi (Minas Gerais),415.2916666666667
Tanabi (Sao Paulo),415.04166666666663
Dois Corregos (Sao Paulo),414.95833333333337
Dom Cavati (Minas Gerais),414.9166666666667
Piracanjuba (Goias),414.91666666666663
Queiroz (Sao Paulo),414.875
Ipameri (Goias),414.7083333333333
Lins (Sao Paulo),414.625
Coronel Freitas (Santa Catarina),414.4583333333333
Guaicara (Sao Paulo),414.33333333333337
Couto de Magalhaes de Minas (Minas Gerais),414.2916666666667
Pompeia (Sao Paulo),414.25
Abaete (Minas Gerais),414.16666666666663
Igarape (Minas Gerais),414.125
Campina Verde (Minas Gerais),414.0833333333333
Sao Manoel do Parana (Parana),413.875
Cosmorama (Sao Paulo),413.79166666666663
Agua Limpa (Goias),413.75
Caetanos (Bahia),413.3333333333333
Wall Ferraz (Piaui),413.2916666666667
Guarani dOeste (Sao Paulo),412.70833333333337
Ubarana (Sao Paulo),412.5
Meridiano (Sao Paulo),412.125
Bom Jesus (Santa Catarina),412.0416666666667
Adolfo (Sao Paulo),411.9166666666667
Guapiacu (Sao Paulo),411.91666666666663
Paranaiba (Mato Grosso do Sul),411.8333333333333
Santana do Itarare (Parana),411.79166666666663
Siqueira Campos (Parana),411.625
Santana da Ponte Pensa (Sao Paulo),411.5
Santa Salete (Sao Paulo),411.5
Quintana (Sao Paulo),411.4166666666667
Malacacheta (Minas Gerais),411.375
Bandeirantes (Parana),411.33333333333337
Sao Jose do Rio Preto (Sao Paulo),411.08333333333337
Dolcinopolis (Sao Paulo),411.08333333333337
Itai (Sao Paulo),410.95833333333337
Tres Fronteiras (Sao Paulo),410.875
Botumirim (Minas Gerais),410.8333333333333
Pompeu (Minas Gerais),410.70833333333337
Palmeira dOeste (Sao Paulo),410.6666666666667
Mineiros do Tiete (Sao Paulo),410.5833333333333
Valentim Gentil (Sao Paulo),410.4166666666667
Santa Rita dOeste (Sao Paulo),410.20833333333337
Alto Caparao (Minas Gerais),410.0416666666667
Marinopolis (Sao Paulo),410.0416666666667
Pontalinda (Sao Paulo),409.91666666666663
Turmalina (Sao Paulo),409.91666666666663
Tiete (Sao Paulo),409.75
Canela (Rio Grande do Sul),409.75
Divino (Minas Gerais),409.70833333333337
Sao Jose do Cedro (Santa Catarina),409.625
Alfredo Vasconcelos (Minas Gerais),409.5
Sao Joao da Parauna (Goias),409.5
Floreal (Sao Paulo),409.4166666666667
Jussara (Parana),409.375
Boituva (Sao Paulo),409.25
Sabino (Sao Paulo),409.2083333333333
Sao Romao (Minas Gerais),409.16666666666663
Francisco Beltrao (Parana),409.125
Alpercata (Minas Gerais),409.04166666666663
Engenheiro Caldas (Minas Gerais),409.0
Planalto (Bahia),408.9583333333333
Selviria (Mato Grosso do Sul),408.875
Terra Boa (Parana),408.7916666666667
Sao Joao de Iracema (Sao Paulo),408.625
Rio Bonito do Iguacu (Parana),408.625
Jundiai do Sul (Parana),408.58333333333337
Vitoria Brasil (Sao Paulo),408.375
Fernandopolis (Sao Paulo),408.2916666666667
Suzanapolis (Sao Paulo),408.16666666666663
Aspasia (Sao Paulo),407.9166666666667
Planalto (Sao Paulo),407.9166666666667
Governador Valadares (Minas Gerais),407.875
Campinas (Sao Paulo),407.7083333333333
Ipero (Sao Paulo),407.6666666666667
Pereiras (Sao Paulo),407.54166666666663
Guatambu (Santa Catarina),407.4583333333333
Nova Canaa Paulista (Sao Paulo),407.0833333333333
Parisi (Sao Paulo),407.0416666666667
Sulina (Parana),406.91666666666663
Minas Novas (Minas Gerais),406.375
Sao Joao (Parana),406.375
Barbosa (Sao Paulo),406.29166666666663
Urania (Sao Paulo),406.25
Sao Francisco (Sao Paulo),406.25
Porangaba (Sao Paulo),406.04166666666663
Guarara (Minas Gerais),405.91666666666663
Paracatu (Minas Gerais),405.79166666666663
Jales (Sao Paulo),405.75
Japura (Parana),405.75
Alto Alegre do Pindare (Maranhao),405.66666666666663
Balsamo (Sao Paulo),405.66666666666663
Alvarenga (Minas Gerais),405.5
Paranapua (Sao Paulo),405.375
Natividade (Tocantins),405.33333333333337
Mesopolis (Sao Paulo),405.3333333333333
Tarumirim (Minas Gerais),405.29166666666663
Ipanema (Minas Gerais),405.125
Fernandes Tourinho (Minas Gerais),405.04166666666663
Nova Lima (Minas Gerais),404.8333333333333
Xanxere (Santa Catarina),404.70833333333337
Flor da Serra do Sul (Parana),404.33333333333337
Araruama (Rio de Janeiro),404.2916666666667
Sorocaba (Sao Paulo),404.2916666666667
Caete (Minas Gerais),404.25
Itabira (Minas Gerais),404.0416666666667
Nhandeara (Sao Paulo),403.95833333333337
Para de Minas (Minas Gerais),403.7916666666667
Laranjal Paulista (Sao Paulo),403.66666666666663
Mateus Leme (Minas Gerais),403.375
Santa Albertina (Sao Paulo),403.33333333333337
Roncador (Parana),403.2916666666667
Estrela dOeste (Sao Paulo),403.2916666666667
Antonio Joao (Mato Grosso do Sul),403.25
Santa Maria da Serra (Sao Paulo),402.83333333333337
Raposos (Minas Gerais),402.8333333333333
Sao Joao das Duas Pontes (Sao Paulo),402.79166666666663
Jequeri (Minas Gerais),402.66666666666663
Artur Nogueira (Sao Paulo),402.5833333333333
Cachoeira de Goias (Goias),402.54166666666663
Charqueada (Sao Paulo),402.45833333333337
Caiaponia (Goias),402.45833333333337
Peabiru (Parana),402.375
Jumirim (Sao Paulo),402.2916666666667
Cerquilho (Sao Paulo),402.2916666666667
Avanhandava (Sao Paulo),402.29166666666663
Santa Cruz do Escalvado (Minas Gerais),402.29166666666663
Piedade de Ponte Nova (Minas Gerais),402.29166666666663
Sales (Sao Paulo),402.29166666666663
Jaguariuna (Sao Paulo),402.2083333333333
Holambra (Sao Paulo),402.2083333333333
Mairinque (Sao Paulo),402.0416666666667
Nova Uniao (Minas Gerais),401.83333333333337
Sem-Peixe (Minas Gerais),401.70833333333337
Simolandia (Goias),401.66666666666663
Aurilandia (Goias),401.625
Amapora (Parana),401.4166666666667
Tapirai (Minas Gerais),401.375
Iuna (Espirito Santo),401.33333333333337
Monte Alto (Sao Paulo),401.29166666666663
Lucas do Rio Verde (Mato Grosso),401.29166666666663
Onca de Pitangui (Minas Gerais),401.16666666666663
Leme do Prado (Minas Gerais),401.0416666666667
Luz (Minas Gerais),401.0
Uniao Paulista (Sao Paulo),401.0
Panama (Goias),400.95833333333337
Laranjal (Parana),400.79166666666663
Diorama (Goias),400.70833333333337
Senhora dos Remedios (Minas Gerais),400.66666666666663
Nova Santa Rita (Rio Grande do Sul),400.5833333333333
Pancas (Espirito Santo),400.4583333333333
Mirador (Parana),400.33333333333337
Conselheiro Mairinck (Parana),400.29166666666663
Montes Claros de Goias (Goias),400.25
Luiziana (Parana),400.08333333333337
Aguas de Sao Pedro (Sao Paulo),399.875
Chale (Minas Gerais),399.83333333333337
Sitio dAbadia (Goias),399.75
Nipoa (Sao Paulo),399.4583333333333
Conceicao de Ipanema (Minas Gerais),399.41666666666663
Riversul (Sao Paulo),399.33333333333337
Minduri (Minas Gerais),399.25
Guaranta (Sao Paulo),399.1666666666667
Andira (Parana),399.08333333333337
Presidente Alves (Sao Paulo),399.0833333333333
Votorantim (Sao Paulo),398.7083333333333
Ipiacu (Minas Gerais),398.54166666666663
Paraiso do Norte (Parana),398.33333333333337
Moncoes (Sao Paulo),398.29166666666663
Tomazina (Parana),398.25
Jose Bonifacio (Sao Paulo),398.25
Itu (Sao Paulo),398.20833333333337
Cachoeira Dourada (Goias),398.0
Cafelandia (Sao Paulo),397.875
Frutal (Minas Gerais),397.875
Diamantina (Minas Gerais),397.66666666666663
Martinho Campos (Minas Gerais),397.4583333333333
Sao Goncalo do Rio Abaixo (Minas Gerais),397.20833333333337
Mucum (Rio Grande do Sul),397.2083333333333
Santa Tereza (Rio Grande do Sul),397.2083333333333
Bofete (Sao Paulo),396.83333333333337
Datas (Minas Gerais),396.79166666666663
Capela do Alto (Sao Paulo),396.5416666666667
Jatai (Goias),396.5416666666667
Tufilandia (Maranhao),396.54166666666663
Macatuba (Sao Paulo),396.54166666666663
Urucania (Minas Gerais),396.4583333333333
Roseira (Sao Paulo),396.25
Sonora (Mato Grosso do Sul),396.20833333333337
Torrinha (Sao Paulo),396.2083333333333
Ponta Pora (Mato Grosso do Sul),396.16666666666663
Tupandi (Rio Grande do Sul),396.16666666666663
Araras (Sao Paulo),395.70833333333337
Itapura (Sao Paulo),395.7083333333333
Candido Mota (Sao Paulo),395.66666666666663
Herculandia (Sao Paulo),395.625
Aluminio (Sao Paulo),395.58333333333337
Sao Manuel (Sao Paulo),395.29166666666663
Carmo do Paranaiba (Minas Gerais),395.29166666666663
Turiuba (Sao Paulo),395.25
Nova Laranjeiras (Parana),395.20833333333337
Dumont (Sao Paulo),395.125
Mato Rico (Parana),395.08333333333337
Sao Domingos do Prata (Minas Gerais),395.0
Ponte Preta (Rio Grande do Sul),395.0
Jaci (Sao Paulo),394.9583333333333
Biquinhas (Minas Gerais),394.70833333333337
Sertaozinho (Sao Paulo),394.70833333333337
Setubinha (Minas Gerais),394.58333333333337
Salto de Pirapora (Sao Paulo),394.4166666666667
Votuporanga (Sao Paulo),394.33333333333337
Aracoiaba da Serra (Sao Paulo),394.3333333333333
Mirassol (Sao Paulo),394.20833333333337
Tatui (Sao Paulo),394.1666666666667
Abatia (Parana),394.16666666666663
Nova Era (Minas Gerais),394.16666666666663
Itabera (Sao Paulo),394.08333333333337
Itanhomi (Minas Gerais),394.08333333333337
Monte Aprazivel (Sao Paulo),393.83333333333337
Conchal (Sao Paulo),393.7916666666667
Guatapara (Sao Paulo),393.58333333333337
Valinhos (Sao Paulo),393.4166666666667
Pitangui (Minas Gerais),393.33333333333337
Palminopolis (Goias),393.33333333333337
Sebastianopolis do Sul (Sao Paulo),393.2916666666667
Bora (Sao Paulo),393.125
Aparecida dOeste (Sao Paulo),393.08333333333337
Neves Paulista (Sao Paulo),392.9583333333333
Palestina de Goias (Goias),392.58333333333337
Pitangueiras (Sao Paulo),392.45833333333337
Ipupiara (Bahia),392.375
Pratania (Sao Paulo),392.08333333333337
Sao Carlos do Ivai (Parana),392.08333333333337
Dourados (Mato Grosso do Sul),392.08333333333337
Bocaina (Sao Paulo),391.875
Cesario Lange (Sao Paulo),391.75
Iguatama (Minas Gerais),391.625
Avai (Sao Paulo),391.625
Campo Mourao (Parana),391.45833333333337
Jaupaci (Goias),391.41666666666663
Barra Bonita (Sao Paulo),391.0833333333333
Apore (Goias),390.20833333333337
Monte Belo do Sul (Rio Grande do Sul),390.2083333333333
Quadra (Sao Paulo),389.875
Ipeuna (Sao Paulo),389.54166666666663
Macaubal (Sao Paulo),389.5
Rio Claro (Sao Paulo),389.45833333333337
Itambaraca (Parana),389.375
Gastao Vidigal (Sao Paulo),389.33333333333337
Caparao (Minas Gerais),388.625
Gurinhata (Minas Gerais),388.625
Oratorios (Minas Gerais),388.625
Areiopolis (Sao Paulo),388.54166666666663
Sao Domingos do Norte (Espirito Santo),388.54166666666663
Bom Despacho (Minas Gerais),388.375
Lagoa Mirim (Rio Grande do Sul),388.25
Douradina (Mato Grosso do Sul),388.1666666666667
Gouveia (Minas Gerais),388.125
Palmital (Parana),387.83333333333337
Poloni (Sao Paulo),387.45833333333337
Itacambira (Minas Gerais),387.4166666666667
Bom Jesus do Amparo (Minas Gerais),387.2916666666667
Trabiju (Sao Paulo),387.25
Dirce Reis (Sao Paulo),387.2083333333333
Amorinopolis (Goias),387.04166666666663
Alto Alegre (Sao Paulo),387.0
Arame (Maranhao),386.95833333333337
Ivolandia (Goias),386.875
Cruzilia (Minas Gerais),386.7916666666667
Japaraiba (Minas Gerais),386.75
Sao Valerio (Tocantins),386.75
Arcos (Minas Gerais),386.66666666666663
Torre de Pedra (Sao Paulo),386.41666666666663
Ipora (Goias),385.875
Marilena (Parana),385.7916666666667
Itupeva (Sao Paulo),385.7916666666667
Britania (Goias),385.75
Mathias Lobato (Minas Gerais),385.625
Perolandia (Goias),385.16666666666663
Nova Alianca do Ivai (Parana),385.125
Serra Nova Dourada (Mato Grosso),385.08333333333337
Pindare-Mirim (Maranhao),385.04166666666663
Moema (Minas Gerais),384.95833333333337
Arroio Grande (Rio Grande do Sul),384.75
Taquaritinga (Sao Paulo),384.33333333333337
Taquaral (Sao Paulo),384.25
Botucatu (Sao Paulo),384.2083333333333
Olhos-dAgua (Minas Gerais),383.9166666666667
Moipora (Goias),383.875
Barao de Cocais (Minas Gerais),383.7916666666667
Gravatai (Rio Grande do Sul),383.7916666666667
Cedral (Sao Paulo),383.79166666666663
Marquinho (Parana),383.75
Bandeira (Minas Gerais),383.6666666666667
Bady Bassitt (Sao Paulo),383.625
Penapolis (Sao Paulo),383.58333333333337
Laranjeiras do Sul (Parana),383.54166666666663
Wenceslau Braz (Parana),383.41666666666663
Januaria (Minas Gerais),383.3333333333333
Cabo Frio (Rio de Janeiro),383.2916666666667
Senador Cortes (Minas Gerais),383.29166666666663
Santo Antonio do Aventureiro (Minas Gerais),383.29166666666663
Leandro Ferreira (Minas Gerais),383.0
Alambari (Sao Paulo),382.875
Deodapolis (Mato Grosso do Sul),382.875
Capitao Andrade (Minas Gerais),382.83333333333337
Pains (Minas Gerais),382.6666666666667
Brotas (Sao Paulo),382.58333333333337
Tupa (Sao Paulo),382.25
Olimpia (Sao Paulo),382.25
General Salgado (Sao Paulo),382.2083333333333
Nova Castilho (Sao Paulo),382.2083333333333
Sarapui (Sao Paulo),382.16666666666663
Paraguacu Paulista (Sao Paulo),381.91666666666663
Quilombo (Santa Catarina),381.70833333333337
Seara (Santa Catarina),381.375
Axixa do Tocantins (Tocantins),381.16666666666663
Xavantina (Santa Catarina),381.0416666666667
Arenopolis (Goias),380.875
Governador Lindenberg (Espirito Santo),380.7083333333333
Entre Rios (Santa Catarina),380.6666666666667
Aguia Branca (Espirito Santo),380.4583333333333
Ipuacu (Santa Catarina),380.20833333333337
Coronel Pilar (Rio Grande do Sul),380.1666666666667
Moncao (Maranhao),380.0
Nova Londrina (Parana),379.75
Pereira Barreto (Sao Paulo),379.625
Dom Silverio (Minas Gerais),379.5833333333333
Sao Vicente Ferrer (Maranhao),379.5833333333333
Olinda Nova do Maranhao (Maranhao),379.5
Lagoa da Prata (Minas Gerais),379.25
Alto Rio Novo (Espirito Santo),379.25
Engenheiro Beltrao (Parana),379.0
Arco-Iris (Sao Paulo),378.79166666666663
Capinopolis (Minas Gerais),378.75
Cabreuva (Sao Paulo),378.75
Catas Altas (Minas Gerais),378.70833333333337
Santa Barbara (Minas Gerais),378.625
Penalva (Maranhao),378.45833333333337
Pratinha (Minas Gerais),378.375
Santa Luzia (Maranhao),378.33333333333337
Montalvania (Minas Gerais),378.33333333333337
Dobrada (Sao Paulo),378.33333333333337
Joao Monlevade (Minas Gerais),378.2083333333333
Jaboti (Parana),377.91666666666663
Sao Pedro (Sao Paulo),377.91666666666663
Guaruja do Sul (Santa Catarina),377.875
Imbau (Parana),377.875
Ribeirao do Pinhal (Parana),377.70833333333337
Rio Acima (Minas Gerais),377.625
Bela Vista de Minas (Minas Gerais),377.5833333333333
Fazenda Nova (Goias),377.54166666666663
Auriflama (Sao Paulo),377.5
Maripa de Minas (Minas Gerais),377.4166666666667
Conceicao do Para (Minas Gerais),377.0
Comendador Gomes (Minas Gerais),376.875
Ituiutaba (Minas Gerais),376.6666666666667
Taiacu (Sao Paulo),376.6666666666667
Mar de Espanha (Minas Gerais),376.58333333333337
Cachoeirinha (Rio Grande do Sul),376.2916666666667
Virmond (Parana),376.29166666666663
Irapua (Sao Paulo),376.25
Cantagalo (Parana),376.125
Igaracu do Tiete (Sao Paulo),376.0833333333333
Pirajui (Sao Paulo),375.9166666666667
Guarei (Sao Paulo),375.70833333333337
Paraibano (Maranhao),375.5416666666667
Santo Antonio de Posse (Sao Paulo),375.16666666666663
Israelandia (Goias),375.0833333333333
Guapimirim (Rio de Janeiro),374.875
Brumadinho (Minas Gerais),374.83333333333337
Uchoa (Sao Paulo),374.79166666666663
Bela Vista do Maranhao (Maranhao),374.75
Reserva (Parana),374.54166666666663
Bambui (Minas Gerais),374.20833333333337
Ivai (Parana),374.125
Nova Alianca (Sao Paulo),374.0416666666667
Santa Ines (Maranhao),373.70833333333337
Palmeiras do Tocantins (Tocantins),373.66666666666663
Garibaldi (Rio Grande do Sul),373.625
Novo Horizonte do Norte (Mato Grosso),373.45833333333337
Potirendaba (Sao Paulo),373.33333333333337
Morrinhos (Goias),373.0833333333333
Buriticupu (Maranhao),372.95833333333337
Ponte Serrada (Santa Catarina),372.9166666666667
Ressaquinha (Minas Gerais),372.91666666666663
Sao Bento (Maranhao),372.79166666666663
Cipotanea (Minas Gerais),372.75
Barbacena (Minas Gerais),372.54166666666663
Zacarias (Sao Paulo),372.5
Nova Luzitania (Sao Paulo),372.5
Planalto Alegre (Santa Catarina),372.375
Itapetininga (Sao Paulo),371.875
Salto da Divisa (Minas Gerais),371.83333333333337
Tibagi (Parana),371.54166666666663
Bauru (Sao Paulo),371.41666666666663
Tabapua (Sao Paulo),370.9583333333333
Tamboara (Parana),370.875
Itapirapua (Goias),370.83333333333337
Caseara (Tocantins),370.625
Santo Hipolito (Minas Gerais),370.58333333333337
Guaraciaba (Santa Catarina),370.4583333333333
Monjolos (Minas Gerais),370.375
Itapeva (Sao Paulo),370.29166666666663
Floriano (Piaui),370.1666666666667
Sao Gabriel da Palha (Espirito Santo),369.91666666666663
Abelardo Luz (Santa Catarina),369.79166666666663
Doresopolis (Minas Gerais),369.625
Sud Mennucci (Sao Paulo),369.58333333333337
Inocencia (Mato Grosso do Sul),369.45833333333337
Canoas (Rio Grande do Sul),369.25
Guzolandia (Sao Paulo),369.16666666666663
Santa Amelia (Parana),369.125
Carlos Barbosa (Rio Grande do Sul),368.8333333333333
Nova Itaberaba (Santa Catarina),368.70833333333337
Goioxim (Parana),368.7083333333333
Sao Raimundo do Doca Bezerra (Maranhao),368.66666666666663
Lourdes (Sao Paulo),368.58333333333337
Sao Tome das Letras (Minas Gerais),368.5
Porto Barreiro (Parana),368.33333333333337
Leme (Sao Paulo),368.20833333333337
Aguas Frias (Santa Catarina),368.1666666666667
Felixlandia (Minas Gerais),368.125
Japira (Parana),368.0833333333333
Ipueiras (Tocantins),368.0
Irupi (Espirito Santo),367.9583333333333
Merces (Minas Gerais),367.875
Divinopolis do Tocantins (Tocantins),367.875
Bento Goncalves (Rio Grande do Sul),367.83333333333337
Ipumirim (Santa Catarina),367.66666666666663
Cajari (Maranhao),367.41666666666663
Vale do Anari (Rondonia),367.375
Taparuba (Minas Gerais),367.3333333333333
Itapora (Mato Grosso do Sul),367.29166666666663
Luiziania (Sao Paulo),367.08333333333337
Ribeirao Bonito (Sao Paulo),366.95833333333337
Rio Doce (Minas Gerais),366.7083333333333
Passos Maia (Santa Catarina),366.625
Santa Maria do Oeste (Parana),366.45833333333337
Louveira (Sao Paulo),366.375
Vinhedo (Sao Paulo),366.375
Santa Vitoria do Palmar (Rio Grande do Sul),366.20833333333337
Buri (Sao Paulo),366.08333333333337
Ibia (Minas Gerais),366.04166666666663
Potim (Sao Paulo),365.83333333333337
Firminopolis (Goias),365.75
Argirita (Minas Gerais),365.625
Alvinopolis (Minas Gerais),365.5833333333333
Rincao (Sao Paulo),365.5416666666667
Juruena (Mato Grosso),365.5
Angelica (Mato Grosso do Sul),365.4583333333333
Sao Roque (Sao Paulo),365.41666666666663
Rio Piracicaba (Minas Gerais),365.2083333333333
Santa Mariana (Parana),365.125
Santo Antonio do Aracangua (Sao Paulo),364.875
Sao Luiz do Paraitinga (Sao Paulo),364.66666666666663
Aperibe (Rio de Janeiro),364.58333333333337
Medeiros (Minas Gerais),364.41666666666663
Franciscopolis (Minas Gerais),364.375
Sao Jorge do Ivai (Parana),364.08333333333337
Piedade (Sao Paulo),363.95833333333337
Harmonia (Rio Grande do Sul),363.875
Sao Jose do Sul (Rio Grande do Sul),363.875
Araujos (Minas Gerais),363.66666666666663
Mendonca (Sao Paulo),363.5416666666667
Igarape do Meio (Maranhao),363.5
Sao Miguel do Fidalgo (Piaui),363.41666666666663
Itauna do Sul (Parana),363.375
Rondolandia (Mato Grosso),363.33333333333337
Guairaca (Parana),363.20833333333337
Aracariguama (Sao Paulo),363.16666666666663
Quata (Sao Paulo),363.125
Bataypora (Mato Grosso do Sul),362.9166666666667
Mogi Mirim (Sao Paulo),362.79166666666663
Taruma (Sao Paulo),362.75
Taquarivai (Sao Paulo),362.6666666666667
Portelandia (Goias),362.625
Iretama (Parana),362.5416666666667
Tucuma (Para),362.54166666666663
Piranhas (Goias),362.33333333333337
Bom Jardim de Goias (Goias),362.25
Espera Feliz (Minas Gerais),362.25
Flores da Cunha (Rio Grande do Sul),362.2083333333333
Palmeiras de Goias (Goias),362.125
Itaipava do Grajau (Maranhao),362.0416666666667
Lajinha (Minas Gerais),362.04166666666663
Jose Goncalves de Minas (Minas Gerais),361.9166666666667
Alto Rio Doce (Minas Gerais),361.75
Machadinho DOeste (Rondonia),361.54166666666663
Brauna (Sao Paulo),361.45833333333337
Rio da Conceicao (Tocantins),361.375
Humaita (Amazonas),361.25
Brejo Alegre (Sao Paulo),361.20833333333337
Nova Serrana (Minas Gerais),360.875
Cajobi (Sao Paulo),360.70833333333337
Severinia (Sao Paulo),360.58333333333337
Pelotas (Rio Grande do Sul),360.5416666666667
Pedro Gomes (Mato Grosso do Sul),360.41666666666663
Buritama (Sao Paulo),360.1666666666667
Canaa (Minas Gerais),360.16666666666663
Mariana (Minas Gerais),360.16666666666663
Saquarema (Rio de Janeiro),360.125
Pedra do Anta (Minas Gerais),360.04166666666663
Pilar do Sul (Sao Paulo),360.0
Vista Alegre do Alto (Sao Paulo),360.0
Caxias do Sul (Rio Grande do Sul),359.95833333333337
Nova Padua (Rio Grande do Sul),359.79166666666663
Palma Sola (Santa Catarina),359.79166666666663
Ponte Nova (Minas Gerais),359.79166666666663
Gabriel Monteiro (Sao Paulo),359.70833333333337
Altamira do Maranhao (Maranhao),359.5833333333333
Arinos (Minas Gerais),359.5833333333333
Sapezal (Mato Grosso),359.54166666666663
Ipiranga (Parana),359.45833333333337
Igrapiuna (Bahia),359.4583333333333
Ibira (Sao Paulo),359.4166666666667
Nova Monte Verde (Mato Grosso),359.4166666666667
Matinha (Maranhao),359.29166666666663
Itirapina (Sao Paulo),359.25
Corrego do Ouro (Goias),359.0
Vila Valerio (Espirito Santo),358.91666666666663
Doverlandia (Goias),358.875
Pirangi (Sao Paulo),358.70833333333337
Pongai (Sao Paulo),358.625
Pinhalao (Parana),358.5
Clementina (Sao Paulo),358.45833333333337
Pirapora do Bom Jesus (Sao Paulo),358.4583333333333
Iacri (Sao Paulo),358.375
Balbinos (Sao Paulo),358.3333333333333
Brejo de Areia (Maranhao),358.3333333333333
Chapada do Norte (Minas Gerais),358.29166666666663
Itapui (Sao Paulo),358.25
Pinto Bandeira (Rio Grande do Sul),358.1666666666667
Espigao DOeste (Rondonia),358.16666666666663
Miravania (Minas Gerais),358.125
Aragoiania (Goias),358.08333333333337
Marianopolis do Tocantins (Tocantins),357.875
Campina do Monte Alegre (Sao Paulo),357.875
Pocrane (Minas Gerais),357.75
Paial (Santa Catarina),357.70833333333337
Candido de Abreu (Parana),357.58333333333337
Urupes (Sao Paulo),356.95833333333337
Guapo (Goias),356.79166666666663
Nova Fatima (Parana),356.75
Santopolis do Aguapei (Sao Paulo),356.75
Bilac (Sao Paulo),356.7083333333333
Corumbatai (Sao Paulo),356.625
Glorinha (Rio Grande do Sul),356.58333333333337
Glicerio (Sao Paulo),356.4166666666667
Novais (Sao Paulo),356.25
Palmeirandia (Maranhao),356.1666666666667
Catigua (Sao Paulo),356.08333333333337
Ibatiba (Espirito Santo),356.0833333333333
Marapoama (Sao Paulo),356.0833333333333
Santana (Amapa),356.04166666666663
Amparo do Serra (Minas Gerais),355.79166666666663
Rochedo de Minas (Minas Gerais),355.70833333333337
Glaucilandia (Minas Gerais),355.625
Itauna (Minas Gerais),355.5
Florai (Parana),355.4166666666667
Rolante (Rio Grande do Sul),355.375
Cachoeirinha (Tocantins),355.2916666666667
Posse (Goias),355.29166666666663
Aracitaba (Minas Gerais),355.0
Mage (Rio de Janeiro),354.33333333333337
Tumiritinga (Minas Gerais),354.0416666666667
Pontal (Sao Paulo),354.0
Cassilandia (Mato Grosso do Sul),354.0
Saudade do Iguacu (Parana),353.95833333333337
Araguainha (Mato Grosso),353.875
Sao Valentim do Sul (Rio Grande do Sul),353.7916666666667
Cujubim (Rondonia),353.70833333333337
Juramento (Minas Gerais),353.58333333333337
Corinto (Minas Gerais),353.5416666666667
Novo Horizonte (Sao Paulo),353.54166666666663
Nova Bandeirantes (Mato Grosso),353.33333333333337
Fernando Prestes (Sao Paulo),353.3333333333333
Pardinho (Sao Paulo),352.75
Candoi (Parana),352.70833333333337
Alvorada do Gurgueia (Piaui),352.66666666666663
Barra Longa (Minas Gerais),352.66666666666663
Cachoeira Dourada (Minas Gerais),352.58333333333337
Marzagao (Goias),352.4166666666667
Itambacuri (Minas Gerais),352.29166666666663
Turvania (Goias),352.29166666666663
Vitoria do Xingu (Para),352.20833333333337
Bebedouro (Sao Paulo),352.04166666666663
Santa Rosa do Tocantins (Tocantins),351.79166666666663
Sao Roberto (Maranhao),351.79166666666663
Doutor Camargo (Parana),351.75
Ivatuba (Parana),351.75
Andradina (Sao Paulo),351.375
Santiago do Sul (Santa Catarina),351.33333333333337
Florinea (Sao Paulo),351.29166666666663
Igaratinga (Minas Gerais),351.2083333333333
Feira da Mata (Bahia),351.125
Monte Azul Paulista (Sao Paulo),351.08333333333337
Diamante do Norte (Parana),350.875
Ribeirao Preto (Sao Paulo),350.83333333333337
Santa Lucia (Sao Paulo),350.79166666666663
Itutinga (Minas Gerais),350.625
Cuparaque (Minas Gerais),350.58333333333337
Paraiso (Sao Paulo),350.41666666666663
Quinta do Sol (Parana),350.41666666666663
Embauba (Sao Paulo),350.33333333333337
Fenix (Parana),350.25
Pederneiras (Sao Paulo),350.25
Cornelio Procopio (Parana),350.1666666666667
Sao Miguel Arcanjo (Sao Paulo),349.58333333333337
Frei Inocencio (Minas Gerais),349.45833333333337
Ourilandia do Norte (Para),349.41666666666663
Castanheira (Mato Grosso),349.375
Santa Rita do Araguaia (Goias),349.25
Maracai (Sao Paulo),349.2083333333333
Ourizona (Parana),349.125
Santo Antonio do Monte (Minas Gerais),349.08333333333337
Ibaiti (Parana),349.04166666666663
Palmares Paulista (Sao Paulo),349.0
Conselheiro Pena (Minas Gerais),348.83333333333337
Ariranha (Sao Paulo),348.625
Sao Jose da Boa Vista (Parana),348.58333333333337
Satubinha (Maranhao),348.5833333333333
Aracatuba (Sao Paulo),348.33333333333337
Turucu (Rio Grande do Sul),348.125
Novo Cruzeiro (Minas Gerais),348.125
Peri Mirim (Maranhao),348.04166666666663
Bocaiuva (Minas Gerais),347.95833333333337
Pintopolis (Minas Gerais),347.9166666666667
Campina do Simao (Parana),347.875
Corumbatai do Sul (Parana),347.875
Sao Luis de Montes Belos (Goias),347.83333333333337
Telemaco Borba (Parana),347.70833333333337
Itarare (Sao Paulo),347.66666666666663
Angatuba (Sao Paulo),347.5
Itabirito (Minas Gerais),347.5
Rio Bananal (Espirito Santo),347.41666666666663
Colombia (Sao Paulo),347.375
Pareci Novo (Rio Grande do Sul),347.29166666666663
Jandira (Sao Paulo),347.29166666666663
Vargem Grande Paulista (Sao Paulo),347.29166666666663
Itapevi (Sao Paulo),347.29166666666663
Acaiaca (Minas Gerais),347.25
Catanduva (Sao Paulo),347.125
Esperantinopolis (Maranhao),347.125
Chapadao do Ceu (Goias),347.08333333333337
Nova Esperanca (Parana),347.08333333333337
Candido Rodrigues (Sao Paulo),346.9166666666667
Rinopolis (Sao Paulo),346.875
Sao Francisco (Minas Gerais),346.875
Viana (Maranhao),346.79166666666663
Piacatu (Sao Paulo),346.625
Jardinopolis (Santa Catarina),346.625
Uniao do Oeste (Santa Catarina),346.625
Corrego Fundo (Minas Gerais),346.625
Urai (Parana),346.5416666666667
Paraiso (Santa Catarina),346.45833333333337
Jundiai (Sao Paulo),346.33333333333337
Coroados (Sao Paulo),346.2916666666667
Capela Nova (Minas Gerais),346.20833333333337
Bastos (Sao Paulo),346.0
Sao Salvador do Tocantins (Tocantins),345.95833333333337
Guamiranga (Parana),345.9166666666667
Imbituva (Parana),345.9166666666667
Leopolis (Parana),345.625
Sao Domingos (Santa Catarina),345.54166666666663
Luis Antonio (Sao Paulo),345.5
Cruzeiro do Sul (Acre),345.5
Damianopolis (Goias),345.375
Goiabeira (Minas Gerais),345.25
Mantenopolis (Espirito Santo),345.20833333333337
Floresta (Parana),345.0
Silveirania (Minas Gerais),344.9166666666667
Resplendor (Minas Gerais),344.79166666666663
Praia Norte (Tocantins),344.5833333333333
Joao Ramalho (Sao Paulo),344.29166666666663
Pedro Osorio (Rio Grande do Sul),344.125
Guaraciaba (Minas Gerais),344.0
Nova America da Colina (Parana),343.875
Senhora de Oliveira (Minas Gerais),343.875
Perdigao (Minas Gerais),343.83333333333337
Santa Cruz da Conceicao (Sao Paulo),343.75
Sao Joao Nepomuceno (Minas Gerais),343.75
Viradouro (Sao Paulo),343.75
Agua Comprida (Minas Gerais),343.66666666666663
Figueira (Parana),343.58333333333337
Berilo (Minas Gerais),343.33333333333337
Fervedouro (Minas Gerais),343.25
Pedrinhas Paulista (Sao Paulo),343.20833333333337
Elisiario (Sao Paulo),343.125
Palmeiropolis (Tocantins),343.04166666666663
Alto Araguaia (Mato Grosso),342.875
Miguelopolis (Sao Paulo),342.83333333333337
Diogo de Vasconcelos (Minas Gerais),342.79166666666663
Pirajuba (Minas Gerais),342.79166666666663
Ibitirama (Espirito Santo),342.79166666666663
Itambe (Parana),342.70833333333337
Cunha (Sao Paulo),342.7083333333333
Birigui (Sao Paulo),342.625
Curiuva (Parana),342.41666666666663
Jenipapo de Minas (Minas Gerais),342.375
Marechal Thaumaturgo (Acre),342.29166666666663
Itapejara dOeste (Parana),342.08333333333337
Porto Walter (Acre),342.0
Cristalia (Minas Gerais),342.0
Boa Ventura de Sao Roque (Parana),341.91666666666663
Mineiros (Goias),341.875
Ortigueira (Parana),341.75
Porto Grande (Amapa),341.6666666666667
Dois Irmaos do Tocantins (Tocantins),341.41666666666663
Itueta (Minas Gerais),341.33333333333337
Rancho Alegre (Parana),341.16666666666663
Matrincha (Goias),341.0833333333333
Grupiara (Minas Gerais),341.0416666666667
Rio Branco do Ivai (Parana),340.95833333333337
Santo Inacio do Piaui (Piaui),340.58333333333337
Ponte Branca (Mato Grosso),340.5
Rio Espera (Minas Gerais),340.5
Cravinhos (Sao Paulo),340.5
Jampruca (Minas Gerais),340.375
Alto Garcas (Mato Grosso),340.1666666666667
Chopinzinho (Parana),340.16666666666663
Terra Rica (Parana),340.16666666666663
Paranavai (Parana),340.08333333333337
Nova Ponte (Minas Gerais),339.75
Novo Brasil (Goias),339.75
Pedro do Rosario (Maranhao),339.625
Analandia (Sao Paulo),339.58333333333337
Rio Bonito (Rio de Janeiro),339.54166666666663
Barra de Sao Francisco (Espirito Santo),339.45833333333337
Pindorama (Sao Paulo),339.25
Jordao (Acre),339.20833333333337
Alto Parana (Parana),338.9166666666667
Guararapes (Sao Paulo),338.875
Cajuri (Minas Gerais),338.79166666666663
Boa Nova (Bahia),338.75
Ibirapitanga (Bahia),338.66666666666663
Prudentopolis (Parana),338.41666666666663
Maraja do Sena (Maranhao),338.375
Bras Pires (Minas Gerais),338.2916666666667
Teixeiras (Minas Gerais),338.29166666666663
Guajara (Amazonas),338.0416666666667
Matoes (Maranhao),337.75
Alem Paraiba (Minas Gerais),337.75
Marilandia (Espirito Santo),337.625
Formosa do Sul (Santa Catarina),337.5
Foz do Jordao (Parana),337.375
Turvo (Parana),337.33333333333337
Presidente Castelo Branco (Parana),337.2916666666667
Santo Antonio de Padua (Rio de Janeiro),337.29166666666663
Uru (Sao Paulo),336.875
Ouro Preto (Minas Gerais),336.83333333333337
Santana de Parnaiba (Sao Paulo),336.79166666666663
Piranga (Minas Gerais),336.58333333333337
Itatiaiucu (Minas Gerais),336.4583333333333
Araponga (Minas Gerais),336.41666666666663
Ipua (Sao Paulo),336.1666666666667
Tabuleiro (Minas Gerais),336.125
Rodrigues Alves (Acre),335.91666666666663
Mancio Lima (Acre),335.91666666666663
Lorena (Sao Paulo),335.8333333333333
Ji-Parana (Rondonia),335.5
Dores do Turvo (Minas Gerais),335.45833333333337
Pitanga (Parana),335.0
Pindorama do Tocantins (Tocantins),334.91666666666663
Mutum (Minas Gerais),334.75
Rubiacea (Sao Paulo),334.75
Macarani (Bahia),334.66666666666663
Americo Brasiliense (Sao Paulo),334.5416666666667
Sao Joao do Manteninha (Minas Gerais),334.54166666666663
Itumirim (Minas Gerais),334.25
Assai (Parana),334.04166666666663
Mogi Guacu (Sao Paulo),334.04166666666663
Avare (Sao Paulo),334.0
Marmeleiro (Parana),333.9166666666667
Varzea Paulista (Sao Paulo),333.7916666666667
Colina (Sao Paulo),333.6666666666667
Parapua (Sao Paulo),333.625
Armacao dos Buzios (Rio de Janeiro),333.4166666666667
Irati (Santa Catarina),333.33333333333337
Cristalina (Goias),333.33333333333337
Pedreira (Sao Paulo),333.1666666666667
Aramina (Sao Paulo),333.16666666666663
Rosario do Ivai (Parana),333.125
Paicandu (Parana),332.7916666666667
Corrente (Piaui),332.79166666666663
Bequimao (Maranhao),332.66666666666663
Pirai do Norte (Bahia),332.66666666666663
Jacinto (Minas Gerais),332.625
Rio Pomba (Minas Gerais),332.5416666666667
Aripuana (Mato Grosso),332.54166666666663
Sao Sebastiao da Amoreira (Parana),332.5
Aragarcas (Goias),332.45833333333337
Cruzalia (Sao Paulo),332.33333333333337
Castilho (Sao Paulo),332.29166666666663
Pindamonhangaba (Sao Paulo),332.25
Guaratingueta (Sao Paulo),332.25
Nova Maringa (Mato Grosso),331.83333333333337
Mirandopolis (Sao Paulo),331.7916666666667
Vicosa (Minas Gerais),331.79166666666663
Guimaraes (Maranhao),331.75
Nova Tebas (Parana),331.75
Morungaba (Sao Paulo),331.6666666666667
Bonito de Minas (Minas Gerais),331.54166666666663
Porto Firme (Minas Gerais),331.54166666666663
Jataizinho (Parana),331.5
Ibipora (Parana),331.5
Antonio Carlos (Minas Gerais),331.1666666666667
Veranopolis (Rio Grande do Sul),331.08333333333337
Lago da Pedra (Maranhao),330.83333333333337
Lamim (Minas Gerais),330.45833333333337
Dom Bosco (Minas Gerais),330.41666666666663
Colatina (Espirito Santo),330.29166666666663
Barbosa Ferraz (Parana),330.29166666666663
Campanario (Minas Gerais),330.16666666666663
Planura (Minas Gerais),330.0416666666667
Dom Expedito Lopes (Piaui),330.0
Rosana (Sao Paulo),330.0
Caranaiba (Minas Gerais),330.0
Pote (Minas Gerais),329.875
Ladainha (Minas Gerais),329.70833333333337
Itumbiara (Goias),329.66666666666663
Senador Firmino (Minas Gerais),329.45833333333337
Vespasiano Correa (Rio Grande do Sul),329.45833333333337
Sitio do Mato (Bahia),329.375
Ventania (Parana),329.2916666666667
Presidente Bernardes (Minas Gerais),329.2916666666667
Itaocara (Rio de Janeiro),329.29166666666663
Novo Planalto (Goias),329.2083333333333
Cajamar (Sao Paulo),328.7083333333333
Francisco Badaro (Minas Gerais),328.7083333333333
Bento de Abreu (Sao Paulo),328.66666666666663
Conceicao do Tocantins (Tocantins),328.45833333333337
Virgem da Lapa (Minas Gerais),328.3333333333333
Valparaiso (Sao Paulo),328.25
Arraias (Tocantins),328.2083333333333
Ibiuna (Sao Paulo),328.0416666666667
Divino de Sao Lourenco (Espirito Santo),327.91666666666663
Sertanopolis (Parana),327.875
Lago dos Rodrigues (Maranhao),327.83333333333337
Carangola (Minas Gerais),327.83333333333337
Canas (Sao Paulo),327.7916666666667
Sao Francisco do Gloria (Minas Gerais),327.75
Guaira (Sao Paulo),327.75
Osvaldo Cruz (Sao Paulo),327.7083333333333
Marialva (Parana),327.625
Baliza (Goias),327.54166666666663
Iepe (Sao Paulo),327.54166666666663
Taubate (Sao Paulo),327.5
Salmourao (Sao Paulo),327.4583333333333
Riozinho (Rio Grande do Sul),327.25
Nova Andradina (Mato Grosso do Sul),327.20833333333337
Araguacema (Tocantins),327.08333333333337
Paranapanema (Sao Paulo),327.0
Gandu (Bahia),326.75
Alvorada (Rio Grande do Sul),326.625
Roca Sales (Rio Grande do Sul),326.58333333333337
Catas Altas da Noruega (Minas Gerais),326.5416666666667
Sertaneja (Parana),326.54166666666663
Franco da Rocha (Sao Paulo),326.5
Caieiras (Sao Paulo),326.5
Sao Carlos (Sao Paulo),326.29166666666663
Divinesia (Minas Gerais),326.1666666666667
Murutinga do Sul (Sao Paulo),326.1666666666667
Godoy Moreira (Parana),326.08333333333337
Cruzeiro do Sul (Parana),326.0833333333333
Cascalho Rico (Minas Gerais),325.83333333333337
Lindoia do Sul (Santa Catarina),325.75
Bela Vista (Mato Grosso do Sul),325.70833333333337
Serra do Salitre (Minas Gerais),325.70833333333337
Santo Antonio do Paraiso (Parana),325.625
Manoel Ribas (Parana),325.5
Canutama (Amazonas),325.5
Paula Candido (Minas Gerais),325.5
Capao Bonito (Sao Paulo),325.45833333333337
Sapopema (Parana),325.25
Borborema (Sao Paulo),325.25
Ivaipora (Parana),325.2083333333333
Lago do Junco (Maranhao),325.08333333333337
Jardinopolis (Sao Paulo),325.04166666666663
Clevelandia (Parana),325.04166666666663
Sao Simao (Sao Paulo),325.0
Sanclerlandia (Goias),324.91666666666663
Ibate (Sao Paulo),324.83333333333337
Bom Lugar (Maranhao),324.83333333333337
Buritizal (Sao Paulo),324.75
Bom Jardim (Maranhao),324.75
Teixeira Soares (Parana),324.70833333333337
Igarapava (Sao Paulo),324.70833333333337
Congonhinhas (Parana),324.66666666666663
Sao Roque de Minas (Minas Gerais),324.41666666666663
Bom Sucesso do Sul (Parana),324.25
Sao Joao do Ivai (Parana),324.25
Pirauba (Minas Gerais),324.0833333333333
Sitio Novo do Tocantins (Tocantins),324.0833333333333
Primeiro de Maio (Parana),324.0416666666667
Tocantins (Minas Gerais),324.0
Serra do Ramalho (Bahia),323.95833333333337
Santa Rita do Itueto (Minas Gerais),323.875
Coimbra (Minas Gerais),323.54166666666663
Santa Fe de Minas (Minas Gerais),323.375
Sao Goncalo do Para (Minas Gerais),323.375
Bom Jesus das Selvas (Maranhao),323.375
Sao Pedro do Ivai (Parana),323.33333333333337
Arapua (Parana),323.125
Santa Rita do Passa Quatro (Sao Paulo),323.0
Vitorino Freire (Maranhao),322.95833333333337
Sao Jeronimo da Serra (Parana),322.91666666666663
Caracol (Mato Grosso do Sul),322.875
Mandaguacu (Parana),322.875
Coronel Murta (Minas Gerais),322.83333333333337
Pio XII (Maranhao),322.45833333333337
Arapoti (Parana),322.41666666666663
Baixo Guandu (Espirito Santo),322.25
Conceicao das Alagoas (Minas Gerais),322.1666666666667
Itamaraju (Bahia),322.16666666666663
Sao Vicente de Minas (Minas Gerais),322.125
Itaipe (Minas Gerais),322.125
Grandes Rios (Parana),322.125
Pirassununga (Sao Paulo),322.0833333333333
Sagres (Sao Paulo),321.875
Palmas (Parana),321.875
Aracuai (Minas Gerais),321.79166666666663
Nova Erechim (Santa Catarina),321.58333333333337
Itajobi (Sao Paulo),321.5
Buriti de Goias (Goias),321.45833333333337
Teresina de Goias (Goias),321.45833333333337
Lagamar (Minas Gerais),321.4583333333333
Sao Bento Abade (Minas Gerais),321.375
Tarauaca (Acre),321.16666666666663
Vila Pavao (Espirito Santo),321.16666666666663
Carambei (Parana),321.0
Tamarana (Parana),320.9583333333333
Potiragua (Bahia),320.91666666666663
Silvanopolis (Tocantins),320.875
Itatiba (Sao Paulo),320.41666666666663
Jardim Alegre (Parana),320.375
Ariranha do Ivai (Parana),320.25
Brasileia (Acre),320.125
Bicas (Minas Gerais),319.91666666666663
Belford Roxo (Rio de Janeiro),319.8333333333333
Sao Joao de Meriti (Rio de Janeiro),319.8333333333333
Nova Santa Barbara (Parana),319.58333333333337
Catuji (Minas Gerais),319.58333333333337
Sul Brasil (Santa Catarina),319.41666666666663
Jaborandi (Sao Paulo),319.41666666666663
Ituverava (Sao Paulo),319.375
Lucelia (Sao Paulo),319.375
Cotia (Sao Paulo),319.20833333333337
Galileia (Minas Gerais),319.20833333333337
Estiva Gerbi (Sao Paulo),319.1666666666667
Bom Sucesso (Parana),319.16666666666663
Sao Joao do Caiua (Parana),319.0
Ribeirao Cascalheira (Mato Grosso),318.875
Ribeiro Goncalves (Piaui),318.83333333333337
Pescador (Minas Gerais),318.625
Jandaia do Sul (Parana),318.58333333333337
Guarani de Goias (Goias),318.25
Cotipora (Rio Grande do Sul),318.0833333333333
Barretos (Sao Paulo),317.9166666666667
Sao Miguel do Anta (Minas Gerais),317.875
Dario Meira (Bahia),317.7916666666667
Santa Cruz do Piaui (Piaui),317.625
Alto Taquari (Mato Grosso),317.625
Bom Jesus da Serra (Bahia),317.625
Lobato (Parana),317.5833333333333
Pinhalzinho (Santa Catarina),317.5
Carapicuiba (Sao Paulo),317.29166666666663
Barueri (Sao Paulo),317.29166666666663
Lagoa Grande do Maranhao (Maranhao),317.20833333333337
Bacurituba (Maranhao),317.0833333333333
Serrana (Sao Paulo),317.04166666666663
Prata (Minas Gerais),316.95833333333337
Rio Brilhante (Mato Grosso do Sul),316.5833333333333
Buritinopolis (Goias),316.5
Inubia Paulista (Sao Paulo),316.4583333333333
Piumhi (Minas Gerais),316.375
Santa Adelia (Sao Paulo),316.375
Matao (Sao Paulo),316.29166666666663
Rancharia (Sao Paulo),316.25
Morro Redondo (Rio Grande do Sul),316.1666666666667
Coronel Martins (Santa Catarina),316.1666666666667
Adamantina (Sao Paulo),316.0833333333333
Jau do Tocantins (Tocantins),316.0416666666667
Nova Venecia (Espirito Santo),316.0
Moeda (Minas Gerais),315.95833333333337
Bom Jesus do Araguaia (Mato Grosso),315.9166666666667
Cerrito (Rio Grande do Sul),315.9166666666667
Augusto de Lima (Minas Gerais),315.91666666666663
Nova Modica (Minas Gerais),315.875
Patrocinio Paulista (Sao Paulo),315.83333333333337
Sao Tomas de Aquino (Minas Gerais),315.83333333333337
Pedras de Maria da Cruz (Minas Gerais),315.8333333333333
Faxinal (Parana),315.75
Arapongas (Parana),315.7083333333333
Morada Nova de Minas (Minas Gerais),315.625
Ouro Branco (Minas Gerais),315.625
Maringa (Parana),315.58333333333337
Mandaguari (Parana),315.58333333333337
Fernandes Pinheiro (Parana),315.5416666666667
Itamarati de Minas (Minas Gerais),315.45833333333337
Mata Verde (Minas Gerais),315.4583333333333
Sarandi (Parana),315.375
Alto Paraiso de Goias (Goias),315.33333333333337
Mucuri (Bahia),315.29166666666663
Bela Vista do Paraiso (Parana),315.29166666666663
Redencao da Serra (Sao Paulo),315.20833333333337
Altinopolis (Sao Paulo),315.08333333333337
Lunardelli (Parana),315.08333333333337
Pocao de Pedras (Maranhao),315.0416666666667
Rio Manso (Minas Gerais),314.9583333333333
Porto Ferreira (Sao Paulo),314.875
Itapua do Oeste (Rondonia),314.79166666666663
Sao Joao dAlianca (Goias),314.75
Candeias do Jamari (Rondonia),314.58333333333337
Kalore (Parana),314.58333333333337
Lagoa Formosa (Minas Gerais),314.54166666666663
Aguai (Sao Paulo),314.4166666666667
Guaracai (Sao Paulo),314.41666666666663
Ervalia (Minas Gerais),314.41666666666663
Santa Cecilia do Pavao (Parana),314.25
Maua da Serra (Parana),314.0416666666667
Sao Geraldo (Minas Gerais),314.04166666666663
Conquista (Minas Gerais),313.95833333333337
Nova Campina (Sao Paulo),313.75
Itubera (Bahia),313.625
Pimenta (Minas Gerais),313.625
Dom Inocencio (Piaui),313.625
Ribeiraozinho (Mato Grosso),313.3333333333333
Descoberto (Minas Gerais),313.2916666666667
Guara (Sao Paulo),313.0833333333333
Pitangueiras (Parana),313.04166666666663
Sabaudia (Parana),312.9583333333333
Sao Joaquim da Barra (Sao Paulo),312.875
Vale do Paraiso (Rondonia),312.79166666666663
Atalaia (Parana),312.54166666666663
Munhoz de Melo (Parana),312.41666666666663
Cambira (Parana),312.375
Itaucu (Goias),312.20833333333337
Joselandia (Maranhao),312.1666666666667
Barao (Rio Grande do Sul),312.125
Terra Roxa (Sao Paulo),312.125
Dormentes (Pernambuco),312.0416666666667
Alvorada do Sul (Parana),311.875
Divino das Laranjeiras (Minas Gerais),311.7916666666667
Mangueirinha (Parana),311.41666666666663
Apucarana (Parana),311.33333333333337
Carinhanha (Bahia),311.29166666666663
Tres Lagoas (Mato Grosso do Sul),311.25
Rolandia (Parana),311.25
Cambe (Parana),311.25
Lavinia (Sao Paulo),311.20833333333337
Envira (Amazonas),311.125
Astorga (Parana),311.0833333333333
Sena Madureira (Acre),311.04166666666663
Galvao (Santa Catarina),310.9166666666667
Epitaciolandia (Acre),310.91666666666663
Miracema (Rio de Janeiro),310.91666666666663
Xapuri (Acre),310.91666666666663
Nossa Senhora das Gracas (Parana),310.8333333333333
Sao Geraldo do Baixio (Minas Gerais),310.75
Cruzmaltina (Parana),310.7083333333333
Descalvado (Sao Paulo),310.6666666666667
Santo Antonio do Caiua (Parana),310.625
Adelandia (Goias),310.54166666666663
Florida (Parana),310.54166666666663
Uniflor (Parana),310.5
Santa Fe (Parana),310.375
Carandai (Minas Gerais),310.04166666666663
Itaverava (Minas Gerais),309.58333333333337
Santana dos Montes (Minas Gerais),309.58333333333337
Parana (Tocantins),309.5416666666667
Frei Gaspar (Minas Gerais),309.45833333333337
Araraquara (Sao Paulo),309.4583333333333
Santa Cruz das Palmeiras (Sao Paulo),309.4166666666667
Aracatu (Bahia),309.33333333333337
Mariopolis (Parana),309.20833333333337
Aguas de Chapeco (Santa Catarina),309.1666666666667
Estrela do Sul (Minas Gerais),309.125
Carai (Minas Gerais),308.875
Vilhena (Rondonia),308.83333333333337
Chiador (Minas Gerais),308.79166666666663
Centenario do Sul (Parana),308.7083333333333
Santa Cruz da Esperanca (Sao Paulo),308.6666666666667
Guaraci (Parana),308.625
Padre Paraiso (Minas Gerais),308.54166666666663
Campo Limpo Paulista (Sao Paulo),308.5
Francisco Morato (Sao Paulo),308.5
Tapirai (Sao Paulo),308.5
Colniza (Mato Grosso),308.45833333333337
Uba (Minas Gerais),308.4166666666667
Embu das Artes (Sao Paulo),308.33333333333337
Paulo Ramos (Maranhao),308.3333333333333
Angulo (Parana),308.25
Jaguapita (Parana),308.125
Assis Brasil (Acre),308.08333333333337
Governador Newton Bello (Maranhao),307.9166666666667
Coronel Vivida (Parana),307.875
Serra Azul (Sao Paulo),307.875
Sao Jose do Rio Claro (Mato Grosso),307.875
Vargem Bonita (Minas Gerais),307.79166666666663
Lajeado Novo (Maranhao),307.75
Sitio Novo (Maranhao),307.70833333333337
Riachinho (Tocantins),307.625
Lidianopolis (Parana),307.58333333333337
Borrazopolis (Parana),307.58333333333337
Porecatu (Parana),307.5833333333333
Leopoldina (Minas Gerais),307.45833333333337
Ouro Preto do Oeste (Rondonia),307.41666666666663
Mantena (Minas Gerais),307.20833333333337
Central de Minas (Minas Gerais),307.20833333333337
Tapira (Minas Gerais),307.1666666666667
Pinheiro (Maranhao),306.95833333333337
Bonfim (Minas Gerais),306.95833333333337
Rifaina (Sao Paulo),306.83333333333337
Capitao Gervasio Oliveira (Piaui),306.6666666666667
Taperoa (Bahia),306.625
Florestopolis (Parana),306.54166666666663
Marumbi (Parana),306.5
Lupionopolis (Parana),306.375
Nazario (Goias),306.29166666666663
Itatiba do Sul (Rio Grande do Sul),306.25
Santo Antonio da Patrulha (Rio Grande do Sul),305.91666666666663
Coronel Jose Dias (Piaui),305.875
Prado Ferreira (Parana),305.83333333333337
Josenopolis (Minas Gerais),305.66666666666663
Londrina (Parana),305.66666666666663
Reginopolis (Sao Paulo),305.5
Mambai (Goias),305.45833333333337
Tambau (Sao Paulo),305.33333333333337
Sooretama (Espirito Santo),305.2916666666667
Olho dAgua das Cunhas (Maranhao),305.25
Manoel Urbano (Acre),305.125
Euclides da Cunha Paulista (Sao Paulo),305.125
Marilandia do Sul (Parana),305.0833333333333
Rondon do Para (Para),304.9166666666667
Arceburgo (Minas Gerais),304.91666666666663
Santa Rosa de Viterbo (Sao Paulo),304.875
Honorio Serpa (Parana),304.875
Duque de Caxias (Rio de Janeiro),304.8333333333333
Paranacity (Parana),304.75
Colorado (Parana),304.6666666666667
Cacoal (Rondonia),304.625
Pracinha (Sao Paulo),304.625
Rio Crespo (Rondonia),304.54166666666663
Orlandia (Sao Paulo),304.54166666666663
Theobroma (Rondonia),304.45833333333337
Alcantara (Maranhao),304.45833333333337
Itatinga (Sao Paulo),304.41666666666663
Juina (Mato Grosso),304.3333333333333
Bom Jesus da Lapa (Bahia),304.20833333333337
Sao Joao da Varjota (Piaui),304.20833333333337
Nazaria (Piaui),304.125
Porangatu (Goias),303.83333333333337
Pequeri (Minas Gerais),303.83333333333337
Nantes (Sao Paulo),303.8333333333333
Cafeara (Parana),303.7916666666667
Japonvar (Minas Gerais),303.5416666666667
Barra DAlcantara (Piaui),303.4166666666667
Sao Felix de Minas (Minas Gerais),303.41666666666663
Pedregulho (Sao Paulo),303.375
Saudades (Santa Catarina),303.375
Brotas de Macaubas (Bahia),303.2916666666667
Nova Independencia (Sao Paulo),303.16666666666663
Iguaracu (Parana),302.91666666666663
Barra do Corda (Maranhao),302.7083333333333
Ipixuna (Amazonas),302.66666666666663
Santa Rosa do Purus (Acre),302.66666666666663
Feijo (Acre),302.66666666666663
Renascenca (Parana),302.29166666666663
Guapiara (Sao Paulo),302.20833333333337
Canapolis (Minas Gerais),302.20833333333337
Atalaia do Norte (Amazonas),302.20833333333337
Sao Lourenco da Serra (Sao Paulo),302.16666666666663
Delfinopolis (Minas Gerais),302.0833333333333
Morro Agudo (Sao Paulo),301.83333333333337
Itaueira (Piaui),301.75
Jarinu (Sao Paulo),301.75
Nova Santa Helena (Mato Grosso),301.66666666666663
Cotriguacu (Mato Grosso),301.58333333333337
Sao Joao Batista (Maranhao),301.54166666666663
Agua Doce do Norte (Espirito Santo),301.5
Novo Itacolomi (Parana),301.45833333333337
Pedrinopolis (Minas Gerais),301.41666666666663
Guarani (Minas Gerais),301.375
Cachoeira Paulista (Sao Paulo),301.3333333333333
Araxa (Minas Gerais),301.25
Parnarama (Maranhao),301.125
Cassia dos Coqueiros (Sao Paulo),301.08333333333337
Cajuru (Sao Paulo),301.08333333333337
Rio Bom (Parana),301.0833333333333
Delta (Minas Gerais),301.04166666666663
Indianopolis (Minas Gerais),301.0
Cocos (Bahia),300.95833333333337
Brasilia de Minas (Minas Gerais),300.875
Miraselva (Parana),300.79166666666663
Irani (Santa Catarina),300.45833333333337
Itirapua (Sao Paulo),300.4166666666667
Sao Joao Batista do Gloria (Minas Gerais),300.4166666666667
Sao Lourenco do Oeste (Santa Catarina),300.25
Nova Roma do Sul (Rio Grande do Sul),300.25
Osasco (Sao Paulo),300.20833333333337
Monte Alegre do Piaui (Piaui),300.125
Divinopolis (Minas Gerais),300.04166666666663
Hidrolandia (Goias),300.0
California (Parana),299.9583333333333
Reserva do Iguacu (Parana),299.75
Florida Paulista (Sao Paulo),299.66666666666663
Santos Dumont (Minas Gerais),299.625
Caxambu do Sul (Santa Catarina),299.5833333333333
Chapadao do Sul (Mato Grosso do Sul),299.5
Serrano do Maranhao (Maranhao),299.41666666666663
Espirito Santo do Pinhal (Sao Paulo),299.25
Douradoquara (Minas Gerais),299.0
Urucui (Piaui),298.875
Bacuri (Maranhao),298.8333333333333
Ponte Alta do Tocantins (Tocantins),298.7083333333333
Sao Marcos (Rio Grande do Sul),298.58333333333337
Sacramento (Minas Gerais),298.58333333333337
Dois Lajeados (Rio Grande do Sul),298.5
Lontra (Minas Gerais),298.41666666666663
Gloria DOeste (Mato Grosso),298.41666666666663
Corumba (Mato Grosso do Sul),298.125
Timon (Maranhao),298.125
Irati (Parana),298.08333333333337
Riacho de Santana (Bahia),298.0833333333333
Anicuns (Goias),297.7916666666667
Cassia (Minas Gerais),297.70833333333337
Sao Bernardino (Santa Catarina),297.58333333333337
Amparo (Sao Paulo),297.5
Divisopolis (Minas Gerais),297.125
Sao Francisco do Piaui (Piaui),296.91666666666663
Augustinopolis (Tocantins),296.875
Pacaembu (Sao Paulo),296.875
Tocantinopolis (Tocantins),296.8333333333333
Porto Murtinho (Mato Grosso do Sul),296.79166666666663
Itapira (Sao Paulo),296.70833333333337
Aimores (Minas Gerais),296.58333333333337
Itabirinha (Minas Gerais),296.45833333333337
Sales Oliveira (Sao Paulo),296.29166666666663
Sao Jose do Divino (Minas Gerais),296.20833333333337
Brodowski (Sao Paulo),296.0833333333333
Batatais (Sao Paulo),295.95833333333337
Serra do Navio (Amapa),295.9166666666667
Carmo do Cajuru (Minas Gerais),295.8333333333333
Tuntum (Maranhao),295.7916666666667
Presidente Sarney (Maranhao),295.79166666666663
Coronel Domingos Soares (Parana),295.625
Central do Maranhao (Maranhao),295.45833333333337
Porto Rico do Maranhao (Maranhao),295.45833333333337
Mirinzal (Maranhao),295.29166666666663
Cedral (Maranhao),295.25
Eirunepe (Amazonas),295.125
Aguiarnopolis (Tocantins),295.125
Romaria (Minas Gerais),295.0
Porto Alegre (Rio Grande do Sul),294.95833333333337
Nova Belem (Minas Gerais),294.875
Igarape Grande (Maranhao),294.83333333333337
Barra do Quarai (Rio Grande do Sul),294.7916666666667
Coribe (Bahia),294.79166666666663
Teofilo Otoni (Minas Gerais),294.75
Ibiraci (Minas Gerais),294.66666666666663
Bom Jesus do Tocantins (Para),294.625
Congonhas (Minas Gerais),294.41666666666663
Camamu (Bahia),294.375
Buenopolis (Minas Gerais),294.29166666666663
Claraval (Minas Gerais),294.20833333333337
Campo Ere (Santa Catarina),294.125
Sao Felix do Coribe (Bahia),294.125
Ponte Alta do Bom Jesus (Tocantins),294.08333333333337
Campo Novo do Parecis (Mato Grosso),294.0
Sao Sebastiao do Paraiso (Minas Gerais),293.95833333333337
Novo Horizonte (Santa Catarina),293.83333333333337
Carmo do Rio Claro (Minas Gerais),293.8333333333333
Juvenilia (Minas Gerais),293.70833333333337
Jeriquara (Sao Paulo),293.5833333333333
Santo Antonio da Alegria (Sao Paulo),293.54166666666663
Boa Vista do Sul (Rio Grande do Sul),293.4166666666667
Inaja (Parana),293.375
Cavalcante (Goias),293.3333333333333
Nuporanga (Sao Paulo),293.3333333333333
Itaguaje (Parana),293.25
Campestre de Goias (Goias),293.20833333333337
Conceicao da Barra de Minas (Minas Gerais),293.0833333333333
Itau de Minas (Minas Gerais),292.9166666666667
Modelo (Santa Catarina),292.91666666666663
Serra Alta (Santa Catarina),292.8333333333333
Bom Jesus do Oeste (Santa Catarina),292.8333333333333
Presidente Juscelino (Maranhao),292.7916666666667
Ribeirao Branco (Sao Paulo),292.7916666666667
Nilo Pecanha (Bahia),292.6666666666667
Maranhaozinho (Maranhao),292.58333333333337
Presidente Medici (Maranhao),292.58333333333337
Cristais Paulista (Sao Paulo),292.5416666666667
Fernando Falcao (Maranhao),292.04166666666663
Monte Alegre de Goias (Goias),292.0
Cana Verde (Minas Gerais),291.83333333333337
Luislandia (Minas Gerais),291.79166666666663
Casa Branca (Sao Paulo),291.70833333333337
Ananas (Tocantins),291.54166666666663
Sao Francisco de Paula (Rio Grande do Sul),291.45833333333337
Ze Doca (Maranhao),291.25
Vitorino (Parana),290.75
Irai de Minas (Minas Gerais),290.70833333333337
Taguatinga (Tocantins),290.625
Lagoa da Confusao (Tocantins),290.25
Porto (Piaui),289.9166666666667
Campo Largo do Piaui (Piaui),289.9166666666667
Novo Santo Antonio (Mato Grosso),289.75
Jardim (Mato Grosso do Sul),289.75
Sao Jose da Bela Vista (Sao Paulo),289.58333333333337
Passos (Minas Gerais),289.58333333333337
Mendes Pimentel (Minas Gerais),289.5
Santo Inacio (Parana),289.45833333333337
Martinopolis (Sao Paulo),289.3333333333333
Cunhatai (Santa Catarina),289.20833333333337
Caxias (Maranhao),289.1666666666667
Campo Florido (Minas Gerais),289.0
Guarapuava (Parana),288.9583333333333
Cajazeiras do Piaui (Piaui),288.625
Rio Branco (Acre),288.625
Capetinga (Minas Gerais),288.45833333333337
Novo Jardim (Tocantins),288.4166666666667
Itaguatins (Tocantins),288.375
Pedra Preta (Mato Grosso),288.29166666666663
Pratapolis (Minas Gerais),288.25
Itamogi (Minas Gerais),288.16666666666663
Macaubas (Bahia),288.08333333333337
Sao Luis (Maranhao),287.875
Turilandia (Maranhao),287.70833333333337
Jaguarao (Rio Grande do Sul),287.58333333333337
Torixoreu (Mato Grosso),287.5
Vista Alegre do Prata (Rio Grande do Sul),287.375
Fagundes Varela (Rio Grande do Sul),287.375
Saltinho (Santa Catarina),287.2916666666667
Cururupu (Maranhao),287.25
Caldas Novas (Goias),287.25
Senges (Parana),287.20833333333337
Arealva (Sao Paulo),286.83333333333337
Cruzeiro da Fortaleza (Minas Gerais),286.75
Montenegro (Rio Grande do Sul),286.625
Vargem Grande do Sul (Sao Paulo),286.54166666666663
Bacabeira (Maranhao),286.54166666666663
Bernardo do Mearim (Maranhao),286.25
Lajeado (Tocantins),286.1666666666667
Itobi (Sao Paulo),286.1666666666667
Anchieta (Santa Catarina),286.16666666666663
Campos de Julio (Mato Grosso),286.08333333333337
Fortaleza de Minas (Minas Gerais),286.08333333333337
Almas (Tocantins),285.7083333333333
Lago Verde (Maranhao),285.5833333333333
Ponta Grossa (Parana),285.45833333333337
Alcinopolis (Mato Grosso do Sul),285.45833333333337
Ubatuba (Sao Paulo),285.2916666666667
Sao Jose do Rio Pardo (Sao Paulo),285.29166666666663
Pedra do Indaia (Minas Gerais),285.29166666666663
Estrela do Norte (Sao Paulo),285.25
Itinga (Minas Gerais),285.25
Taipas do Tocantins (Tocantins),285.20833333333337
Barra Bonita (Santa Catarina),285.2083333333333
Mariapolis (Sao Paulo),285.1666666666667
Narandiba (Sao Paulo),285.0
Sao Joao do Pacui (Minas Gerais),285.0
Doutor Ricardo (Rio Grande do Sul),284.9166666666667
Campo do Meio (Minas Gerais),284.8333333333333
Monte Castelo (Sao Paulo),284.5
Ministro Andreazza (Rondonia),284.4583333333333
Taciba (Sao Paulo),284.2916666666667
Paranapoema (Parana),284.20833333333337
Sao Joao do Arraial (Piaui),284.20833333333337
Nossa Senhora dos Remedios (Piaui),284.1666666666667
Luzilandia (Piaui),284.125
Coelho Neto (Maranhao),284.0
Maurilandia do Tocantins (Tocantins),284.0
Tavares (Rio Grande do Sul),283.8333333333333
Tigrinhos (Santa Catarina),283.79166666666663
Rubelita (Minas Gerais),283.70833333333337
Vitoria do Mearim (Maranhao),283.7083333333333
Natividade da Serra (Sao Paulo),283.5416666666667
Faina (Goias),283.54166666666663
Miguel Alves (Piaui),283.54166666666663
Ipiranga do Sul (Rio Grande do Sul),283.5
Cristiano Otoni (Minas Gerais),283.5
Tres Ranchos (Goias),283.4166666666667
Conselheiro Lafaiete (Minas Gerais),283.375
Santa Rita (Maranhao),283.375
Imigrante (Rio Grande do Sul),283.33333333333337
Pirapetinga (Minas Gerais),283.3333333333333
Nova Alvorada do Sul (Mato Grosso do Sul),283.20833333333337
Erval Grande (Rio Grande do Sul),283.20833333333337
Sao Miguel do Oeste (Santa Catarina),283.2083333333333
Franca (Sao Paulo),283.16666666666663
Capixaba (Acre),283.16666666666663
Riachinho (Minas Gerais),283.125
Presidente Epitacio (Sao Paulo),283.0833333333333
Romelandia (Santa Catarina),283.0
Santo Anastacio (Sao Paulo),282.7916666666667
Encantado (Rio Grande do Sul),282.79166666666663
Silveiras (Sao Paulo),282.79166666666663
Jupia (Santa Catarina),282.75
Botupora (Bahia),282.70833333333337
Vargem Bonita (Santa Catarina),282.70833333333337
Araguaiana (Mato Grosso),282.625
Matias Olimpio (Piaui),282.58333333333337
Belo Vale (Minas Gerais),282.4166666666667
Pirapemas (Maranhao),282.2916666666667
Costa Rica (Mato Grosso do Sul),282.25
Dona Euzebia (Minas Gerais),282.08333333333337
Cantanhede (Maranhao),282.0
Conceicao da Aparecida (Minas Gerais),282.0
Serranos (Minas Gerais),281.91666666666663
Catalao (Goias),281.875
Sao Bernardo (Maranhao),281.83333333333337
Coxim (Mato Grosso do Sul),281.75
Cacaulandia (Rondonia),281.70833333333337
Varjao de Minas (Minas Gerais),281.7083333333333
Bom Sucesso de Itarare (Sao Paulo),281.6666666666667
Madeiro (Piaui),281.58333333333337
Sao Jose da Barra (Minas Gerais),281.45833333333337
Abadia dos Dourados (Minas Gerais),281.375
Jaru (Rondonia),281.375
Agua Doce do Maranhao (Maranhao),281.16666666666663
Grao Mogol (Minas Gerais),281.08333333333337
Lajeado (Rio Grande do Sul),280.9166666666667
Jose de Freitas (Piaui),280.875
Pirai do Sul (Parana),280.875
Bujari (Acre),280.7916666666667
Santa Ines (Parana),280.70833333333337
Apicum-Acu (Maranhao),280.625
Sao Joao do Triunfo (Parana),280.58333333333337
Conceicao do Lago-Acu (Maranhao),280.5833333333333
Darcinopolis (Tocantins),280.54166666666663
Aruana (Goias),280.5
Piquerobi (Sao Paulo),280.4166666666667
Ribeirao Grande (Sao Paulo),280.33333333333337
Ribeirao Corrente (Sao Paulo),280.33333333333337
Bela Vista de Goias (Goias),280.33333333333337
Acailandia (Maranhao),280.25
Sao Joao do Paraiso (Maranhao),280.125
Astolfo Dutra (Minas Gerais),280.125
Rosario da Limeira (Minas Gerais),280.0
Santa Helena (Maranhao),280.0
Presidente Venceslau (Sao Paulo),279.8333333333333
Guiricema (Minas Gerais),279.79166666666663
Santa Luzia do Parua (Maranhao),279.75
Loreto (Maranhao),279.75
Medeiros Neto (Bahia),279.625
Pimenta Bueno (Rondonia),279.58333333333337
Afua (Para),279.5833333333333
Uniao do Sul (Mato Grosso),279.45833333333337
Pato Branco (Parana),279.2916666666667
Vila Flores (Rio Grande do Sul),279.20833333333337
Tupaciguara (Minas Gerais),279.125
Aiuruoca (Minas Gerais),279.125
Oliveira dos Brejinhos (Bahia),278.95833333333337
Ita (Santa Catarina),278.70833333333337
Faria Lemos (Minas Gerais),278.66666666666663
Anaurilandia (Mato Grosso do Sul),278.45833333333337
Santa Terezinha do Progresso (Santa Catarina),278.45833333333337
Santana (Bahia),278.41666666666663
Santo Expedito (Sao Paulo),278.20833333333337
Uniao (Piaui),278.125
Cajapio (Maranhao),278.0
Jenipapo dos Vieiras (Maranhao),277.91666666666663
Rosario (Maranhao),277.875
Caiua (Sao Paulo),277.7916666666667
Raposa (Maranhao),277.5
Albertina (Minas Gerais),277.4166666666667
Santo Antonio do Jardim (Sao Paulo),277.4166666666667
Capitolio (Minas Gerais),277.4166666666667
Santana do Araguaia (Para),277.4166666666667
Muniz Freire (Espirito Santo),277.375
Axixa (Maranhao),277.375
Panorama (Sao Paulo),277.3333333333333
Monte Carmelo (Minas Gerais),277.1666666666667
Emilianopolis (Sao Paulo),276.91666666666663
Brasilandia de Minas (Minas Gerais),276.91666666666663
Sao Jose de Ribamar (Maranhao),276.83333333333337
Paco do Lumiar (Maranhao),276.625
Alfredo Marcondes (Sao Paulo),276.58333333333337
Mococa (Sao Paulo),276.54166666666663
Chui (Rio Grande do Sul),276.5
Dracena (Sao Paulo),276.45833333333337
Santana do Maranhao (Maranhao),276.4166666666667
Jaguariaiva (Parana),276.41666666666663
Pauliceia (Sao Paulo),276.375
Madre de Deus de Minas (Minas Gerais),276.33333333333337
Sao Joao da Lagoa (Minas Gerais),276.33333333333337
Matina (Bahia),276.3333333333333
Sao Joao da Boa Vista (Sao Paulo),276.2916666666667
Maracaju (Mato Grosso do Sul),276.29166666666663
Boquira (Bahia),276.20833333333337
Fartura do Piaui (Piaui),276.20833333333337
Restinga (Sao Paulo),276.16666666666663
Guia Lopes da Laguna (Mato Grosso do Sul),276.125
Bacabal (Maranhao),276.125
Americano do Brasil (Goias),275.95833333333337
Coracao de Jesus (Minas Gerais),275.91666666666663
Rio Novo (Minas Gerais),275.91666666666663
Buriti (Maranhao),275.875
Canarana (Mato Grosso),275.875
Tutoia (Maranhao),275.875
Caiabu (Sao Paulo),275.8333333333333
Santa Juliana (Minas Gerais),275.625
Guaranesia (Minas Gerais),275.625
Irapuru (Sao Paulo),275.54166666666663
Silva Jardim (Rio de Janeiro),275.5
Junqueiropolis (Sao Paulo),275.41666666666663
Rio Maria (Para),275.375
Ouro Verde de Minas (Minas Gerais),275.33333333333337
Antonio Prado (Rio Grande do Sul),274.9583333333333
Centro Novo do Maranhao (Maranhao),274.75
Malhada (Bahia),274.625
Alpinopolis (Minas Gerais),274.4583333333333
Ribeirao dos Indios (Sao Paulo),274.375
Icatu (Maranhao),274.29166666666663
Sao Miguel da Boa Vista (Santa Catarina),274.1666666666667
Volta Grande (Minas Gerais),274.125
Visconde do Rio Branco (Minas Gerais),274.04166666666663
Claudia (Mato Grosso),274.0
Joca Marques (Piaui),274.0
Barroso (Minas Gerais),274.0
Mirabela (Minas Gerais),273.91666666666663
Novo Oriente de Minas (Minas Gerais),273.7916666666667
Nova Uniao (Rondonia),273.70833333333337
Maravilha (Santa Catarina),273.6666666666667
Monte Santo de Minas (Minas Gerais),273.5
Arabuta (Santa Catarina),273.45833333333337
Sao Luis Gonzaga do Maranhao (Maranhao),273.33333333333337
Monte Negro (Rondonia),273.20833333333337
Teodoro Sampaio (Sao Paulo),272.91666666666663
Jardim Olinda (Parana),272.91666666666663
Itaguacu (Espirito Santo),272.79166666666663
Sao Miguel do Tocantins (Tocantins),272.75
Duque Bacelar (Maranhao),272.6666666666667
Claro dos Pocoes (Minas Gerais),272.6666666666667
Bonopolis (Goias),272.625
Tapaua (Amazonas),272.5833333333333
Flora Rica (Sao Paulo),272.5
Jacui (Minas Gerais),272.5
Diadema (Sao Paulo),272.375
Colonia do Piaui (Piaui),272.375
Cataguases (Minas Gerais),272.20833333333337
Rodeiro (Minas Gerais),272.125
Manoel Vitorino (Bahia),272.0833333333333
Pedreiras (Maranhao),272.0833333333333
Campos Lindos (Tocantins),272.0416666666667
Reboucas (Parana),272.0416666666667
Guape (Minas Gerais),271.875
Sao Domingos (Goias),271.83333333333337
Caatiba (Bahia),271.8333333333333
Itapecuru Mirim (Maranhao),271.7083333333333
Nilopolis (Rio de Janeiro),271.6666666666667
Mesquita (Rio de Janeiro),271.6666666666667
Nova Ibia (Bahia),271.58333333333337
Piquete (Sao Paulo),271.41666666666663
Sao Mateus do Sul (Parana),271.33333333333337
Boraceia (Sao Paulo),271.2916666666667
Araguana (Maranhao),271.20833333333337
Juquitiba (Sao Paulo),271.16666666666663
Santa Maria da Vitoria (Bahia),271.125
Paranaita (Mato Grosso),271.0
Sao Carlos (Santa Catarina),270.95833333333337
Tuiuti (Sao Paulo),270.875
Garruchos (Rio Grande do Sul),270.875
Presidente Bernardes (Sao Paulo),270.75
Bandeirante (Santa Catarina),270.54166666666663
Ouro Verde (Sao Paulo),270.375
Centro do Guilherme (Maranhao),270.33333333333337
Brasnorte (Mato Grosso),270.25
Porto Vera Cruz (Rio Grande do Sul),270.20833333333337
Alto Paraiso (Rondonia),270.20833333333337
Maquine (Rio Grande do Sul),270.125
Santa Mercedes (Sao Paulo),270.125
Seritinga (Minas Gerais),269.95833333333337
Pirapozinho (Sao Paulo),269.9583333333333
Ariquemes (Rondonia),269.875
Caturai (Goias),269.875
Sao Joao do Pau dAlho (Sao Paulo),269.83333333333337
Caconde (Sao Paulo),269.375
Divinolandia (Sao Paulo),269.33333333333337
Lagoa do Barro do Piaui (Piaui),269.3333333333333
Encruzilhada (Bahia),269.2916666666667
Ataleia (Minas Gerais),269.25
Sao Roque do Canaa (Espirito Santo),269.20833333333337
Itinga do Maranhao (Maranhao),269.1666666666667
Nova Resende (Minas Gerais),269.16666666666663
Itapolis (Sao Paulo),269.125
Tremembe (Sao Paulo),269.0416666666667
Presidente Medici (Rondonia),269.04166666666663
Belmonte (Santa Catarina),268.91666666666663
Anhumas (Sao Paulo),268.875
Varzea Grande (Piaui),268.58333333333337
Teixeiropolis (Rondonia),268.58333333333337
Arroio do Padre (Rio Grande do Sul),268.5416666666667
Indiana (Sao Paulo),268.5416666666667
Regente Feijo (Sao Paulo),268.45833333333337
Sao Jose dos Basilios (Maranhao),268.45833333333337
Ribeirao do Largo (Bahia),268.33333333333337
Cachoeiras de Macacu (Rio de Janeiro),268.16666666666663
Guiratinga (Mato Grosso),268.125
Teresina (Piaui),268.08333333333337
Serra Dourada (Bahia),268.0
Ubai (Minas Gerais),267.8333333333333
Maraba Paulista (Sao Paulo),267.8333333333333
Porto Xavier (Rio Grande do Sul),267.6666666666667
Mirante do Paranapanema (Sao Paulo),267.66666666666663
Cumaru do Norte (Para),267.625
Floresta do Piaui (Piaui),267.54166666666663
Gentio do Ouro (Bahia),267.54166666666663
Aldeias Altas (Maranhao),267.54166666666663
Nova Olinda do Maranhao (Maranhao),267.5
Urupa (Rondonia),267.5
Santa Quiteria do Maranhao (Maranhao),267.2916666666667
Sambaiba (Maranhao),267.20833333333337
Presidente Vargas (Maranhao),267.2083333333333
Porto Alegre do Piaui (Piaui),267.2083333333333
Tupi Paulista (Sao Paulo),267.16666666666663
Nova Guataporanga (Sao Paulo),267.16666666666663
Palmeira (Parana),267.125
Nina Rodrigues (Maranhao),267.08333333333337
Embu-Guacu (Sao Paulo),267.04166666666663
Peixe (Tocantins),267.0
Monte do Carmo (Tocantins),266.875
Barra da Estiva (Bahia),266.6666666666667
Sapucaia (Rio de Janeiro),266.6666666666667
Miradouro (Minas Gerais),266.625
Taboao da Serra (Sao Paulo),266.625
Estrela Dalva (Minas Gerais),266.5833333333333
Marcos Parente (Piaui),266.5
Milagres do Maranhao (Maranhao),266.5
Ribamar Fiquene (Maranhao),266.5
Recreio (Minas Gerais),266.41666666666663
Rio de Janeiro (Rio de Janeiro),266.33333333333337
Itapecerica da Serra (Sao Paulo),266.3333333333333
Demerval Lobao (Piaui),266.25
Tarabai (Sao Paulo),266.125
Sao Mateus do Maranhao (Maranhao),266.0833333333333
Santa Maria do Salto (Minas Gerais),266.04166666666663
Presidente Prudente (Sao Paulo),266.04166666666663
Brejinho de Nazare (Tocantins),265.95833333333337
Brejo (Maranhao),265.7916666666667
Nazareno (Minas Gerais),265.70833333333337
Sandovalina (Sao Paulo),265.625
Triunfo (Rio Grande do Sul),265.625
Caceres (Mato Grosso),265.625
Arari (Maranhao),265.5
Juquia (Sao Paulo),265.29166666666663
Montes Claros (Minas Gerais),265.20833333333337
Alterosa (Minas Gerais),265.125
Pinhao (Parana),264.95833333333337
Buriti Bravo (Maranhao),264.91666666666663
Cunha Pora (Santa Catarina),264.7916666666667
Montividiu do Norte (Goias),264.54166666666663
Landri Sales (Piaui),264.41666666666663
Descanso (Santa Catarina),264.20833333333337
Mirador (Maranhao),264.0833333333333
Petrolina (Pernambuco),264.0
Avelino Lopes (Piaui),263.9583333333333
Jambeiro (Sao Paulo),263.875
Alvares Machado (Sao Paulo),263.79166666666663
Massape do Piaui (Piaui),263.6666666666667
Porto Alegre do Tocantins (Tocantins),263.66666666666663
Almenara (Minas Gerais),263.54166666666663
Mossamedes (Goias),263.375
Palma (Minas Gerais),263.375
Morros (Maranhao),263.25
Sao Sebastiao da Grama (Sao Paulo),262.83333333333337
Bataguassu (Mato Grosso do Sul),262.625
Talisma (Tocantins),262.25
Trizidela do Vale (Maranhao),262.20833333333337
Buritis (Minas Gerais),262.20833333333337
Ibiracatu (Minas Gerais),262.08333333333337
Humberto de Campos (Maranhao),261.95833333333337
Anta Gorda (Rio Grande do Sul),261.9583333333333
Presidente Tancredo Neves (Bahia),261.875
Tres Barras (Santa Catarina),261.875
Apiacas (Mato Grosso),261.75
Carvalhos (Minas Gerais),261.70833333333337
Laranja da Terra (Espirito Santo),261.45833333333337
Flor do Sertao (Santa Catarina),261.25
Ouvidor (Goias),261.125
Curralinhos (Piaui),261.08333333333337
Serra Negra (Sao Paulo),261.08333333333337
Porto Lucena (Rio Grande do Sul),261.0833333333333
Catolandia (Bahia),260.9583333333333
Santana do Deserto (Minas Gerais),260.79166666666663
Itati (Rio Grande do Sul),260.75
Guarda-Mor (Minas Gerais),260.375
Aguas da Prata (Sao Paulo),260.20833333333337
Cabeceiras do Piaui (Piaui),260.04166666666663
Goiana (Minas Gerais),260.04166666666663
Primavera de Rondonia (Rondonia),260.0
Uruguaiana (Rio Grande do Sul),259.9583333333333
Ilicinea (Minas Gerais),259.9583333333333
Herval (Rio Grande do Sul),259.9583333333333
Uberaba (Minas Gerais),259.79166666666663
Nova Iorque (Maranhao),259.58333333333337
Miranda do Norte (Maranhao),259.5
Barra do Chapeu (Sao Paulo),259.375
Antonio Olinto (Parana),259.29166666666663
Matoes do Norte (Maranhao),259.20833333333337
Lima Campos (Maranhao),259.0
Natalandia (Minas Gerais),258.8333333333333
Caiana (Minas Gerais),258.7083333333333
Castanheiras (Rondonia),258.6666666666667
Nova Aurora (Goias),258.625
Divinopolis de Goias (Goias),258.5833333333333
Canapolis (Bahia),258.54166666666663
Baependi (Minas Gerais),258.45833333333337
Inacio Martins (Parana),258.45833333333337
Anajatuba (Maranhao),258.4166666666667
Alta Floresta (Mato Grosso),258.33333333333337
Pontal do Araguaia (Mato Grosso),258.3333333333333
Barras (Piaui),258.29166666666663
Jequitai (Minas Gerais),258.29166666666663
Caxambu (Minas Gerais),258.0
Sao Felipe DOeste (Rondonia),257.9583333333333
Aurora do Tocantins (Tocantins),257.83333333333337
Cachoeira Grande (Maranhao),257.8333333333333
Tapiratiba (Sao Paulo),257.7916666666667
Ponto dos Volantes (Minas Gerais),257.75
Agua Clara (Mato Grosso do Sul),257.7083333333333
Esperantina (Piaui),257.7083333333333
Brejo do Piaui (Piaui),257.625
Viamao (Rio Grande do Sul),257.5833333333333
Guaxupe (Minas Gerais),257.5416666666667
Anhanguera (Goias),257.5
Santa Terezinha (Mato Grosso),257.4166666666667
Bom Jesus da Penha (Minas Gerais),257.33333333333337
Guimarania (Minas Gerais),257.3333333333333
Acorizal (Mato Grosso),257.04166666666663
Canavieira (Piaui),256.83333333333337
Perdizes (Minas Gerais),256.83333333333337
Benjamin Constant (Amazonas),256.6666666666667
Centralina (Minas Gerais),256.54166666666663
Teolandia (Bahia),256.5
Brejetuba (Espirito Santo),256.45833333333337
Pauini (Amazonas),256.41666666666663
Boca do Acre (Amazonas),256.375
Goias (Goias),256.375
Sao Paulo (Sao Paulo),256.375
Paraty (Rio de Janeiro),256.2083333333333
Iacanga (Sao Paulo),256.16666666666663
Ibiai (Minas Gerais),256.16666666666663
Gilbues (Piaui),256.125
Passagem Franca (Maranhao),256.04166666666663
Campo Alegre do Fidalgo (Piaui),255.95833333333334
Bonito (Mato Grosso do Sul),255.75
Conceicao do Rio Verde (Minas Gerais),255.70833333333334
Sao Pedro da Uniao (Minas Gerais),255.58333333333334
Abel Figueiredo (Para),255.5
Alecrim (Rio Grande do Sul),255.375
Mairipora (Sao Paulo),255.16666666666666
Rio dos Indios (Rio Grande do Sul),255.125
Brasilandia (Mato Grosso do Sul),255.0
Luziania (Goias),255.0
Ipiranga do Piaui (Piaui),255.0
Aguas de Lindoia (Sao Paulo),254.95833333333334
Uruana de Minas (Minas Gerais),254.95833333333334
Laranjal (Minas Gerais),254.95833333333331
Sao Miguel do Passa Quatro (Goias),254.875
Jeremoabo (Bahia),254.83333333333334
Miranda (Mato Grosso do Sul),254.58333333333331
Caraa (Rio Grande do Sul),254.54166666666669
Santa Filomena (Piaui),254.41666666666666
Jeceaba (Minas Gerais),254.375
Santa Rosa do Piaui (Piaui),254.29166666666669
Apiai (Sao Paulo),254.08333333333334
Caridade do Piaui (Piaui),254.0
Comodoro (Mato Grosso),253.75
Guapore (Rio Grande do Sul),253.70833333333334
Rio Azul (Parana),253.625
Tres Marias (Minas Gerais),253.54166666666666
Paraiso das Aguas (Mato Grosso do Sul),253.5
Vargem Grande (Maranhao),253.5
Altos (Piaui),253.5
Montes Altos (Maranhao),253.41666666666669
Itapebi (Bahia),253.25
Gaucha do Norte (Mato Grosso),253.25
Juruaia (Minas Gerais),253.16666666666669
Vieiras (Minas Gerais),253.16666666666666
Eldorado do Sul (Rio Grande do Sul),253.16666666666666
Coroata (Maranhao),253.125
Novo Oriente do Piaui (Piaui),253.08333333333334
Rolim de Moura (Rondonia),253.04166666666669
Sao Luis do Piaui (Piaui),253.0
Placido de Castro (Acre),252.70833333333334
Porto Acre (Acre),252.70833333333334
Governador Edison Lobao (Maranhao),252.66666666666666
Papanduva (Santa Catarina),252.625
Sao Joao do Caru (Maranhao),252.45833333333331
Magalhaes de Almeida (Maranhao),252.33333333333334
Paulino Neves (Maranhao),252.29166666666666
Sao Jose do Peixe (Piaui),252.04166666666666
Brasilia (Distrito Federal),251.91666666666669
Joaquim Pires (Piaui),251.91666666666666
Pastos Bons (Maranhao),251.875
Guidoval (Minas Gerais),251.875
Manicore (Amazonas),251.79166666666666
Padre Carvalho (Minas Gerais),251.70833333333334
Luciara (Mato Grosso),251.70833333333331
Lagoa dos Patos (Minas Gerais),251.625
Andrelandia (Minas Gerais),251.58333333333334
Iraceminha (Santa Catarina),251.54166666666669
Afonso Claudio (Espirito Santo),251.54166666666666
Protasio Alves (Rio Grande do Sul),251.5
Ponto Chique (Minas Gerais),251.375
Perdoes (Minas Gerais),251.33333333333334
Areado (Minas Gerais),251.33333333333331
Alto Alegre do Maranhao (Maranhao),251.25
Prados (Minas Gerais),251.20833333333334
Casa Grande (Minas Gerais),251.20833333333334
Itainopolis (Piaui),251.125
Joaquim Felicio (Minas Gerais),251.125
Agua Doce (Santa Catarina),251.04166666666669
Santa Luzia DOeste (Rondonia),251.04166666666669
Sao Sebastiao do Oeste (Minas Gerais),251.04166666666666
Cairu (Bahia),251.0
Bituruna (Parana),250.95833333333334
Santo Antonio dos Lopes (Maranhao),250.91666666666669
Itagimirim (Bahia),250.79166666666666
Paratinga (Bahia),250.70833333333331
Senador Guiomard (Acre),250.625
Palmeira do Piaui (Piaui),250.54166666666666
Barao de Grajau (Maranhao),250.45833333333334
Santo Antonio dos Milagres (Piaui),250.33333333333334
Chupinguaia (Rondonia),250.16666666666666
Bodoquena (Mato Grosso do Sul),249.75
Dores de Campos (Minas Gerais),249.70833333333334
Abadia de Goias (Goias),249.45833333333334
Muzambinho (Minas Gerais),249.08333333333334
Faxinalzinho (Rio Grande do Sul),249.0
Itapirapua Paulista (Sao Paulo),248.83333333333334
Queluzito (Minas Gerais),248.83333333333334
Dores do Rio Preto (Espirito Santo),248.83333333333331
Manga (Minas Gerais),248.79166666666666
Patrocinio (Minas Gerais),248.70833333333334
Nioaque (Mato Grosso do Sul),248.70833333333331
Sao Bras do Suacui (Minas Gerais),248.66666666666666
Angical (Bahia),248.58333333333334
Davinopolis (Goias),248.5
Piedade do Rio Grande (Minas Gerais),248.5
Entre Rios de Minas (Minas Gerais),248.375
Itamari (Bahia),248.33333333333331
Lagoa Alegre (Piaui),248.16666666666669
Sao Francisco do Maranhao (Maranhao),247.875
Morro do Chapeu do Piaui (Piaui),247.70833333333334
Piacabucu (Alagoas),247.54166666666666
Araguapaz (Goias),247.41666666666669
Cruzeiro (Sao Paulo),247.29166666666669
Campo Belo (Minas Gerais),247.29166666666666
Lagoa Dourada (Minas Gerais),247.20833333333334
Riachao das Neves (Bahia),247.125
Francisco Sa (Minas Gerais),247.04166666666666
Marmelopolis (Minas Gerais),247.0
Batalha (Piaui),247.0
Santana de Cataguases (Minas Gerais),247.0
Afonso Cunha (Maranhao),246.91666666666666
Carmo (Rio de Janeiro),246.875
Capitao (Rio Grande do Sul),246.83333333333331
Pocos de Caldas (Minas Gerais),246.79166666666666
Areias (Sao Paulo),246.625
Primeira Cruz (Maranhao),246.625
Guarulhos (Sao Paulo),246.33333333333334
Colinas (Maranhao),246.33333333333334
Sao Joao del Rei (Minas Gerais),246.20833333333334
Sao Pedro dos Crentes (Maranhao),246.20833333333331
Ladario (Mato Grosso do Sul),246.16666666666669
Araioses (Maranhao),246.04166666666669
Lindoia (Sao Paulo),246.0
Mirai (Minas Gerais),245.95833333333334
Nazare do Piaui (Piaui),245.95833333333334
Sao Sebastiao da Vargem Alegre (Minas Gerais),245.875
Tanque Novo (Bahia),245.54166666666666
Bocaina de Minas (Minas Gerais),245.54166666666666
Boa Hora (Piaui),245.5
Buriti dos Lopes (Piaui),245.20833333333331
Campestre da Serra (Rio Grande do Sul),244.79166666666669
Campo Azul (Minas Gerais),244.66666666666669
Sete Barras (Sao Paulo),244.625
Wenceslau Braz (Minas Gerais),244.58333333333331
Castro (Parana),244.5
Piedade dos Gerais (Minas Gerais),244.375
Pontao (Rio Grande do Sul),244.25
Delfim Moreira (Minas Gerais),244.25
Murici dos Portelas (Piaui),244.25
Tres Coracoes (Minas Gerais),244.20833333333334
Tabapora (Mato Grosso),244.04166666666666
Cristalandia do Piaui (Piaui),243.95833333333331
Sao Sebastiao do Alto (Rio de Janeiro),243.83333333333334
Santa Clara do Sul (Rio Grande do Sul),243.79166666666666
Monte Alegre dos Campos (Rio Grande do Sul),243.625
Vacaria (Rio Grande do Sul),243.625
Sitio do Quinto (Bahia),243.5
Alagoa (Minas Gerais),243.5
Novo Triunfo (Bahia),243.5
Anapurus (Maranhao),243.45833333333331
Caturama (Bahia),243.45833333333331
Palmas de Monte Alto (Bahia),243.375
Palmitos (Santa Catarina),243.375
Campestre do Maranhao (Maranhao),243.25
Itamarati (Amazonas),243.25
Major Vieira (Santa Catarina),243.04166666666669
Bertolinia (Piaui),242.95833333333334
Icarai de Minas (Minas Gerais),242.91666666666666
Botelhos (Minas Gerais),242.79166666666666
Verissimo (Minas Gerais),242.79166666666666
Governador Nunes Freire (Maranhao),242.66666666666669
Conceicao do Castelo (Espirito Santo),242.625
Santa Rita do Pardo (Mato Grosso do Sul),242.58333333333331
Barreirinhas (Maranhao),242.5
Brejo Grande (Sergipe),242.45833333333334
Relvado (Rio Grande do Sul),242.33333333333331
Belagua (Maranhao),242.33333333333331
Uruara (Para),242.33333333333331
Jaquirana (Rio Grande do Sul),242.29166666666666
Canoinhas (Santa Catarina),242.20833333333334
Tiradentes (Minas Gerais),242.20833333333334
Crucilandia (Minas Gerais),241.95833333333334
Pirapo (Rio Grande do Sul),241.95833333333331
Sao Nicolau (Rio Grande do Sul),241.95833333333331
Casimiro de Abreu (Rio de Janeiro),241.91666666666669
Sao Jose dos Quatro Marcos (Mato Grosso),241.875
Barao de Cotegipe (Rio Grande do Sul),241.83333333333331
Parnaiba (Piaui),241.79166666666666
Ribeira (Sao Paulo),241.66666666666666
Sao Pedro da Serra (Rio Grande do Sul),241.66666666666666
Salvador do Sul (Rio Grande do Sul),241.66666666666666
Formiga (Minas Gerais),241.5
Novo Horizonte do Oeste (Rondonia),241.45833333333334
Boa Esperanca (Espirito Santo),241.33333333333331
Neopolis (Sergipe),241.25
Ecoporanga (Espirito Santo),241.0
Combinado (Tocantins),240.75
Figueirao (Mato Grosso do Sul),240.58333333333331
Monte Belo (Minas Gerais),240.5
Ibertioga (Minas Gerais),240.375
Terra Nova do Norte (Mato Grosso),240.33333333333334
Caxingo (Piaui),239.95833333333331
Sao Jose do Divino (Piaui),239.95833333333331
Liberdade (Minas Gerais),239.79166666666666
Coronel Xavier Chaves (Minas Gerais),239.70833333333334
Mallet (Parana),239.625
Barra do Rocha (Bahia),239.625
Itaoca (Sao Paulo),239.54166666666666
Erebango (Rio Grande do Sul),239.41666666666666
Ubata (Bahia),239.375
Nova Brescia (Rio Grande do Sul),239.16666666666669
Feira Nova do Maranhao (Maranhao),239.125
Porto Amazonas (Parana),239.0
Mata Roma (Maranhao),238.54166666666669
Guadalupe (Piaui),238.41666666666666
Putinga (Rio Grande do Sul),238.29166666666666
Cruzeiro do Sul (Rio Grande do Sul),238.20833333333331
Firmino Alves (Bahia),238.16666666666669
Santa Cruz de Minas (Minas Gerais),238.08333333333334
Cabo Verde (Minas Gerais),237.95833333333334
Muriae (Minas Gerais),237.91666666666666
Arantina (Minas Gerais),237.875
Colinas (Rio Grande do Sul),237.875
Pedra Dourada (Minas Gerais),237.66666666666666
Barra do Garcas (Mato Grosso),237.58333333333334
Cruz Machado (Parana),237.375
Sao Caetano do Sul (Sao Paulo),237.375
Francisco Dumont (Minas Gerais),237.29166666666666
Caibi (Santa Catarina),237.25
Sao Bento do Tocantins (Tocantins),237.125
Presidente Olegario (Minas Gerais),237.125
Bonfinopolis de Minas (Minas Gerais),237.04166666666666
Aroeiras do Itaim (Piaui),236.95833333333334
Arroio do Meio (Rio Grande do Sul),236.95833333333334
Santa Filomena do Maranhao (Maranhao),236.875
Mozarlandia (Goias),236.79166666666669
Ipe (Rio Grande do Sul),236.625
Ilha das Flores (Sergipe),236.45833333333334
Juiz de Fora (Minas Gerais),236.29166666666669
Nova Bassano (Rio Grande do Sul),236.125
Canudos (Bahia),236.125
Pacaja (Para),236.08333333333331
Serra dos Aimores (Minas Gerais),236.04166666666669
Tres Forquilhas (Rio Grande do Sul),236.0
Lapa (Parana),235.83333333333331
Sao Goncalo do Gurgueia (Piaui),235.625
Paraibuna (Sao Paulo),235.54166666666666
Passa Quatro (Minas Gerais),235.375
Antas (Bahia),235.375
Coronel Joao Sa (Bahia),235.375
Confresa (Mato Grosso),235.29166666666666
Terra de Areia (Rio Grande do Sul),235.16666666666666
Brochier (Rio Grande do Sul),234.91666666666669
Miracatu (Sao Paulo),234.79166666666669
Guaraita (Goias),234.79166666666666
Andradas (Minas Gerais),234.75
Luis Eduardo Magalhaes (Bahia),234.75
Barra Mansa (Rio de Janeiro),234.70833333333334
Cameta (Para),234.70833333333334
Peritoro (Maranhao),234.54166666666669
Coqueiro Baixo (Rio Grande do Sul),234.375
Paranatinga (Mato Grosso),234.29166666666666
Desterro de Entre Rios (Minas Gerais),234.25
Charqueadas (Rio Grande do Sul),234.20833333333334
Ubaitaba (Bahia),234.20833333333334
Jacutinga (Minas Gerais),234.16666666666669
Doutor Ulysses (Parana),233.70833333333334
Lagoa Grande (Minas Gerais),233.66666666666669
Anage (Bahia),233.66666666666666
Ipora do Oeste (Santa Catarina),233.54166666666666
Capivari do Sul (Rio Grande do Sul),233.5
Atibaia (Sao Paulo),233.41666666666666
Campos do Jordao (Sao Paulo),233.41666666666666
Cambara do Sul (Rio Grande do Sul),233.375
Varzea Grande (Mato Grosso),233.375
Porto Real (Rio de Janeiro),233.16666666666666
Nortelandia (Mato Grosso),233.04166666666666
Igapora (Bahia),232.91666666666666
Cacapava (Sao Paulo),232.875
Jaguare (Espirito Santo),232.79166666666669
Sao Paulo das Missoes (Rio Grande do Sul),232.75
Itamonte (Minas Gerais),232.70833333333334
Itaguara (Minas Gerais),232.625
Mirante da Serra (Rondonia),232.58333333333334
Governador Jorge Teixeira (Rondonia),232.58333333333334
Barreiras (Bahia),232.45833333333334
Itarana (Espirito Santo),232.33333333333331
Divisa Alegre (Minas Gerais),232.04166666666666
Vazante (Minas Gerais),231.95833333333331
Wenceslau Guimaraes (Bahia),231.66666666666666
Lassance (Minas Gerais),231.5
Feliz Deserto (Alagoas),231.33333333333334
Pau DArco do Piaui (Piaui),231.16666666666669
Rio do Oeste (Santa Catarina),231.125
Sao Benedito do Rio Preto (Maranhao),230.91666666666669
General Carneiro (Parana),230.875
Travesseiro (Rio Grande do Sul),230.875
Ibirataia (Bahia),230.83333333333334
Ibitiara (Bahia),230.79166666666666
Bom Jesus (Rio Grande do Sul),230.75
Quatis (Rio de Janeiro),230.66666666666666
Virginia (Minas Gerais),230.5
Estreito (Maranhao),230.33333333333331
Sao Valentim (Rio Grande do Sul),230.125
Apui (Amazonas),230.04166666666666
Dom Vicoso (Minas Gerais),230.0
Riqueza (Santa Catarina),229.91666666666666
Iporanga (Sao Paulo),229.875
Volta Redonda (Rio de Janeiro),229.83333333333331
Monte Formoso (Minas Gerais),229.79166666666669
Valparaiso de Goias (Goias),229.79166666666666
Salinas (Minas Gerais),229.75
Marata (Rio Grande do Sul),229.75
Buritis (Rondonia),229.66666666666669
Porto Maua (Rio Grande do Sul),229.625
Uniao da Vitoria (Parana),229.625
Pedro de Toledo (Sao Paulo),229.625
Sao Jose do Barreiro (Sao Paulo),229.54166666666666
Forquetinha (Rio Grande do Sul),229.375
Santa Maria das Barreiras (Para),229.25
Monte Castelo (Santa Catarina),229.125
Carmo de Minas (Minas Gerais),229.08333333333331
Pouso Alto (Minas Gerais),228.91666666666666
Guacui (Espirito Santo),228.83333333333331
Divisa Nova (Minas Gerais),228.66666666666669
Nova Prata (Rio Grande do Sul),228.66666666666666
Alpestre (Rio Grande do Sul),228.625
Sao Sebastiao do Rio Verde (Minas Gerais),228.625
Sao Lourenco (Minas Gerais),228.625
Queluz (Sao Paulo),228.54166666666669
Capinzal do Norte (Maranhao),228.54166666666669
Passa Vinte (Minas Gerais),228.5
Cocalinho (Mato Grosso),228.45833333333334
Soledade de Minas (Minas Gerais),228.45833333333334
Monte Alegre do Sul (Sao Paulo),228.45833333333331
Fonte Boa (Amazonas),228.375
Itanhandu (Minas Gerais),228.16666666666666
Pedro Alexandre (Bahia),228.08333333333334
Paulo Frontin (Parana),228.04166666666669
Balsa Nova (Parana),228.0
Itanhaem (Sao Paulo),227.95833333333331
Laurentino (Santa Catarina),227.875
Bela Vista do Toldo (Santa Catarina),227.875
Mongagua (Sao Paulo),227.875
Piracema (Minas Gerais),227.66666666666669
Sucupira do Riachao (Maranhao),227.66666666666666
Sao Vicente (Sao Paulo),227.66666666666666
Santa Terezinha (Santa Catarina),227.58333333333334
Timbiras (Maranhao),227.5
Sao Bernardo do Campo (Sao Paulo),227.375
Patos de Minas (Minas Gerais),227.375
Acrelandia (Acre),227.29166666666669
Barra do Ouro (Tocantins),227.29166666666666
Cubatao (Sao Paulo),227.25
Resende (Rio de Janeiro),227.25
Ribeirao Pires (Sao Paulo),227.20833333333334
Belem do Piaui (Piaui),227.16666666666666
General Camara (Rio Grande do Sul),227.08333333333331
Campinapolis (Mato Grosso),227.04166666666666
Santana do Sao Francisco (Sergipe),227.04166666666666
Capao da Canoa (Rio Grande do Sul),226.91666666666666
Lagoa do Piaui (Piaui),226.83333333333334
Barao de Monte Alto (Minas Gerais),226.79166666666669
Colinas do Sul (Goias),226.79166666666669
Agua Branca (Piaui),226.66666666666666
Angical do Piaui (Piaui),226.66666666666666
Urbano Santos (Maranhao),226.625
Lagoa do Mato (Maranhao),226.625
Sao Felix do Xingu (Para),226.625
Porto Vitoria (Parana),226.54166666666669
Estrela (Rio Grande do Sul),226.54166666666666
Tombos (Minas Gerais),226.375
Porto Alegre do Norte (Mato Grosso),226.33333333333334
Aparecida do Rio Negro (Tocantins),226.08333333333331
Chapadinha (Maranhao),226.04166666666666
Nossa Senhora de Nazare (Piaui),226.0
Alfenas (Minas Gerais),225.83333333333334
Avelinopolis (Goias),225.75
Curaca (Bahia),225.75
Eusebio (Ceara),225.54166666666669
Cicero Dantas (Bahia),225.5
Tres Cachoeiras (Rio Grande do Sul),225.5
Barra do Rio Azul (Rio Grande do Sul),225.45833333333331
Novo Aripuana (Amazonas),225.41666666666669
Carira (Sergipe),225.41666666666666
Riachao (Maranhao),225.41666666666666
Sertao (Rio Grande do Sul),225.375
Nova Iguacu (Rio de Janeiro),225.33333333333334
Itaitinga (Ceara),225.25
Pacatuba (Ceara),225.25
Porto Franco (Maranhao),225.16666666666669
Tesouro (Mato Grosso),225.08333333333331
Fortaleza (Ceara),225.04166666666666
Carolina (Maranhao),224.91666666666666
Feira Nova (Sergipe),224.875
Arapei (Sao Paulo),224.75
Goianorte (Tocantins),224.75
Pavao (Minas Gerais),224.625
Trombudo Central (Santa Catarina),224.5
Atalanta (Santa Catarina),224.5
Agronomica (Santa Catarina),224.5
Braco do Trombudo (Santa Catarina),224.5
Coxilha (Rio Grande do Sul),224.375
Guaiba (Rio Grande do Sul),224.29166666666666
Pacatuba (Sergipe),224.25
Parecis (Rondonia),224.125
Santo Amaro do Maranhao (Maranhao),223.875
Jaicos (Piaui),223.875
Obidos (Para),223.79166666666669
Ibipeba (Bahia),223.75
Venda Nova do Imigrante (Espirito Santo),223.70833333333331
Cedro de Sao Joao (Sergipe),223.45833333333334
Francinopolis (Piaui),223.45833333333331
Uirapuru (Goias),223.41666666666669
Sebastiao Barros (Piaui),223.375
Guaiuba (Ceara),223.25
Pacoti (Ceara),223.25
Palmacia (Ceara),223.25
Guaramiranga (Ceara),223.25
Sao Tiago (Minas Gerais),223.20833333333331
Caraguatatuba (Sao Paulo),223.20833333333331
Sao Francisco (Sergipe),223.16666666666666
Muribeca (Sergipe),223.16666666666666
Malhada dos Bois (Sergipe),223.16666666666666
Propria (Sergipe),223.16666666666666
Maria da Fe (Minas Gerais),223.08333333333334
Salete (Santa Catarina),223.08333333333331
Maracanau (Ceara),222.95833333333331
Paes Landim (Piaui),222.875
Santa Teresa (Espirito Santo),222.83333333333334
Lajedao (Bahia),222.83333333333334
Catanduvas (Santa Catarina),222.79166666666669
Rio Branco do Sul (Parana),222.79166666666666
Ibitiura de Minas (Minas Gerais),222.75
Cerro Azul (Parana),222.75
Pau Brasil (Bahia),222.58333333333334
Marques de Souza (Rio Grande do Sul),222.58333333333334
Itirucu (Bahia),222.5
Paula Freitas (Parana),222.5
Itaperucu (Parana),222.33333333333334
Presidente Dutra (Maranhao),222.33333333333331
Sao Joao do Soter (Maranhao),222.33333333333331
Turiacu (Maranhao),222.0
Sao Felix do Tocantins (Tocantins),221.75
Caraubas do Piaui (Piaui),221.66666666666669
Itatiaia (Rio de Janeiro),221.625
Alvorada DOeste (Rondonia),221.58333333333334
Resende Costa (Minas Gerais),221.54166666666666
Unai (Minas Gerais),221.45833333333331
Dom Pedro (Maranhao),221.41666666666669
Santo Andre (Sao Paulo),221.375
Olimpio Noronha (Minas Gerais),221.375
Maraa (Amazonas),221.20833333333334
Jesuania (Minas Gerais),221.08333333333334
Osorio (Rio Grande do Sul),221.08333333333334
Mafra (Santa Catarina),220.70833333333331
Cambuquira (Minas Gerais),220.66666666666666
Ribas do Rio Pardo (Mato Grosso do Sul),220.625
Vale Verde (Rio Grande do Sul),220.58333333333334
Irineopolis (Santa Catarina),220.54166666666666
Aquidauana (Mato Grosso do Sul),220.5
Maua (Sao Paulo),220.5
Nossa Senhora das Dores (Sergipe),220.45833333333334
Queimados (Rio de Janeiro),220.29166666666669
Caldas (Minas Gerais),220.29166666666666
Coivaras (Piaui),220.25
Coromandel (Minas Gerais),220.04166666666669
Baianopolis (Bahia),219.79166666666669
Ibipitanga (Bahia),219.66666666666669
Salesopolis (Sao Paulo),219.625
Praia Grande (Sao Paulo),219.58333333333331
Morpara (Bahia),219.54166666666669
Cumbe (Sergipe),219.54166666666666
Wanderlandia (Tocantins),219.41666666666669
Corguinho (Mato Grosso do Sul),219.33333333333331
Porto Velho (Rondonia),219.33333333333331
Formosa da Serra Negra (Maranhao),219.25
Ritapolis (Minas Gerais),219.125
Mucuge (Bahia),219.08333333333331
Minacu (Goias),218.95833333333334
Porto Nacional (Tocantins),218.95833333333331
Oeiras (Piaui),218.91666666666666
Itaiopolis (Santa Catarina),218.875
Campo Largo (Parana),218.83333333333334
Nonoai (Rio Grande do Sul),218.83333333333331
Sao Borja (Rio Grande do Sul),218.83333333333331
Dona Emma (Santa Catarina),218.625
Adustina (Bahia),218.58333333333334
Sao Lourenco do Sul (Rio Grande do Sul),218.54166666666669
Mundo Novo (Goias),218.41666666666669
Praia Grande (Santa Catarina),218.375
Mampituba (Rio Grande do Sul),218.375
Serrania (Minas Gerais),218.33333333333331
Japoata (Sergipe),218.29166666666669
Pouso Novo (Rio Grande do Sul),218.25
Poco das Antas (Rio Grande do Sul),218.16666666666666
Colider (Mato Grosso),218.08333333333334
Redencao (Ceara),218.04166666666669
Mulungu (Ceara),218.04166666666669
Currais (Piaui),218.0
Una (Bahia),217.95833333333334
Macieira (Santa Catarina),217.79166666666669
Salto Veloso (Santa Catarina),217.79166666666669
Redencao do Gurgueia (Piaui),217.79166666666666
Miracema do Tocantins (Tocantins),217.66666666666669
Sidrolandia (Mato Grosso do Sul),217.54166666666666
Mato Leitao (Rio Grande do Sul),217.5
Campo Magro (Parana),217.41666666666666
Codo (Maranhao),217.25
Siriri (Sergipe),217.125
Ilha Grande (Piaui),217.08333333333334
Cantagalo (Rio de Janeiro),216.83333333333331
Cidade Ocidental (Goias),216.83333333333331
Eugenopolis (Minas Gerais),216.79166666666669
Serafina Correa (Rio Grande do Sul),216.79166666666666
Aguas Vermelhas (Minas Gerais),216.66666666666666
Fatima (Bahia),216.58333333333334
Comercinho (Minas Gerais),216.58333333333334
Joao Neiva (Espirito Santo),216.58333333333334
Presidente Getulio (Santa Catarina),216.58333333333334
Rio do Sul (Santa Catarina),216.54166666666666
Pracuuba (Amapa),216.41666666666669
Sao Sebastiao do Tocantins (Tocantins),216.41666666666666
Japura (Amazonas),216.33333333333331
Esperantina (Tocantins),216.16666666666669
Nossa Senhora da Gloria (Sergipe),216.16666666666666
Trairao (Para),216.16666666666666
Bananal (Sao Paulo),216.16666666666666
Barra do Pirai (Rio de Janeiro),216.08333333333334
Patrocinio do Muriae (Minas Gerais),216.04166666666669
Santo Antonio do Leste (Mato Grosso),215.95833333333331
Anastacio (Mato Grosso do Sul),215.79166666666669
Quarai (Rio Grande do Sul),215.79166666666666
Uberlandia (Minas Gerais),215.79166666666666
Lavrinhas (Sao Paulo),215.75
Aurora (Santa Catarina),215.70833333333334
Diamantino (Mato Grosso),215.70833333333331
Bom Principio do Piaui (Piaui),215.66666666666669
Itaobim (Minas Gerais),215.625
Ibituruna (Minas Gerais),215.625
Tunapolis (Santa Catarina),215.33333333333334
Santa Helena (Santa Catarina),215.33333333333334
Sao Jose do Vale do Rio Preto (Rio de Janeiro),215.33333333333334
Piratini (Rio Grande do Sul),215.25
Santos (Sao Paulo),215.25
Campo Grande (Mato Grosso do Sul),215.125
Rio Grande da Serra (Sao Paulo),215.08333333333334
Poa (Sao Paulo),215.0
Ferraz de Vasconcelos (Sao Paulo),215.0
Abadiania (Goias),214.91666666666669
Peruibe (Sao Paulo),214.875
Sucupira do Norte (Maranhao),214.75
Capela (Sergipe),214.45833333333334
Nova Crixas (Goias),214.375
Camapua (Mato Grosso do Sul),214.375
Canudos do Vale (Rio Grande do Sul),214.33333333333331
Rio Quente (Goias),214.125
Lajedo do Tabocal (Bahia),214.08333333333331
Pium (Tocantins),214.04166666666669
Novo Alegre (Tocantins),214.0
Barra do Choca (Bahia),213.95833333333334
Catuti (Minas Gerais),213.95833333333331
Pai Pedro (Minas Gerais),213.875
Bandeira do Sul (Minas Gerais),213.79166666666666
Alenquer (Para),213.70833333333331
Pedralva (Minas Gerais),213.66666666666666
Ibirama (Santa Catarina),213.45833333333334
Varzea da Palma (Minas Gerais),213.41666666666666
Patis (Minas Gerais),213.375
Baixa Grande do Ribeiro (Piaui),213.25
Sumidouro (Rio de Janeiro),213.125
Guaruja (Sao Paulo),213.08333333333334
Irajuba (Bahia),212.95833333333334
Serio (Rio Grande do Sul),212.91666666666669
Vicente Dutra (Rio Grande do Sul),212.875
Sao Sebastiao (Sao Paulo),212.75
Bom Jesus (Piaui),212.70833333333331
Itaqui (Rio Grande do Sul),212.66666666666669
Sao Jose do Herval (Rio Grande do Sul),212.625
Jaraguari (Mato Grosso do Sul),212.625
Itacarambi (Minas Gerais),212.54166666666669
Treze Tilias (Santa Catarina),212.25
Aratuba (Ceara),212.04166666666669
Rio Verde de Mato Grosso (Mato Grosso do Sul),212.0
Dois Irmaos do Buriti (Mato Grosso do Sul),211.875
Jacinto Machado (Santa Catarina),211.83333333333334
Pirambu (Sergipe),211.66666666666666
Taquari (Rio Grande do Sul),211.625
Arroio Trinta (Santa Catarina),211.5
Matos Costa (Santa Catarina),211.45833333333331
Imbuia (Santa Catarina),211.45833333333331
Vitor Meireles (Santa Catarina),211.25
Morrinhos do Sul (Rio Grande do Sul),211.25
Porto Uniao (Santa Catarina),211.125
Jurema (Piaui),211.125
Porto dos Gauchos (Mato Grosso),211.0
Porciuncula (Rio de Janeiro),211.0
Sao Pedro da Agua Branca (Maranhao),210.79166666666666
Progresso (Rio Grande do Sul),210.75
Babaculandia (Tocantins),210.70833333333334
Nossa Senhora Aparecida (Sergipe),210.375
Santo Cristo (Rio Grande do Sul),210.33333333333331
Santa Rita de Ibitipoca (Minas Gerais),210.33333333333331
Dianopolis (Tocantins),210.25
Fama (Minas Gerais),210.125
Arroio do Sal (Rio Grande do Sul),210.04166666666666
Castelo (Espirito Santo),210.0
Ilopolis (Rio Grande do Sul),209.95833333333331
Sao Goncalo do Piaui (Piaui),209.83333333333331
Riachuelo (Sergipe),209.75
Areia Branca (Sergipe),209.75
Rosario do Catete (Sergipe),209.75
Japaratuba (Sergipe),209.75
Maruim (Sergipe),209.75
Carmopolis (Sergipe),209.75
General Maynard (Sergipe),209.75
Divina Pastora (Sergipe),209.625
Itabaiana (Sergipe),209.54166666666669
Macambira (Sergipe),209.54166666666669
Tres Rios (Rio de Janeiro),209.5
Malhador (Sergipe),209.45833333333334
Moita Bonita (Sergipe),209.45833333333334
Santa Rosa de Lima (Sergipe),209.45833333333334
Itaquaquecetuba (Sao Paulo),209.45833333333331
Rio das Ostras (Rio de Janeiro),209.16666666666669
Pinheiral (Rio de Janeiro),209.16666666666666
Ibicui (Bahia),209.0
Nova Redencao (Bahia),208.95833333333331
Cabeceira Grande (Minas Gerais),208.95833333333331
Tabatinga (Amazonas),208.83333333333331
Mojui dos Campos (Para),208.79166666666666
Bom Retiro do Sul (Rio Grande do Sul),208.75
Senador Alexandre Costa (Maranhao),208.66666666666669
Aratiba (Rio Grande do Sul),208.66666666666666
Uarini (Amazonas),208.625
Iuiu (Bahia),208.625
Lagoa do Tocantins (Tocantins),208.54166666666666
Rubim (Minas Gerais),208.54166666666666
Suzano (Sao Paulo),208.375
Pedras Altas (Rio Grande do Sul),208.375
Novo Sao Joaquim (Mato Grosso),208.33333333333331
Nova Itarana (Bahia),208.33333333333331
Fruta de Leite (Minas Gerais),208.25
Palmeirais (Piaui),208.08333333333334
Sao Raimundo Nonato (Piaui),208.08333333333331
Itaete (Bahia),207.91666666666666
Goncalves Dias (Maranhao),207.875
Monsenhor Gil (Piaui),207.83333333333334
Bonito (Bahia),207.83333333333334
Itariri (Sao Paulo),207.75
Venancio Aires (Rio Grande do Sul),207.75
Bom Sucesso (Minas Gerais),207.75
Beneditinos (Piaui),207.5
Bandeirantes (Mato Grosso do Sul),207.25
Itajuba (Minas Gerais),207.25
Jose Boiteux (Santa Catarina),207.20833333333334
Rio Negro (Mato Grosso do Sul),207.16666666666666
Campestre (Minas Gerais),207.125
Paripiranga (Bahia),206.875
Planaltino (Bahia),206.83333333333331
Passo do Sobrado (Rio Grande do Sul),206.79166666666669
Fazenda Vilanova (Rio Grande do Sul),206.75
Jabora (Santa Catarina),206.66666666666669
Duas Barras (Rio de Janeiro),206.625
Antonio Prado de Minas (Minas Gerais),206.625
Cafarnaum (Bahia),206.58333333333334
Penedo (Alagoas),206.54166666666666
Sao Desiderio (Bahia),206.45833333333334
Turvo (Santa Catarina),206.41666666666669
Santana do Jacare (Minas Gerais),206.33333333333334
Sao Paulo de Olivenca (Amazonas),206.29166666666669
Governador Eugenio Barros (Maranhao),206.29166666666666
Carauari (Amazonas),206.29166666666666
Sao Pedro do Piaui (Piaui),206.08333333333334
Pedra Mole (Sergipe),206.04166666666669
Brumado (Bahia),206.04166666666666
Lagoinha do Piaui (Piaui),205.91666666666669
Timbe do Sul (Santa Catarina),205.875
Mogi das Cruzes (Sao Paulo),205.83333333333331
Sao Jose do Povo (Mato Grosso),205.70833333333331
Aquidaba (Sergipe),205.54166666666666
Joaima (Minas Gerais),205.5
Governador Luiz Rocha (Maranhao),205.41666666666666
Frei Paulo (Sergipe),205.375
Sao Miguel do Aleixo (Sergipe),205.33333333333334
Planaltina (Goias),205.29166666666669
Luzerna (Santa Catarina),205.29166666666669
Pirangucu (Minas Gerais),205.29166666666666
Lavandeira (Tocantins),205.16666666666669
Davinopolis (Maranhao),205.08333333333334
Concordia (Santa Catarina),205.08333333333331
Carrasco Bonito (Tocantins),205.08333333333331
Teutonia (Rio Grande do Sul),204.83333333333334
Westfalia (Rio Grande do Sul),204.83333333333334
Campo do Brito (Sergipe),204.83333333333331
Centenario (Tocantins),204.83333333333331
Marcionilio Souza (Bahia),204.58333333333331
Petropolis (Rio de Janeiro),204.54166666666669
Barao de Melgaco (Mato Grosso),204.33333333333331
Imbe (Rio Grande do Sul),204.25
Tramandai (Rio Grande do Sul),204.25
Santa Cruz do Sul (Rio Grande do Sul),204.20833333333334
Santa Barbara do Monte Verde (Minas Gerais),204.16666666666666
Sao Domingos (Sergipe),204.125
Rochedo (Mato Grosso do Sul),204.08333333333331
Benjamin Constant do Sul (Rio Grande do Sul),204.04166666666669
Colorado do Oeste (Rondonia),203.91666666666666
Dom Pedro de Alcantara (Rio Grande do Sul),203.875
Pau DArco (Para),203.66666666666666
Itapiranga (Santa Catarina),203.625
Boqueirao do Leao (Rio Grande do Sul),203.54166666666669
Estacao (Rio Grande do Sul),203.54166666666669
Chaves (Para),203.45833333333331
Araguacu (Tocantins),203.41666666666669
Pinhao (Sergipe),203.41666666666666
Ituporanga (Santa Catarina),203.29166666666666
Sao Joao do Oeste (Santa Catarina),203.25
Mondai (Santa Catarina),203.04166666666666
Maranguape (Ceara),203.04166666666666
Almirante Tamandare (Parana),202.91666666666666
Paverama (Rio Grande do Sul),202.91666666666666
Campos Belos (Goias),202.875
Tanque do Piaui (Piaui),202.83333333333334
Mirassol dOeste (Mato Grosso),202.79166666666666
Bom Jardim de Minas (Minas Gerais),202.75
Campos Verdes (Goias),202.75
Camacan (Bahia),202.66666666666669
Pedra Branca do Amapari (Amapa),202.45833333333331
Mateiros (Tocantins),202.25
Caraibas (Bahia),202.20833333333334
Calmon (Santa Catarina),202.16666666666666
Rio do Pires (Bahia),202.04166666666666
Santo Antonio das Missoes (Rio Grande do Sul),202.04166666666666
Candido Sales (Bahia),202.0
Governador Archer (Maranhao),201.875
Santa Rita de Jacutinga (Minas Gerais),201.79166666666666
Braganca Paulista (Sao Paulo),201.75
Muitos Capoes (Rio Grande do Sul),201.75
Calcoene (Amapa),201.5
Buriti do Tocantins (Tocantins),201.41666666666669
Novo Horizonte (Bahia),201.33333333333334
Nova Olimpia (Mato Grosso),201.25
Santa Luz (Piaui),201.20833333333331
Caracol (Piaui),201.16666666666669
Bertioga (Sao Paulo),201.0
Witmarsum (Santa Catarina),200.875
Mulungu do Morro (Bahia),200.75
Cascavel (Ceara),200.75
Campo Maior (Piaui),200.66666666666666
Arvorezinha (Rio Grande do Sul),200.5
Vila Rica (Mato Grosso),200.41666666666669
Canabrava do Norte (Mato Grosso),200.41666666666666
Miranorte (Tocantins),200.29166666666666
Chapada de Areia (Tocantins),200.29166666666666
Terenos (Mato Grosso do Sul),200.16666666666666
Guaribas (Piaui),200.16666666666666
Beberibe (Ceara),200.125
Lontras (Santa Catarina),200.125
Sao Mateus (Espirito Santo),200.04166666666669
Cocal de Telha (Piaui),199.95833333333331
Sao Jose do Jacuipe (Bahia),199.875
Meleiro (Santa Catarina),199.83333333333334
Sao Joao das Missoes (Minas Gerais),199.83333333333334
Araguari (Minas Gerais),199.83333333333331
Boninal (Bahia),199.54166666666669
Caapiranga (Amazonas),199.33333333333331
Novo Gama (Goias),199.33333333333331
Correntina (Bahia),199.29166666666666
Coronel Pacheco (Minas Gerais),199.08333333333334
Gurupi (Tocantins),198.91666666666666
Japeri (Rio de Janeiro),198.79166666666669
Uibai (Bahia),198.79166666666669
Carmolandia (Tocantins),198.75
Sao Goncalo do Abaete (Minas Gerais),198.75
Aparecida de Goiania (Goias),198.75
Jatoba do Piaui (Piaui),198.66666666666666
Tonantins (Amazonas),198.66666666666666
Seropedica (Rio de Janeiro),198.625
Agricolandia (Piaui),198.41666666666669
Iraquara (Bahia),198.41666666666669
Geminiano (Piaui),198.41666666666666
Andarai (Bahia),198.29166666666669
Sao Jose do Alegre (Minas Gerais),198.125
Tubarao (Santa Catarina),198.08333333333331
Jequitinhonha (Minas Gerais),198.08333333333331
Pirapora (Minas Gerais),198.04166666666669
Nova Canaa do Norte (Mato Grosso),198.04166666666666
Cacador (Santa Catarina),198.0
Caridade (Ceara),197.875
Presidente Figueiredo (Amazonas),197.75
Alto Longa (Piaui),197.70833333333334
Cumari (Goias),197.54166666666666
Belmiro Braga (Minas Gerais),197.5
Ribeiropolis (Sergipe),197.5
Timbo Grande (Santa Catarina),197.41666666666669
Morro Grande (Santa Catarina),197.29166666666666
Dirceu Arcoverde (Piaui),197.25
Santa Maria de Jetiba (Espirito Santo),197.20833333333331
Nova Xavantina (Mato Grosso),197.16666666666669
Biritiba Mirim (Sao Paulo),197.125
Mascote (Bahia),197.08333333333331
Poco Fundo (Minas Gerais),196.91666666666666
Seabra (Bahia),196.83333333333334
Barcelos (Amazonas),196.83333333333334
Nova Veneza (Goias),196.79166666666669
Laje do Muriae (Rio de Janeiro),196.70833333333334
Formosa (Goias),196.625
Breu Branco (Para),196.58333333333334
Santa Terezinha de Goias (Goias),196.5
Novo Airao (Amazonas),196.41666666666669
Wagner (Bahia),196.375
Lencois (Bahia),196.33333333333334
Rio Sono (Tocantins),196.29166666666666
Caucaia (Ceara),196.25
Nova Nazare (Mato Grosso),196.16666666666666
Bariri (Sao Paulo),196.08333333333331
Palmeiras (Bahia),196.04166666666669
Filadelfia (Tocantins),196.04166666666669
Andre da Rocha (Rio Grande do Sul),196.04166666666666
Padre Marcos (Piaui),195.95833333333334
Sao Jose dos Ausentes (Rio Grande do Sul),195.95833333333331
Itapuranga (Goias),195.70833333333331
Machado (Minas Gerais),195.66666666666669
Nova Araca (Rio Grande do Sul),195.45833333333334
Chacara (Minas Gerais),195.45833333333334
Roque Gonzales (Rio Grande do Sul),195.45833333333331
Socorro do Piaui (Piaui),195.45833333333331
Miguel Pereira (Rio de Janeiro),195.33333333333331
Itauba (Mato Grosso),195.16666666666666
Santa Branca (Sao Paulo),195.16666666666666
Santa Rita de Caldas (Minas Gerais),195.08333333333334
Taquaral de Goias (Goias),195.08333333333331
Paracambi (Rio de Janeiro),195.04166666666669
Curral Novo do Piaui (Piaui),195.0
Novo Machado (Rio Grande do Sul),194.95833333333334
Gramado Xavier (Rio Grande do Sul),194.95833333333331
Santa Tereza do Tocantins (Tocantins),194.91666666666666
Gracho Cardoso (Sergipe),194.875
Itanhanga (Mato Grosso),194.75
Olho DAgua do Piaui (Piaui),194.625
Estrela do Norte (Goias),194.45833333333331
Macapa (Amapa),194.16666666666669
Sao Goncalo do Sapucai (Minas Gerais),194.08333333333334
Belterra (Para),193.95833333333334
Carmo da Cachoeira (Minas Gerais),193.95833333333331
Santa Luzia (Bahia),193.875
Igarape-Miri (Para),193.875
Valenca (Bahia),193.75
Araucaria (Parana),193.70833333333334
Bom Jesus dos Perdoes (Sao Paulo),193.625
Piau (Minas Gerais),193.54166666666669
Claudio (Minas Gerais),193.45833333333334
Novorizonte (Minas Gerais),193.45833333333331
Eldorado (Sao Paulo),193.41666666666669
Campos Gerais (Minas Gerais),193.375
Paqueta (Piaui),193.375
General Carneiro (Mato Grosso),193.375
Juazeiro (Bahia),193.33333333333334
Passa Tempo (Minas Gerais),193.29166666666666
Aruja (Sao Paulo),193.29166666666666
Paragominas (Para),193.125
Capitao de Campos (Piaui),193.08333333333331
Torres (Rio Grande do Sul),193.04166666666666
Paraguacu (Minas Gerais),192.95833333333331
Morro Agudo de Goias (Goias),192.91666666666666
Sao Joao do Sul (Santa Catarina),192.875
Pirai (Rio de Janeiro),192.83333333333334
Monte Alegre de Sergipe (Sergipe),192.83333333333334
Araputanga (Mato Grosso),192.79166666666669
Banzae (Bahia),192.79166666666666
Lapao (Bahia),192.66666666666669
Baturite (Ceara),192.54166666666666
Tabai (Rio Grande do Sul),192.54166666666666
Cristina (Minas Gerais),192.54166666666666
Monte Azul (Minas Gerais),192.5
Alegre (Espirito Santo),192.45833333333334
Contenda (Parana),191.875
Sao Joao do Araguaia (Para),191.79166666666669
Rio Negro (Parana),191.70833333333331
Arroio dos Ratos (Rio Grande do Sul),191.58333333333334
Campo do Tenente (Parana),191.54166666666669
Lambari (Minas Gerais),191.45833333333334
Senador La Rocque (Maranhao),191.45833333333331
Labrea (Amazonas),191.375
Carvalhopolis (Minas Gerais),191.29166666666666
Vale do Sol (Rio Grande do Sul),191.25
Ibitinga (Sao Paulo),191.20833333333331
Curimata (Piaui),191.125
Maracacume (Maranhao),191.0
Itororo (Bahia),191.0
Sento Se (Bahia),190.91666666666666
Varzelandia (Minas Gerais),190.79166666666669
Iacu (Bahia),190.70833333333331
Cangucu (Rio Grande do Sul),190.625
Santo Amaro das Brotas (Sergipe),190.5
Sao Joao da Mata (Minas Gerais),190.16666666666666
Crixas (Goias),190.125
Nova Guarita (Mato Grosso),190.08333333333331
Nova Marilandia (Mato Grosso),190.0
Fortuna (Maranhao),189.91666666666666
Luis Correia (Piaui),189.79166666666669
Crisolita (Minas Gerais),189.54166666666666
Joao Pinheiro (Minas Gerais),189.5
Brejoes (Bahia),189.5
Rio Preto da Eva (Amazonas),189.45833333333331
Jacarei (Sao Paulo),189.33333333333331
Arraial (Piaui),189.29166666666669
Caicara (Rio Grande do Sul),189.20833333333331
Miguel Leao (Piaui),189.08333333333334
Joacaba (Santa Catarina),189.08333333333331
Mariano Moro (Rio Grande do Sul),189.04166666666666
Milagres (Bahia),188.95833333333331
Damolandia (Goias),188.91666666666666
Silvania (Goias),188.83333333333334
Santa Brigida (Bahia),188.83333333333334
Santo Antonio do Jacinto (Minas Gerais),188.79166666666669
Irai (Rio Grande do Sul),188.79166666666666
Hugo Napoleao (Piaui),188.66666666666666
Marau (Bahia),188.58333333333334
Cordeiro (Rio de Janeiro),188.54166666666669
Ewbank da Camara (Minas Gerais),188.41666666666666
Santa Isabel do Rio Negro (Amazonas),188.33333333333334
Novo Mundo (Mato Grosso),188.29166666666666
Capao Alto (Santa Catarina),188.125
Amaralina (Goias),187.95833333333334
Vila Boa (Goias),187.95833333333331
Ribeirao Vermelho (Minas Gerais),187.875
Ribeira do Pombal (Bahia),187.83333333333334
Mendes (Rio de Janeiro),187.83333333333331
Santana do Garambeu (Minas Gerais),187.70833333333331
Heliopolis (Bahia),187.54166666666669
Jaciara (Mato Grosso),187.54166666666666
Nova Veneza (Santa Catarina),187.5
Corumbiara (Rondonia),187.5
Codajas (Amazonas),187.41666666666669
Faro (Para),187.41666666666669
Passo de Torres (Santa Catarina),187.375
Angra dos Reis (Rio de Janeiro),187.375
Santa Rosa do Sul (Santa Catarina),187.33333333333334
Turvolandia (Minas Gerais),187.33333333333331
Rondonopolis (Mato Grosso),187.29166666666666
Adrianopolis (Parana),187.29166666666666
Brazopolis (Minas Gerais),187.29166666666666
Conceicao das Pedras (Minas Gerais),187.25
Itaquara (Bahia),187.16666666666666
Sao Ludgero (Santa Catarina),187.125
Sao Raimundo das Mangabeiras (Maranhao),187.08333333333334
Utinga (Bahia),186.95833333333334
Ruropolis (Para),186.875
Mutuipe (Bahia),186.79166666666669
Ocara (Ceara),186.75
Ibicare (Santa Catarina),186.70833333333331
Campo Grande do Piaui (Piaui),186.66666666666666
Santa Rosa de Lima (Santa Catarina),186.58333333333334
Ibitita (Bahia),186.54166666666669
Monsenhor Paulo (Minas Gerais),186.54166666666669
Ribeira do Amparo (Bahia),186.5
Coqueiros do Sul (Rio Grande do Sul),186.45833333333334
Tapurah (Mato Grosso),186.45833333333334
Cambuci (Rio de Janeiro),186.25
Chapadao do Lageado (Santa Catarina),186.20833333333331
Derrubadas (Rio Grande do Sul),186.08333333333334
Passagem Franca do Piaui (Piaui),186.04166666666669
Manaus (Amazonas),186.04166666666669
Pinheiro Machado (Rio Grande do Sul),185.95833333333334
Rio Claro (Rio de Janeiro),185.91666666666666
Colombo (Parana),185.83333333333334
Vera Mendes (Piaui),185.83333333333331
Simao Dias (Sergipe),185.79166666666666
Ponto Belo (Espirito Santo),185.75
Sao Fidelis (Rio de Janeiro),185.66666666666669
Urucara (Amazonas),185.66666666666669
Uaua (Bahia),185.625
Campanha (Minas Gerais),185.625
Presidente Nereu (Santa Catarina),185.58333333333334
Cordislandia (Minas Gerais),185.54166666666666
Placas (Para),185.45833333333331
Goiatins (Tocantins),185.41666666666669
Sao Gabriel do Oeste (Mato Grosso do Sul),185.41666666666666
Rio do Campo (Santa Catarina),185.33333333333334
Ulianopolis (Para),185.25
Santa Ines (Bahia),185.25
Antonio Almeida (Piaui),185.16666666666666
Vera Cruz (Rio Grande do Sul),185.125
Sao Joaquim (Santa Catarina),185.125
Tangara da Serra (Mato Grosso),185.0
Sinimbu (Rio Grande do Sul),185.0
Guararema (Sao Paulo),185.0
Iomere (Santa Catarina),184.95833333333334
Cariri do Tocantins (Tocantins),184.875
Sampaio (Tocantins),184.875
Rio das Antas (Santa Catarina),184.79166666666669
Sao Francisco do Brejao (Maranhao),184.75
Capivari de Baixo (Santa Catarina),184.70833333333334
Alvaraes (Amazonas),184.66666666666669
Forquilhinha (Santa Catarina),184.66666666666666
Itapetinga (Bahia),184.66666666666666
Cachoeira do Arari (Para),184.625
Natercia (Minas Gerais),184.625
Careacu (Minas Gerais),184.5
Maracaja (Santa Catarina),184.5
Pouso Redondo (Santa Catarina),184.45833333333331
Pedro Teixeira (Minas Gerais),184.33333333333334
Indiavai (Mato Grosso),184.25
Tucurui (Para),184.20833333333334
Ascurra (Santa Catarina),184.20833333333334
Mazagao (Amapa),184.20833333333331
Piata (Bahia),183.95833333333334
Dezesseis de Novembro (Rio Grande do Sul),183.95833333333331
Santa Cruz do Arari (Para),183.91666666666669
Sao Sebastiao do Uatuma (Amazonas),183.91666666666669
Entre Rios do Sul (Rio Grande do Sul),183.875
Domingos Martins (Espirito Santo),183.79166666666669
Nhamunda (Amazonas),183.58333333333331
Engenheiro Paulo de Frontin (Rio de Janeiro),183.5
Xique-Xique (Bahia),183.41666666666666
Bom Retiro (Santa Catarina),183.375
Urubici (Santa Catarina),183.29166666666669
Santa Rita do Sapucai (Minas Gerais),183.29166666666666
Laranjal do Jari (Amapa),183.25
Barra do Bugres (Mato Grosso),182.95833333333334
Paramoti (Ceara),182.91666666666666
Aguas Formosas (Minas Gerais),182.83333333333331
Ijaci (Minas Gerais),182.79166666666669
Macambara (Rio Grande do Sul),182.79166666666666
Tangara (Santa Catarina),182.625
Ilhabela (Sao Paulo),182.58333333333331
Rio Negrinho (Santa Catarina),182.375
Barra (Bahia),182.29166666666669
Petrolandia (Santa Catarina),182.29166666666669
Anapu (Para),182.25
Planalto (Rio Grande do Sul),182.25
Eliseu Martins (Piaui),182.20833333333331
Aroazes (Piaui),182.0
Sao Miguel do Araguaia (Goias),181.91666666666669
Cravolandia (Bahia),181.91666666666666
Macuco (Rio de Janeiro),181.83333333333334
Vila Nova do Piaui (Piaui),181.83333333333331
Ermo (Santa Catarina),181.66666666666666
Arataca (Bahia),181.625
Jaguaquara (Bahia),181.58333333333334
Gameleiras (Minas Gerais),181.5
Itaguai (Rio de Janeiro),181.25
Piranguinho (Minas Gerais),181.25
Armazem (Santa Catarina),181.20833333333334
Espirito Santo do Dourado (Minas Gerais),181.20833333333331
Doutor Mauricio Cardoso (Rio Grande do Sul),181.20833333333331
Ibiracu (Espirito Santo),181.08333333333334
Vassouras (Rio de Janeiro),181.08333333333334
Alfredo Wagner (Santa Catarina),181.08333333333331
Videira (Santa Catarina),181.0
Gravatal (Santa Catarina),180.79166666666669
Valenca do Piaui (Piaui),180.75
Pescaria Brava (Santa Catarina),180.70833333333334
Laguna (Santa Catarina),180.66666666666669
Vianopolis (Goias),180.58333333333331
Rorainopolis (Roraima),180.58333333333331
Apuarema (Bahia),180.54166666666666
Santo Antonio do Pinhal (Sao Paulo),180.5
Gameleira de Goias (Goias),180.45833333333334
Curitiba (Parana),180.41666666666666
Lages (Santa Catarina),180.375
Cidreira (Rio Grande do Sul),180.29166666666669
Sao Bento do Sapucai (Sao Paulo),180.25
Imperatriz (Maranhao),180.20833333333331
Patos do Piaui (Piaui),180.125
Monte Carlo (Santa Catarina),180.08333333333334
Barro Duro (Piaui),180.04166666666666
Ametista do Sul (Rio Grande do Sul),180.04166666666666
Francisco Ayres (Piaui),179.875
Boqueirao do Piaui (Piaui),179.79166666666666
Esperanca do Sul (Rio Grande do Sul),179.66666666666666
Santo Antonio do Amparo (Minas Gerais),179.625
Tunas do Parana (Parana),179.54166666666666
Jaguaruna (Santa Catarina),179.5
Herveiras (Rio Grande do Sul),179.5
Alvorada (Tocantins),179.41666666666666
Caldazinha (Goias),179.29166666666669
Uniao da Serra (Rio Grande do Sul),179.20833333333331
Passo Fundo (Rio Grande do Sul),179.125
Treze de Maio (Santa Catarina),179.08333333333334
Itaituba (Para),179.08333333333331
Balneario Gaivota (Santa Catarina),179.04166666666666
Tabatinga (Sao Paulo),178.95833333333334
Nova Friburgo (Rio de Janeiro),178.875
Julio Borges (Piaui),178.58333333333331
Cachoeiro de Itapemirim (Espirito Santo),178.54166666666669
Capitao Eneas (Minas Gerais),178.375
Varzea Branca (Piaui),178.375
Choro (Ceara),178.33333333333331
Pinheiro Preto (Santa Catarina),178.16666666666669
Graca Aranha (Maranhao),177.91666666666669
Capistrano (Ceara),177.75
Santa Rita de Cassia (Bahia),177.58333333333331
Tartarugalzinho (Amapa),177.5
Paramirim (Bahia),177.45833333333334
Santa Maria Madalena (Rio de Janeiro),177.375
Sao Joao dos Patos (Maranhao),177.375
Pentecoste (Ceara),177.25
Minas do Leao (Rio Grande do Sul),177.125
Correia Pinto (Santa Catarina),177.125
Santo Antonio do Leverger (Mato Grosso),177.08333333333331
Icara (Santa Catarina),177.0
Cotegipe (Bahia),176.875
Tiradentes do Sul (Rio Grande do Sul),176.79166666666666
Sao Cristovao do Sul (Santa Catarina),176.66666666666669
Ponte Alta do Norte (Santa Catarina),176.66666666666669
Portel (Para),176.625
Sucupira (Tocantins),176.58333333333334
Sao Martinho (Santa Catarina),176.58333333333334
Ponte Alta (Santa Catarina),176.5
America Dourada (Bahia),176.5
Paracuru (Ceara),176.375
Grao Para (Santa Catarina),176.375
Itapecerica (Minas Gerais),176.16666666666669
Ibiquera (Bahia),176.16666666666669
Cidelandia (Maranhao),176.16666666666666
Araguatins (Tocantins),176.16666666666666
Sao Miguel da Baixa Grande (Piaui),176.125
Jeronimo Monteiro (Espirito Santo),176.04166666666669
Jardim do Mulato (Piaui),176.0
Santa Rosa de Goias (Goias),175.95833333333331
Canarana (Bahia),175.91666666666669
Sobradinho (Bahia),175.75
Sombrio (Santa Catarina),175.66666666666666
Santa Isabel (Sao Paulo),175.625
Igreja Nova (Alagoas),175.58333333333331
Felisburgo (Minas Gerais),175.54166666666669
Itatira (Ceara),175.5
Prata do Piaui (Piaui),175.45833333333334
Jiquirica (Bahia),175.20833333333331
Bom Jardim da Serra (Santa Catarina),175.08333333333331
Guaraquecaba (Parana),174.91666666666669
Araguana (Tocantins),174.91666666666666
Sao Francisco de Assis do Piaui (Piaui),174.83333333333331
Poxoreu (Mato Grosso),174.79166666666669
Herval dOeste (Santa Catarina),174.70833333333331
Otacilio Costa (Santa Catarina),174.625
Taio (Santa Catarina),174.5
Nova Porteirinha (Minas Gerais),174.45833333333334
Braco do Norte (Santa Catarina),174.33333333333331
Imarui (Santa Catarina),174.29166666666669
Parai (Rio Grande do Sul),174.125
Aguanil (Minas Gerais),173.79166666666666
Nova Brasilandia DOeste (Rondonia),173.70833333333331
Teresopolis (Rio de Janeiro),173.45833333333331
Ibicuitinga (Ceara),173.45833333333331
Banabuiu (Ceara),173.45833333333331
Novo Acordo (Tocantins),173.375
Silvianopolis (Minas Gerais),173.29166666666666
Ipiranga do Norte (Mato Grosso),173.16666666666669
Heliodora (Minas Gerais),173.125
Cipo (Bahia),173.08333333333331
Barra do Guarita (Rio Grande do Sul),172.91666666666669
Vista Alegre (Rio Grande do Sul),172.91666666666669
Valenca (Rio de Janeiro),172.54166666666669
Tabocas do Brejo Velho (Bahia),172.54166666666669
Ibiam (Santa Catarina),172.375
Lizarda (Tocantins),172.29166666666669
Vista Gaucha (Rio Grande do Sul),172.29166666666669
Comendador Levy Gasparian (Rio de Janeiro),172.29166666666669
Pinheirinho do Vale (Rio Grande do Sul),172.29166666666669
Sao Joao da Ponte (Minas Gerais),172.125
Iconha (Espirito Santo),172.04166666666666
Trindade (Goias),171.79166666666669
Jauru (Mato Grosso),171.75
Morro da Fumaca (Santa Catarina),171.66666666666666
Lagoa Grande (Pernambuco),171.58333333333331
Novo Santo Antonio (Piaui),171.54166666666666
Amarante do Maranhao (Maranhao),171.54166666666666
Elesbao Veloso (Piaui),171.25
Euclides da Cunha (Bahia),171.16666666666669
Sao Goncalo do Amarante (Ceara),171.16666666666669
Sao Sebastiao da Bela Vista (Minas Gerais),171.08333333333331
Curitibanos (Santa Catarina),171.04166666666669
Vidal Ramos (Santa Catarina),171.04166666666669
Bias Fortes (Minas Gerais),171.0
Santo Antonio de Jesus (Bahia),170.79166666666669
Candiota (Rio Grande do Sul),170.75
Pedra Azul (Minas Gerais),170.70833333333331
Pedras Grandes (Santa Catarina),170.66666666666666
Italva (Rio de Janeiro),170.33333333333334
Cruzaltense (Rio Grande do Sul),170.33333333333331
Independencia (Ceara),170.16666666666669
Imbituba (Santa Catarina),170.125
Carlinda (Mato Grosso),170.125
Urupema (Santa Catarina),170.08333333333331
Palmeira (Santa Catarina),170.04166666666669
Lauro de Freitas (Bahia),170.04166666666669
Lagarto (Sergipe),169.83333333333331
Cristopolis (Bahia),169.79166666666669
Serrolandia (Bahia),169.79166666666666
Aquiraz (Ceara),169.75
Sao Pedro do Sul (Rio Grande do Sul),169.75
Manoel Emidio (Piaui),169.70833333333334
Sideropolis (Santa Catarina),169.5
Butia (Rio Grande do Sul),169.5
Lagoa dos Patos (Rio Grande do Sul),169.45833333333334
Ponta de Pedras (Para),169.41666666666666
Porteirinha (Minas Gerais),169.41666666666666
Joao Lisboa (Maranhao),169.33333333333334
Sao Gabriel da Cachoeira (Amazonas),169.33333333333334
Lajedinho (Bahia),169.33333333333331
Figueiropolis (Tocantins),169.29166666666666
Erico Cardoso (Bahia),169.25
Pedro Afonso (Tocantins),169.20833333333331
Guabiju (Rio Grande do Sul),169.125
Frei Rogerio (Santa Catarina),169.0
Bom Jardim (Rio de Janeiro),168.875
Monte Siao (Minas Gerais),168.83333333333334
Jatoba (Maranhao),168.83333333333331
Pinhalzinho (Sao Paulo),168.79166666666666
Nazare Paulista (Sao Paulo),168.75
Campo Belo do Sul (Santa Catarina),168.70833333333331
Apiuna (Santa Catarina),168.70833333333331
Primavera do Leste (Mato Grosso),168.625
Alto Paraguai (Mato Grosso),168.625
Dom Macedo Costa (Bahia),168.625
Lebon Regis (Santa Catarina),168.58333333333334
Cerro Negro (Santa Catarina),168.58333333333331
Esplanada (Bahia),168.54166666666669
Campina das Missoes (Rio Grande do Sul),168.54166666666669
Doutor Pedrinho (Santa Catarina),168.54166666666669
Aragominas (Tocantins),168.45833333333334
Monte Santo do Tocantins (Tocantins),168.41666666666666
Poco Verde (Sergipe),168.33333333333334
Paty do Alferes (Rio de Janeiro),168.29166666666666
Sao Jose de Uba (Rio de Janeiro),168.25
Sangao (Santa Catarina),168.16666666666666
Sao Jose do Cerrito (Santa Catarina),168.08333333333331
Balneario Pinhal (Rio Grande do Sul),168.08333333333331
Piuma (Espirito Santo),168.04166666666666
Floresta do Araguaia (Para),168.0
Anisio de Abreu (Piaui),168.0
Presidente Castello Branco (Santa Catarina),168.0
Lagoao (Rio Grande do Sul),167.91666666666669
Fontoura Xavier (Rio Grande do Sul),167.91666666666669
Camacari (Bahia),167.875
Itapiranga (Amazonas),167.83333333333331
Gurupa (Para),167.79166666666669
Varzea do Poco (Bahia),167.79166666666666
Painel (Santa Catarina),167.75
Natividade (Rio de Janeiro),167.75
Nova Mutum (Mato Grosso),167.70833333333334
Quixabeira (Bahia),167.70833333333331
Jaguarari (Bahia),167.625
Mata de Sao Joao (Bahia),167.58333333333331
Palmitinho (Rio Grande do Sul),167.54166666666669
Oriximina (Para),167.5
Passa Sete (Rio Grande do Sul),167.375
Ipuiuna (Minas Gerais),167.29166666666666
Itanagra (Bahia),167.29166666666666
Cardeal da Silva (Bahia),167.25
Buritizeiro (Minas Gerais),167.08333333333334
Fraiburgo (Santa Catarina),167.08333333333334
Piraque (Tocantins),167.0
Tenente Portela (Rio Grande do Sul),166.91666666666669
Quevedos (Rio Grande do Sul),166.875
Areal (Rio de Janeiro),166.875
Aracas (Bahia),166.875
Entre Rios (Bahia),166.66666666666669
Erval Velho (Santa Catarina),166.58333333333331
Monte Santo (Bahia),166.58333333333331
Lacerdopolis (Santa Catarina),166.58333333333331
Sao Joao da Canabrava (Piaui),166.54166666666669
Varre-Sai (Rio de Janeiro),166.54166666666666
Itapiuna (Ceara),166.54166666666666
Guanambi (Bahia),166.45833333333331
Peixoto de Azevedo (Mato Grosso),166.33333333333334
Riacho dos Machados (Minas Gerais),166.33333333333331
Agua Boa (Mato Grosso),166.25
Trajano de Moraes (Rio de Janeiro),166.20833333333331
Jutai (Amazonas),166.20833333333331
Simoes Filho (Bahia),166.20833333333331
Carlos Chagas (Minas Gerais),165.79166666666669
Carmopolis de Minas (Minas Gerais),165.79166666666666
Varginha (Minas Gerais),165.70833333333331
Salvaterra (Para),165.66666666666669
Oliveira (Minas Gerais),165.625
Cocal do Sul (Santa Catarina),165.625
Tres Passos (Rio Grande do Sul),165.54166666666669
Criciuma (Santa Catarina),165.5
Anama (Amazonas),165.5
Anajas (Para),165.41666666666666
Rio Fortuna (Santa Catarina),165.33333333333331
Presidente Dutra (Bahia),165.25
Mariana Pimentel (Rio Grande do Sul),165.20833333333334
Alto Boa Vista (Mato Grosso),165.16666666666669
Eloi Mendes (Minas Gerais),165.16666666666669
Frederico Westphalen (Rio Grande do Sul),165.16666666666666
Salvador (Bahia),165.125
Gramado dos Loureiros (Rio Grande do Sul),165.08333333333331
Pavussu (Piaui),165.04166666666666
Anitapolis (Santa Catarina),165.0
Paraipaba (Ceara),165.0
Umirim (Ceara),165.0
Uruburetama (Ceara),165.0
Tururu (Ceara),165.0
Itatim (Bahia),165.0
Barbalha (Ceara),164.91666666666669
Santa Cecilia (Santa Catarina),164.91666666666669
Bocaiuva do Sul (Parana),164.875
Silveira Martins (Rio Grande do Sul),164.5
Barra do Ribeiro (Rio Grande do Sul),164.45833333333331
Nova Ubirata (Mato Grosso),164.41666666666666
Sao Felix do Piaui (Piaui),164.25
Buritirana (Maranhao),164.25
Madalena (Ceara),164.25
Boa Viagem (Ceara),164.25
Aveiro (Para),164.16666666666666
Sao Domingos do Azeitao (Maranhao),164.125
Lavras (Minas Gerais),164.125
Esmeralda (Rio Grande do Sul),164.0
Sao Joao do Piaui (Piaui),163.875
Chapada dos Guimaraes (Mato Grosso),163.75
Fronteira dos Vales (Minas Gerais),163.70833333333331
Serra Preta (Bahia),163.625
Buritirama (Bahia),163.58333333333334
Caracarai (Roraima),163.5
Pinhais (Parana),163.45833333333334
Aramari (Bahia),163.41666666666669
Ouricangas (Bahia),163.41666666666669
Pojuca (Bahia),163.375
Dias dAvila (Bahia),163.20833333333331
Atilio Vivacqua (Espirito Santo),163.16666666666669
Quatro Irmaos (Rio Grande do Sul),163.125
Leoberto Leal (Santa Catarina),163.125
Ouro Fino (Minas Gerais),163.08333333333331
Congonhal (Minas Gerais),163.04166666666666
Nova Ipixuna (Para),163.0
Catu (Bahia),163.0
Boa Vista do Tupim (Bahia),162.875
Cocal (Piaui),162.875
Porto da Folha (Sergipe),162.79166666666666
Palmas (Tocantins),162.75
Ubaira (Bahia),162.70833333333331
Quatipuru (Para),162.70833333333331
Xambioa (Tocantins),162.70833333333331
Capim Grosso (Bahia),162.66666666666669
Ararangua (Santa Catarina),162.66666666666669
Belo Monte (Alagoas),162.625
Muqui (Espirito Santo),162.5
Rio Rufino (Santa Catarina),162.41666666666666
Paulo Lopes (Santa Catarina),162.33333333333331
Caninde de Sao Francisco (Sergipe),162.20833333333334
Trombas (Goias),162.20833333333334
Goiandira (Goias),162.20833333333331
Mangaratiba (Rio de Janeiro),162.20833333333331
Garopaba (Santa Catarina),162.16666666666666
Sobradinho (Rio Grande do Sul),162.08333333333331
Rio Pardo (Rio Grande do Sul),162.04166666666669
Campo Novo de Rondonia (Rondonia),162.04166666666666
Dom Basilio (Bahia),162.0
Candido Godoi (Rio Grande do Sul),162.0
Jacutinga (Rio Grande do Sul),161.95833333333334
Segredo (Rio Grande do Sul),161.91666666666669
Bocaina do Sul (Santa Catarina),161.91666666666666
Treviso (Santa Catarina),161.875
Campo Verde (Mato Grosso),161.875
Campinas do Piaui (Piaui),161.875
Sao Domingos do Maranhao (Maranhao),161.83333333333331
Cabixi (Rondonia),161.83333333333331
Vargem (Sao Paulo),161.83333333333331
Mandirituba (Parana),161.79166666666669
Coruripe (Alagoas),161.79166666666669
Quitandinha (Parana),161.70833333333331
Registro (Sao Paulo),161.70833333333331
Sebastiao Leal (Piaui),161.58333333333334
Caninde (Ceara),161.54166666666669
Vera Cruz (Bahia),161.54166666666669
Canto do Buriti (Piaui),161.45833333333331
Campo Formoso (Bahia),161.33333333333334
Regeneracao (Piaui),161.20833333333331
Brasileira (Piaui),161.16666666666669
Abaira (Bahia),161.16666666666669
Poco Redondo (Sergipe),161.16666666666666
Berizal (Minas Gerais),161.125
Sao Joao da Serra (Piaui),161.125
Piripiri (Piaui),161.08333333333331
Goianesia do Para (Para),160.70833333333334
Marechal Floriano (Espirito Santo),160.66666666666669
Sao Martinho da Serra (Rio Grande do Sul),160.5
Sao Jeronimo (Rio Grande do Sul),160.45833333333331
Cananeia (Sao Paulo),160.29166666666669
Fazenda Rio Grande (Parana),160.29166666666669
Morro Cabeca no Tempo (Piaui),160.25
Marcolandia (Piaui),160.20833333333334
Ibarama (Rio Grande do Sul),160.20833333333334
Santa Cruz da Vitoria (Bahia),160.0
Brazabrantes (Goias),159.91666666666666
Ribeira do Piaui (Piaui),159.83333333333331
Dona Francisca (Rio Grande do Sul),159.83333333333331
Janauba (Minas Gerais),159.75
Socorro (Sao Paulo),159.75
Sao Jose da Vitoria (Bahia),159.70833333333334
Sao Joao de Pirabas (Para),159.70833333333331
Barros Cassal (Rio Grande do Sul),159.625
Nova Lacerda (Mato Grosso),159.54166666666669
Miraguai (Rio Grande do Sul),159.41666666666669
Salinopolis (Para),159.41666666666666
Pedrao (Bahia),159.375
Santa Cruz de Salinas (Minas Gerais),159.25
Riacho Frio (Piaui),159.25
Alegrete do Piaui (Piaui),159.16666666666669
Itagi (Bahia),159.08333333333331
Faxinal do Soturno (Rio Grande do Sul),158.95833333333331
Agua Fria de Goias (Goias),158.91666666666666
Piquet Carneiro (Ceara),158.91666666666666
Chorrocho (Bahia),158.875
Santa Leopoldina (Espirito Santo),158.83333333333331
Alagoinhas (Bahia),158.79166666666669
Iranduba (Amazonas),158.79166666666666
Pugmil (Tocantins),158.70833333333334
Casa Nova (Bahia),158.70833333333331
Guaranta do Norte (Mato Grosso),158.66666666666669
Quixeramobim (Ceara),158.54166666666669
Quixada (Ceara),158.41666666666669
Primavera (Para),158.375
Medina (Minas Gerais),158.25
Conquista DOeste (Mato Grosso),158.25
Santa Cruz dos Milagres (Piaui),158.20833333333331
Ibaretama (Ceara),158.125
Gaviao (Bahia),158.125
Candeias (Bahia),158.04166666666669
Rio dos Bois (Tocantins),157.91666666666669
Formosa do Rio Preto (Bahia),157.83333333333331
Terra Nova (Bahia),157.83333333333331
Sao Sebastiao do Passe (Bahia),157.75
Conceicao do Jacuipe (Bahia),157.625
Pontal do Parana (Parana),157.54166666666666
Santanopolis (Bahia),157.41666666666669
Alexania (Goias),157.33333333333331
Teodoro Sampaio (Bahia),157.25
Bocaina (Piaui),157.20833333333334
Amargosa (Bahia),157.0
Senador Pompeu (Ceara),157.0
Abaetetuba (Para),156.95833333333331
Sigefredo Pacheco (Piaui),156.875
Agua Fria (Bahia),156.83333333333331
Orleans (Santa Catarina),156.79166666666669
Inhambupe (Bahia),156.75
Santa Carmem (Mato Grosso),156.70833333333331
Candiba (Bahia),156.66666666666669
Pinheiros (Espirito Santo),156.5
Apuiares (Ceara),156.5
Urussanga (Santa Catarina),156.5
Lauro Muller (Santa Catarina),156.375
Brunopolis (Santa Catarina),156.33333333333334
Nova Rosalandia (Tocantins),156.20833333333331
Arapora (Minas Gerais),156.20833333333331
Itaguari (Goias),156.08333333333331
Salvador das Missoes (Rio Grande do Sul),156.0
Senador Jose Bento (Minas Gerais),156.0
Vila Langaro (Rio Grande do Sul),155.95833333333334
Macae (Rio de Janeiro),155.91666666666669
Sao Bonifacio (Santa Catarina),155.875
Nova Alvorada (Rio Grande do Sul),155.875
Ipira (Bahia),155.79166666666666
Rancho Queimado (Santa Catarina),155.70833333333334
Toropi (Rio Grande do Sul),155.625
Nova Europa (Sao Paulo),155.54166666666666
Santa Barbara (Bahia),155.41666666666669
Catarina (Ceara),155.33333333333331
Agrolandia (Santa Catarina),155.25
Jussari (Bahia),155.25
Irara (Bahia),155.25
Manacapuru (Amazonas),155.20833333333331
Pilar de Goias (Goias),155.125
Paranagua (Parana),155.04166666666669
Caroebe (Roraima),155.04166666666666
Varzedo (Bahia),154.75
Mirim Doce (Santa Catarina),154.70833333333331
Barreiras do Piaui (Piaui),154.66666666666669
Itabi (Sergipe),154.625
Aratuipe (Bahia),154.625
Amparo do Sao Francisco (Sergipe),154.625
Canhoba (Sergipe),154.625
Nossa Senhora de Lourdes (Sergipe),154.625
Santa Rita do Trivelato (Mato Grosso),154.625
Conceicao do Almeida (Bahia),154.625
Amelia Rodrigues (Bahia),154.58333333333331
Aguas Lindas de Goias (Goias),154.58333333333331
Itacurubi (Rio Grande do Sul),154.5
Dilermando de Aguiar (Rio Grande do Sul),154.5
Sao Miguel das Matas (Bahia),154.45833333333331
Gararu (Sergipe),154.41666666666669
Pintadas (Bahia),154.41666666666669
Linhares (Espirito Santo),154.41666666666666
Piraquara (Parana),154.33333333333331
Riachao do Jacuipe (Bahia),154.16666666666669
Tucunduva (Rio Grande do Sul),154.16666666666666
Planalto da Serra (Mato Grosso),154.125
Porto Esperidiao (Mato Grosso),154.125
Severiano de Almeida (Rio Grande do Sul),154.04166666666669
Cristal (Rio Grande do Sul),153.91666666666666
Guarinos (Goias),153.875
Cerro Branco (Rio Grande do Sul),153.79166666666669
Piracuruca (Piaui),153.79166666666666
Fundao (Espirito Santo),153.66666666666669
Mombaca (Ceara),153.5
Mato Verde (Minas Gerais),153.5
Milha (Ceara),153.45833333333331
Cachoeira de Pajeu (Minas Gerais),153.33333333333334
Rio do Prado (Minas Gerais),153.33333333333331
Barrocas (Bahia),153.29166666666669
Vera (Mato Grosso),153.29166666666669
Juscimeira (Mato Grosso),153.25
Teofilandia (Bahia),153.20833333333334
Santo Amaro da Imperatriz (Santa Catarina),153.16666666666669
Rio Preto (Minas Gerais),153.04166666666669
Nepomuceno (Minas Gerais),153.0
Aguas Mornas (Santa Catarina),152.95833333333334
Benedito Novo (Santa Catarina),152.95833333333331
Arroio do Tigre (Rio Grande do Sul),152.91666666666669
Senador Jose Porfirio (Para),152.83333333333334
Simplicio Mendes (Piaui),152.79166666666666
Itaara (Rio Grande do Sul),152.66666666666666
Ipiau (Bahia),152.625
Olaria (Minas Gerais),152.625
Sao Luiz (Roraima),152.54166666666666
Nossa Senhora do Socorro (Sergipe),152.5
Itaubal (Amapa),152.45833333333334
Rodeio (Santa Catarina),152.375
Pouso Alegre (Minas Gerais),152.29166666666669
Candelaria (Rio Grande do Sul),152.16666666666666
Itaberaba (Bahia),152.08333333333331
Sao Domingos do Sul (Rio Grande do Sul),152.04166666666669
Unistalda (Rio Grande do Sul),152.04166666666666
Lafaiete Coutinho (Bahia),152.0
Novo Cabrais (Rio Grande do Sul),151.95833333333331
Palmares do Sul (Rio Grande do Sul),151.91666666666666
Souto Soares (Bahia),151.83333333333334
Iracema (Roraima),151.83333333333331
Mucajai (Roraima),151.83333333333331
Pedra Branca (Ceara),151.79166666666669
Coqueiral (Minas Gerais),151.70833333333334
Sao Francisco de Assis (Rio Grande do Sul),151.70833333333331
Castelo do Piaui (Piaui),151.625
Campinas do Sul (Rio Grande do Sul),151.58333333333334
Angelina (Santa Catarina),151.375
Umburanas (Bahia),151.29166666666666
Jaiba (Minas Gerais),151.29166666666666
Lagoa de Sao Francisco (Piaui),151.25
Andorinha (Bahia),151.16666666666666
Peritiba (Santa Catarina),151.16666666666666
Terra Santa (Para),151.08333333333334
Serrinha (Bahia),151.04166666666669
Biritinga (Bahia),151.04166666666669
Itapaje (Ceara),151.0
Ichu (Bahia),150.95833333333334
Xinguara (Para),150.875
Tupiratins (Tocantins),150.83333333333334
Rafael Jambeiro (Bahia),150.83333333333331
Tapiramuta (Bahia),150.79166666666669
Campo Grande (Alagoas),150.79166666666669
Rio Novo do Sul (Espirito Santo),150.58333333333334
Anchieta (Espirito Santo),150.58333333333334
Canavieiras (Bahia),150.5
Vargem (Santa Catarina),150.41666666666669
Alegrete (Rio Grande do Sul),150.33333333333334
Ninheira (Minas Gerais),150.33333333333331
Corumba de Goias (Goias),150.25
Anguera (Bahia),150.25
Caetite (Bahia),150.25
Feira de Santana (Bahia),150.25
Formoso do Araguaia (Tocantins),150.25
Iguape (Sao Paulo),150.16666666666669
Coracao de Maria (Bahia),150.125
Pocone (Mato Grosso),150.08333333333331
Mairi (Bahia),150.0
Sao Jorge (Rio Grande do Sul),149.75
Leopoldo de Bulhoes (Goias),149.45833333333334
Santarem Novo (Para),149.45833333333334
Riachao do Dantas (Sergipe),149.45833333333331
Cuiaba (Mato Grosso),149.41666666666669
Acegua (Rio Grande do Sul),149.25
Conceicao dos Ouros (Minas Gerais),149.04166666666669
Sao Joao da Baliza (Roraima),149.04166666666666
Sao Felipe (Bahia),148.95833333333331
Muniz Ferreira (Bahia),148.95833333333331
Sapeacu (Bahia),148.95833333333331
Santa Barbara de Goias (Goias),148.875
Sandolandia (Tocantins),148.83333333333331
Muricilandia (Tocantins),148.79166666666669
Porto Real do Colegio (Alagoas),148.79166666666669
Alianca do Tocantins (Tocantins),148.66666666666669
Verdelandia (Minas Gerais),148.66666666666666
Sao Bras (Alagoas),148.625
Telha (Sergipe),148.625
Olho dAgua Grande (Alagoas),148.625
Bom Progresso (Rio Grande do Sul),148.45833333333331
Francisco Macedo (Piaui),148.45833333333331
Tanquinho (Bahia),148.41666666666669
Lima Duarte (Minas Gerais),148.25
Abdon Batista (Santa Catarina),148.25
Cajueiro da Praia (Piaui),148.25
Padre Bernardo (Goias),148.25
Braga (Rio Grande do Sul),148.20833333333331
Capela do Alto Alegre (Bahia),148.20833333333331
Benedito Leite (Maranhao),148.16666666666669
Pien (Parana),148.125
Santa Cruz do Xingu (Mato Grosso),148.0
Curvelandia (Mato Grosso),147.91666666666669
Retirolandia (Bahia),147.875
Nova Fatima (Bahia),147.79166666666669
Sao Domingos (Bahia),147.70833333333334
Irece (Bahia),147.66666666666669
Valente (Bahia),147.66666666666669
Recursolandia (Tocantins),147.5
Jacobina do Piaui (Piaui),147.45833333333331
Alto Alegre dos Parecis (Rondonia),147.41666666666669
Varzea da Roca (Bahia),147.375
Serranopolis de Minas (Minas Gerais),147.29166666666669
Santaluz (Bahia),147.29166666666669
Barra do Mendes (Bahia),147.16666666666669
Hulha Negra (Rio Grande do Sul),147.125
Governador Celso Ramos (Santa Catarina),147.125
Cabeceiras (Goias),147.0
Fortim (Ceara),146.95833333333331
Reserva do Cabacal (Mato Grosso),146.91666666666669
Rio dos Cedros (Santa Catarina),146.875
Alfredo Chaves (Espirito Santo),146.83333333333334
Cacequi (Rio Grande do Sul),146.83333333333334
Parnagua (Piaui),146.83333333333334
Rio das Flores (Rio de Janeiro),146.75
Maracana (Para),146.70833333333331
Macurure (Bahia),146.70833333333331
Central (Bahia),146.66666666666669
Cutias (Amapa),146.625
Barro Alto (Bahia),146.58333333333334
Itaparica (Bahia),146.54166666666669
Monte Alegre de Minas (Minas Gerais),146.54166666666669
Ruy Barbosa (Bahia),146.5
Manoel Viana (Rio Grande do Sul),146.41666666666666
Vargem Alta (Espirito Santo),146.375
Candeal (Bahia),146.33333333333331
Conde (Bahia),146.29166666666669
Porto de Moz (Para),146.29166666666666
Nova Santa Rita (Piaui),146.29166666666666
Itupiranga (Para),146.25
Araci (Bahia),146.16666666666669
Agudos do Sul (Parana),146.125
Indaial (Santa Catarina),146.125
Nova Palma (Rio Grande do Sul),146.04166666666669
Pe de Serra (Bahia),146.0
Hidrolina (Goias),145.875
Tuparendi (Rio Grande do Sul),145.83333333333334
Ivora (Rio Grande do Sul),145.75
Tucano (Bahia),145.70833333333331
Inhuma (Piaui),145.625
Lamarao (Bahia),145.625
Tejucuoca (Ceara),145.5
Conceicao do Coite (Bahia),145.5
Traipu (Alagoas),145.5
Juazeiro do Piaui (Piaui),145.41666666666669
Grajau (Maranhao),145.375
Paulo Afonso (Bahia),145.375
Monteiro Lobato (Sao Paulo),145.33333333333331
Anita Garibaldi (Santa Catarina),145.29166666666669
Senador Salgado Filho (Rio Grande do Sul),145.16666666666666
Palhoca (Santa Catarina),145.125
Itapicuru (Bahia),145.125
Horizonte (Ceara),145.0
Pindoretama (Ceara),145.0
Barreira (Ceara),145.0
Pacajus (Ceara),145.0
Chorozinho (Ceara),145.0
Acarape (Ceara),145.0
Aracoiaba (Ceara),145.0
Ipecaeta (Bahia),144.95833333333331
Sao Jose dos Campos (Sao Paulo),144.91666666666666
Fatima (Tocantins),144.79166666666669
Picos (Piaui),144.75
Marapanim (Para),144.70833333333331
Ouro (Santa Catarina),144.70833333333331
Barro (Ceara),144.66666666666666
Santo Amaro (Bahia),144.625
Madre de Deus (Bahia),144.625
Trairi (Ceara),144.58333333333334
Sao Francisco do Conde (Bahia),144.54166666666669
Alto Horizonte (Goias),144.54166666666666
Sao Lourenco do Piaui (Piaui),144.54166666666666
Iraucuba (Ceara),144.5
Santo Antonio do Planalto (Rio Grande do Sul),144.5
Engenheiro Navarro (Minas Gerais),144.5
Mamonas (Minas Gerais),144.45833333333331
Pajeu do Piaui (Piaui),144.29166666666669
Jacupiranga (Sao Paulo),144.125
Mato Castelhano (Rio Grande do Sul),144.08333333333334
Petrolina de Goias (Goias),144.04166666666669
Sao Jose dos Pinhais (Parana),143.91666666666669
Cristal do Sul (Rio Grande do Sul),143.83333333333331
Salinas da Margarida (Bahia),143.66666666666666
Duere (Tocantins),143.54166666666669
Quatro Barras (Parana),143.54166666666666
Sao Luis do Curu (Ceara),143.5
Cocal dos Alves (Piaui),143.41666666666666
Conceicao de Macabu (Rio de Janeiro),143.375
Sao Pedro da Cipa (Mato Grosso),143.29166666666669
Getulio Vargas (Rio Grande do Sul),143.29166666666666
Tres Arroios (Rio Grande do Sul),143.20833333333334
Igarata (Sao Paulo),143.20833333333331
Pontes e Lacerda (Mato Grosso),143.16666666666669
Pedra Bela (Sao Paulo),143.08333333333331
Jangada (Mato Grosso),143.04166666666669
Seberi (Rio Grande do Sul),142.91666666666669
Jesupolis (Goias),142.91666666666666
Erval Seco (Rio Grande do Sul),142.875
Redencao (Para),142.83333333333334
Dom Eliseu (Para),142.83333333333331
Indiaroba (Sergipe),142.75
Taquarucu do Sul (Rio Grande do Sul),142.70833333333334
Itapuca (Rio Grande do Sul),142.66666666666666
Bossoroca (Rio Grande do Sul),142.58333333333331
Tamboril do Piaui (Piaui),142.54166666666666
Timbo (Santa Catarina),142.5
Vila Nova dos Martirios (Maranhao),142.5
Botuvera (Santa Catarina),142.45833333333334
Pinhal Grande (Rio Grande do Sul),142.45833333333331
Florianopolis (Santa Catarina),142.25
Tracuateua (Para),142.25
Sao Jose (Santa Catarina),142.16666666666669
Sao Francisco (Paraiba),142.0
Alto Parnaiba (Maranhao),142.0
Quiterianopolis (Ceara),141.91666666666669
Castro Alves (Bahia),141.875
Nova Esperanca do Piria (Para),141.75
Pedro Canario (Espirito Santo),141.625
Cerejeiras (Rondonia),141.41666666666669
Arambare (Rio Grande do Sul),141.16666666666669
Antonio Carlos (Santa Catarina),141.16666666666669
Miraima (Ceara),141.08333333333334
Nova Esperanca do Sul (Rio Grande do Sul),141.08333333333334
Antonio Cardoso (Bahia),141.04166666666669
Antonina (Parana),141.0
Tijucas (Santa Catarina),140.95833333333334
Laje (Bahia),140.91666666666666
Baixa Grande (Bahia),140.875
Milton Brandao (Piaui),140.83333333333334
Santiago (Rio Grande do Sul),140.79166666666669
Capao Bonito do Sul (Rio Grande do Sul),140.79166666666666
Sao Goncalo dos Campos (Bahia),140.75
Simoes (Piaui),140.75
Oliveira de Fatima (Tocantins),140.625
Curuca (Para),140.58333333333331
Paraiso do Sul (Rio Grande do Sul),140.5
Tobias Barreto (Sergipe),140.45833333333331
Lagoa Bonita do Sul (Rio Grande do Sul),140.45833333333331
Nova Iguacu de Goias (Goias),140.41666666666666
Sao Francisco de Paula (Minas Gerais),140.29166666666669
Monsenhor Tabosa (Ceara),140.125
Machacalis (Minas Gerais),140.08333333333331
Ernestina (Rio Grande do Sul),140.04166666666666
Sao Juliao (Piaui),140.0
Marataizes (Espirito Santo),139.95833333333334
Julio de Castilhos (Rio Grande do Sul),139.95833333333331
Campos Novos (Santa Catarina),139.91666666666669
Montauri (Rio Grande do Sul),139.83333333333331
Bom Jesus do Tocantins (Tocantins),139.79166666666669
Cachoeira de Minas (Minas Gerais),139.58333333333331
Rodelas (Bahia),139.54166666666666
Arneiroz (Ceara),139.5
Palhano (Ceara),139.45833333333331
Inconfidentes (Minas Gerais),139.41666666666669
Melgaco (Para),139.41666666666666
Saubara (Bahia),139.375
Ronda Alta (Rio Grande do Sul),139.375
Paraiso do Tocantins (Tocantins),139.20833333333334
Muquem do Sao Francisco (Bahia),138.83333333333331
Itagiba (Bahia),138.83333333333331
Sao Pedro de Alcantara (Santa Catarina),138.83333333333331
Eldorado do Carajas (Para),138.75
Santo Antonio de Lisboa (Piaui),138.75
Canta (Roraima),138.70833333333334
Salgado (Sergipe),138.70833333333331
Santo Antonio do Descoberto (Goias),138.625
Jacareacanga (Para),138.45833333333334
Sao Cristovao (Sergipe),138.41666666666669
Dom Aquino (Mato Grosso),138.33333333333334
Sao Bento do Sul (Santa Catarina),138.33333333333331
Novo Oriente (Ceara),138.33333333333331
Corupa (Santa Catarina),138.33333333333331
Missao Velha (Ceara),138.29166666666666
Heitorai (Goias),138.25
Nazare (Bahia),138.08333333333334
Borda da Mata (Minas Gerais),138.08333333333331
Aurelino Leal (Bahia),138.04166666666666
Laranjeiras (Sergipe),138.0
Sao Miguel do Tapuio (Piaui),138.0
Guaraciaba do Norte (Ceara),137.95833333333334
Croata (Ceara),137.95833333333334
Rio Branco (Mato Grosso),137.95833333333331
Palestina do Para (Para),137.91666666666666
Capinzal (Santa Catarina),137.875
Poranga (Ceara),137.875
Apora (Bahia),137.79166666666669
Acajutiba (Bahia),137.70833333333334
Ipueiras (Ceara),137.70833333333334
Sao Jose do Piaui (Piaui),137.66666666666669
Reriutaba (Ceara),137.625
Figueiropolis DOeste (Mato Grosso),137.58333333333331
Rio Real (Bahia),137.54166666666669
Taua (Ceara),137.5
Santa Maria do Tocantins (Tocantins),137.375
Paraiba do Sul (Rio de Janeiro),137.25
Buerarema (Bahia),137.25
Santa Rosa (Rio Grande do Sul),137.25
Pedro II (Piaui),137.16666666666669
Ipanguacu (Rio Grande do Norte),137.125
Alto do Rodrigues (Rio Grande do Norte),137.125
Parau (Rio Grande do Norte),137.125
Guamare (Rio Grande do Norte),137.125
Rafael Godeiro (Rio Grande do Norte),137.0
Camboriu (Santa Catarina),136.95833333333334
Junqueiro (Alagoas),136.95833333333334
Canelinha (Santa Catarina),136.95833333333334
Aracu (Goias),136.95833333333331
Jequia da Praia (Alagoas),136.91666666666669
Janduis (Rio Grande do Norte),136.91666666666669
Itajai (Santa Catarina),136.875
Teotonio Vilela (Alagoas),136.79166666666669
Sao Sebastiao (Alagoas),136.79166666666669
Feira Grande (Alagoas),136.79166666666669
Presidente Kennedy (Espirito Santo),136.75
Biguacu (Santa Catarina),136.75
Vila Bela da Santissima Trindade (Mato Grosso),136.75
Buriti dos Montes (Piaui),136.75
Redentora (Rio Grande do Sul),136.70833333333334
Abare (Bahia),136.66666666666669
Sao Luiz Gonzaga (Rio Grande do Sul),136.66666666666666
Pimenteiras (Piaui),136.54166666666669
Cajazeiras (Paraiba),136.5
Sousa (Paraiba),136.5
Lucrecia (Rio Grande do Norte),136.45833333333331
Piloes (Rio Grande do Norte),136.45833333333331
Frutuoso Gomes (Rio Grande do Norte),136.45833333333331
Sobral (Ceara),136.41666666666669
Santa Maria da Boa Vista (Pernambuco),136.20833333333334
Bom Jesus (Paraiba),136.20833333333331
Santa Cruz (Paraiba),136.16666666666669
Lastro (Paraiba),136.16666666666669
Sao Joao Batista (Santa Catarina),136.16666666666669
Brejo dos Santos (Paraiba),136.16666666666669
Bom Sucesso (Paraiba),136.16666666666669
Cruz das Almas (Bahia),136.125
Rodeio Bonito (Rio Grande do Sul),136.125
Gaviao Peixoto (Sao Paulo),136.08333333333334
Muritiba (Bahia),136.08333333333334
Maragogipe (Bahia),136.08333333333334
Queimadas (Bahia),136.08333333333331
Itapemirim (Espirito Santo),136.04166666666669
Sao Joao do Rio do Peixe (Paraiba),136.04166666666669
Vieiropolis (Paraiba),136.04166666666669
Parana (Rio Grande do Norte),136.04166666666669
Ipaumirim (Ceara),136.04166666666669
Joao Dias (Rio Grande do Norte),136.04166666666669
Baixio (Ceara),136.04166666666669
Alexandria (Rio Grande do Norte),136.04166666666669
Santa Helena (Paraiba),136.04166666666669
Tenente Ananias (Rio Grande do Norte),136.04166666666669
Poco de Jose de Moura (Paraiba),136.04166666666669
Patu (Rio Grande do Norte),136.0
Couto Magalhaes (Tocantins),136.0
Antonio Martins (Rio Grande do Norte),135.875
Almino Afonso (Rio Grande do Norte),135.875
Messias Targino (Rio Grande do Norte),135.875
Major Sales (Rio Grande do Norte),135.875
Tailandia (Para),135.875
Lagoa do Sitio (Piaui),135.83333333333331
Conceicao da Feira (Bahia),135.79166666666669
Santo Estevao (Bahia),135.70833333333331
Jurua (Amazonas),135.66666666666666
Bonfim do Piaui (Piaui),135.54166666666666
Piritiba (Bahia),135.41666666666669
Terra Alta (Para),135.41666666666669
Sarandi (Rio Grande do Sul),135.41666666666666
Maraba (Para),135.375
Sao Joao da Fronteira (Piaui),135.25
Ipira (Santa Catarina),135.20833333333334
Domingos Mourao (Piaui),135.16666666666669
Tiangua (Ceara),135.16666666666669
Sao Pedro do Butia (Rio Grande do Sul),135.16666666666666
Granja (Ceara),135.16666666666666
Nova America (Goias),135.125
Porto Seguro (Bahia),135.08333333333334
Sao Joao da Ponta (Para),135.08333333333331
Sebastiao Laranjeiras (Bahia),135.04166666666669
Jaguaripe (Bahia),135.04166666666666
Elisio Medrado (Bahia),135.04166666666666
Marizopolis (Paraiba),135.0
Barra do Turvo (Sao Paulo),135.0
Penha (Santa Catarina),134.95833333333334
Magalhaes Barata (Para),134.91666666666666
Navegantes (Santa Catarina),134.875
Santa Terezinha (Bahia),134.875
Ouro Verde de Goias (Goias),134.58333333333334
Almirante Tamandare do Sul (Rio Grande do Sul),134.5
Porto Estrela (Mato Grosso),134.5
Carmo da Mata (Minas Gerais),134.5
Lagoa da Canoa (Alagoas),134.33333333333334
Casca (Rio Grande do Sul),134.33333333333331
Colinas do Tocantins (Tocantins),134.20833333333331
Mundo Novo (Bahia),134.20833333333331
Estrela Velha (Rio Grande do Sul),134.20833333333331
Sao Jose do Calcado (Espirito Santo),134.16666666666666
Brusque (Santa Catarina),134.125
Nobres (Mato Grosso),134.0
Camanducaia (Minas Gerais),133.83333333333334
Feliz Natal (Mato Grosso),133.75
Zortea (Santa Catarina),133.70833333333331
Russas (Ceara),133.66666666666666
Trindade do Sul (Rio Grande do Sul),133.66666666666666
Remanso (Bahia),133.625
Carazinho (Rio Grande do Sul),133.58333333333334
Piracaia (Sao Paulo),133.58333333333331
Horizontina (Rio Grande do Sul),133.58333333333331
Pinhal da Serra (Rio Grande do Sul),133.54166666666669
Agudo (Rio Grande do Sul),133.45833333333331
Nossa Senhora do Livramento (Mato Grosso),133.45833333333331
Cajati (Sao Paulo),133.41666666666666
Campina Grande do Sul (Parana),133.41666666666666
Pao de Acucar (Alagoas),133.33333333333334
Sete de Setembro (Rio Grande do Sul),133.125
Groairas (Ceara),133.08333333333334
Forquilha (Ceara),133.08333333333334
Varjota (Ceara),133.0
Itaporanga dAjuda (Sergipe),132.91666666666669
Umbauba (Sergipe),132.91666666666669
Itapema (Santa Catarina),132.875
Quijingue (Bahia),132.875
Balneario Camboriu (Santa Catarina),132.875
Arenapolis (Mato Grosso),132.875
Porto Belo (Santa Catarina),132.875
Tomar do Geru (Sergipe),132.83333333333334
Santo Antonio do Retiro (Minas Gerais),132.83333333333334
Major Gercino (Santa Catarina),132.83333333333331
Itapipoca (Ceara),132.58333333333334
Ipu (Ceara),132.5
Pires Ferreira (Ceara),132.41666666666666
Mata (Rio Grande do Sul),132.25
Brejolandia (Bahia),132.16666666666669
Ararenda (Ceara),132.16666666666669
Mutunopolis (Goias),132.16666666666666
Santa Luzia do Itanhy (Sergipe),132.16666666666666
Tabocao (Tocantins),132.125
Altamira (Para),132.08333333333331
Tasso Fragoso (Maranhao),132.08333333333331
Jandaira (Bahia),132.04166666666669
General Sampaio (Ceara),131.91666666666669
Camaqua (Rio Grande do Sul),131.875
Ilhota (Santa Catarina),131.875
Bueno Brandao (Minas Gerais),131.83333333333331
Tunas (Rio Grande do Sul),131.79166666666669
Carnaubal (Ceara),131.79166666666669
Candeias (Minas Gerais),131.79166666666669
Itapeva (Minas Gerais),131.75
Mimoso do Sul (Espirito Santo),131.66666666666666
Rondinha (Rio Grande do Sul),131.625
Crisopolis (Bahia),131.625
Exu (Pernambuco),131.54166666666669
Cristinapolis (Sergipe),131.45833333333334
Wanderley (Bahia),131.45833333333331
Matias Cardoso (Minas Gerais),131.45833333333331
Restinga Seca (Rio Grande do Sul),131.41666666666666
Sao Braz do Piaui (Piaui),131.25
Ipixuna do Para (Para),131.25
Boa Vista do Burica (Rio Grande do Sul),131.08333333333331
Maues (Amazonas),131.04166666666669
Meruoca (Ceara),130.95833333333334
Massape (Ceara),130.95833333333334
Graca (Ceara),130.95833333333334
Pacuja (Ceara),130.95833333333334
Santa Helena de Minas (Minas Gerais),130.95833333333331
Augusto Correa (Para),130.83333333333334
Junco do Maranhao (Maranhao),130.83333333333331
Nova Trento (Santa Catarina),130.83333333333331
Alcantaras (Ceara),130.79166666666669
Marco (Ceara),130.79166666666669
Mucambo (Ceara),130.79166666666669
Amarante (Piaui),130.75
Fortaleza dos Nogueiras (Maranhao),130.66666666666669
Tupancireta (Rio Grande do Sul),130.66666666666669
Nova Candelaria (Rio Grande do Sul),130.66666666666669
Cruz (Ceara),130.625
Acarau (Ceara),130.625
Carire (Ceara),130.625
Bela Cruz (Ceara),130.625
Piratuba (Santa Catarina),130.58333333333331
Nova Soure (Bahia),130.45833333333331
Bom Jesus do Itabapoana (Rio de Janeiro),130.41666666666666
Sao Benedito (Ceara),130.29166666666669
Coreau (Ceara),130.29166666666669
Itaperuna (Rio de Janeiro),130.29166666666666
Vicosa do Ceara (Ceara),130.25
Ibiraiaras (Rio Grande do Sul),130.20833333333334
Olho dAgua do Casado (Alagoas),130.16666666666669
Ponto Novo (Bahia),130.16666666666666
Goiania (Goias),130.0
Morretes (Parana),129.91666666666666
Oiapoque (Amapa),129.875
Piranhas (Alagoas),129.79166666666669
Santa Quiteria (Ceara),129.66666666666669
Tijucas do Sul (Parana),129.66666666666669
Rolador (Rio Grande do Sul),129.66666666666666
Caldeirao Grande (Bahia),129.54166666666669
Paraisopolis (Minas Gerais),129.5
Sao Jose da Tapera (Alagoas),129.5
Camocim (Ceara),129.45833333333334
Senador Rui Palmeira (Alagoas),129.45833333333331
Nova Boa Vista (Rio Grande do Sul),129.375
Tres de Maio (Rio Grande do Sul),129.25
Poco das Trincheiras (Alagoas),129.25
SantAna do Livramento (Rio Grande do Sul),129.25
Salto do Jacui (Rio Grande do Sul),129.125
Campo Novo (Rio Grande do Sul),129.04166666666669
Lambari DOeste (Mato Grosso),128.95833333333334
Corrego do Bom Jesus (Minas Gerais),128.875
Nova Colinas (Maranhao),128.83333333333334
Antonio Goncalves (Bahia),128.83333333333334
Aracaju (Sergipe),128.83333333333334
Caem (Bahia),128.79166666666666
Bonfim (Roraima),128.75
Simao Pereira (Minas Gerais),128.70833333333334
Matias Barbosa (Minas Gerais),128.70833333333331
Rio Pardo de Minas (Minas Gerais),128.625
Goncalves (Minas Gerais),128.625
Belem (Para),128.54166666666669
Sao Sebastiao da Boa Vista (Para),128.5
Pimenteiras do Oeste (Rondonia),128.45833333333334
Ourolandia (Bahia),128.41666666666669
Capao do Cipo (Rio Grande do Sul),128.41666666666666
Crissiumal (Rio Grande do Sul),128.41666666666666
Cardoso Moreira (Rio de Janeiro),128.29166666666666
Ubiretama (Rio Grande do Sul),128.25
Ilha Comprida (Sao Paulo),128.125
Bom Jesus do Norte (Espirito Santo),128.04166666666666
Pedro Laurentino (Piaui),127.95833333333334
Matupa (Mato Grosso),127.91666666666667
Cachoeira (Bahia),127.83333333333334
Campo Alegre (Santa Catarina),127.75
Guabiruba (Santa Catarina),127.75
Curral de Dentro (Minas Gerais),127.625
Blumenau (Santa Catarina),127.45833333333334
Igarape-Acu (Para),127.45833333333333
Girua (Rio Grande do Sul),127.41666666666667
Governador Mangabeira (Bahia),127.33333333333333
Caldeirao Grande do Piaui (Piaui),127.29166666666667
Soledade (Rio Grande do Sul),127.29166666666666
Lagoa Vermelha (Rio Grande do Sul),127.25
Mirangaba (Bahia),127.25
Jacuizinho (Rio Grande do Sul),127.125
Marcelandia (Mato Grosso),126.95833333333334
Itaju (Sao Paulo),126.91666666666667
Liberato Salzano (Rio Grande do Sul),126.875
Curionopolis (Para),126.75
Delmiro Gouveia (Alagoas),126.625
Pantano Grande (Rio Grande do Sul),126.54166666666666
Uruacu (Goias),126.5
Isaias Coelho (Piaui),126.45833333333333
Fronteiras (Piaui),126.41666666666667
Gloria (Bahia),126.375
Tocos do Moji (Minas Gerais),126.33333333333333
Alto Bela Vista (Santa Catarina),126.20833333333333
Assuncao do Piaui (Piaui),126.16666666666667
Barroquinha (Ceara),126.16666666666666
Amontada (Ceara),126.08333333333334
Boa Esperanca do Sul (Sao Paulo),126.0
Martinopole (Ceara),125.875
Santa Maria (Rio Grande do Sul),125.75
Carapebus (Rio de Janeiro),125.66666666666666
Gaspar (Santa Catarina),125.625
Taiobeiras (Minas Gerais),125.5
Careiro da Varzea (Amazonas),125.5
Itarema (Ceara),125.41666666666667
Morrinhos (Ceara),125.41666666666667
Buriti Alegre (Goias),125.41666666666667
Cambui (Minas Gerais),125.375
Floresta Azul (Bahia),125.375
Frecheirinha (Ceara),125.29166666666667
Satiro Dias (Bahia),125.25
Cachoeira dos Indios (Paraiba),125.25
Bage (Rio Grande do Sul),125.20833333333333
Santana do Acarau (Ceara),125.125
Jijoca de Jericoacoara (Ceara),125.125
Jatoba (Pernambuco),125.08333333333334
Estancia (Sergipe),125.08333333333333
Aurora (Ceara),125.04166666666667
Sao Patricio (Goias),125.04166666666667
Matinhos (Parana),124.83333333333333
Senador Sa (Ceara),124.79166666666667
Moraujo (Ceara),124.79166666666667
Parauapebas (Para),124.79166666666667
Saude (Bahia),124.79166666666667
Celso Ramos (Santa Catarina),124.66666666666667
Pariconha (Alagoas),124.625
Camacho (Minas Gerais),124.45833333333333
Munhoz (Minas Gerais),124.45833333333333
Barra Funda (Rio Grande do Sul),124.375
Sao Miguel do Guapore (Rondonia),124.29166666666667
Borba (Amazonas),124.29166666666666
Santana do Piaui (Piaui),124.29166666666666
Jaguari (Rio Grande do Sul),124.25
Senador Amaral (Minas Gerais),124.25
Apiaca (Espirito Santo),124.20833333333334
Ipaporanga (Ceara),123.91666666666667
Girau do Ponciano (Alagoas),123.875
Sao Felix (Bahia),123.83333333333333
Flores do Piaui (Piaui),123.79166666666666
Joanopolis (Sao Paulo),123.79166666666666
Nova Russas (Ceara),123.66666666666667
Senhor do Bonfim (Bahia),123.58333333333334
Bom Repouso (Minas Gerais),123.45833333333333
Capanema (Para),123.375
Manari (Pernambuco),123.04166666666666
Boquim (Sergipe),123.04166666666666
Curralinho (Para),122.95833333333333
Barcarena (Para),122.83333333333333
Sao Joao do Polesine (Rio Grande do Sul),122.75
Bom Conselho (Pernambuco),122.66666666666666
Minador do Negrao (Alagoas),122.58333333333333
Sao Jose do Inhacora (Rio Grande do Sul),122.54166666666667
Estrela de Alagoas (Alagoas),122.54166666666667
Santana do Ipanema (Alagoas),122.54166666666667
Olivenca (Alagoas),122.45833333333333
Dois Riachos (Alagoas),122.45833333333333
Catunda (Ceara),122.41666666666667
Cacimbinhas (Alagoas),122.41666666666667
Olho dAgua das Flores (Alagoas),122.33333333333334
Jacare dos Homens (Alagoas),122.33333333333334
Monteiropolis (Alagoas),122.33333333333334
Palestina (Alagoas),122.33333333333334
Major Isidoro (Alagoas),122.33333333333334
Carneiros (Alagoas),122.33333333333333
Tocantinia (Tocantins),122.29166666666666
Quebrangulo (Alagoas),122.08333333333334
Barao do Triunfo (Rio Grande do Sul),121.95833333333334
Paulo Jacinto (Alagoas),121.95833333333334
Consolacao (Minas Gerais),121.875
Ibiapina (Ceara),121.875
Cabaceiras do Paraguacu (Bahia),121.83333333333333
Palmeira dos Indios (Alagoas),121.79166666666667
Jitauna (Bahia),121.75
Craibas (Alagoas),121.70833333333334
Batalha (Alagoas),121.70833333333333
Pindoba (Alagoas),121.66666666666667
Mar Vermelho (Alagoas),121.66666666666667
Belem (Alagoas),121.66666666666667
Tanque dArca (Alagoas),121.66666666666667
Vicosa (Alagoas),121.66666666666667
Terezinha (Pernambuco),121.625
Itaju do Colonia (Bahia),121.625
Senador Canedo (Goias),121.58333333333333
Vigia (Para),121.58333333333333
Arapiraca (Alagoas),121.54166666666667
Igaci (Alagoas),121.5
Crixas do Tocantins (Tocantins),121.5
Paulistana (Piaui),121.45833333333334
Santo Antonio de Goias (Goias),121.45833333333334
Jaramataia (Alagoas),121.41666666666667
Sertao Santana (Rio Grande do Sul),121.41666666666667
Peixe-Boi (Para),121.375
Uruoca (Ceara),121.29166666666667
Tamboril (Ceara),121.29166666666667
Jari (Rio Grande do Sul),121.20833333333334
Chaval (Ceara),121.16666666666666
Mansidao (Bahia),121.08333333333333
Viana (Espirito Santo),120.875
Campo Alegre de Lourdes (Bahia),120.75
Parambu (Ceara),120.70833333333334
Boa Vista do Incra (Rio Grande do Sul),120.70833333333333
Pendencias (Rio Grande do Norte),120.625
Jacunda (Para),120.625
Anori (Amazonas),120.58333333333334
Agua Branca (Alagoas),120.54166666666667
Inhapi (Alagoas),120.54166666666666
Neropolis (Goias),120.54166666666666
Curua (Para),120.5
Ubajara (Ceara),120.375
Aiquara (Bahia),120.33333333333333
Cerro Largo (Rio Grande do Sul),120.29166666666667
Ouro Branco (Alagoas),120.25
Maravilha (Alagoas),120.25
Espinosa (Minas Gerais),120.20833333333334
Cristalandia (Tocantins),120.16666666666666
Tres Pontas (Minas Gerais),120.125
Nordestina (Bahia),120.125
Morada Nova (Ceara),120.04166666666667
Jequie (Bahia),120.0
Campo Grande (Rio Grande do Norte),119.95833333333333
Barracao (Rio Grande do Sul),119.91666666666667
Alto Alegre (Roraima),119.91666666666666
Morro do Chapeu (Bahia),119.625
Mimoso de Goias (Goias),119.625
Juazeiro do Norte (Ceara),119.625
Maetinga (Bahia),119.5
Marau (Rio Grande do Sul),119.45833333333334
Novo Progresso (Para),119.45833333333334
Rosario Oeste (Mato Grosso),119.45833333333333
Jaragua do Sul (Santa Catarina),119.41666666666666
Miguel Calmon (Bahia),119.375
Itaicaba (Ceara),119.20833333333334
Sao Caetano de Odivelas (Para),119.20833333333333
Aiuaba (Ceara),119.125
Joia (Rio Grande do Sul),119.04166666666667
Olindina (Bahia),119.0
Manaquiri (Amazonas),118.91666666666666
Lagoa dos Tres Cantos (Rio Grande do Sul),118.70833333333334
Filadelfia (Bahia),118.58333333333334
Careiro (Amazonas),118.58333333333333
Sao Vicente do Sul (Rio Grande do Sul),118.5
Sao Francisco de Goias (Goias),118.45833333333334
Sede Nova (Rio Grande do Sul),118.25
Araua (Sergipe),118.16666666666666
Pedrinhas (Sergipe),118.16666666666666
Breves (Para),117.95833333333334
Amaral Ferrador (Rio Grande do Sul),117.91666666666667
Mato Queimado (Rio Grande do Sul),117.875
Boa Vista (Roraima),117.83333333333333
Mata Grande (Alagoas),117.83333333333333
Humaita (Rio Grande do Sul),117.75
Novo Repartimento (Para),117.75
Hidrolandia (Ceara),117.66666666666667
Crato (Ceara),117.54166666666667
Mostardas (Rio Grande do Sul),117.54166666666666
Pinhal (Rio Grande do Sul),117.5
Pomerode (Santa Catarina),117.5
Muana (Para),117.33333333333333
Paulo Bento (Rio Grande do Sul),117.25
Santana da Boa Vista (Rio Grande do Sul),117.25
Santa Barbara do Para (Para),117.20833333333333
Nicolau Vergueiro (Rio Grande do Sul),117.125
Joao Dourado (Bahia),117.08333333333334
Normandia (Roraima),117.04166666666667
Pacaraima (Roraima),117.04166666666667
Itaiba (Pernambuco),117.0
Sinop (Mato Grosso),116.91666666666666
Ananindeua (Para),116.875
Malhada de Pedras (Bahia),116.79166666666666
Independencia (Rio Grande do Sul),116.58333333333334
Sorriso (Mato Grosso),116.58333333333333
Alta Floresta DOeste (Rondonia),116.5
David Canabarro (Rio Grande do Sul),116.33333333333333
Vanini (Rio Grande do Sul),116.33333333333333
Itaguaru (Goias),116.20833333333334
Eunapolis (Bahia),116.20833333333333
Itambe (Bahia),116.16666666666667
Itabaianinha (Sergipe),116.16666666666666
Mara Rosa (Goias),115.83333333333334
Cajueiro (Alagoas),115.79166666666667
Vitoria das Missoes (Rio Grande do Sul),115.79166666666666
Sapucai-Mirim (Minas Gerais),115.79166666666666
Charrua (Rio Grande do Sul),115.70833333333333
Crateus (Ceara),115.625
Messias (Alagoas),115.54166666666667
Almadina (Bahia),115.54166666666666
Niquelandia (Goias),115.5
Moreilandia (Pernambuco),115.45833333333334
Capela (Alagoas),115.41666666666667
Murici (Alagoas),115.33333333333333
Cha Preta (Alagoas),115.33333333333333
Limoeiro do Ajuru (Para),115.25
Branquinha (Alagoas),115.125
Sao Domingos do Araguaia (Para),115.125
Tacaratu (Pernambuco),115.0
Jacobina (Bahia),114.95833333333333
Braganca (Para),114.91666666666666
Tapejara (Rio Grande do Sul),114.875
Floriano Peixoto (Rio Grande do Sul),114.75
Cristais (Minas Gerais),114.625
Palmeirina (Pernambuco),114.45833333333333
Pariquera-Acu (Sao Paulo),114.29166666666666
Gongogi (Bahia),114.25
Vertentes (Pernambuco),114.20833333333334
Santa Maria do Cambuca (Pernambuco),114.20833333333334
Iati (Pernambuco),114.20833333333333
Vertente do Lerio (Pernambuco),114.08333333333334
Casinhas (Pernambuco),114.08333333333334
Floresta (Pernambuco),113.95833333333334
Camalau (Paraiba),113.79166666666666
Nao-Me-Toque (Rio Grande do Sul),113.75
Santa Cruz do Capibaribe (Pernambuco),113.70833333333333
Umburatiba (Minas Gerais),113.66666666666666
Taquaritinga do Norte (Pernambuco),113.625
Afonso Bezerra (Rio Grande do Norte),113.625
Santa Cecilia (Paraiba),113.625
Boa Esperanca (Minas Gerais),113.625
Jatauba (Pernambuco),113.5
Orobo (Pernambuco),113.5
Brejo da Madre de Deus (Pernambuco),113.5
Sao Vicente Ferrer (Pernambuco),113.5
Bom Jardim (Pernambuco),113.41666666666667
Francisco Santos (Piaui),113.41666666666667
Betania (Pernambuco),113.33333333333333
Vicencia (Pernambuco),113.29166666666667
Calcado (Pernambuco),113.25
Jurema (Pernambuco),113.25
Jupi (Pernambuco),113.25
Cha Grande (Pernambuco),113.20833333333333
Pombos (Pernambuco),113.20833333333333
Riacho das Almas (Pernambuco),113.20833333333333
Toritama (Pernambuco),113.20833333333333
Chapada (Rio Grande do Sul),113.16666666666666
Feira Nova (Pernambuco),113.125
Machados (Pernambuco),113.125
Joao Alfredo (Pernambuco),113.125
Cumaru (Pernambuco),113.125
Salgadinho (Pernambuco),113.125
Surubim (Pernambuco),113.125
Frei Miguelinho (Pernambuco),113.125
Nova Timboteua (Para),113.125
Limoeiro (Pernambuco),113.125
Passira (Pernambuco),113.125
Marituba (Para),113.04166666666666
Paudalho (Pernambuco),113.0
Ilha de Itamaraca (Pernambuco),113.0
Itaquitinga (Pernambuco),113.0
Igarassu (Pernambuco),113.0
Buenos Aires (Pernambuco),113.0
Jaboatao dos Guararapes (Pernambuco),113.0
Abreu e Lima (Pernambuco),113.0
Tracunhaem (Pernambuco),113.0
Gloria do Goita (Pernambuco),113.0
Recife (Pernambuco),113.0
Vitoria de Santo Antao (Pernambuco),113.0
Sao Lourenco da Mata (Pernambuco),113.0
Camaragibe (Pernambuco),113.0
Lagoa do Carro (Pernambuco),113.0
Lagoa de Itaenga (Pernambuco),113.0
Itapissuma (Pernambuco),113.0
Aracoiaba (Pernambuco),113.0
Cha de Alegria (Pernambuco),113.0
Olinda (Pernambuco),113.0
Paulista (Pernambuco),113.0
Nazare da Mata (Pernambuco),113.0
Carpina (Pernambuco),113.0
Moreno (Pernambuco),113.0
Itapitanga (Bahia),112.95833333333334
Gravata (Pernambuco),112.91666666666667
Bezerros (Pernambuco),112.91666666666667
Caruaru (Pernambuco),112.91666666666667
Saire (Pernambuco),112.91666666666667
Inaja (Pernambuco),112.83333333333333
Saloa (Pernambuco),112.83333333333333
Joaquim Nabuco (Pernambuco),112.75
Sanharo (Pernambuco),112.70833333333333
Macajuba (Bahia),112.66666666666667
Jucati (Pernambuco),112.66666666666667
Ibirajuba (Pernambuco),112.66666666666667
Cabo de Santo Agostinho (Pernambuco),112.66666666666667
Lajedo (Pernambuco),112.66666666666667
Cachoeirinha (Pernambuco),112.625
Tacaimbo (Pernambuco),112.625
Belo Jardim (Pernambuco),112.625
Altinho (Pernambuco),112.58333333333333
Sao Bento do Una (Pernambuco),112.58333333333333
Sao Caitano (Pernambuco),112.5
Custodia (Pernambuco),112.45833333333333
Pindobacu (Bahia),112.41666666666666
Sertania (Pernambuco),112.375
Primavera (Pernambuco),112.33333333333333
Belem de Maria (Pernambuco),112.33333333333333
Barra de Guabiraba (Pernambuco),112.33333333333333
Bonito (Pernambuco),112.33333333333333
Cortes (Pernambuco),112.33333333333333
Amaraji (Pernambuco),112.33333333333333
Cariacica (Espirito Santo),112.29166666666667
Bodoco (Pernambuco),112.29166666666666
Lagoa dos Gatos (Pernambuco),112.25
Escada (Pernambuco),112.25
Oeiras do Para (Para),112.16666666666666
Cupira (Pernambuco),112.125
Zabele (Paraiba),112.08333333333333
Sao Sebastiao do Umbuzeiro (Paraiba),112.08333333333333
Agrestina (Pernambuco),112.04166666666667
Sao Joaquim do Monte (Pernambuco),112.04166666666667
Camocim de Sao Felix (Pernambuco),112.04166666666667
Canapi (Alagoas),112.04166666666666
Aguas Belas (Pernambuco),111.95833333333333
Ibimirim (Pernambuco),111.91666666666667
Sao Joao do Tigre (Paraiba),111.91666666666666
Guarani das Missoes (Rio Grande do Sul),111.91666666666666
Ourem (Para),111.83333333333334
Urandi (Bahia),111.79166666666666
Tupanatinga (Pernambuco),111.70833333333333
Extrema (Minas Gerais),111.66666666666667
Santana da Vargem (Minas Gerais),111.54166666666667
Campo Limpo de Goias (Goias),111.5
Licinio de Almeida (Bahia),111.5
Campos dos Goytacazes (Rio de Janeiro),111.41666666666666
Jaborandi (Bahia),111.20833333333333
Arcoverde (Pernambuco),111.08333333333333
Belem do Sao Francisco (Pernambuco),111.04166666666666
Santo Angelo (Rio Grande do Sul),111.04166666666666
Alegria (Rio Grande do Sul),111.0
Toledo (Minas Gerais),111.0
Maribondo (Alagoas),110.91666666666667
Buique (Pernambuco),110.91666666666667
Taquarana (Alagoas),110.91666666666667
Pesqueira (Pernambuco),110.91666666666666
Pocao (Pernambuco),110.83333333333334
Capoeiras (Pernambuco),110.83333333333333
Paranatama (Pernambuco),110.79166666666667
Caetes (Pernambuco),110.79166666666667
Petrolandia (Pernambuco),110.75
Guarai (Tocantins),110.70833333333334
Ipojuca (Pernambuco),110.70833333333333
Alagoinha (Pernambuco),110.70833333333333
Itacuruba (Pernambuco),110.66666666666666
Palmares (Pernambuco),110.66666666666666
Ribeirao (Pernambuco),110.66666666666666
Pedra (Pernambuco),110.625
Venturosa (Pernambuco),110.58333333333333
Santo Antonio do Taua (Para),110.54166666666666
Panelas (Pernambuco),110.5
Concordia do Para (Para),110.29166666666666
Victor Graeff (Rio Grande do Sul),110.29166666666666
Tio Hugo (Rio Grande do Sul),110.29166666666666
Conceicao do Caninde (Piaui),110.04166666666667
Estiva (Minas Gerais),109.95833333333333
Schroeder (Santa Catarina),109.91666666666666
Sussuapara (Piaui),109.875
Dois Irmaos das Missoes (Rio Grande do Sul),109.875
Fortaleza dos Valos (Rio Grande do Sul),109.83333333333333
Ibotirama (Bahia),109.625
Sao Martinho (Rio Grande do Sul),109.625
Massaranduba (Santa Catarina),109.58333333333333
Itiuba (Bahia),109.54166666666667
Sao Valerio do Sul (Rio Grande do Sul),109.54166666666667
Goianira (Goias),109.25
Bertopolis (Minas Gerais),109.25
Uruana (Goias),108.83333333333334
Baiao (Para),108.70833333333333
Catole do Rocha (Paraiba),108.66666666666667
Agua Santa (Rio Grande do Sul),108.58333333333334
Tres Palmeiras (Rio Grande do Sul),108.5
Lagoa do Ouro (Pernambuco),108.45833333333333
Brejao (Pernambuco),108.45833333333333
Itabela (Bahia),108.45833333333333
Correntes (Pernambuco),108.375
Angelim (Pernambuco),108.08333333333333
Novo Tiradentes (Rio Grande do Sul),107.95833333333333
Monsenhor Hipolito (Piaui),107.875
Sao Jose da Laje (Alagoas),107.66666666666667
Sao Joao (Pernambuco),107.66666666666666
Vale de Sao Domingos (Mato Grosso),107.625
Cansancao (Bahia),107.625
Santana do Mundau (Alagoas),107.54166666666667
Sao Benedito do Sul (Pernambuco),107.5
Quipapa (Pernambuco),107.5
Jaqueira (Pernambuco),107.5
Guaramirim (Santa Catarina),107.45833333333333
Sao Jose da Coroa Grande (Pernambuco),107.41666666666666
Colonia Leopoldina (Alagoas),107.375
Ibateguara (Alagoas),107.375
Novo Lino (Alagoas),107.375
Joaquim Gomes (Alagoas),107.375
Barreiros (Pernambuco),107.33333333333333
Jacuipe (Alagoas),107.33333333333333
Uniao dos Palmares (Alagoas),107.29166666666667
Jundia (Alagoas),107.20833333333333
Campestre (Alagoas),107.20833333333333
Maragogi (Alagoas),107.04166666666666
Porto Calvo (Alagoas),107.04166666666666
Matriz de Camaragibe (Alagoas),107.0
Flexeiras (Alagoas),107.0
Porto de Pedras (Alagoas),107.0
Japaratinga (Alagoas),107.0
Passo de Camaragibe (Alagoas),107.0
Maraial (Pernambuco),106.875
Xexeu (Pernambuco),106.875
Goianapolis (Goias),106.83333333333334
Santarem (Para),106.79166666666666
Garanhuns (Pernambuco),106.66666666666666
Canaa dos Carajas (Para),106.5
Machadinho (Rio Grande do Sul),106.5
Carnaubeira da Penha (Pernambuco),106.29166666666667
Vila Maria (Rio Grande do Sul),106.29166666666666
Candido Mendes (Maranhao),106.29166666666666
Itaberai (Goias),106.04166666666667
Sao Francisco de Itabapoana (Rio de Janeiro),105.91666666666666
Guaratuba (Parana),105.75
Acara (Para),105.375
Milagres (Ceara),105.29166666666666
Sao Francisco do Guapore (Rondonia),105.20833333333334
Canhotinho (Pernambuco),105.08333333333333
Chuvisca (Rio Grande do Sul),104.95833333333334
Pindai (Bahia),104.95833333333333
Santa Maria do Para (Para),104.91666666666666
Amajari (Roraima),104.79166666666666
Goiana (Pernambuco),104.75
Iramaia (Bahia),104.75
Carmo do Rio Verde (Goias),104.70833333333334
Erechim (Rio Grande do Sul),104.45833333333334
Rosario do Sul (Rio Grande do Sul),104.41666666666666
Cruz Alta (Rio Grande do Sul),104.33333333333334
Espumoso (Rio Grande do Sul),104.16666666666667
Campos Borges (Rio Grande do Sul),104.16666666666667
Coronel Bicaco (Rio Grande do Sul),104.08333333333333
Alto Alegre (Rio Grande do Sul),103.95833333333334
Cabrobo (Pernambuco),103.875
Encruzilhada do Sul (Rio Grande do Sul),103.875
Tefe (Amazonas),103.79166666666667
Serra (Espirito Santo),103.79166666666667
Terezopolis de Goias (Goias),103.58333333333333
Monteiro (Paraiba),103.54166666666666
Brasil Novo (Para),103.5
Congo (Paraiba),103.45833333333333
Caraubas (Paraiba),103.45833333333333
Serra Branca (Paraiba),103.375
Barra de Sao Miguel (Paraiba),103.375
Riacho de Santo Antonio (Paraiba),103.375
Uirauna (Paraiba),103.375
Alcantil (Paraiba),103.375
Sao Domingos do Cariri (Paraiba),103.375
Boqueirao (Paraiba),103.25
Timbauba (Pernambuco),103.25
Barra de Santana (Paraiba),103.25
Sao Joao do Cariri (Paraiba),103.25
Caturite (Paraiba),103.25
Natuba (Paraiba),103.25
Gado Bravo (Paraiba),103.25
Parari (Paraiba),103.25
Aroeiras (Paraiba),103.25
Itambe (Pernambuco),103.25
Cabaceiras (Paraiba),103.25
Boa Vista (Paraiba),103.25
Gurjao (Paraiba),103.25
Sao Jose dos Cordeiros (Paraiba),103.25
Umbuzeiro (Paraiba),103.25
Itabuna (Bahia),103.20833333333333
Oroco (Pernambuco),103.16666666666666
Condado (Pernambuco),103.04166666666667
Pitimbu (Paraiba),103.04166666666667
Jaragua (Goias),103.0
Conde (Paraiba),102.95833333333334
Serra Redonda (Paraiba),102.95833333333334
Alagoa Nova (Paraiba),102.95833333333334
Alagoinha (Paraiba),102.95833333333334
Sao Jose dos Ramos (Paraiba),102.95833333333334
Lagoa Seca (Paraiba),102.95833333333334
Itatuba (Paraiba),102.95833333333334
Itabaiana (Paraiba),102.95833333333334
Mari (Paraiba),102.95833333333334
Caldas Brandao (Paraiba),102.95833333333334
Sape (Paraiba),102.95833333333334
Macaparana (Pernambuco),102.95833333333334
Ferreiros (Pernambuco),102.95833333333334
Sobrado (Paraiba),102.95833333333334
Campina Grande (Paraiba),102.95833333333334
Mogeiro (Paraiba),102.95833333333334
Alhandra (Paraiba),102.95833333333334
Juripiranga (Paraiba),102.95833333333334
Cruz do Espirito Santo (Paraiba),102.95833333333334
Cuite de Mamanguape (Paraiba),102.95833333333334
Juarez Tavora (Paraiba),102.95833333333334
Pilar (Paraiba),102.95833333333334
Camutanga (Pernambuco),102.95833333333334
Mulungu (Paraiba),102.95833333333334
Alagoa Grande (Paraiba),102.95833333333334
Santa Rita (Paraiba),102.95833333333334
Fagundes (Paraiba),102.95833333333334
Matinhas (Paraiba),102.95833333333334
Sao Sebastiao de Lagoa de Roca (Paraiba),102.95833333333334
Bayeux (Paraiba),102.95833333333334
Pedras de Fogo (Paraiba),102.95833333333334
Massaranduba (Paraiba),102.95833333333334
Riachao do Poco (Paraiba),102.95833333333334
Sao Miguel de Taipu (Paraiba),102.95833333333334
Salgado de Sao Felix (Paraiba),102.95833333333334
Puxinana (Paraiba),102.95833333333334
Gurinhem (Paraiba),102.95833333333334
Cabedelo (Paraiba),102.95833333333334
Joao Pessoa (Paraiba),102.95833333333334
Esperanca (Paraiba),102.95833333333334
Riachao do Bacamarte (Paraiba),102.95833333333334
Inga (Paraiba),102.95833333333334
Queimadas (Paraiba),102.95833333333334
Caapora (Paraiba),102.95833333333333
Rio Tinto (Paraiba),102.95833333333333
Alianca (Pernambuco),102.95833333333333
Silves (Amazonas),102.91666666666667
Mirandiba (Pernambuco),102.875
Seringueiras (Rondonia),102.875
Lucena (Paraiba),102.79166666666667
Capim (Paraiba),102.66666666666667
Itapororoca (Paraiba),102.66666666666667
Marcacao (Paraiba),102.66666666666667
Aracagi (Paraiba),102.66666666666667
Mamanguape (Paraiba),102.66666666666667
Cacule (Bahia),102.625
Guarabira (Paraiba),102.625
Aparecida (Paraiba),102.33333333333333
Rianapolis (Goias),102.25
Queimada Nova (Piaui),102.20833333333334
Viseu (Para),102.04166666666666
Itape (Bahia),101.875
Colares (Para),101.58333333333334
Balneario Picarras (Santa Catarina),101.41666666666667
Palmeirante (Tocantins),101.375
Benevides (Para),101.08333333333334
Caibate (Rio Grande do Sul),100.95833333333333
Irituia (Para),100.79166666666667
Bonito (Para),100.66666666666666
Amapa (Amapa),100.58333333333334
Itaguacu da Bahia (Bahia),100.54166666666667
Camargo (Rio Grande do Sul),100.5
Castanhal (Para),100.41666666666666
Granito (Pernambuco),100.41666666666666
Calumbi (Pernambuco),100.20833333333333
Flores (Pernambuco),100.125
Luiz Alves (Santa Catarina),100.08333333333334
Aurea (Rio Grande do Sul),100.0
Balsas (Maranhao),99.83333333333334
Quixaba (Pernambuco),99.75
Afogados da Ingazeira (Pernambuco),99.75
Iguaracy (Pernambuco),99.75
Moju (Para),99.625
Tuparetama (Pernambuco),99.54166666666666
Ingazeira (Pernambuco),99.54166666666666
Tabira (Pernambuco),99.54166666666666
Ibiassuce (Bahia),99.5
Querencia (Mato Grosso),99.5
Prata (Paraiba),99.45833333333333
Sume (Paraiba),99.45833333333333
Sao Jose do Egito (Pernambuco),99.45833333333333
Ouro Velho (Paraiba),99.45833333333333
Amparo (Paraiba),99.375
Coxixola (Paraiba),99.375
Colorado (Rio Grande do Sul),99.25
Bonfinopolis (Goias),99.0
Montezuma (Minas Gerais),98.91666666666667
Catende (Pernambuco),98.83333333333333
Anapolis (Goias),98.66666666666666
Macau (Rio Grande do Norte),98.625
Galinhos (Rio Grande do Norte),98.625
Itaja (Rio Grande do Norte),98.625
Agua Preta (Pernambuco),98.625
Rio Formoso (Pernambuco),98.58333333333333
Tamandare (Pernambuco),98.58333333333333
Gameleira (Pernambuco),98.58333333333333
Engenho Velho (Rio Grande do Sul),98.54166666666666
Santo Antonio do Palma (Rio Grande do Sul),98.5
Sirinhaem (Pernambuco),98.41666666666666
Sao Pedro das Missoes (Rio Grande do Sul),98.25
Lajeado do Bugre (Rio Grande do Sul),98.25
Nanuque (Minas Gerais),98.25
Dom Feliciano (Rio Grande do Sul),98.16666666666667
Marcelino Ramos (Rio Grande do Sul),98.16666666666667
Sao Miguel do Guama (Para),98.16666666666666
Jaboticaba (Rio Grande do Sul),98.08333333333334
Conceicao (Paraiba),98.04166666666667
Brejo Santo (Ceara),98.04166666666667
Tapera (Rio Grande do Sul),98.04166666666666
Santa Cecilia do Sul (Rio Grande do Sul),98.04166666666666
Boa Ventura (Paraiba),97.95833333333334
Diamante (Paraiba),97.95833333333334
Agua Branca (Paraiba),97.95833333333334
Pedra Branca (Paraiba),97.95833333333334
Ibiara (Paraiba),97.95833333333334
Nova Olinda (Paraiba),97.95833333333334
Selbach (Rio Grande do Sul),97.91666666666666
Santana dos Garrotes (Paraiba),97.875
Santa Terezinha (Pernambuco),97.875
Imaculada (Paraiba),97.875
Itapetim (Pernambuco),97.875
Timbauba dos Batistas (Rio Grande do Norte),97.83333333333334
Cruzeta (Rio Grande do Norte),97.83333333333334
Colmeia (Tocantins),97.79166666666666
Areia de Baraunas (Paraiba),97.75
Mauriti (Ceara),97.75
Matureia (Paraiba),97.75
Livramento (Paraiba),97.75
Cacimbas (Paraiba),97.75
Monte Horebe (Paraiba),97.75
Cacimba de Areia (Paraiba),97.75
Quixaba (Paraiba),97.75
Taperoa (Paraiba),97.75
Mae dAgua (Paraiba),97.75
Teixeira (Paraiba),97.75
Brejinho (Pernambuco),97.75
Igaracy (Paraiba),97.75
Bonito de Santa Fe (Paraiba),97.75
Santo Andre (Paraiba),97.75
Sao Jose de Caiana (Paraiba),97.75
Pianco (Paraiba),97.75
Itaporanga (Paraiba),97.75
Sao Jose do Bonfim (Paraiba),97.75
Serra Grande (Paraiba),97.75
Passagem (Paraiba),97.75
Desterro (Paraiba),97.75
Olho dAgua (Paraiba),97.75
Santa Teresinha (Paraiba),97.70833333333334
Santa Izabel do Para (Para),97.58333333333334
Catingueira (Paraiba),97.58333333333334
Emas (Paraiba),97.58333333333334
Novo Barreiro (Rio Grande do Sul),97.58333333333333
Coremas (Paraiba),97.54166666666667
Patos (Paraiba),97.54166666666667
Nova Mamore (Rondonia),97.5
Sao Vicente do Serido (Paraiba),97.45833333333334
Jardim do Serido (Rio Grande do Norte),97.45833333333334
Barauna (Paraiba),97.45833333333334
Sao Bentinho (Paraiba),97.45833333333334
Araruna (Paraiba),97.45833333333334
Condado (Paraiba),97.45833333333334
Pedro Regis (Paraiba),97.45833333333334
Nova Cruz (Rio Grande do Norte),97.45833333333334
Santa Luzia (Paraiba),97.45833333333334
Sao Jose de Espinharas (Paraiba),97.45833333333334
Bananeiras (Paraiba),97.45833333333334
Caicara (Paraiba),97.45833333333334
Picui (Paraiba),97.45833333333334
Sossego (Paraiba),97.45833333333334
Malta (Paraiba),97.45833333333334
Riachao (Paraiba),97.45833333333334
Dona Ines (Paraiba),97.45833333333334
Varzea (Paraiba),97.45833333333334
Sao Jose do Sabugi (Paraiba),97.45833333333334
Japi (Rio Grande do Norte),97.45833333333334
Canguaretama (Rio Grande do Norte),97.45833333333334
Ouro Branco (Rio Grande do Norte),97.45833333333334
Pedra Lavrada (Paraiba),97.45833333333334
Mataraca (Paraiba),97.45833333333334
Vila Flor (Rio Grande do Norte),97.45833333333334
Monte das Gameleiras (Rio Grande do Norte),97.45833333333334
Nova Palmeira (Paraiba),97.45833333333334
Cajazeirinhas (Paraiba),97.45833333333334
Tacima (Paraiba),97.45833333333334
Casserengue (Paraiba),97.45833333333334
Sao Mamede (Paraiba),97.45833333333334
Pedro Velho (Rio Grande do Norte),97.45833333333334
Belem (Paraiba),97.45833333333334
Borborema (Paraiba),97.45833333333334
Varzea (Rio Grande do Norte),97.45833333333334
Barra de Santa Rosa (Paraiba),97.45833333333334
Damiao (Paraiba),97.45833333333334
Lagoa de Dentro (Paraiba),97.45833333333334
Equador (Rio Grande do Norte),97.45833333333334
Pirpirituba (Paraiba),97.45833333333334
Solanea (Paraiba),97.45833333333334
Serra da Raiz (Paraiba),97.45833333333334
Passa e Fica (Rio Grande do Norte),97.45833333333334
Serra de Sao Bento (Rio Grande do Norte),97.45833333333334
Atalaia (Alagoas),97.45833333333334
Montanhas (Rio Grande do Norte),97.45833333333334
Jacarau (Paraiba),97.45833333333334
Cubati (Paraiba),97.45833333333334
Cuite (Paraiba),97.45833333333334
Cacimba de Dentro (Paraiba),97.45833333333334
Santana do Serido (Rio Grande do Norte),97.45833333333334
Baia Formosa (Rio Grande do Norte),97.45833333333334
Sertaozinho (Paraiba),97.45833333333334
Carnauba dos Dantas (Rio Grande do Norte),97.45833333333334
Ipueira (Rio Grande do Norte),97.45833333333334
Logradouro (Paraiba),97.45833333333334
Parelhas (Rio Grande do Norte),97.45833333333334
Soledade (Paraiba),97.45833333333333
Areial (Paraiba),97.45833333333333
Montadas (Paraiba),97.45833333333333
Junco do Serido (Paraiba),97.45833333333333
Salgadinho (Paraiba),97.45833333333333
Assuncao (Paraiba),97.45833333333333
Aguiar (Paraiba),97.41666666666667
Olivedos (Paraiba),97.41666666666666
Boa Vista das Missoes (Rio Grande do Sul),97.41666666666666
Serrinha (Rio Grande do Norte),97.33333333333334
Vista Serrana (Paraiba),97.33333333333334
Coronel Ezequiel (Rio Grande do Norte),97.33333333333334
Goianinha (Rio Grande do Norte),97.33333333333334
Sao Jose da Lagoa Tapada (Paraiba),97.33333333333334
Ares (Rio Grande do Norte),97.33333333333334
Passagem (Rio Grande do Norte),97.33333333333334
Senador Georgino Avelino (Rio Grande do Norte),97.33333333333334
Jundia (Rio Grande do Norte),97.33333333333334
Tangara (Rio Grande do Norte),97.33333333333334
Tibau do Sul (Rio Grande do Norte),97.33333333333334
Espirito Santo (Rio Grande do Norte),97.33333333333334
Santo Antonio (Rio Grande do Norte),97.33333333333334
Sao Jose do Serido (Rio Grande do Norte),97.33333333333334
Nova Floresta (Paraiba),97.33333333333334
Acari (Rio Grande do Norte),97.33333333333334
Nazarezinho (Paraiba),97.33333333333334
Frei Martinho (Paraiba),97.33333333333334
Carrapateira (Paraiba),97.33333333333334
Jacana (Rio Grande do Norte),97.33333333333334
Sao Domingos (Paraiba),97.33333333333334
Sao Jose do Campestre (Rio Grande do Norte),97.33333333333334
Lagoa dAnta (Rio Grande do Norte),97.33333333333334
Brejinho (Rio Grande do Norte),97.33333333333334
Sao Bento do Trairi (Rio Grande do Norte),97.33333333333334
Sao Joao do Sabugi (Rio Grande do Norte),97.33333333333334
Santa Cruz (Rio Grande do Norte),97.33333333333334
Cerro Grande do Sul (Rio Grande do Sul),97.29166666666666
Tome-Acu (Para),97.29166666666666
Pocinhos (Paraiba),97.29166666666666
Juazeirinho (Paraiba),97.29166666666666
Campo Redondo (Rio Grande do Norte),97.25
Parnamirim (Rio Grande do Norte),97.25
Vera Cruz (Rio Grande do Norte),97.25
Monte Alegre (Rio Grande do Norte),97.25
Lagoa de Pedras (Rio Grande do Norte),97.25
Serra Caiada (Rio Grande do Norte),97.25
Januario Cicco (Rio Grande do Norte),97.25
Bom Jesus (Rio Grande do Norte),97.25
Lagoa de Velhos (Rio Grande do Norte),97.25
Sitio Novo (Rio Grande do Norte),97.25
Sao Jose de Mipibu (Rio Grande do Norte),97.25
Lagoa Salgada (Rio Grande do Norte),97.25
Nisia Floresta (Rio Grande do Norte),97.25
Senador Eloi de Souza (Rio Grande do Norte),97.25
Lajes Pintadas (Rio Grande do Norte),97.25
Gentil (Rio Grande do Sul),97.20833333333334
Serraria (Paraiba),97.16666666666666
Piloes (Paraiba),97.16666666666666
Algodao de Jandaira (Paraiba),97.16666666666666
Tenorio (Paraiba),97.16666666666666
Arara (Paraiba),97.16666666666666
Remigio (Paraiba),97.16666666666666
Cuitegi (Paraiba),97.16666666666666
Areia (Paraiba),97.16666666666666
Piloezinhos (Paraiba),97.16666666666666
Curral de Cima (Paraiba),97.16666666666666
Duas Estradas (Paraiba),97.16666666666666
Boa Vista do Cadeado (Rio Grande do Sul),97.125
Itapaci (Goias),97.125
Formigueiro (Rio Grande do Sul),97.125
Uiramuta (Roraima),96.95833333333334
Jacaraci (Bahia),96.79166666666667
Trindade (Pernambuco),96.58333333333334
Itacaja (Tocantins),96.54166666666666
Sao Felix do Araguaia (Mato Grosso),96.375
Quinze de Novembro (Rio Grande do Sul),96.33333333333334
Pombal (Paraiba),96.33333333333333
Sao Miguel das Missoes (Rio Grande do Sul),96.20833333333333
Belmonte (Bahia),96.125
Araguaina (Tocantins),96.125
Rubiataba (Goias),96.08333333333334
Itacoatiara (Amazonas),96.04166666666666
Presidente Janio Quadros (Bahia),95.875
Deputado Irapuan Pinheiro (Ceara),95.79166666666666
Augusto Pestana (Rio Grande do Sul),95.79166666666666
Sao Luis do Quitunde (Alagoas),95.70833333333333
Cocalzinho de Goias (Goias),95.58333333333334
Sentinela do Sul (Rio Grande do Sul),95.54166666666667
Caseiros (Rio Grande do Sul),95.33333333333334
Santo Augusto (Rio Grande do Sul),95.25
Lavras do Sul (Rio Grande do Sul),95.20833333333333
Sao Francisco do Para (Para),95.20833333333333
Pilao Arcado (Bahia),94.875
Ibiruba (Rio Grande do Sul),94.875
Pequizeiro (Tocantins),94.75
Alagoinha do Piaui (Piaui),94.58333333333334
Joinville (Santa Catarina),94.58333333333333
Cedro (Pernambuco),94.5
Penaforte (Ceara),94.5
Sao Joao do Itaperiu (Santa Catarina),94.41666666666666
Santa Ines (Paraiba),94.33333333333333
Jati (Ceara),94.33333333333333
Manaira (Paraiba),94.33333333333333
Princesa Isabel (Paraiba),94.25
Sao Jose de Princesa (Paraiba),94.25
Ibirapuita (Rio Grande do Sul),94.20833333333333
Constantina (Rio Grande do Sul),94.16666666666666
Santana de Mangueira (Paraiba),94.125
Serra Talhada (Pernambuco),94.08333333333333
Sao Jose do Ouro (Rio Grande do Sul),94.08333333333333
Curral Velho (Paraiba),94.04166666666667
Solidao (Pernambuco),94.04166666666667
Tavares (Paraiba),94.04166666666667
Santo Antonio do Ica (Amazonas),94.0
Juru (Paraiba),93.95833333333334
Mormaco (Rio Grande do Sul),93.91666666666666
Quissama (Rio de Janeiro),93.91666666666666
Guarapari (Espirito Santo),93.83333333333333
Itapora do Tocantins (Tocantins),93.83333333333333
Garuva (Santa Catarina),93.79166666666667
Tapes (Rio Grande do Sul),93.79166666666666
Maximiliano de Almeida (Rio Grande do Sul),93.75
Santa Isabel (Goias),93.70833333333333
Pirenopolis (Goias),93.54166666666666
Itacare (Bahia),93.45833333333334
Guaratinga (Bahia),93.375
Coari (Amazonas),93.25
Prainha (Para),93.20833333333334
Santa Cruz da Baixa Verde (Pernambuco),93.0
Triunfo (Pernambuco),93.0
Carnaiba (Pernambuco),92.83333333333333
Cacapava do Sul (Rio Grande do Sul),92.70833333333333
Santa Luzia do Para (Para),92.66666666666667
Sao Jose das Missoes (Rio Grande do Sul),92.5
Sagrada Familia (Rio Grande do Sul),92.5
Novo Xingu (Rio Grande do Sul),92.25
Campo Alegre (Alagoas),92.04166666666666
Aracati (Ceara),91.91666666666666
Limoeiro de Anadia (Alagoas),91.58333333333333
Boca da Mata (Alagoas),91.54166666666666
Sao Jose de Piranhas (Paraiba),91.41666666666667
Coite do Noia (Alagoas),91.41666666666666
Entre-Ijuis (Rio Grande do Sul),91.375
Anadia (Alagoas),91.33333333333334
Mortugaba (Bahia),91.33333333333333
Barra Velha (Santa Catarina),91.29166666666667
Santa Rita do Tocantins (Tocantins),91.25
Itapiratins (Tocantins),91.20833333333334
Tupanci do Sul (Rio Grande do Sul),91.16666666666666
Jussiape (Bahia),91.04166666666666
Santa Barbara do Sul (Rio Grande do Sul),90.95833333333333
Sao Gabriel (Bahia),90.91666666666667
Bujaru (Para),90.625
Ibicoara (Bahia),90.5
Barro Preto (Bahia),90.375
Pejucara (Rio Grande do Sul),90.25
Salgueiro (Pernambuco),89.91666666666666
Cerro Grande (Rio Grande do Sul),89.75
Ipubi (Pernambuco),89.45833333333334
Triunfo (Paraiba),89.29166666666666
Marcelino Vieira (Rio Grande do Norte),89.125
Verdejante (Pernambuco),88.83333333333333
Pio IX (Piaui),88.83333333333333
Serrita (Pernambuco),88.70833333333333
Afranio (Pernambuco),88.625
Ipiranga de Goias (Goias),88.5
Ceres (Goias),88.5
Santana do Cariri (Ceara),88.375
Palmeira das Missoes (Rio Grande do Sul),88.29166666666667
Rialma (Goias),88.29166666666666
Sao Domingos do Capim (Para),88.20833333333333
Cachoeira do Sul (Rio Grande do Sul),88.125
Cacique Doble (Rio Grande do Sul),88.125
Itanhem (Bahia),87.91666666666667
Gaurama (Rio Grande do Sul),87.75
Sao Jose do Belmonte (Pernambuco),87.70833333333333
Balneario Barra do Sul (Santa Catarina),87.45833333333333
Sao Geraldo do Araguaia (Para),87.41666666666666
Sao Joao da Barra (Rio de Janeiro),87.375
Serra Negra do Norte (Rio Grande do Norte),87.33333333333334
Currais Novos (Rio Grande do Norte),87.25
Goianesia (Goias),87.20833333333333
Acu (Rio Grande do Norte),86.875
Brejo Grande do Araguaia (Para),86.875
Inhangapi (Para),86.75
Agua Azul do Norte (Para),86.75
Porteiras (Ceara),86.41666666666667
Jardim (Ceara),86.41666666666667
Acopiara (Ceara),86.375
Ilheus (Bahia),86.125
Condor (Rio Grande do Sul),86.0
Amatura (Amazonas),85.875
Ciriaco (Rio Grande do Sul),85.83333333333334
Abaiara (Ceara),85.83333333333333
Soure (Para),85.79166666666666
Jaguaretama (Ceara),85.79166666666666
Palmopolis (Minas Gerais),85.5
Bannach (Para),85.41666666666666
Saldanha Marinho (Rio Grande do Sul),85.41666666666666
Urucurituba (Amazonas),85.33333333333333
Araquari (Santa Catarina),85.25
Urucuca (Bahia),84.75
Vila Propicio (Goias),84.66666666666667
Sao Miguel dos Campos (Alagoas),83.95833333333333
Barra de Sao Miguel (Alagoas),83.91666666666666
Roteiro (Alagoas),83.91666666666666
Medicilandia (Para),83.875
Jussara (Bahia),83.875
Vila Velha (Espirito Santo),83.79166666666667
Rio do Antonio (Bahia),83.75
Araripina (Pernambuco),83.75
Itapoa (Santa Catarina),83.70833333333333
Almeirim (Para),83.66666666666667
Guajara-Mirim (Rondonia),83.58333333333334
Coaraci (Bahia),83.54166666666666
Pilar (Alagoas),83.29166666666666
Tupirama (Tocantins),82.91666666666667
Terra Nova (Pernambuco),82.875
Macaiba (Rio Grande do Norte),82.75
Santo Expedito do Sul (Rio Grande do Sul),82.58333333333333
Sapucaia (Para),82.33333333333333
Viadutos (Rio Grande do Sul),82.20833333333334
Sao Sepe (Rio Grande do Sul),82.20833333333334
Santa Cruz (Pernambuco),82.0
Lagoa Real (Bahia),81.83333333333333
Bandeirantes do Tocantins (Tocantins),81.79166666666667
Paulista (Paraiba),81.75
Sao Francisco do Sul (Santa Catarina),81.54166666666666
Costa Marques (Rondonia),81.5
Nova Olinda (Tocantins),81.375
Centenario (Rio Grande do Sul),81.04166666666666
Carlos Gomes (Rio Grande do Sul),81.04166666666666
Varzea Nova (Bahia),80.875
Vitoria da Conquista (Bahia),80.875
Sao Felix de Balsas (Maranhao),80.66666666666666
Indaiabira (Minas Gerais),80.625
Nova Brasilandia (Mato Grosso),80.16666666666667
Bagre (Para),79.95833333333334
Aracruz (Espirito Santo),79.66666666666666
Muliterno (Rio Grande do Sul),79.54166666666667
Campos Sales (Ceara),79.375
Presidente Kennedy (Tocantins),79.33333333333334
Saboeiro (Ceara),79.20833333333334
Dom Pedrito (Rio Grande do Sul),79.20833333333334
Tremedal (Bahia),79.08333333333334
Vargem Grande do Rio Pardo (Minas Gerais),78.79166666666666
Guajeru (Bahia),78.45833333333334
Parnamirim (Pernambuco),78.16666666666666
Santa Margarida do Sul (Rio Grande do Sul),78.125
Luis Gomes (Rio Grande do Norte),78.125
Ajuricaba (Rio Grande do Sul),78.04166666666666
Vila Nova do Sul (Rio Grande do Sul),78.0
Itajuipe (Bahia),78.0
Salitre (Ceara),77.95833333333334
Brasilandia do Tocantins (Tocantins),77.75
Marechal Deodoro (Alagoas),77.70833333333333
Natal (Rio Grande do Norte),77.25
Maceio (Alagoas),77.125
Satuba (Alagoas),77.125
Coqueiro Seco (Alagoas),77.125
Paripueira (Alagoas),77.125
Barra de Santo Antonio (Alagoas),77.125
Santa Luzia do Norte (Alagoas),77.125
Rio Largo (Alagoas),77.125
Livramento de Nossa Senhora (Bahia),77.08333333333333
Cachoeira do Piria (Para),76.70833333333334
Parintins (Amazonas),76.29166666666666
Panambi (Rio Grande do Sul),76.20833333333334
Jucurucu (Bahia),75.75
Maracas (Bahia),75.66666666666666
Santa Tereza de Goias (Goias),75.45833333333334
Ibiaca (Rio Grande do Sul),75.45833333333334
Bozano (Rio Grande do Sul),74.91666666666666
Santa Fe do Araguaia (Tocantins),74.91666666666666
Caico (Rio Grande do Norte),74.75
Mucurici (Espirito Santo),73.20833333333334
Mocajuba (Para),73.16666666666666
Barrolandia (Tocantins),72.625
Sao Joao da Urtiga (Rio Grande do Sul),72.58333333333333
Ibicarai (Bahia),72.5
Ouricuri (Pernambuco),72.45833333333334
Carutapera (Maranhao),72.29166666666666
Caririacu (Ceara),72.125
Sao Rafael (Rio Grande do Norte),71.29166666666667
Coronel Barros (Rio Grande do Sul),71.25
Sao Paulo do Potengi (Rio Grande do Norte),71.25
Nova Olinda (Ceara),71.04166666666667
Ijui (Rio Grande do Sul),71.04166666666666
Conceicao do Araguaia (Para),70.95833333333333
Poco Branco (Rio Grande do Norte),70.29166666666667
Ceara-Mirim (Rio Grande do Norte),70.29166666666667
Extremoz (Rio Grande do Norte),70.29166666666667
Santa Maria (Rio Grande do Norte),70.20833333333334
Riachuelo (Rio Grande do Norte),70.20833333333334
Rio de Contas (Bahia),70.08333333333334
Barcelona (Rio Grande do Norte),70.0
Ruy Barbosa (Rio Grande do Norte),70.0
Beruri (Amazonas),69.95833333333334
Nova Ramada (Rio Grande do Sul),69.95833333333334
Eugenio de Castro (Rio Grande do Sul),69.375
Rio Grande do Piaui (Piaui),69.33333333333333
Angicos (Rio Grande do Norte),69.29166666666667
Cristino Castro (Piaui),69.25
Betania do Piaui (Piaui),69.20833333333333
Sao Gabriel (Rio Grande do Sul),69.04166666666667
Autazes (Amazonas),68.83333333333334
Campinacu (Goias),68.5
Amapa do Maranhao (Maranhao),68.41666666666667
Santo Afonso (Mato Grosso),67.95833333333334
Campinorte (Goias),67.91666666666666
Solonopole (Ceara),67.70833333333334
Belo Campo (Bahia),67.66666666666666
Sao Vicente (Rio Grande do Norte),66.75
Luis Domingues (Maranhao),66.45833333333333
Bela Vista do Piaui (Piaui),66.29166666666667
Paim Filho (Rio Grande do Sul),66.125
Juarina (Tocantins),65.66666666666667
Jandaira (Rio Grande do Norte),65.375
Parazinho (Rio Grande do Norte),65.375
Pedra Grande (Rio Grande do Norte),65.375
Caicara do Norte (Rio Grande do Norte),65.375
Sao Bento do Norte (Rio Grande do Norte),65.375
Inhacora (Rio Grande do Sul),65.25
Nova Olinda do Norte (Amazonas),65.08333333333334
Joao Camara (Rio Grande do Norte),64.79166666666667
Pedra Preta (Rio Grande do Norte),64.79166666666667
Pureza (Rio Grande do Norte),64.79166666666667
Touros (Rio Grande do Norte),64.79166666666667
Fernando Pedroza (Rio Grande do Norte),64.79166666666667
Sao Miguel do Gostoso (Rio Grande do Norte),64.79166666666667
Jardim de Angicos (Rio Grande do Norte),64.79166666666667
Pedro Avelino (Rio Grande do Norte),64.79166666666667
Triunfo Potiguar (Rio Grande do Norte),64.79166666666667
Taipu (Rio Grande do Norte),64.79166666666667
Maxaranguape (Rio Grande do Norte),64.79166666666667
Bento Fernandes (Rio Grande do Norte),64.79166666666667
Caicara do Rio do Vento (Rio Grande do Norte),64.70833333333334
Lajes (Rio Grande do Norte),64.70833333333334
Santana do Matos (Rio Grande do Norte),64.70833333333334
Catuipe (Rio Grande do Sul),64.70833333333333
Jerico (Paraiba),64.58333333333334
Sao Jose do Brejo do Cruz (Paraiba),64.58333333333334
Brejo do Cruz (Paraiba),64.58333333333334
Jardim de Piranhas (Rio Grande do Norte),64.5
Bodo (Rio Grande do Norte),64.5
Riacho dos Cavalos (Paraiba),64.5
Sao Fernando (Rio Grande do Norte),64.5
Cerro Cora (Rio Grande do Norte),64.5
Tenente Laurentino Cruz (Rio Grande do Norte),64.5
Mato Grosso (Paraiba),64.5
Jucurutu (Rio Grande do Norte),64.5
Lagoa (Paraiba),64.5
Florania (Rio Grande do Norte),64.5
Lagoa Nova (Rio Grande do Norte),64.5
Sao Bento (Paraiba),64.5
Araripe (Ceara),64.41666666666666
Belem do Brejo do Cruz (Paraiba),64.41666666666666
Chiapetta (Rio Grande do Sul),64.33333333333334
Nova Gloria (Goias),64.20833333333333
Formoso (Goias),64.04166666666667
Denise (Mato Grosso),63.875
Picarra (Para),63.791666666666664
Lavras da Mangabeira (Ceara),63.125
Godofredo Viana (Maranhao),63.041666666666664
Juruti (Para),62.208333333333336
Acaua (Piaui),60.45833333333333
Boa Vista do Gurupi (Maranhao),60.208333333333336
Sananduva (Rio Grande do Sul),58.66666666666667
Vitoria (Espirito Santo),58.25
Sao Tome (Rio Grande do Norte),58.0
Vitoria do Jari (Amapa),57.625
Sao Joao do Paraiso (Minas Gerais),56.5
Barreirinha (Amazonas),55.458333333333336
Jaguaruana (Ceara),54.29166666666667
Condeuba (Bahia),53.583333333333336
Montanha (Espirito Santo),53.375
Boa Vista do Ramos (Amazonas),53.0
Jucas (Ceara),52.83333333333333
Potengi (Ceara),52.041666666666664
Sao Joao do Jaguaribe (Ceara),51.541666666666664
Limoeiro do Norte (Ceara),51.375
Ielmo Marinho (Rio Grande do Norte),51.0
Sao Goncalo do Amarante (Rio Grande do Norte),51.0
Sao Pedro (Rio Grande do Norte),51.0
Antonina do Norte (Ceara),48.875
Arapoema (Tocantins),48.83333333333333
Salto do Ceu (Mato Grosso),48.70833333333333
Assare (Ceara),48.66666666666667
Tibau (Rio Grande do Norte),48.666666666666664
Tarrafas (Ceara),48.58333333333333
Conceicao da Barra (Espirito Santo),48.458333333333336
Carius (Ceara),48.33333333333333
Barauna (Rio Grande do Norte),47.958333333333336
Icapui (Ceara),47.791666666666664
Quixere (Ceara),47.666666666666664
Sao Luiz do Norte (Goias),47.29166666666667
Mae do Rio (Para),47.291666666666664
Tabuleiro do Norte (Ceara),47.166666666666664
Piripa (Bahia),46.25
Bernardo Sayao (Tocantins),46.20833333333333
Santa Rita do Novo Destino (Goias),45.54166666666667
Upanema (Rio Grande do Norte),45.125
Pau DArco (Tocantins),44.541666666666664
Sao Jose do Xingu (Mato Grosso),44.20833333333333
Barro Alto (Goias),44.08333333333333
Jaguaribara (Ceara),43.541666666666664
Altaneira (Ceara),43.208333333333336
Carnaubais (Rio Grande do Norte),41.625
Porto do Mangue (Rio Grande do Norte),41.41666666666667
Caraubas (Rio Grande do Norte),41.333333333333336
Serra do Mel (Rio Grande do Norte),41.333333333333336
Rodolfo Fernandes (Rio Grande do Norte),41.25
Sao Francisco do Oeste (Rio Grande do Norte),41.25
Taboleiro Grande (Rio Grande do Norte),41.25
Itau (Rio Grande do Norte),41.25
Francisco Dantas (Rio Grande do Norte),41.25
Severiano Melo (Rio Grande do Norte),41.25
Riacho da Cruz (Rio Grande do Norte),41.25
Doutor Severiano (Rio Grande do Norte),41.25
Sao Miguel (Rio Grande do Norte),41.25
Vicosa (Rio Grande do Norte),41.25
Erere (Ceara),40.666666666666664
Governador Dix-Sept Rosado (Rio Grande do Norte),40.625
Pereiro (Ceara),40.5
Ico (Ceara),40.5
Iguatu (Ceara),40.375
Cedro (Ceara),40.33333333333333
Farias Brito (Ceara),39.875
Felipe Guerra (Rio Grande do Norte),39.208333333333336
Iracema (Ceara),38.791666666666664
Areia Branca (Rio Grande do Norte),38.75
Apodi (Rio Grande do Norte),38.625
Grossos (Rio Grande do Norte),38.625
Quixelo (Ceara),38.375
Oros (Ceara),38.20833333333333
Jaguaribe (Ceara),38.20833333333333
Granjeiro (Ceara),38.20833333333333
Varzea Alegre (Ceara),38.041666666666664
Aurora do Para (Para),37.875
Alto Santo (Ceara),37.833333333333336
Mossoro (Rio Grande do Norte),36.541666666666664
Martins (Rio Grande do Norte),36.0
Olho dAgua do Borges (Rio Grande do Norte),36.0
Umarizal (Rio Grande do Norte),35.75
Portalegre (Rio Grande do Norte),35.75
Poco Dantas (Paraiba),35.45833333333333
Venha-Ver (Rio Grande do Norte),35.45833333333333
Riacho de Santana (Rio Grande do Norte),35.45833333333333
Agua Nova (Rio Grande do Norte),35.45833333333333
Encanto (Rio Grande do Norte),35.45833333333333
Coronel Joao Pessoa (Rio Grande do Norte),35.45833333333333
Rafael Fernandes (Rio Grande do Norte),35.45833333333333
Bernardino Batista (Paraiba),35.45833333333333
Serrinha dos Pintos (Rio Grande do Norte),35.45833333333333
Pau dos Ferros (Rio Grande do Norte),35.375
Joca Claudino (Paraiba),34.875
Jose da Penha (Rio Grande do Norte),34.875
Umari (Ceara),34.875
Santa Filomena (Pernambuco),34.125
Capitao Poco (Para),34.08333333333333
Potiretama (Ceara),32.5
Garrafao do Norte (Para),30.666666666666668
Monte Alegre (Para),28.333333333333332
Cordeiros (Bahia),27.708333333333336
Santa Cruz Cabralia (Bahia),27.291666666666664
