row_index,station_id,station_name,city,state,latitude,longitude,valid_coordinates,n_total_days_in_table,n_valid_days,n_missing_or_invalid_days,valid_fraction,n_wet_days_gt0,wet_fraction_gt0,mean_rain_mm_valid_days,max_rain_mm_valid_days,first_valid_date,last_valid_date,table_first_date,table_last_date
0,47002,SALINÓPOLIS,SALINÓPOLIS,PARÁ,-0.6231,-47.3536,True,9497,4687,4810,0.49352427082236494,2023,0.21301463620090555,8.06177298911884,232.7,1994-01-01,2006-10-31,1994-01-01,2020-01-01
1,47003,CURUÇA,CURUÇA,PARÁ,-0.7375,-47.8536,True,9497,0,9497,0.0,0,0.0,,,,,1994-01-01,2020-01-01
2,47004,PRIMAVERA,PRIMAVERA,PARÁ,-0.9294,-47.0994,True,9497,4717,4780,0.4966831631041381,2271,0.2391281457302306,7.3860928556285765,135.8,1994-01-01,2006-11-30,1994-01-01,2020-01-01
3,47005,MARUDA,MARAPANIM,PARÁ,-0.6336,-47.6583,True,9497,0,9497,0.0,0,0.0,,,,,1994-01-01,2020-01-01
4,47006,SÃO JOÃO DE PIRABAS,SÃO JOÃO DE PIRABAS,PARÁ,-0.7747,-47.1775,True,9497,0,9497,0.0,0,0.0,,,,,1994-01-01,2020-01-01
5,47007,MAGALHÃES BARATA,MAGALHÃES BARATA,PARÁ,-0.7944,-47.5997,True,9497,0,9497,0.0,0,0.0,,,,,1994-01-01,2020-01-01
6,48006,VIGIA,VIGIA,PARÁ,-0.8681,-48.1103,True,9497,0,9497,0.0,0,0.0,,,,,1994-01-01,2020-01-01
7,49009,ANAJÁS,ANAJÁS,PARÁ,-0.9853,-49.9394,True,9497,0,9497,0.0,0,0.0,,,,,1994-01-01,2020-01-01
8,49010,CHAVES,CHAVES,PARÁ,-0.1656,-49.9786,True,9497,0,9497,0.0,0,0.0,,,,,1994-01-01,2020-01-01
9,49011,SANTA CRUZ DO ARARI,SANTA CRUZ DO ARARI,PARÁ,-1.0158,-48.9597,True,9497,0,9497,0.0,0,0.0,,,,,1994-01-01,2020-01-01
10,51002,NAVIO,MAZAGÃO,AMAPÁ,-0.3992,-51.4203,True,9497,0,9497,0.0,0,0.0,,,,,1994-01-01,2020-01-01
11,51004,VILA DO MARACÁ,MAZAGÃO,AMAPÁ,-0.1806,-51.7358,True,9497,0,9497,0.0,0,0.0,,,,,1994-01-01,2020-01-01
12,51005,BOM JARDIM,GURUPÁ,PARÁ,-0.7947,-51.6239,True,9497,0,9497,0.0,0,0.0,,,,,1994-01-01,2020-01-01
13,52000,SÃO FRANCISCO,LARANJAL DO JARÍ,AMAPÁ,-0.5711,-52.575,True,9497,0,9497,0.0,0,0.0,,,,,1994-01-01,2020-01-01
14,52003,SÃO PEDRO,MAZAGÃO,AMAPÁ,-0.4567,-52.0775,True,9497,0,9497,0.0,0,0.0,,,,,1994-01-01,2020-01-01
15,60000,BASE ALALAÚ,RORAINÓPOLIS,RORAIMA,-0.8558,-60.5219,True,9497,0,9497,0.0,0,0.0,,,,,1994-01-01,2020-01-01
16,60001,FAZENDA SÃO LUCAS,SÃO LUIZ,RORAIMA,-0.2275,-60.6908,True,9497,0,9497,0.0,0,0.0,,,,,1994-01-01,2020-01-01
17,61000,SANTA MARIA DO BOIAÇU,RORAINÓPOLIS,RORAIMA,-0.5067,-61.7858,True,9497,3856,5641,0.4060229546172476,1971,0.20753922291249868,6.830471991701245,126.2,1994-01-01,2005-07-31,1994-01-01,2020-01-01
18,61001,TERRA PRETA,CARACARAÍ,RORAIMA,-0.8731,-61.9317,True,9497,0,9497,0.0,0,0.0,,,,,1994-01-01,2020-01-01
19,63000,CUMARU,BARCELOS,AMAZONAS,-0.5983,-63.3978,True,9497,0,9497,0.0,0,0.0,,,,,1994-01-01,2020-01-01
20,63001,SAMAUMA,BARCELOS,AMAZONAS,-0.3672,-62.7753,True,9497,0,9497,0.0,0,0.0,,,,,1994-01-01,2020-01-01
21,65001,TAPURUQUARA,SANTA IZABEL DO RIO,AMAZONAS,-0.4203,-65.0153,True,9497,0,9497,0.0,0,0.0,,,,,1994-01-01,2020-01-01
22,66000,LIVRAMENTO,SÃO GABRIEL DA CACH,AMAZONAS,-0.2889,-66.1533,True,9497,0,9497,0.0,0,0.0,,,,,1994-01-01,2020-01-01
23,67002,TUMBIRA,SÃO GABRIEL DA CACH,AMAZONAS,-0.3444,-67.5358,True,9497,737,8760,0.07760345372222807,526,0.05538591134042329,8.063229308005427,103.6,1999-12-26,2001-12-31,1994-01-01,2020-01-01
24,144002,CURURUPU,CURURUPU,MARANHÃO,-1.8261,-44.8678,True,9497,0,9497,0.0,0,0.0,,,,,1994-01-01,2020-01-01
25,145006,CÂNDIDO MENDES,CÂNDIDO MENDES,MARANHÃO,-1.4558,-45.7281,True,9497,4656,4841,0.4902600821311993,2067,0.21764767821417288,6.550665807560137,113.5,1994-01-01,2006-09-30,1994-01-01,2020-01-01
26,146005,TARARUA - PONTE,VISEU,PARÁ,-1.7331,-46.5989,True,9497,0,9497,0.0,0,0.0,,,,,1994-01-01,2020-01-01
27,146008,ALTO BONITO,VISEU,PARÁ,-1.8175,-46.3439,True,9497,4656,4841,0.4902600821311993,2585,0.2721912182794567,5.67051116838488,107.0,1994-01-01,2006-09-30,1994-01-01,2020-01-01
28,146009,VISEU,VISEU,PARÁ,-1.2314,-46.1878,True,9497,4748,4749,0.4999473517953038,1989,0.2094345582815626,5.888580454928392,148.9,1994-01-01,2006-12-31,1994-01-01,2020-01-01
29,146010,EMBORAI,AUGUSTO CORRÊA,PARÁ,-1.2917,-46.5836,True,9497,0,9497,0.0,0,0.0,,,,,1994-01-01,2020-01-01
30,146011,SANTA LUZIA DO PARÁ,SANTA LUZIA DO PARÁ,PARÁ,-1.5161,-46.9061,True,9497,3372,6125,0.35505949247130675,1755,0.18479519848373172,7.03923487544484,121.4,1996-01-01,2006-11-30,1994-01-01,2020-01-01
31,147002,CAPANEMA,CAPANEMA,PARÁ,-1.2036,-47.1781,True,9497,4595,4902,0.4838370011582605,2361,0.24860482257555017,6.695081610446137,170.0,1994-01-01,2006-12-31,1994-01-01,2020-01-01
32,147007,CASTANHAL,CASTANHAL,PARÁ,-1.2975,-47.9394,True,9497,0,9497,0.0,0,0.0,,,,,1994-01-01,2020-01-01
33,147008,SÃO DOMINGOS DO CAPIM,SÃO DOMINGOS DO CAP,PARÁ,-1.6775,-47.77,True,9497,4130,5367,0.43487417079077606,2583,0.2719806254606718,6.412372881355932,95.7,1994-01-01,2005-05-31,1994-01-01,2020-01-01
34,147010,IGARAPÉ-AÇU,IGARAPÉ-AÇU,PARÁ,-1.1325,-47.6283,True,9497,0,9497,0.0,0,0.0,,,,,1994-01-01,2020-01-01
35,147011,COLÔNIA SANTO ANTÔNIO,IRITUIA,PARÁ,-1.655,-47.4914,True,9497,4261,5236,0.44866800042118565,2439,0.2568179425081605,6.421344754752406,216.1,1994-01-01,2005-08-31,1994-01-01,2020-01-01
36,147016,OUREM,OURÉM,PARÁ,-1.5517,-47.1172,True,9497,0,9497,0.0,0,0.0,,,,,1994-01-01,2020-01-01
37,147017,TERRA ALTA,TERRA ALTA,PARÁ,-1.0386,-47.9133,True,9497,0,9497,0.0,0,0.0,,,,,1994-01-01,2020-01-01
38,147018,SANTA MARIA DO PARÁ,SANTA MARIA DO PARÁ,PARÁ,-1.3569,-47.5742,True,9497,0,9497,0.0,0,0.0,,,,,1994-01-01,2020-01-01
39,147019,NOVA TIMBOTEUA,NOVA TIMBOTEUA,PARÁ,-1.21111,-47.3864,True,9497,0,9497,0.0,0,0.0,,,,,1994-01-01,2020-01-01
40,148003,SANTA ISABEL DO PARÁ,SANTA ISABEL DO PAR,PARÁ,-1.2964,-48.1708,True,9497,0,9497,0.0,0,0.0,,,,,1994-01-01,2020-01-01
41,148009,ACARÁ,ACARÁ,PARÁ,-1.9611,-48.2064,True,9497,0,9497,0.0,0,0.0,,,,,1994-01-01,2020-01-01
42,148010,ABAETETUBA,ABAETETUBA,PARÁ,-1.7503,-48.8669,True,9497,0,9497,0.0,0,0.0,,,,,1994-01-01,2020-01-01
43,148011,VILA DO CONDE,BARCARENA,PARÁ,-1.5656,-48.7669,True,9497,0,9497,0.0,0,0.0,,,,,1994-01-01,2020-01-01
44,148012,MOSQUEIRO,BELÉM,PARÁ,-1.0942,-48.3986,True,9497,0,9497,0.0,0,0.0,,,,,1994-01-01,2020-01-01
45,148017,BUJARU,BUJARU,PARÁ,-1.5211,-48.0461,True,9497,0,9497,0.0,0,0.0,,,,,1994-01-01,2020-01-01
46,148018,IGARAPÉ-MIRI,IGARAPÉ-MIRI,PARÁ,-1.9706,-48.9339,True,9497,0,9497,0.0,0,0.0,,,,,1994-01-01,2020-01-01
47,149003,OEIRAS DO PARÁ,OEIRAS DO PARÁ,PARÁ,-2.0019,-49.8636,True,9497,0,9497,0.0,0,0.0,,,,,1994-01-01,2020-01-01
48,149004,JOANA COELI,CAMETÁ,PARÁ,-1.8975,-49.3817,True,9497,0,9497,0.0,0,0.0,,,,,1994-01-01,2020-01-01
49,150003,ANTÔNIO LEMOS,BREVES,PARÁ,-1.7917,-50.4347,True,9497,0,9497,0.0,0,0.0,,,,,1994-01-01,2020-01-01
50,151000,JARILÂNDIA,ALENQUER,PARÁ,-1.1233,-51.9964,True,9497,0,9497,0.0,0,0.0,,,,,1994-01-01,2020-01-01
51,151001,ACAMPAMENTO IBDF,PORTEL,PARÁ,-1.7922,-51.4344,True,9497,0,9497,0.0,0,0.0,,,,,1994-01-01,2020-01-01
52,151002,AREIAS,MELGAÇO,PARÁ,-1.2131,-51.2622,True,9497,0,9497,0.0,0,0.0,,,,,1994-01-01,2020-01-01
53,151003,CARRAZEDO,GURUPÁ,PARÁ,-1.5825,-51.9178,True,9497,0,9497,0.0,0,0.0,,,,,1994-01-01,2020-01-01
54,152005,ALMEIRIM,ALMEIRIM,PARÁ,-1.5264,-52.5783,True,9497,0,9497,0.0,0,0.0,,,,,1994-01-01,2020-01-01
55,152006,FAZENDA BELA VISTA,ALMEIRIM,PARÁ,-1.0819,-53.1575,True,9497,0,9497,0.0,0,0.0,,,,,1994-01-01,2020-01-01
56,153000,PRAINHA,PRAINHA,PARÁ,-1.8011,-53.48,True,9497,0,9497,0.0,0,0.0,,,,,1994-01-01,2020-01-01
57,154000,ARAPARI,MONTE ALEGRE,PARÁ,-1.7736,-54.3972,True,9497,0,9497,0.0,0,0.0,,,,,1994-01-01,2020-01-01
58,154001,BOCA DO INFERNO,ALENQUER,PARÁ,-1.5,-54.8714,True,9497,0,9497,0.0,0,0.0,,,,,1994-01-01,2020-01-01
59,154003,ALENQUER,ALENQUER,PARÁ,-1.9428,-54.7392,True,9497,0,9497,0.0,0,0.0,,,,,1994-01-01,2020-01-01
60,155000,ORIXIMINÁ,ORIXIMINÁ,PARÁ,-1.7597,-55.8614,True,9497,0,9497,0.0,0,0.0,,,,,1994-01-01,2020-01-01
61,155002,VILA CURUA,ALENQUER,PARÁ,-1.88806,-55.1156,True,9497,0,9497,0.0,0,0.0,,,,,1994-01-01,2020-01-01
62,156000,VISTA ALEGRE - CONJ 1,ORIXIMINÁ,PARÁ,-1.1014,-56.04,True,9497,0,9497,0.0,0,0.0,,,,,1994-01-01,2020-01-01
63,156002,PORTO TROMBETAS,ORIXIMINÁ,PARÁ,-1.4556,-56.4025,True,9497,0,9497,0.0,0,0.0,,,,,1994-01-01,2020-01-01
64,157000,CACH DA PORTEIRA - CONJ 1,ORIXIMINÁ,PARÁ,-1.0875,-57.0469,True,9497,0,9497,0.0,0,0.0,,,,,1994-01-01,2020-01-01
65,157001,MINERAÇÃO CAIMA,NHAMUNDÁ,AMAZONAS,-1.4378,-57.8275,True,9497,0,9497,0.0,0,0.0,,,,,1994-01-01,2020-01-01
66,157002,PORTUGUÊS,FARO,PARÁ,-1.8683,-57.0506,True,9497,0,9497,0.0,0,0.0,,,,,1994-01-01,2020-01-01
67,158003,SÃO JOSÉ,URUCARÁ,AMAZONAS,-1.9328,-58.2558,True,9497,0,9497,0.0,0,0.0,,,,,1994-01-01,2020-01-01
68,159000,BALBINA P-8 (UHE BALBINA),PRESIDENTE FIGUEIRE,AMAZONAS,-1.9381,-59.4833,True,9497,0,9497,0.0,0,0.0,,,,,1994-01-01,2020-01-01
69,160000,POSTO ABONARI - FUNAI,PRESIDENTE FIGUEIRE,AMAZONAS,-1.2989,-60.3997,True,9497,0,9497,0.0,0,0.0,,,,,1994-01-01,2020-01-01
70,161002,MOURA,BARCELOS,AMAZONAS,-1.4589,-61.6331,True,9497,0,9497,0.0,0,0.0,,,,,1994-01-01,2020-01-01
71,162000,CARVOEIRO,BARCELOS,AMAZONAS,-1.3944,-61.9792,True,9497,0,9497,0.0,0,0.0,,,,,1994-01-01,2020-01-01
72,162002,UMANAPANA,BARCELOS,AMAZONAS,-1.8872,-62.4367,True,9497,0,9497,0.0,0,0.0,,,,,1994-01-01,2020-01-01
73,165000,MARAÃ,MARAÃ,AMAZONAS,-1.8611,-65.5906,True,9497,0,9497,0.0,0,0.0,,,,,1994-01-01,2020-01-01
74,166000,ACANAUI,JAPURÁ,AMAZONAS,-1.8211,-66.6,True,9497,0,9497,0.0,0,0.0,,,,,1994-01-01,2020-01-01
75,167001,MAMORI,JAPURÁ,AMAZONAS,-1.7319,-67.5786,True,9497,0,9497,0.0,0,0.0,,,,,1994-01-01,2020-01-01
76,169000,VILA BITTENCOURT,JAPURÁ,AMAZONAS,-1.3947,-69.4283,True,9497,0,9497,0.0,0,0.0,,,,,1994-01-01,2020-01-01
77,169002,MANGUEIRA,JAPURÁ,AMAZONAS,-1.7333,-69.1167,True,9497,0,9497,0.0,0,0.0,,,,,1994-01-01,2020-01-01
78,242002,BARRO DURO,TUTÓIA,MARANHÃO,-2.9022,-42.3131,True,9497,0,9497,0.0,0,0.0,,,,,1994-01-01,2020-01-01
79,244011,GUIMARÃES,GUIMARÃES,MARANHÃO,-2.1294,-44.6069,True,9497,0,9497,0.0,0,0.0,,,,,1994-01-01,2020-01-01
80,244012,SÃO BENTO,SÃO BENTO,MARANHÃO,-2.7011,-44.8233,True,9497,0,9497,0.0,0,0.0,,,,,1994-01-01,2020-01-01
81,245001,ALTO TURI,MONÇÃO,MARANHÃO,-2.9539,-45.6647,True,9497,0,9497,0.0,0,0.0,,,,,1994-01-01,2020-01-01
82,245003,MARACACUME,CÂNDIDO MENDES,MARANHÃO,-2.0522,-45.9583,True,9497,0,9497,0.0,0,0.0,,,,,1994-01-01,2020-01-01
83,245007,BR-316 / RIO PARUÁ,TURIAÇU,MARANHÃO,-2.5047,-45.7842,True,9497,0,9497,0.0,0,0.0,,,,,1994-01-01,2020-01-01
84,245008,PEDRO ROSÁRIO,VIANA,MARANHÃO,-2.9708,-45.355,True,9497,0,9497,0.0,0,0.0,,,,,1994-01-01,2020-01-01
85,245009,PIMENTA,PINHEIRO,MARANHÃO,-2.5903,-45.3653,True,9497,0,9497,0.0,0,0.0,,,,,1994-01-01,2020-01-01
86,245010,PINHEIRO,PINHEIRO,MARANHÃO,-2.5153,-45.0856,True,9497,4494,5003,0.4732020638096241,1816,0.19121827945667053,4.917062750333778,146.5,1994-01-01,2006-06-30,1994-01-01,2020-01-01
87,245011,SANTA HELENA,SANTA HELENA,MARANHÃO,-2.2739,-45.2711,True,9497,0,9497,0.0,0,0.0,,,,,1994-01-01,2020-01-01
88,247000,BADAJÓS,SÃO DOMINGOS DO CAP,PARÁ,-2.5128,-47.7681,True,9497,0,9497,0.0,0,0.0,,,,,1994-01-01,2020-01-01
89,247003,FAZENDA JAUARÁ,AURORA DO PARÁ,PARÁ,-2.0356,-47.7506,True,9497,0,9497,0.0,0,0.0,,,,,1994-01-01,2020-01-01
90,247004,FAZENDA SÃO RAIMUNDO,IPIXUNA DO PARÁ,PARÁ,-2.4261,-47.5161,True,9497,0,9497,0.0,0,0.0,,,,,1994-01-01,2020-01-01
91,247005,CAFEZAL,PARAGOMINAS,PARÁ,-2.7717,-46.8025,True,9497,0,9497,0.0,0,0.0,,,,,1994-01-01,2020-01-01
92,247006,PA-256 / RIO CAPIM,IPIXUNA DO PARÁ,PARÁ,-2.9483,-47.8144,True,9497,0,9497,0.0,0,0.0,,,,,1994-01-01,2020-01-01
93,247008,ACAMPAMENTO MENDES JUNIOR,SÃO DOMINGOS DO CAP,PARÁ,-2.3433,-47.8469,True,9497,0,9497,0.0,0,0.0,,,,,1994-01-01,2020-01-01
94,248001,FAZENDA URUCURE,ACARÁ,PARÁ,-2.4478,-48.5786,True,9497,0,9497,0.0,0,0.0,,,,,1994-01-01,2020-01-01
95,248003,TOMÉ-AÇU,TOMÉ-AÇU,PARÁ,-2.4208,-48.1489,True,9497,0,9497,0.0,0,0.0,,,,,1994-01-01,2020-01-01
96,248006,PA-256 / RIO ACARA-MIRIM,TOMÉ-AÇU,PARÁ,-2.7822,-48.3522,True,9497,0,9497,0.0,0,0.0,,,,,1994-01-01,2020-01-01
97,249002,VILA ELIM,MOJU,PARÁ,-2.8044,-49.3778,True,9497,0,9497,0.0,0,0.0,,,,,1994-01-01,2020-01-01
98,249003,BAIÃO,BAIÃO,PARÁ,-2.785,-49.6694,True,9497,0,9497,0.0,0,0.0,,,,,1994-01-01,2020-01-01
99,249004,VILA DO CARMO,MOCAJUBA,PARÁ,-2.4497,-49.4383,True,9497,0,9497,0.0,0,0.0,,,,,1994-01-01,2020-01-01
100,250000,CIPOAL,PORTEL,PARÁ,-2.785,-50.4536,True,9497,0,9497,0.0,0,0.0,,,,,1994-01-01,2020-01-01
101,250001,VILA SÃO BENEDITO,BAGRE,PARÁ,-1.9917,-50.3686,True,9497,0,9497,0.0,0,0.0,,,,,1994-01-01,2020-01-01
102,250002,IRAPURU,PORTEL,PARÁ,-2.4533,-50.9228,True,9497,0,9497,0.0,0,0.0,,,,,1994-01-01,2020-01-01
103,250003,ACANGATA,PORTEL,PARÁ,-2.245,-50.6297,True,9497,0,9497,0.0,0,0.0,,,,,1994-01-01,2020-01-01
104,251000,MARACACUERA FLORESTAL,PORTEL,PARÁ,-2.245,-51.1794,True,9497,0,9497,0.0,0,0.0,,,,,1994-01-01,2020-01-01
105,251001,SENADOR JOSÉ PORFÍRIO,SENADOR JOSÉ PORFIR,PARÁ,-2.5867,-51.9481,True,9497,0,9497,0.0,0,0.0,,,,,1994-01-01,2020-01-01
106,252001,ITAPÉUA DO PARÁ,PORTO DE MOZ,PARÁ,-2.3364,-52.9186,True,9497,0,9497,0.0,0,0.0,,,,,1994-01-01,2020-01-01
107,253000,SANTA CRUZ,PRAINHA,PARÁ,-1.1789,-53.5994,True,9497,0,9497,0.0,0,0.0,,,,,1994-01-01,2020-01-01
108,254000,SANTARÉM,SANTARÉM,PARÁ,-2.4433,-54.7025,True,9497,0,9497,0.0,0,0.0,,,,,1994-01-01,2020-01-01
109,255000,CURUAI,SANTARÉM,PARÁ,-2.2683,-55.4806,True,9497,0,9497,0.0,0,0.0,,,,,1994-01-01,2020-01-01
110,255001,CACHOEIRA DO ARUÃ,SANTARÉM,PARÁ,-2.6508,-55.7206,True,9497,0,9497,0.0,0,0.0,,,,,1994-01-01,2020-01-01
111,256001,JURUTI,JURUTI,PARÁ,-2.1522,-56.0875,True,9497,0,9497,0.0,0,0.0,,,,,1994-01-01,2020-01-01
112,256002,NHAMUNDÁ,NHAMUNDÁ,AMAZONAS,-2.1897,-56.7106,True,9497,0,9497,0.0,0,0.0,,,,,1994-01-01,2020-01-01
113,257000,URUCARA,URUCARÁ,AMAZONAS,-2.5378,-57.7581,True,9497,0,9497,0.0,0,0.0,,,,,1994-01-01,2020-01-01
114,257001,BARREIRINHA,BARREIRINHA,AMAZONAS,-2.7922,-57.0644,True,9497,0,9497,0.0,0,0.0,,,,,1994-01-01,2020-01-01
115,257002,BOA VISTA DO RAMOS,BOA VISTA DO RAMOS,AMAZONAS,-2.9703,-57.59,True,9497,0,9497,0.0,0,0.0,,,,,1994-01-01,2020-01-01
116,257003,MOCAMBO,PARINTINS,AMAZONAS,-2.4556,-57.2825,True,9497,0,9497,0.0,0,0.0,,,,,1994-01-01,2020-01-01
117,258001,SANTA LUZIA,URUCARÁ,AMAZONAS,-2.2911,-58.5058,True,9497,0,9497,0.0,0,0.0,,,,,1994-01-01,2020-01-01
118,259000,CACHOEIRA MORENA,PRESIDENTE FIGUEIRE,AMAZONAS,-2.1039,-59.3442,True,9497,0,9497,0.0,0,0.0,,,,,1994-01-01,2020-01-01
119,259004,RIO PRETO DA EVA,RIO PRETO DA EVA,AMAZONAS,-2.7003,-59.6997,True,9497,0,9497,0.0,0,0.0,,,,,1994-01-01,2020-01-01
120,260006,NOVO AIRÃO,NOVO AIRÃO,AMAZONAS,-2.62,-60.9478,True,9497,0,9497,0.0,0,0.0,,,,,1994-01-01,2020-01-01
121,260007,PRESIDENTE FIGUEIREDO,PRESIDENTE FIGUEIRE,AMAZONAS,-2.0417,-60.0258,True,9497,0,9497,0.0,0,0.0,,,,,1994-01-01,2020-01-01
122,261000,BARURI,NOVO AIRÃO,AMAZONAS,-2.0247,-61.5414,True,9497,0,9497,0.0,0,0.0,,,,,1994-01-01,2020-01-01
123,265000,SÃO PEDRO,MARAÃ,AMAZONAS,-2.35,-65.1167,True,9497,0,9497,0.0,0,0.0,,,,,1994-01-01,2020-01-01
124,266004,PORTO ANTUNES,JUTAÍ,AMAZONAS,-2.8903,-66.9492,True,9497,0,9497,0.0,0,0.0,,,,,1994-01-01,2020-01-01
125,267001,ESPÍRITO SANTO,FONTE BOA,AMAZONAS,-2.75,-67.5667,True,9497,0,9497,0.0,0,0.0,,,,,1994-01-01,2020-01-01
126,268000,BOA UNIÃO,SANTO ANTÔNIO DO IÇ,AMAZONAS,-2.8806,-68.7986,True,9497,0,9497,0.0,0,0.0,,,,,1994-01-01,2020-01-01
127,269001,IPIRANGA NOVO,SANTO ANTÔNIO DO IÇ,AMAZONAS,-2.9297,-69.6931,True,9497,0,9497,0.0,0,0.0,,,,,1994-01-01,2020-01-01
128,338014,UMARITUBA NOVA,SÃO GONÇALO DO AMAR,CEARÁ,-3.67,-38.9817,True,9497,0,9497,0.0,0,0.0,,,,,1994-01-01,2020-01-01
129,339000,AMONTADA,AMONTADA,CEARÁ,-3.3633,-39.8294,True,9497,0,9497,0.0,0,0.0,,,,,1994-01-01,2020-01-01
130,339028,SÃO LUÍS DO CURU,SÃO LUÍS DO CURU,CEARÁ,-3.6739,-39.2417,True,9497,0,9497,0.0,0,0.0,,,,,1994-01-01,2020-01-01
131,339045,FAZENDA SÃO JOÃO,APUIARES,CEARÁ,-3.9453,-39.4111,True,9497,0,9497,0.0,0,0.0,,,,,1994-01-01,2020-01-01
132,340064,SOBRAL,SOBRAL,CEARÁ,-3.6967,-40.34,True,9497,0,9497,0.0,0,0.0,,,,,1994-01-01,2020-01-01
133,341027,TINGUIS,PIRACURUCA,PIAUÍ,-3.7233,-41.9756,True,9497,0,9497,0.0,0,0.0,,,,,1994-01-01,2020-01-01
134,342002,ESPERANTINA,ESPERANTINA,PIAUÍ,-3.9033,-42.2294,True,9497,0,9497,0.0,0,0.0,,,,,1994-01-01,2020-01-01
135,342007,LUZILÂNDIA,LUZILÂNDIA,PIAUÍ,-3.4622,-42.3733,True,9497,3287,6210,0.34610929767294935,949,0.09992629251342529,3.718466686948586,127.2,1994-01-01,2002-12-31,1994-01-01,2020-01-01
136,342009,BARRA DA ONÇA,SANTA QUITÉRIA DO M,MARANHÃO,-3.3647,-42.7239,True,9497,0,9497,0.0,0,0.0,,,,,1994-01-01,2020-01-01
137,343001,IGUARÁ,VARGEM GRANDE,MARANHÃO,-3.5536,-43.8736,True,9497,0,9497,0.0,0,0.0,,,,,1994-01-01,2020-01-01
138,343003,NINA RODRIGUES,NINA RODRIGUES,MARANHÃO,-3.4594,-43.8989,True,9497,0,9497,0.0,0,0.0,,,,,1994-01-01,2020-01-01
139,343004,MUNIM,VARGEM GRANDE,MARANHÃO,-3.46,-43.8994,True,9497,0,9497,0.0,0,0.0,,,,,1994-01-01,2020-01-01
140,343009,MATA ROMA,MATA ROMA,MARANHÃO,-3.6258,-43.1122,True,9497,0,9497,0.0,0,0.0,,,,,1994-01-01,2020-01-01
141,343010,BREJO DO MEIO,CHAPADINHA,MARANHÃO,-3.94,-43.5206,True,9497,0,9497,0.0,0,0.0,,,,,1994-01-01,2020-01-01
142,343011,GONÇALO,URBANO SANTOS,MARANHÃO,-3.0439,-43.2367,True,9497,0,9497,0.0,0,0.0,,,,,1994-01-01,2020-01-01
143,344004,CANTANHEDE,CANTANHEDE,MARANHÃO,-3.6325,-44.3764,True,9497,0,9497,0.0,0,0.0,,,,,1994-01-01,2020-01-01
144,344007,PIRITORÓ II,PIRAPEMAS,MARANHÃO,-3.7097,-44.2933,True,9497,0,9497,0.0,0,0.0,,,,,1994-01-01,2020-01-01
145,344008,PEDRAS,PIRAPEMAS,MARANHÃO,-3.9436,-44.0175,True,9497,0,9497,0.0,0,0.0,,,,,1994-01-01,2020-01-01
146,344010,PRESIDENTE JUSCELINO,PRESIDENTE JUSCELIN,MARANHÃO,-2.9278,-44.0792,True,9497,0,9497,0.0,0,0.0,,,,,1994-01-01,2020-01-01
147,344011,SÃO MATEUS DO MARANHÃO,SÃO MATEUS DO MARAN,MARANHÃO,-4.0078,-44.4661,True,9497,0,9497,0.0,0,0.0,,,,,1994-01-01,2020-01-01
148,344012,MIRANDA,MIRANDA DO NORTE,MARANHÃO,-3.5497,-44.5833,True,9497,0,9497,0.0,0,0.0,,,,,1994-01-01,2020-01-01
149,344013,LAGO AÇÚ,VITÓRIA DO MEARIM,MARANHÃO,-3.8464,-44.8908,True,9497,0,9497,0.0,0,0.0,,,,,1994-01-01,2020-01-01
150,345000,ARATOÍ GRANDE,BELA VISTA DO MARAN,MARANHÃO,-3.765,-45.2203,True,9497,0,9497,0.0,0,0.0,,,,,1994-01-01,2020-01-01
151,345006,PINDARÉ-MIRIM,PINDARÉ-MIRIM,MARANHÃO,-3.6583,-45.4431,True,9497,0,9497,0.0,0,0.0,,,,,1994-01-01,2020-01-01
152,345012,BOA VISTA DO PINDARÉ,CAJARI,MARANHÃO,-3.4028,-45.0106,True,9497,0,9497,0.0,0,0.0,,,,,1994-01-01,2020-01-01
153,345013,NEWTON BELO,MONÇÃO,MARANHÃO,-3.4244,-45.6694,True,9497,0,9497,0.0,0,0.0,,,,,1994-01-01,2020-01-01
154,346001,FAZENDA RURAL ZEBU,PARAGOMINAS,PARÁ,-3.3342,-46.8733,True,9497,0,9497,0.0,0,0.0,,,,,1994-01-01,2020-01-01
155,346002,TUCUMÃ,BOM JARDIM,MARANHÃO,-4.2208,-46.1653,True,9497,0,9497,0.0,0,0.0,,,,,1994-01-01,2020-01-01
156,347000,PARAGOMINAS,PARAGOMINAS,PARÁ,-3.01,-47.3433,True,9497,0,9497,0.0,0,0.0,,,,,1994-01-01,2020-01-01
157,347001,GURUPIZINHO,PARAGOMINAS,PARÁ,-3.7425,-47.4978,True,9497,0,9497,0.0,0,0.0,,,,,1994-01-01,2020-01-01
158,347002,FAZENDA PLANALTO (EX.RANCHO GRANDE),PARAGOMINAS,PARÁ,-3.4522,-47.4672,True,9497,0,9497,0.0,0,0.0,,,,,1994-01-01,2020-01-01
159,348001,FAZENDA MARINGA,SÃO DOMINGOS DO CAP,PARÁ,-3.1544,-48.0858,True,9497,0,9497,0.0,0,0.0,,,,,1994-01-01,2020-01-01
160,348002,TAILÂNDIA,TAILÂNDIA,PARÁ,-2.9503,-48.9669,True,9497,0,9497,0.0,0,0.0,,,,,1994-01-01,2020-01-01
161,349001,CACHOEIRA TRACAMBEUA,MOJU,PARÁ,-3.5142,-49.2225,True,9497,0,9497,0.0,0,0.0,,,,,1994-01-01,2020-01-01
162,349002,GOIANÉSIA,TUCURUÍ,PARÁ,-3.8336,-49.0858,True,9497,0,9497,0.0,0,0.0,,,,,1994-01-01,2020-01-01
163,349003,JOANA PERES,BAIÃO,PARÁ,-3.0158,-49.7967,True,9497,0,9497,0.0,0,0.0,,,,,1994-01-01,2020-01-01
164,350000,FAZENDA ESTRELA DO NORTE,PORTEL,PARÁ,-3.8706,-50.4628,True,9497,0,9497,0.0,0,0.0,,,,,1994-01-01,2020-01-01
165,350001,BOM JARDIM DA TRANSAMAZÔNICA,PORTEL,PARÁ,-3.6664,-50.6328,True,9497,0,9497,0.0,0,0.0,,,,,1994-01-01,2020-01-01
166,351000,GRANJA GAZELA,PORTEL,PARÁ,-3.4194,-51.2558,True,9497,0,9497,0.0,0,0.0,,,,,1994-01-01,2020-01-01
167,351002,FAZENDA CIPAUBA,SENADOR JOSÉ PORFIR,PARÁ,-3.7231,-51.5681,True,9497,0,9497,0.0,0,0.0,,,,,1994-01-01,2020-01-01
168,352005,BRASIL NOVO,ALTAMIRA,PARÁ,-3.3078,-52.5419,True,9497,0,9497,0.0,0,0.0,,,,,1994-01-01,2020-01-01
169,353000,URUARÁ,PRAINHA,PARÁ,-3.6778,-53.5544,True,9497,0,9497,0.0,0,0.0,,,,,1994-01-01,2020-01-01
170,353002,VILA UNIÃO DA FLORESTA,MEDICILÂNDIA,PARÁ,-3.5181,-53.1406,True,9497,0,9497,0.0,0,0.0,,,,,1994-01-01,2020-01-01
171,354000,SÍTIO SÃO PEDRO,SANTARÉM,PARÁ,-3.8889,-54.315,True,9497,0,9497,0.0,0,0.0,,,,,1994-01-01,2020-01-01
172,355001,MUTUM,SANTARÉM,PARÁ,-3.4936,-54.8869,True,9497,0,9497,0.0,0,0.0,,,,,1994-01-01,2020-01-01
173,356002,GUARIBA,JURUTI,PARÁ,-3.2281,-56.5861,True,9497,0,9497,0.0,0,0.0,,,,,1994-01-01,2020-01-01
174,357001,MAUÉS,MAUÉS,AMAZONAS,-3.4006,-57.7156,True,9497,0,9497,0.0,0,0.0,,,,,1994-01-01,2020-01-01
175,357003,MUCAJÁ,MAUÉS,AMAZONAS,-3.8967,-57.5042,True,9497,0,9497,0.0,0,0.0,,,,,1994-01-01,2020-01-01
176,357004,MENINO DEUS,MAUÉS,AMAZONAS,-3.7728,-57.3031,True,9497,0,9497,0.0,0,0.0,,,,,1994-01-01,2020-01-01
177,358002,BALSA DO RIO URUBÚ,ITACOATIARA,AMAZONAS,-2.9131,-59.0433,True,9497,0,9497,0.0,0,0.0,,,,,1994-01-01,2020-01-01
178,358003,OSÓRIO FONSECA,NOVA OLINDA DO NORT,AMAZONAS,-3.8167,-58.2861,True,9497,0,9497,0.0,0,0.0,,,,,1994-01-01,2020-01-01
179,359001,NOVA OLINDA DO NORTE,NOVA OLINDA DO NORT,AMAZONAS,-3.8847,-59.0897,True,9497,0,9497,0.0,0,0.0,,,,,1994-01-01,2020-01-01
180,359004,AUTAZES,AUTAZES,AMAZONAS,-3.5764,-59.1339,True,9497,0,9497,0.0,0,0.0,,,,,1994-01-01,2020-01-01
181,359005,CPRM - SUREG/MA,MANAUS,AMAZONAS,-3.1,-59.9944,True,9497,0,9497,0.0,0,0.0,,,,,1994-01-01,2020-01-01
182,360001,MANACAPURU,MANACAPURU,AMAZONAS,-3.3083,-60.6094,True,9497,3305,6192,0.3480046330420133,1436,0.15120564388754343,5.598819969742814,136.8,1994-01-01,2006-01-31,1994-01-01,2020-01-01
183,361000,BERURI,MANACAPURU,AMAZONAS,-3.8978,-61.3747,True,9497,0,9497,0.0,0,0.0,,,,,1994-01-01,2020-01-01
184,361001,CAAPIRANGA,CODAJÁS,AMAZONAS,-3.3297,-61.2133,True,9497,0,9497,0.0,0,0.0,,,,,1994-01-01,2020-01-01
185,361002,ANAMÃ,ANAMÃ,AMAZONAS,-3.5811,-61.3783,True,9497,0,9497,0.0,0,0.0,,,,,1994-01-01,2020-01-01
186,362002,BADAJÓS,CODAJÁS,AMAZONAS,-3.4183,-62.6786,True,9497,0,9497,0.0,0,0.0,,,,,1994-01-01,2020-01-01
187,363000,BARRO ALTO - SÂO RAIMUNDO DO IPIXUNA,COARI,AMAZONAS,-3.875,-63.7858,True,9497,0,9497,0.0,0,0.0,,,,,1994-01-01,2020-01-01
188,364001,JUTICA,TEFÉ,AMAZONAS,-3.5903,-64.3069,True,9497,0,9497,0.0,0,0.0,,,,,1994-01-01,2020-01-01
189,366000,FORTE DAS GRAÇAS,JURUÁ,AMAZONAS,-3.6414,-66.1031,True,9497,0,9497,0.0,0,0.0,,,,,1994-01-01,2020-01-01
190,366001,MARTÍRIO,JURUÁ,AMAZONAS,-2.9811,-65.9419,True,9497,0,9497,0.0,0,0.0,,,,,1994-01-01,2020-01-01
191,367000,SANTO ANTÔNIO DO IÇÁ,SANTO ANTÔNIO DO IÇ,AMAZONAS,-3.1017,-67.9356,True,9497,0,9497,0.0,0,0.0,,,,,1994-01-01,2020-01-01
192,367001,PORTO SEGURO,JUTAÍ,AMAZONAS,-3.3372,-67.4889,True,9497,0,9497,0.0,0,0.0,,,,,1994-01-01,2020-01-01
193,368001,SÃO PAULO DE OLIVENÇA,SÃO PAULO DE OLIVEN,AMAZONAS,-3.4569,-68.9119,True,9497,0,9497,0.0,0,0.0,,,,,1994-01-01,2020-01-01
194,369000,SANTA RITA DO WEIL,SÃO PAULO DE OLIVEN,AMAZONAS,-3.5731,-69.3708,True,9497,0,9497,0.0,0,0.0,,,,,1994-01-01,2020-01-01
195,438011,BAÚ,PACATUBA,CEARÁ,-4.1214,-38.6592,True,9497,0,9497,0.0,0,0.0,,,,,1994-01-01,2020-01-01
196,438021,CHOROZINHO,CHOROZINHO,CEARÁ,-4.3022,-38.4969,True,9497,0,9497,0.0,0,0.0,,,,,1994-01-01,2020-01-01
197,438022,CRISTAIS,CASCAVEL,CEARÁ,-4.4975,-38.3606,True,9497,0,9497,0.0,0,0.0,,,,,1994-01-01,2020-01-01
198,438061,CAIO PRADO,ITAPIUNA,CEARÁ,-4.6564,-38.9431,True,9497,0,9497,0.0,0,0.0,,,,,1994-01-01,2020-01-01
199,440005,CROATÁ,CROATÁ,CEARÁ,-4.4164,-40.9042,True,9497,0,9497,0.0,0,0.0,,,,,1994-01-01,2020-01-01
200,440042,FAZENDA CAJAZEIRAS,HIDROLÂNDIA,CEARÁ,-4.3678,-40.5356,True,9497,0,9497,0.0,0,0.0,,,,,1994-01-01,2020-01-01
201,440043,FAZENDA PARANÁ,SANTA QUITÉRIA,CEARÁ,-4.0969,-40.1264,True,9497,0,9497,0.0,0,0.0,,,,,1994-01-01,2020-01-01
202,441014,SAUDOSO,PORANGA,CEARÁ,-4.6186,-41.125,True,9497,0,9497,0.0,0,0.0,,,,,1994-01-01,2020-01-01
203,442005,FAZENDA ALEGRIA,BARRAS,PIAUÍ,-4.41,-42.1953,True,9497,0,9497,0.0,0,0.0,,,,,1994-01-01,2020-01-01
204,442010,MIGUEL ALVES,MIGUEL ALVES,PIAUÍ,-4.1025,-42.5353,True,9497,0,9497,0.0,0,0.0,,,,,1994-01-01,2020-01-01
205,442013,DUQUE BACELAR,DUQUE BACELAR,MARANHÃO,-4.1528,-42.9461,True,9497,0,9497,0.0,0,0.0,,,,,1994-01-01,2020-01-01
206,443006,CODÓ,CODÓ,MARANHÃO,-4.4542,-43.8772,True,9497,0,9497,0.0,0,0.0,,,,,1994-01-01,2020-01-01
207,443007,FAZENDA SOBRAL,CODÓ,MARANHÃO,-4.4644,-43.9311,True,9497,0,9497,0.0,0,0.0,,,,,1994-01-01,2020-01-01
208,443011,PALMEIRA DO NORTE,CODÓ,MARANHÃO,-4.4206,-43.6492,True,9497,0,9497,0.0,0,0.0,,,,,1994-01-01,2020-01-01
209,443012,ALDEIAS ALTAS,ALDEIAS ALTAS,MARANHÃO,-4.6242,-43.4658,True,9497,0,9497,0.0,0,0.0,,,,,1994-01-01,2020-01-01
210,444001,COROATÁ,COROATA,MARANHÃO,-4.1628,-44.1658,True,9497,0,9497,0.0,0,0.0,,,,,1994-01-01,2020-01-01
211,444005,PEDREIRAS II,PEDREIRAS,MARANHÃO,-4.5767,-44.5994,True,9497,0,9497,0.0,0,0.0,,,,,1994-01-01,2020-01-01
212,444008,SANTA VITÓRIA,BARRA DO CORDA,MARANHÃO,-5.1014,-44.9608,True,9497,0,9497,0.0,0,0.0,,,,,1994-01-01,2020-01-01
213,444013,PIRITORÓ BR-316,PERITORÓ,MARANHÃO,-4.3722,-44.3342,True,9497,0,9497,0.0,0,0.0,,,,,1994-01-01,2020-01-01
214,445001,ESPERANTINA,SANTA LUZIA,MARANHÃO,-4.0303,-45.7711,True,9497,0,9497,0.0,0,0.0,,,,,1994-01-01,2020-01-01
215,445007,ANGICO,LAGO DA PEDRA,MARANHÃO,-4.7428,-45.1806,True,9497,0,9497,0.0,0,0.0,,,,,1994-01-01,2020-01-01
216,445008,ARAME,ARAME,MARANHÃO,-4.8611,-46.0078,True,9497,0,9497,0.0,0,0.0,,,,,1994-01-01,2020-01-01
217,445009,LAGO DA PEDRA,LAGO DA PEDRA,MARANHÃO,-4.5606,-45.1256,True,9497,0,9497,0.0,0,0.0,,,,,1994-01-01,2020-01-01
218,445010,SÃO JOÃO DO GRAJAÚ,VITORINO FREIRE,MARANHÃO,-4.2406,-45.3581,True,9497,0,9497,0.0,0,0.0,,,,,1994-01-01,2020-01-01
219,446000,PONTE BR-222,SANTA LUZIA,MARANHÃO,-4.2989,-46.4936,True,9497,0,9497,0.0,0,0.0,,,,,1994-01-01,2020-01-01
220,446001,FAZENDA PEDREIRAS,SANTA LUZIA,MARANHÃO,-4.4094,-46.7492,True,9497,0,9497,0.0,0,0.0,,,,,1994-01-01,2020-01-01
221,446002,VALE DO PINDARÉ,SANTA LUZIA,MARANHÃO,-4.6981,-46.9392,True,9497,0,9497,0.0,0,0.0,,,,,1994-01-01,2020-01-01
222,447001,KM ZERO / PA-70,DOM ELISEU,PARÁ,-4.2867,-47.5592,True,9497,0,9497,0.0,0,0.0,,,,,1994-01-01,2020-01-01
223,447002,RETA KM-32,IMPERATRIZ,MARANHÃO,-4.8297,-47.2692,True,9497,0,9497,0.0,0,0.0,,,,,1994-01-01,2020-01-01
224,447003,LIGAÇÃO DO PARÁ,DOM ELISEU,PARÁ,-4.1167,-47.5469,True,9497,0,9497,0.0,0,0.0,,,,,1994-01-01,2020-01-01
225,447004,AÇAILÂNDIA,AÇAILÂNDIA,MARANHÃO,-4.9308,-47.4967,True,9497,0,9497,0.0,0,0.0,,,,,1994-01-01,2020-01-01
226,448000,RONDON DO PARÁ,SÃO DOMINGOS DO CAP,PARÁ,-4.8036,-48.0689,True,9497,0,9497,0.0,0,0.0,,,,,1994-01-01,2020-01-01
227,449001,NOVA JACUNDA,JACUNDÁ,PARÁ,-4.4628,-49.1197,True,9497,0,9497,0.0,0,0.0,,,,,1994-01-01,2020-01-01
228,449002,NOVO REPARTIMENTO,JACUNDÁ,PARÁ,-4.24,-49.9542,True,9497,0,9497,0.0,0,0.0,,,,,1994-01-01,2020-01-01
229,449003,NOVA IPIXUNA,JACUNDÁ,PARÁ,-4.9208,-49.0686,True,9497,2618,6879,0.2756659997894072,1031,0.10856059808360535,5.506302521008403,178.9,1999-07-28,2006-09-30,1994-01-01,2020-01-01
230,452000,MONTE ALEGRE DO XINGU,ALTAMIRA,PARÁ,-4.6656,-52.7203,True,9497,0,9497,0.0,0,0.0,,,,,1994-01-01,2020-01-01
231,454001,FAZENDA MARCONDES,ITAITUBA,PARÁ,-3.9664,-54.6419,True,9497,0,9497,0.0,0,0.0,,,,,1994-01-01,2020-01-01
232,455002,CUPARI,RURÓPOLIS,PARÁ,-4.175,-55.4269,True,9497,0,9497,0.0,0,0.0,,,,,1994-01-01,2020-01-01
233,455003,KM 1385 BR-163,ITAITUBA,PARÁ,-4.7547,-56.0794,True,9497,0,9497,0.0,0,0.0,,,,,1994-01-01,2020-01-01
234,455004,RURÓPOLIS PRESIDENTE MÉDICI,RURÓPOLIS,PARÁ,-4.0925,-54.9019,True,9497,0,9497,0.0,0,0.0,,,,,1994-01-01,2020-01-01
235,456001,KM 1342 TRANSAMAZÔNICA,ITAITUBA,PARÁ,-4.9469,-56.8822,True,9497,0,9497,0.0,0,0.0,,,,,1994-01-01,2020-01-01
236,456002,ACAMPAMENTO URUÁ,ITAITUBA,PARÁ,-4.55,-56.3,True,9497,0,9497,0.0,0,0.0,,,,,1994-01-01,2020-01-01
237,458001,CARAMURI,BORBA,AMAZONAS,-4.2308,-58.6714,True,9497,0,9497,0.0,0,0.0,,,,,1994-01-01,2020-01-01
238,459000,BORBA,BORBA,AMAZONAS,-4.3914,-59.5983,True,9497,0,9497,0.0,0,0.0,,,,,1994-01-01,2020-01-01
239,459001,NITERÓI (TERRA PRETA II),NOVA OLINDA DO NORT,AMAZONAS,-4.7497,-59.2494,True,9497,0,9497,0.0,0,0.0,,,,,1994-01-01,2020-01-01
240,460001,COLOCAÇÃO TUPANA,BORBA,AMAZONAS,-4.1667,-60.8,True,9497,0,9497,0.0,0,0.0,,,,,1994-01-01,2020-01-01
241,462001,ARUMÃ - JUSANTE,BERURI,AMAZONAS,-4.7408,-62.1519,True,9497,0,9497,0.0,0,0.0,,,,,1994-01-01,2020-01-01
242,462002,BEABÁ,TAPAUÁ,AMAZONAS,-4.8586,-62.8683,True,9497,0,9497,0.0,0,0.0,,,,,1994-01-01,2020-01-01
243,463003,VISTA ALEGRE,COARI,AMAZONAS,-4.6725,-63.6233,True,9497,0,9497,0.0,0,0.0,,,,,1994-01-01,2020-01-01
244,465000,ESTIRÃO DA SANTA CRUZ,TEFÉ,AMAZONAS,-4.2922,-65.2017,True,9497,0,9497,0.0,0,0.0,,,,,1994-01-01,2020-01-01
245,465001,CIPÓ,TEFÉ,AMAZONAS,-4.8667,-65.75,True,9497,0,9497,0.0,0,0.0,,,,,1994-01-01,2020-01-01
246,466001,GAVIÃO,CARAUARI,AMAZONAS,-4.8392,-66.8506,True,9497,0,9497,0.0,0,0.0,,,,,1994-01-01,2020-01-01
247,468003,CONCEIÇÃO (EX. ILHA DA NOVA SORTE),JUTAÍ,AMAZONAS,-4.8967,-68.6633,True,9497,0,9497,0.0,0,0.0,,,,,1994-01-01,2020-01-01
248,469001,TABATINGA,TABATINGA,AMAZONAS,-4.2511,-69.9514,True,9497,0,9497,0.0,0,0.0,,,,,1994-01-01,2020-01-01
249,470002,ESTIRÃO DO REPOUSO,ATALAIA DO NORTE,AMAZONAS,-4.3833,-70.9667,True,9497,0,9497,0.0,0,0.0,,,,,1994-01-01,2020-01-01
250,470005,SANTA TERESA NOVA (PARAÍSO),ATALAIA DO NORTE,AMAZONAS,-4.1344,-70.5489,True,9497,0,9497,0.0,0,0.0,,,,,1994-01-01,2020-01-01
251,470009,LADÁRIO - JUSANTE,ATALAIA DO NORTE,AMAZONAS,-4.5836,-70.2811,True,9497,0,9497,0.0,0,0.0,,,,,1994-01-01,2020-01-01
252,471000,SANTA MARIA/FLORES,ATALAIA DO NORTE,AMAZONAS,-4.5397,-71.4003,True,9497,0,9497,0.0,0,0.0,,,,,1994-01-01,2020-01-01
253,535038,FAZENDA POTENJI,IELMO MARINHO,RIO GRANDE DO NORTE,-5.8458,-35.5233,True,9497,0,9497,0.0,0,0.0,,,,,1994-01-01,2020-01-01
254,536035,MENDUBIM DE BAIXO,AÇU,RIO GRANDE DO NORTE,-5.6319,-36.9161,True,9497,0,9497,0.0,0,0.0,,,,,1994-01-01,2020-01-01
255,536036,PENDÊNCIAS,PENDÊNCIAS,RIO GRANDE DO NORTE,-5.2572,-36.7233,True,9497,0,9497,0.0,0,0.0,,,,,1994-01-01,2020-01-01
256,537008,PEDRA DE ABELHAS,FELIPE GUERRA,RIO GRANDE DO NORTE,-5.5933,-37.6842,True,9497,0,9497,0.0,0,0.0,,,,,1994-01-01,2020-01-01
257,537019,UPANEMA,UPANEMA,RIO GRANDE DO NORTE,-5.6436,-37.2553,True,9497,0,9497,0.0,0,0.0,,,,,1994-01-01,2020-01-01
258,537034,AUGUSTO SEVERO,AUGUSTO SEVERO,RIO GRANDE DO NORTE,-5.8672,-37.3147,True,9497,0,9497,0.0,0,0.0,,,,,1994-01-01,2020-01-01
259,537035,FAZENDA ANGICOS,MOSSORÓ,RIO GRANDE DO NORTE,-5.2889,-37.2889,True,9497,0,9497,0.0,0,0.0,,,,,1994-01-01,2020-01-01
260,537036,GOVERNADOR DIX-SEPT ROSADO,GOVERNADOR DIX-SEPT,RIO GRANDE DO NORTE,-5.45,-37.515,True,9497,0,9497,0.0,0,0.0,,,,,1994-01-01,2020-01-01
261,537037,MOSSORÓ,MOSSORÓ,RIO GRANDE DO NORTE,-5.2194,-37.3622,True,9497,0,9497,0.0,0,0.0,,,,,1994-01-01,2020-01-01
262,538008,CASTANHÃO,ALTO SANTO,CEARÁ,-5.4669,-38.4075,True,9497,0,9497,0.0,0,0.0,,,,,1994-01-01,2020-01-01
263,538043,JAGUARIBE,JAGUARIBE,CEARÁ,-5.9022,-38.6314,True,9497,0,9497,0.0,0,0.0,,,,,1994-01-01,2020-01-01
264,538044,PEIXE GORDO,TABULEIRO DO NORTE,CEARÁ,-5.2247,-38.2006,True,9497,0,9497,0.0,0,0.0,,,,,1994-01-01,2020-01-01
265,539037,SENADOR POMPEU,SENADOR POMPEU,CEARÁ,-5.58,-39.3681,True,9497,0,9497,0.0,0,0.0,,,,,1994-01-01,2020-01-01
266,539053,QUIXERAMOBIM,QUIXERAMOBIM,CEARÁ,-5.2014,-39.2917,True,9497,0,9497,0.0,0,0.0,,,,,1994-01-01,2020-01-01
267,541002,FAZENDA BOA ESPERANÇA,CASTELO DO PIAUÍ,PIAUÍ,-5.2247,-41.7369,True,9497,0,9497,0.0,0,0.0,,,,,1994-01-01,2020-01-01
268,542008,PRATA DO PIAUÍ,PRATA DO PIAUÍ,PIAUÍ,-5.6675,-42.2061,True,9497,0,9497,0.0,0,0.0,,,,,1994-01-01,2020-01-01
269,542012,TERESINA - CHESF,TERESINA,PIAUÍ,-5.0878,-42.7992,True,9497,1826,7671,0.1922712435505949,428,0.0450668632199642,3.535651697699891,144.8,1998-01-01,2002-12-31,1994-01-01,2020-01-01
270,543002,LAGOA,PARNARAMA,MARANHÃO,-5.4844,-43.3586,True,9497,0,9497,0.0,0,0.0,,,,,1994-01-01,2020-01-01
271,543004,MENDES,BURITI BRAVO,MARANHÃO,-5.7092,-43.5872,True,9497,0,9497,0.0,0,0.0,,,,,1994-01-01,2020-01-01
272,543009,FAZENDA VENEZA,PALMEIRAIS,PIAUÍ,-5.5728,-43.0242,True,9497,0,9497,0.0,0,0.0,,,,,1994-01-01,2020-01-01
273,543010,PALMEIRAIS,PALMEIRAIS,PIAUÍ,-5.9756,-43.0617,True,9497,0,9497,0.0,0,0.0,,,,,1994-01-01,2020-01-01
274,543011,VEREDA GRANDE,PASSAGEM FRANCA,MARANHÃO,-5.97,-43.4158,True,9497,0,9497,0.0,0,0.0,,,,,1994-01-01,2020-01-01
275,544006,FLORES,BARRA DO CORDA,MARANHÃO,-5.4197,-44.9283,True,9497,0,9497,0.0,0,0.0,,,,,1994-01-01,2020-01-01
276,544009,GRAÇA ARANHA,GRAÇA ARANHA,MARANHÃO,-5.405,-44.3356,True,9497,0,9497,0.0,0,0.0,,,,,1994-01-01,2020-01-01
277,545011,RIO CORDA II,BARRA DO CORDA,MARANHÃO,-5.7275,-45.3131,True,9497,0,9497,0.0,0,0.0,,,,,1994-01-01,2020-01-01
278,546006,FORTALEZA,GRAJAU,MARANHÃO,-5.6044,-46.2386,True,9497,0,9497,0.0,0,0.0,,,,,1994-01-01,2020-01-01
279,546007,SÍTIO NOVO,SÍTIO NOVO,MARANHÃO,-5.8842,-46.7019,True,9497,0,9497,0.0,0,0.0,,,,,1994-01-01,2020-01-01
280,547005,BURITIRAMA,BURITIRANA,MARANHÃO,-5.5944,-47.0192,True,9497,0,9497,0.0,0,0.0,,,,,1994-01-01,2020-01-01
281,548000,ARAGUATINS,ARAGUATINS,TOCANTINS,-5.6483,-48.125,True,9497,0,9497,0.0,0,0.0,,,,,1994-01-01,2020-01-01
282,548001,SÃO SEBASTIÃO DO TOCANTINS,SÃO SEBASTIÃO DO TO,TOCANTINS,-5.2597,-48.2069,True,9497,0,9497,0.0,0,0.0,,,,,1994-01-01,2020-01-01
283,548002,BOM JESUS DO TOCANTINS,BOM JESUS DO TOCANT,PARÁ,-5.0514,-48.6336,True,9497,0,9497,0.0,0,0.0,,,,,1994-01-01,2020-01-01
284,549004,SERRA PELADA,MARABÁ,PARÁ,-5.9347,-49.6767,True,9497,0,9497,0.0,0,0.0,,,,,1994-01-01,2020-01-01
285,549007,KM 60 / PA-150,MARABÁ,PARÁ,-5.8031,-49.1833,True,9497,0,9497,0.0,0,0.0,,,,,1994-01-01,2020-01-01
286,549008,ITUPIRANGA,ITUPIRANGA,PARÁ,-5.1289,-49.3242,True,9497,0,9497,0.0,0,0.0,,,,,1994-01-01,2020-01-01
287,554000,CAJUEIRO,ALTAMIRA,PARÁ,-5.6503,-54.5208,True,9497,0,9497,0.0,0,0.0,,,,,1994-01-01,2020-01-01
288,555000,KM 1326 BR-163,ITAITUBA,PARÁ,-5.1825,-56.0578,True,9497,0,9497,0.0,0,0.0,,,,,1994-01-01,2020-01-01
289,555002,KM 1130  BR-163,ITAITUBA,PARÁ,-6.6714,-55.4958,True,9497,0,9497,0.0,0,0.0,,,,,1994-01-01,2020-01-01
290,560001,RECREIO (PEDREIRAS),NOVO ARIPUANÃ,AMAZONAS,-5.2964,-60.7006,True,9497,0,9497,0.0,0,0.0,,,,,1994-01-01,2020-01-01
291,560002,MONTE ALEGRE,NOVO ARIPUANÃ,AMAZONAS,-5.5892,-60.3736,True,9497,0,9497,0.0,0,0.0,,,,,1994-01-01,2020-01-01
292,563000,SERINGAL MOREIRA,TEFÉ,AMAZONAS,-5.1092,-63.9847,True,9497,0,9497,0.0,0,0.0,,,,,1994-01-01,2020-01-01
293,563002,BATURITÉ,TAPAUÁ,AMAZONAS,-5.7219,-63.5108,True,9497,0,9497,0.0,0,0.0,,,,,1994-01-01,2020-01-01
294,564001,NOVA OLINDA,TAPAUÁ,AMAZONAS,-5.5831,-64.3353,True,9497,0,9497,0.0,0,0.0,,,,,1994-01-01,2020-01-01
295,564002,SERINGAL SAUDADE (TAPIRI),TAPAUÁ,AMAZONAS,-5.9533,-64.3164,True,9497,0,9497,0.0,0,0.0,,,,,1994-01-01,2020-01-01
296,567001,XIBAUA,CARAUARI,AMAZONAS,-5.8936,-67.8569,True,9497,0,9497,0.0,0,0.0,,,,,1994-01-01,2020-01-01
297,567002,MARIMARI,CARAUARI,AMAZONAS,-5.4608,-67.4058,True,9497,0,9497,0.0,0,0.0,,,,,1994-01-01,2020-01-01
298,568001,COLOCAÇÃO CAXIAS NOVO,JUTAÍ,AMAZONAS,-5.3808,-68.9983,True,9497,396,9101,0.04169737811940613,226,0.023796988522691378,7.502525252525253,125.8,2005-01-01,2006-01-31,1994-01-01,2020-01-01
299,569001,NOVA VIDA,JUTAÍ,AMAZONAS,-5.6333,-69.2333,True,9497,0,9497,0.0,0,0.0,,,,,1994-01-01,2020-01-01
300,572000,PALMEIRAS DO JAVARI,ATALAIA DO NORTE,AMAZONAS,-5.1375,-72.8136,True,9497,0,9497,0.0,0,0.0,,,,,1994-01-01,2020-01-01
301,635013,ENGENHO OLHO D'ÁGUA,SÃO JOSÉ DE MIPIBU,RIO GRANDE DO NORTE,-6.0853,-35.2486,True,9497,0,9497,0.0,0,0.0,,,,,1994-01-01,2020-01-01
302,635078,SÃO JOSÉ DO CAMPESTRE,SÃO JOSÉ DO CAMPEST,RIO GRANDE DO NORTE,-6.3286,-35.6958,True,9497,0,9497,0.0,0,0.0,,,,,1994-01-01,2020-01-01
303,635079,FAZENDA ALAGAMAR,BANANEIRAS,PARAÍBA,-6.5983,-35.5292,True,9497,0,9497,0.0,0,0.0,,,,,1994-01-01,2020-01-01
304,636019,SANTA CRUZ,SANTA CRUZ,RIO GRANDE DO NORTE,-6.2428,-35.9947,True,9497,0,9497,0.0,0,0.0,,,,,1994-01-01,2020-01-01
305,636045,SÍTIO VOLTA,JARDIM DO SERIDÓ,RIO GRANDE DO NORTE,-6.5936,-36.785,True,9497,0,9497,0.0,0,0.0,,,,,1994-01-01,2020-01-01
306,637010,AÇUDE LAGOINHA,JARDIM DE PIRANHAS,RIO GRANDE DO NORTE,-6.4622,-37.3025,True,9497,0,9497,0.0,0,0.0,,,,,1994-01-01,2020-01-01
307,637039,CAICÓ,CAICÓ,RIO GRANDE DO NORTE,-6.4511,-37.0906,True,9497,0,9497,0.0,0,0.0,,,,,1994-01-01,2020-01-01
308,637074,PAU FERRADO,POMBAL,PARAÍBA,-6.9658,-37.9242,True,9497,0,9497,0.0,0,0.0,,,,,1994-01-01,2020-01-01
309,638007,LAVRAS DA MANGABEIRA,LAVRAS DA MANGABEIR,CEARÁ,-6.7628,-38.9606,True,9497,0,9497,0.0,0,0.0,,,,,1994-01-01,2020-01-01
310,638014,ICÓ,ICÓ,CEARÁ,-6.4089,-38.8636,True,9497,0,9497,0.0,0,0.0,,,,,1994-01-01,2020-01-01
311,638032,ANTENOR NAVARRO,SÃO JOÃO DO RIO DO,PARAÍBA,-6.7353,-38.4481,True,9497,0,9497,0.0,0,0.0,,,,,1994-01-01,2020-01-01
312,638044,AÇUDE BONITO,SÃO MIGUEL,RIO GRANDE DO NORTE,-6.2128,-38.4256,True,9497,0,9497,0.0,0,0.0,,,,,1994-01-01,2020-01-01
313,639044,IGUATU,IGUATU,CEARÁ,-6.3744,-39.2933,True,9497,0,9497,0.0,0,0.0,,,,,1994-01-01,2020-01-01
314,639045,MALHADA,SABOEIRO,CEARÁ,-6.6461,-39.9594,True,9497,0,9497,0.0,0,0.0,,,,,1994-01-01,2020-01-01
315,640003,ARNEIROZ,ARNEIROZ,CEARÁ,-6.3264,-40.1589,True,9497,0,9497,0.0,0,0.0,,,,,1994-01-01,2020-01-01
316,642012,FAZENDA TALHADA,OEIRAS,PIAUÍ,-6.9731,-42.1061,True,9497,0,9497,0.0,0,0.0,,,,,1994-01-01,2020-01-01
317,643011,LAGES,BARÃO DE GRAJAÚ,MARANHÃO,-6.61,-43.4011,True,9497,0,9497,0.0,0,0.0,,,,,1994-01-01,2020-01-01
318,643012,PASSAGEM FRANCA,PASSAGEM FRANCA,MARANHÃO,-6.1747,-43.7792,True,9497,0,9497,0.0,0,0.0,,,,,1994-01-01,2020-01-01
319,643013,BARÃO DE GRAJAÚ,BARÃO DE GRAJAÚ,MARANHÃO,-6.7614,-43.0278,True,9497,0,9497,0.0,0,0.0,,,,,1994-01-01,2020-01-01
320,644003,COLINAS,COLINAS,MARANHÃO,-6.0275,-44.2539,True,9497,0,9497,0.0,0,0.0,,,,,1994-01-01,2020-01-01
321,644007,MIRADOR,MIRADOR,MARANHÃO,-6.3692,-44.3594,True,9497,0,9497,0.0,0,0.0,,,,,1994-01-01,2020-01-01
322,644012,PORTO DO LOPES,MIRADOR,MARANHÃO,-6.0103,-44.3444,True,9497,0,9497,0.0,0,0.0,,,,,1994-01-01,2020-01-01
323,644015,CAMPO LARGO,MIRADOR,MARANHÃO,-6.0639,-44.7164,True,9497,0,9497,0.0,0,0.0,,,,,1994-01-01,2020-01-01
324,645002,PAPAGAIO,FERNANDO FALCÃO,MARANHÃO,-6.0022,-45.3942,True,9497,0,9497,0.0,0,0.0,,,,,1994-01-01,2020-01-01
325,645003,MATO GROSSO,LORETO,MARANHÃO,-6.8442,-45.1092,True,9497,0,9497,0.0,0,0.0,,,,,1994-01-01,2020-01-01
326,645004,FAZENDA PIRANHAS,GRAJAU,MARANHÃO,-6.0392,-45.9206,True,9497,0,9497,0.0,0,0.0,,,,,1994-01-01,2020-01-01
327,646005,FAZENDA SÃO VICENTE,FORTALEZA DOS NOGUE,MARANHÃO,-6.8183,-46.3336,True,9497,0,9497,0.0,0,0.0,,,,,1994-01-01,2020-01-01
328,646006,FAZENDA SEMPRE VIVA,GRAJAU,MARANHÃO,-6.1928,-46.2689,True,9497,0,9497,0.0,0,0.0,,,,,1994-01-01,2020-01-01
329,647000,TOCANTINÓPOLIS,TOCANTINÓPOLIS,TOCANTINS,-6.2886,-47.3919,True,9497,0,9497,0.0,0,0.0,,,,,1994-01-01,2020-01-01
330,647001,WANDERLÂNDIA - RD BELÉM - BRASÍLIA,WANDERLÂNDIA,TOCANTINS,-6.8392,-47.9706,True,9497,0,9497,0.0,0,0.0,,,,,1994-01-01,2020-01-01
331,648000,XAMBIOÁ,XAMBIOÁ,TOCANTINS,-6.4131,-48.5333,True,9497,0,9497,0.0,0,0.0,,,,,1994-01-01,2020-01-01
332,648001,ANANAS,ANANÁS,TOCANTINS,-6.3639,-48.0725,True,9497,0,9497,0.0,0,0.0,,,,,1994-01-01,2020-01-01
333,648002,PIRAQUÊ,ARAGUANÃ,TOCANTINS,-6.6722,-48.4703,True,9497,0,9497,0.0,0,0.0,,,,,1994-01-01,2020-01-01
334,649000,FAZENDA SURUBIM,MARABÁ,PARÁ,-6.4278,-49.4197,True,9497,0,9497,0.0,0,0.0,,,,,1994-01-01,2020-01-01
335,649001,FAZENDA SANTA ELISA,SAPUCAIA,PARÁ,-6.7947,-49.5486,True,9497,4747,4750,0.49984205538591137,1033,0.10877119090239022,4.220223298925637,163.0,1994-01-01,2006-12-31,1994-01-01,2020-01-01
336,649002,ELDORADO,MARABÁ,PARÁ,-6.1053,-49.3775,True,9497,0,9497,0.0,0,0.0,,,,,1994-01-01,2020-01-01
337,649003,PORTO LEMOS,SANTA FÉ DO ARAGUAI,TOCANTINS,-6.8692,-49.0986,True,9497,0,9497,0.0,0,0.0,,,,,1994-01-01,2020-01-01
338,650001,FAZENDA CAIÇARA,MARABÁ,PARÁ,-6.8153,-50.5389,True,9497,0,9497,0.0,0,0.0,,,,,1994-01-01,2020-01-01
339,651001,BOA ESPERANÇA,SÃO FÉLIX DO XINGU,PARÁ,-6.7025,-51.7986,True,9497,0,9497,0.0,0,0.0,,,,,1994-01-01,2020-01-01
340,654000,MANOEL JORGE  (TERRA PRETA),ALTAMIRA,PARÁ,-6.2022,-54.0728,True,9497,0,9497,0.0,0,0.0,,,,,1994-01-01,2020-01-01
341,655001,KM 1027 DA BR-163,ITAITUBA,PARÁ,-7.5108,-55.2636,True,9497,0,9497,0.0,0,0.0,,,,,1994-01-01,2020-01-01
342,655003,JAMANXIM,ITAITUBA,PARÁ,-5.4556,-55.87,True,9497,0,9497,0.0,0,0.0,,,,,1994-01-01,2020-01-01
343,655004,JARDIM DO OURO,ITAITUBA,PARÁ,-6.2575,-55.7733,True,9497,0,9497,0.0,0,0.0,,,,,1994-01-01,2020-01-01
344,657000,JACAREACANGA,JACAREACANGA,PARÁ,-6.2356,-57.7753,True,9497,0,9497,0.0,0,0.0,,,,,1994-01-01,2020-01-01
345,658000,SANTARÉM SUCUNDURI,APUÍ,AMAZONAS,-6.7953,-59.0408,True,9497,0,9497,0.0,0,0.0,,,,,1994-01-01,2020-01-01
346,660000,SERINGAL JENIPAPO,NOVO ARIPUANÃ,AMAZONAS,-6.0028,-60.1853,True,9497,0,9497,0.0,0,0.0,,,,,1994-01-01,2020-01-01
347,661001,NOVA ESPERANÇA,MANICORÉ,AMAZONAS,-6.3606,-61.7667,True,9497,0,9497,0.0,0,0.0,,,,,1994-01-01,2020-01-01
348,662001,JUMA,HUMAITÁ,AMAZONAS,-7.0083,-62.7872,True,9497,0,9497,0.0,0,0.0,,,,,1994-01-01,2020-01-01
349,664000,BACABA,TAPAUÁ,AMAZONAS,-6.325,-64.8911,True,9497,0,9497,0.0,0,0.0,,,,,1994-01-01,2020-01-01
350,664001,CANUTAMA,CANUTAMA,AMAZONAS,-6.5389,-64.3858,True,9497,0,9497,0.0,0,0.0,,,,,1994-01-01,2020-01-01
351,668000,SANTOS DUMONT,CARAUARI,AMAZONAS,-6.4417,-68.2439,True,9497,0,9497,0.0,0,0.0,,,,,1994-01-01,2020-01-01
352,669001,SOLEDADE,EIRUNEPÉ,AMAZONAS,-6.6139,-69.1217,True,9497,0,9497,0.0,0,0.0,,,,,1994-01-01,2020-01-01
353,670000,FOZ DO GREGÓRIO,EIRUNEPÉ,AMAZONAS,-6.8,-70.65,True,9497,0,9497,0.0,0,0.0,,,,,1994-01-01,2020-01-01
354,735009,MULUNGU,MULUNGU,PARAÍBA,-7.0294,-35.4681,True,9497,0,9497,0.0,0,0.0,,,,,1994-01-01,2020-01-01
355,735036,PONTE DA BATALHA,SANTA TERESINHA,PARAÍBA,-7.13,-35.0475,True,9497,0,9497,0.0,0,0.0,,,,,1994-01-01,2020-01-01
356,735050,ENGENHO SÍTIO,SÃO LOURENÇO DA MAT,PERNAMBUCO,-7.9681,-35.1567,True,9497,0,9497,0.0,0,0.0,,,,,1994-01-01,2020-01-01
357,735066,PAUDALHO,PAUDALHO,PERNAMBUCO,-7.8942,-35.1733,True,9497,0,9497,0.0,0,0.0,,,,,1994-01-01,2020-01-01
358,735067,SALGADINHO,SALGADINHO,PERNAMBUCO,-7.9428,-35.6342,True,9497,0,9497,0.0,0,0.0,,,,,1994-01-01,2020-01-01
359,735100,LIMOEIRO,LIMOEIRO,PERNAMBUCO,-7.8789,-35.4519,True,9497,0,9497,0.0,0,0.0,,,,,1994-01-01,2020-01-01
360,735124,BODOCONGO,BOQUEIRÃO,PARAÍBA,-7.5283,-35.9997,True,9497,0,9497,0.0,0,0.0,,,,,1994-01-01,2020-01-01
361,735157,CARPINA,CARPINA,PERNAMBUCO,-7.8428,-35.1825,True,9497,0,9497,0.0,0,0.0,,,,,1994-01-01,2020-01-01
362,735158,SURUBIM,SURUBIM,PERNAMBUCO,-7.8547,-35.7644,True,9497,4738,4759,0.4988943877013794,1634,0.1720543329472465,1.7357745884339382,100.4,1994-01-01,2006-12-31,1994-01-01,2020-01-01
363,735159,VERTENTES,VERTENTES,PERNAMBUCO,-7.91,-35.9886,True,9497,0,9497,0.0,0,0.0,,,,,1994-01-01,2020-01-01
364,736000,TAPEROÁ II,TAPEROÁ,PARAÍBA,-7.2175,-36.8289,True,9497,0,9497,0.0,0,0.0,,,,,1994-01-01,2020-01-01
365,736040,JATAÚBA,JATAÚBA,PERNAMBUCO,-7.9864,-36.5006,True,9497,0,9497,0.0,0,0.0,,,,,1994-01-01,2020-01-01
366,736041,SANTA CRUZ DO CAPIBARIBE,SANTA CRUZ DO CAPIB,PERNAMBUCO,-7.9619,-36.2022,True,9497,0,9497,0.0,0,0.0,,,,,1994-01-01,2020-01-01
367,736042,TAQUARITINGA DO NORTE,TAQUARITINGA DO NOR,PERNAMBUCO,-7.9039,-36.0469,True,9497,0,9497,0.0,0,0.0,,,,,1994-01-01,2020-01-01
368,737006,PIANCÓ,PIANCÓ,PARAÍBA,-7.2142,-37.9258,True,9497,0,9497,0.0,0,0.0,,,,,1994-01-01,2020-01-01
369,737023,AFOGADOS DA INGAZEIRA (DNOCS),AFOGADOS DA INGAZEI,PERNAMBUCO,-7.7389,-37.6483,True,9497,0,9497,0.0,0,0.0,,,,,1994-01-01,2020-01-01
370,737027,FLORES,FLORES,PERNAMBUCO,-7.8678,-37.9725,True,9497,0,9497,0.0,0,0.0,,,,,1994-01-01,2020-01-01
371,738049,PODIMIRIM,MILAGRES,CEARÁ,-7.2997,-38.9847,True,9497,0,9497,0.0,0,0.0,,,,,1994-01-01,2020-01-01
372,741003,ITAINÓPOLIS,ITAINÓPOLIS,PIAUÍ,-7.4497,-41.4775,True,9497,0,9497,0.0,0,0.0,,,,,1994-01-01,2020-01-01
373,741009,SANTA CRUZ DO PIAUÍ II,SANTA CRUZ DO PIAUÍ,PIAUÍ,-7.1811,-41.7642,True,9497,0,9497,0.0,0,0.0,,,,,1994-01-01,2020-01-01
374,742011,SÃO FRANCISCO DO PIAUÍ,SÃO FRANCISCO DO PI,PIAUÍ,-7.2464,-42.5419,True,9497,0,9497,0.0,0,0.0,,,,,1994-01-01,2020-01-01
375,742012,FRANCISCO AYRES,FRANCISCO AYRES,PIAUÍ,-6.6183,-42.6939,True,9497,0,9497,0.0,0,0.0,,,,,1994-01-01,2020-01-01
376,743009,BARRA DO LANCE,JERUMENHA,PIAUÍ,-7.2453,-43.6444,True,9497,0,9497,0.0,0,0.0,,,,,1994-01-01,2020-01-01
377,744000,SÃO FÉLIX DE BALSAS,SÃO FÉLIX DE BALSAS,MARANHÃO,-7.0814,-44.8125,True,9497,0,9497,0.0,0,0.0,,,,,1994-01-01,2020-01-01
378,745003,RIBEIRO GONÇALVES,RIBEIRO GONÇALVES,PIAUÍ,-7.5572,-45.2444,True,9497,0,9497,0.0,0,0.0,,,,,1994-01-01,2020-01-01
379,745004,SAMBAÍBA,SAMBAÍBA,MARANHÃO,-7.1411,-45.3461,True,9497,0,9497,0.0,0,0.0,,,,,1994-01-01,2020-01-01
380,745005,FAZENDA TIGRE,SÃO RAIMUNDO DAS MA,MARANHÃO,-7.3419,-45.6064,True,9497,0,9497,0.0,0,0.0,,,,,1994-01-01,2020-01-01
381,746006,BALSAS,BALSAS,MARANHÃO,-7.5233,-46.0339,True,9497,0,9497,0.0,0,0.0,,,,,1994-01-01,2020-01-01
382,746007,BREJO COMPRIDO,BALSAS,MARANHÃO,-7.9286,-45.9886,True,9497,0,9497,0.0,0,0.0,,,,,1994-01-01,2020-01-01
383,746008,MORRO VERMELHO,RIACHÃO,MARANHÃO,-7.1578,-46.5544,True,9497,0,9497,0.0,0,0.0,,,,,1994-01-01,2020-01-01
384,746009,RECURSOS,BALSAS,MARANHÃO,-7.3314,-46.3075,True,9497,0,9497,0.0,0,0.0,,,,,1994-01-01,2020-01-01
385,747000,CAROLINA,CAROLINA,MARANHÃO,-7.3231,-47.4644,True,9497,0,9497,0.0,0,0.0,,,,,1994-01-01,2020-01-01
386,747001,GOIATINS,GOIATINS,TOCANTINS,-7.7147,-47.315,True,9497,0,9497,0.0,0,0.0,,,,,1994-01-01,2020-01-01
387,747009,PALMEIRANTE,PALMEIRANTE,TOCANTINS,-7.8594,-47.9289,True,9497,0,9497,0.0,0,0.0,,,,,1994-01-01,2020-01-01
388,748001,COLÔNIA,BERNARDO SAYÃO,TOCANTINS,-7.8778,-48.8786,True,9497,0,9497,0.0,0,0.0,,,,,1994-01-01,2020-01-01
389,748002,FAZ. PRIMAVERA - ROD. BEL - BRASÍLIA,NOVA OLINDA,TOCANTINS,-7.5606,-48.4228,True,9497,0,9497,0.0,0,0.0,,,,,1994-01-01,2020-01-01
390,748003,MURICILÂNDIA,MURICILÂNDIA,TOCANTINS,-7.1544,-48.6031,True,9497,0,9497,0.0,0,0.0,,,,,1994-01-01,2020-01-01
391,749000,ARAPOEMA,ARAPOEMA,TOCANTINS,-7.6553,-49.065,True,9497,0,9497,0.0,0,0.0,,,,,1994-01-01,2020-01-01
392,749001,BOA VISTA DO ARAGUAIA,ARAGUAÍNA,TOCANTINS,-7.3231,-49.2242,True,9497,0,9497,0.0,0,0.0,,,,,1994-01-01,2020-01-01
393,749002,XINGUARA,XINGUARA,PARÁ,-7.0947,-49.9672,True,9497,0,9497,0.0,0,0.0,,,,,1994-01-01,2020-01-01
394,750000,FAZENDA CUMARU DO NORTE,REDENÇÃO,PARÁ,-7.8283,-50.8289,True,9497,0,9497,0.0,0,0.0,,,,,1994-01-01,2020-01-01
395,750001,POSTO DA SERRA,RIO MARIA,PARÁ,-7.5061,-50.0447,True,9497,2922,6575,0.30767610824470887,694,0.07307570811835316,5.212970568104038,134.0,1997-07-01,2005-06-30,1994-01-01,2020-01-01
396,750002,BANNACH,RIO MARIA,PARÁ,-7.3511,-50.4081,True,9497,0,9497,0.0,0,0.0,,,,,1994-01-01,2020-01-01
397,758000,BARRA DO SÃO MANUEL,BORBA,AMAZONAS,-7.3389,-58.155,True,9497,0,9497,0.0,0,0.0,,,,,1994-01-01,2020-01-01
398,759000,VILA DO APUI,NOVO ARIPUANÃ,AMAZONAS,-7.2044,-59.8931,True,9497,0,9497,0.0,0,0.0,,,,,1994-01-01,2020-01-01
399,760000,PRAINHA VELHA,NOVO ARIPUANÃ,AMAZONAS,-7.205,-60.6436,True,9497,0,9497,0.0,0,0.0,,,,,1994-01-01,2020-01-01
400,760001,BOCA DO GUARIBA,APUÍ,AMAZONAS,-7.7053,-60.5783,True,9497,0,9497,0.0,0,0.0,,,,,1994-01-01,2020-01-01
401,762002,MAICI-MIRIM,HUMAITÁ,AMAZONAS,-7.6308,-62.6606,True,9497,0,9497,0.0,0,0.0,,,,,1994-01-01,2020-01-01
402,762003,MAICI-GRANDE,HUMAITÁ,AMAZONAS,-7.8028,-62.3478,True,9497,0,9497,0.0,0,0.0,,,,,1994-01-01,2020-01-01
403,763001,HUMAITÁ,HUMAITÁ,AMAZONAS,-7.5153,-63.0286,True,9497,0,9497,0.0,0,0.0,,,,,1994-01-01,2020-01-01
404,764003,CRISTO,LÁBREA,AMAZONAS,-7.465,-64.2433,True,9497,0,9497,0.0,0,0.0,,,,,1994-01-01,2020-01-01
405,765000,CACHOEIRA,LÁBREA,AMAZONAS,-7.7156,-66.0583,True,9497,0,9497,0.0,0,0.0,,,,,1994-01-01,2020-01-01
406,765001,SÃO BENTO,LÁBREA,AMAZONAS,-7.5306,-65.35,True,9497,0,9497,0.0,0,0.0,,,,,1994-01-01,2020-01-01
407,766001,SERINGAL FORTALEZA,PAUINI,AMAZONAS,-7.7172,-66.9847,True,9497,0,9497,0.0,0,0.0,,,,,1994-01-01,2020-01-01
408,767002,FAZENDA BORANGABA,PAUINI,AMAZONAS,-7.54,-67.4778,True,9497,0,9497,0.0,0,0.0,,,,,1994-01-01,2020-01-01
409,770000,ENVIRA,ENVIRA,AMAZONAS,-7.4281,-70.0225,True,9497,0,9497,0.0,0,0.0,,,,,1994-01-01,2020-01-01
410,770001,SERINGAL SANTO AMARO,EIRUNEPÉ,AMAZONAS,-7.2667,-70.9833,True,9497,0,9497,0.0,0,0.0,,,,,1994-01-01,2020-01-01
411,771000,IPIXUNA,IPIXUNA,AMAZONAS,-7.0508,-71.6842,True,9497,0,9497,0.0,0,0.0,,,,,1994-01-01,2020-01-01
412,771001,FAZENDA PARANACRE,TARAUACÁ,ACRE,-7.9511,-71.4822,True,9497,0,9497,0.0,0,0.0,,,,,1994-01-01,2020-01-01
413,772002,SERINGAL BOA FÉ,IPIXUNA,AMAZONAS,-7.2358,-72.3336,True,9497,0,9497,0.0,0,0.0,,,,,1994-01-01,2020-01-01
414,772003,SERINGAL BOM FUTURO,TARAUACÁ,ACRE,-7.8503,-72.0192,True,9497,0,9497,0.0,0,0.0,,,,,1994-01-01,2020-01-01
415,773000,SERRA DO MOA,CRUZEIRO DO SUL,ACRE,-7.4356,-73.6522,True,9497,0,9497,0.0,0,0.0,,,,,1994-01-01,2020-01-01
416,835048,SÃO LOURENÇO DA MATA II,SÃO LOURENÇO DA MAT,PERNAMBUCO,-7.9986,-35.0319,True,9497,0,9497,0.0,0,0.0,,,,,1994-01-01,2020-01-01
417,835068,VITÓRIA DE SANTO ANTÃO,VITÓRIA DE SANTO AN,PERNAMBUCO,-8.1136,-35.2839,True,9497,0,9497,0.0,0,0.0,,,,,1994-01-01,2020-01-01
418,835106,CARUARU,CARUARU,PERNAMBUCO,-8.3028,-36.0108,True,9497,0,9497,0.0,0,0.0,,,,,1994-01-01,2020-01-01
419,835135,CUMARU,CUMARU,PERNAMBUCO,-8.0119,-35.6961,True,9497,0,9497,0.0,0,0.0,,,,,1994-01-01,2020-01-01
420,835136,GLÓRIA DO GOITÁ,GLÓRIA DO GOITÁ,PERNAMBUCO,-8.0,-35.2908,True,9497,0,9497,0.0,0,0.0,,,,,1994-01-01,2020-01-01
421,835137,POMBOS,POMBOS,PERNAMBUCO,-8.1408,-35.3997,True,9497,4748,4749,0.4999473517953038,1818,0.1914288722754554,2.288542544229149,134.3,1994-01-01,2006-12-31,1994-01-01,2020-01-01
422,835138,PIRAPAMA,CABO DE SANTO AGOST,PERNAMBUCO,-8.2792,-35.0633,True,9497,0,9497,0.0,0,0.0,,,,,1994-01-01,2020-01-01
423,835139,JACUÍPE,JACUÍPE,ALAGOAS,-8.8419,-35.4475,True,9497,0,9497,0.0,0,0.0,,,,,1994-01-01,2020-01-01
424,835140,ENGENHO MATO GROSSO,GAMELEIRA,PERNAMBUCO,-8.6375,-35.3056,True,9497,0,9497,0.0,0,0.0,,,,,1994-01-01,2020-01-01
425,835141,PALMARES,PALMARES,PERNAMBUCO,-8.6794,-35.5772,True,9497,0,9497,0.0,0,0.0,,,,,1994-01-01,2020-01-01
426,836043,SANHARÓ,SANHARÓ,PERNAMBUCO,-8.3656,-36.5603,True,9497,0,9497,0.0,0,0.0,,,,,1994-01-01,2020-01-01
427,836092,BREJO DA MADRE DE DEUS,BREJO DA MADRE DE D,PERNAMBUCO,-8.1456,-36.3703,True,9497,0,9497,0.0,0,0.0,,,,,1994-01-01,2020-01-01
428,836093,POÇÃO,POÇÃO,PERNAMBUCO,-8.1894,-36.7069,True,9497,0,9497,0.0,0,0.0,,,,,1994-01-01,2020-01-01
429,837038,INAJÁ,INAJÁ,PERNAMBUCO,-8.9208,-37.8306,True,9497,0,9497,0.0,0,0.0,,,,,1994-01-01,2020-01-01
430,838000,AIRI (ROCHEDO),FLORESTA,PERNAMBUCO,-8.5392,-38.1928,True,9497,0,9497,0.0,0,0.0,,,,,1994-01-01,2020-01-01
431,838002,AÇUDE SERRINHA,MIRANDIBA,PERNAMBUCO,-8.2397,-38.5278,True,9497,0,9497,0.0,0,0.0,,,,,1994-01-01,2020-01-01
432,838004,BELÉM DE SÃO FRANCISCO,BELÉM DE SÃO FRANCI,PERNAMBUCO,-8.765,-38.9606,True,9497,0,9497,0.0,0,0.0,,,,,1994-01-01,2020-01-01
433,838021,FLORESTA,FLORESTA,PERNAMBUCO,-8.6064,-38.5786,True,9497,0,9497,0.0,0,0.0,,,,,1994-01-01,2020-01-01
434,838031,SERRA TALHADA,SERRA TALHADA,PERNAMBUCO,-8.0006,-38.2447,True,9497,0,9497,0.0,0,0.0,,,,,1994-01-01,2020-01-01
435,839009,JACARÉ,PARNAMIRIM,PERNAMBUCO,-8.2628,-39.8472,True,9497,0,9497,0.0,0,0.0,,,,,1994-01-01,2020-01-01
436,839013,PARNAMIRIM,PARNAMIRIM,PERNAMBUCO,-8.0922,-39.5742,True,9497,0,9497,0.0,0,0.0,,,,,1994-01-01,2020-01-01
437,839014,POÇO DO FUMO,PARNAMIRIM,PERNAMBUCO,-8.1778,-39.7314,True,9497,0,9497,0.0,0,0.0,,,,,1994-01-01,2020-01-01
438,839031,IBÓ,BELÉM DE SÃO FRANCI,PERNAMBUCO,-8.6231,-39.2392,True,9497,0,9497,0.0,0,0.0,,,,,1994-01-01,2020-01-01
439,839034,FAZENDA TAPERA,OROCÓ,PERNAMBUCO,-8.5203,-39.6408,True,9497,0,9497,0.0,0,0.0,,,,,1994-01-01,2020-01-01
440,839035,SANTA MARIA DA BOA VISTA,SANTA MARIA DA BOA,PERNAMBUCO,-8.8042,-39.8225,True,9497,0,9497,0.0,0,0.0,,,,,1994-01-01,2020-01-01
441,840010,FAZENDA SÃO BENTO,SANTA MARIA DA BOA,PERNAMBUCO,-8.6161,-39.9994,True,9497,0,9497,0.0,0,0.0,,,,,1994-01-01,2020-01-01
442,840015,LAGOA GRANDE,SANTA MARIA DA BOA,PERNAMBUCO,-8.9989,-40.2731,True,9497,0,9497,0.0,0,0.0,,,,,1994-01-01,2020-01-01
443,841017,PEDRA REDONDA,CONCEIÇÃO DO CANIND,PIAUÍ,-8.0056,-41.5014,True,9497,0,9497,0.0,0,0.0,,,,,1994-01-01,2020-01-01
444,844008,CRISTINO CASTRO II,CRISTINO CASTRO,PIAUÍ,-8.8131,-44.2156,True,9497,3287,6210,0.34610929767294935,512,0.05391176160892914,2.4267721326437486,117.6,1994-01-01,2002-12-31,1994-01-01,2020-01-01
445,845003,BABILÔNIA,TASSO FRAGOSO,MARANHÃO,-8.3175,-45.9678,True,9497,0,9497,0.0,0,0.0,,,,,1994-01-01,2020-01-01
446,845004,BARRA DO FOSDÃO,TASSO FRAGOSO,MARANHÃO,-8.1014,-45.5875,True,9497,0,9497,0.0,0,0.0,,,,,1994-01-01,2020-01-01
447,845005,INHUMAS,ALTO PARNAÍBA,MARANHÃO,-8.8211,-45.9681,True,9497,0,9497,0.0,0,0.0,,,,,1994-01-01,2020-01-01
448,846005,BOA VISTA,ALTO PARNAÍBA,MARANHÃO,-8.7736,-46.1183,True,9497,0,9497,0.0,0,0.0,,,,,1994-01-01,2020-01-01
449,847001,ITACAJA,ITACAJÁ,TOCANTINS,-8.3917,-47.7628,True,9497,0,9497,0.0,0,0.0,,,,,1994-01-01,2020-01-01
450,847002,CAMPOS LINDOS,CAMPOS LINDOS,TOCANTINS,-7.9711,-46.8064,True,9497,0,9497,0.0,0,0.0,,,,,1994-01-01,2020-01-01
451,848000,COLINAS DO TOCANTINS,COLINAS DO TOCANTIN,TOCANTINS,-8.0528,-48.4817,True,9497,0,9497,0.0,0,0.0,,,,,1994-01-01,2020-01-01
452,848001,GUARAI,GUARAÍ,TOCANTINS,-8.8319,-48.8172,True,9497,0,9497,0.0,0,0.0,,,,,1994-01-01,2020-01-01
453,848002,ITAPORÃ DO TOCANTINS,ITAPORÃ DO TOCANTIN,TOCANTINS,-8.5739,-48.6903,True,9497,0,9497,0.0,0,0.0,,,,,1994-01-01,2020-01-01
454,848003,TUPIRATINS,TUPIRATINS,TOCANTINS,-8.3992,-48.1303,True,9497,0,9497,0.0,0,0.0,,,,,1994-01-01,2020-01-01
455,849002,ARAGUACEMA (CHACARA ARAGUAIA),ARAGUACEMA,TOCANTINS,-8.8022,-49.5556,True,9497,0,9497,0.0,0,0.0,,,,,1994-01-01,2020-01-01
456,850000,REDENÇÃO,REDENÇÃO,PARÁ,-8.0439,-50.0006,True,9497,0,9497,0.0,0,0.0,,,,,1994-01-01,2020-01-01
457,850001,FAZENDA SANTA MARTA DO INAJÁ,SANTA MARIA DAS BAR,PARÁ,-8.6603,-50.4442,True,9497,0,9497,0.0,0,0.0,,,,,1994-01-01,2020-01-01
458,851000,FAZENDA RIO DOURADO,SÃO FÉLIX DO XINGU,PARÁ,-8.3464,-51.4428,True,9497,0,9497,0.0,0,0.0,,,,,1994-01-01,2020-01-01
459,855000,KM 947 BR-163,ITAITUBA,PARÁ,-8.1872,-55.1194,True,9497,0,9497,0.0,0,0.0,,,,,1994-01-01,2020-01-01
460,862000,TABAJARA,MACHADINHO D'OESTE,RONDÔNIA,-8.9322,-62.0556,True,9497,0,9497,0.0,0,0.0,,,,,1994-01-01,2020-01-01
461,863005,SÍTIO VISTA ALEGRE,HUMAITÁ,AMAZONAS,-8.09778,-63.6475,True,9497,0,9497,0.0,0,0.0,,,,,1994-01-01,2020-01-01
462,865000,FAZENDA SHEFFER,LÁBREA,AMAZONAS,-8.3344,-65.7194,True,9497,0,9497,0.0,0,0.0,,,,,1994-01-01,2020-01-01
463,867001,BOCA DO ACRE,BOCA DO ACRE,AMAZONAS,-8.7356,-67.4003,True,9497,0,9497,0.0,0,0.0,,,,,1994-01-01,2020-01-01
464,867002,SÃO ROMÃO (TABOCAL),BOCA DO ACRE,AMAZONAS,-8.25,-67.3667,True,9497,0,9497,0.0,0,0.0,,,,,1994-01-01,2020-01-01
465,869000,MANOEL URBANO,MANOEL URBANO,ACRE,-8.8842,-69.2681,True,9497,0,9497,0.0,0,0.0,,,,,1994-01-01,2020-01-01
466,870002,FEIJÓ,FEIJÓ,ACRE,-8.1636,-70.3564,True,9497,0,9497,0.0,0,0.0,,,,,1994-01-01,2020-01-01
467,870003,SERINGAL SANTA HELENA,FEIJÓ,ACRE,-8.6858,-70.5511,True,9497,0,9497,0.0,0,0.0,,,,,1994-01-01,2020-01-01
468,872000,THAUMATURGO,MARECHAL THAUMATURG,ACRE,-8.9353,-72.785,True,9497,1604,7893,0.1688954406654733,520,0.054754132884068656,2.863092269326683,84.0,1994-01-01,2006-01-31,1994-01-01,2020-01-01
469,872001,PORTO WALTER,PORTO WALTER,ACRE,-8.2675,-72.7344,True,9497,0,9497,0.0,0,0.0,,,,,1994-01-01,2020-01-01
470,935012,MURICI - PONTE,MURICI,ALAGOAS,-9.3136,-35.9497,True,9497,0,9497,0.0,0,0.0,,,,,1994-01-01,2020-01-01
471,935056,FAZENDA BOA FORTUNA,RIO LARGO,ALAGOAS,-9.4675,-35.8564,True,9497,0,9497,0.0,0,0.0,,,,,1994-01-01,2020-01-01
472,935057,MARECHAL DEODORO,MARECHAL DEODORO,ALAGOAS,-9.7164,-35.8917,True,9497,0,9497,0.0,0,0.0,,,,,1994-01-01,2020-01-01
473,936076,TRAIPU,TRAIPU,ALAGOAS,-9.9728,-37.0033,True,9497,0,9497,0.0,0,0.0,,,,,1994-01-01,2020-01-01
474,936110,ATALAIA,ATALAIA,ALAGOAS,-9.5072,-36.0233,True,9497,0,9497,0.0,0,0.0,,,,,1994-01-01,2020-01-01
475,936111,VIÇOSA,VIÇOSA,ALAGOAS,-9.3792,-36.2492,True,9497,0,9497,0.0,0,0.0,,,,,1994-01-01,2020-01-01
476,936112,SÃO JOSÉ DA LAJE,SÃO JOSÉ DA LAJE,ALAGOAS,-9.0042,-36.0511,True,9497,0,9497,0.0,0,0.0,,,,,1994-01-01,2020-01-01
477,936113,UNIÃO DOS PALMARES,UNIÃO DOS PALMARES,ALAGOAS,-9.1544,-36.0358,True,9497,0,9497,0.0,0,0.0,,,,,1994-01-01,2020-01-01
478,936114,SANTANA DO MUNDAÚ,SANTANA DO MUNDAÚ,ALAGOAS,-9.1689,-36.2197,True,9497,0,9497,0.0,0,0.0,,,,,1994-01-01,2020-01-01
479,937013,DELMIRO GOUVÉIA,DELMIRO GOUVÉIA,ALAGOAS,-9.3928,-37.9942,True,9497,0,9497,0.0,0,0.0,,,,,1994-01-01,2020-01-01
480,937018,PÃO DE AÇÚCAR,PÃO DE AÇÚCAR,ALAGOAS,-9.7486,-37.4497,True,9497,0,9497,0.0,0,0.0,,,,,1994-01-01,2020-01-01
481,937023,PIRANHAS,PIRANHAS,ALAGOAS,-9.6261,-37.7561,True,9497,0,9497,0.0,0,0.0,,,,,1994-01-01,2020-01-01
482,937031,ÁGUAS BELAS,ÁGUAS BELAS,PERNAMBUCO,-9.1056,-37.1317,True,9497,0,9497,0.0,0,0.0,,,,,1994-01-01,2020-01-01
483,937032,SANTANA DO IPANEMA,SANTANA DO IPANEMA,ALAGOAS,-9.3728,-37.2453,True,9497,0,9497,0.0,0,0.0,,,,,1994-01-01,2020-01-01
484,939017,PRÓXIMO A CURAÇA II,CURAÇÁ,BAHIA,-9.1225,-39.9364,True,9497,0,9497,0.0,0,0.0,,,,,1994-01-01,2020-01-01
485,940018,CAMPO DOS CAVALOS,JUAZEIRO,BAHIA,-9.5597,-40.6467,True,9497,0,9497,0.0,0,0.0,,,,,1994-01-01,2020-01-01
486,940024,JUAZEIRO,JUAZEIRO,BAHIA,-9.4053,-40.5036,True,9497,0,9497,0.0,0,0.0,,,,,1994-01-01,2020-01-01
487,940025,LAGOA DO BOI,JUAZEIRO,BAHIA,-9.4908,-40.2044,True,9497,0,9497,0.0,0,0.0,,,,,1994-01-01,2020-01-01
488,940028,JUNCO,JUAZEIRO,BAHIA,-9.6767,-40.6039,True,9497,0,9497,0.0,0,0.0,,,,,1994-01-01,2020-01-01
489,945011,ALTO PARNAÍBA,ALTO PARNAÍBA,MARANHÃO,-9.1131,-45.9261,True,9497,0,9497,0.0,0,0.0,,,,,1994-01-01,2020-01-01
490,946003,LIZARDA,LIZARDA,TOCANTINS,-9.5972,-46.6728,True,9497,0,9497,0.0,0,0.0,,,,,1994-01-01,2020-01-01
491,947001,MANSINHA,RIO SONO,TOCANTINS,-9.4575,-47.3269,True,9497,0,9497,0.0,0,0.0,,,,,1994-01-01,2020-01-01
492,948000,MIRACEMA DO TOCANTINS,MIRACEMA DO TOCANTI,TOCANTINS,-9.5642,-48.3875,True,9497,0,9497,0.0,0,0.0,,,,,1994-01-01,2020-01-01
493,948001,PORTO REAL,PEDRO AFONSO,TOCANTINS,-9.3069,-47.9292,True,9497,4741,4756,0.4992102769295567,1236,0.1301463620090555,4.338261970048513,126.9,1994-01-01,2006-12-31,1994-01-01,2020-01-01
494,949000,ABREULÂNDIA,ABREULÂNDIA,TOCANTINS,-9.6244,-49.1553,True,9497,0,9497,0.0,0,0.0,,,,,1994-01-01,2020-01-01
495,949001,DOIS IRMÃOS DO TOCANTINS,DOIS IRMÃOS DO TOCA,TOCANTINS,-9.2572,-49.0642,True,9497,0,9497,0.0,0,0.0,,,,,1994-01-01,2020-01-01
496,949003,MARIANÓPOLIS,MARIANÓPOLIS DO TOC,TOCANTINS,-9.8011,-49.6564,True,9497,0,9497,0.0,0,0.0,,,,,1994-01-01,2020-01-01
497,950000,CASEARA,CASEARA,TOCANTINS,-9.27,-49.9589,True,9497,0,9497,0.0,0,0.0,,,,,1994-01-01,2020-01-01
498,950001,BARREIRA DO CAMPO,SANTANA DO ARAGUAIA,PARÁ,-9.2275,-50.2108,True,9497,0,9497,0.0,0,0.0,,,,,1994-01-01,2020-01-01
499,950002,CANGUSSU,PIUM,TOCANTINS,-9.9703,-49.9936,True,9497,0,9497,0.0,0,0.0,,,,,1994-01-01,2020-01-01
500,950003,VILA MANDII,SANTANA DO ARAGUAIA,PARÁ,-9.5353,-50.8608,True,9497,2465,7032,0.2595556491523639,849,0.08939665157418132,5.208405679513185,113.2,1999-11-30,2006-08-31,1994-01-01,2020-01-01
501,951000,VILA RICA,VILA RICA,MATO GROSSO,-10.0189,-51.1228,True,9497,365,9132,0.0384331894282405,111,0.011687901442560808,4.7775342465753425,88.4,1994-01-01,1994-12-31,1994-01-01,2020-01-01
502,954001,CACHIMBO,GUARANTÃ DO NORTE,MATO GROSSO,-9.8186,-54.8864,True,9497,4369,5128,0.46004001263556915,1898,0.19985258502685058,6.158388647287709,133.7,1994-01-01,2006-12-31,1994-01-01,2020-01-01
503,956000,ALTA FLORESTA,ALTA FLORESTA,MATO GROSSO,-9.8703,-56.1022,True,9497,0,9497,0.0,0,0.0,,,,,1994-01-01,2020-01-01
504,956001,JUSANTE FOZ PEIXOTO DE AZEVEDO,ALTA FLORESTA,MATO GROSSO,-9.6433,-56.0186,True,9497,0,9497,0.0,0,0.0,,,,,1994-01-01,2020-01-01
505,956002,PARANAITA,PARANAITA,MATO GROSSO,-9.6939,-56.4742,True,9497,2256,7241,0.237548699589344,959,0.10097925660734969,6.390026595744681,106.8,1999-10-29,2006-12-31,1994-01-01,2020-01-01
506,957001,NOVO PLANETA,APIACÁS,MATO GROSSO,-9.5664,-57.3947,True,9497,4371,5126,0.46025060545435403,1405,0.1479414551963778,5.102402196293754,160.8,1994-01-01,2006-12-31,1994-01-01,2020-01-01
507,961003,FÁBIO (BOLICHE),MACHADINHO D'OESTE,RONDÔNIA,-9.6814,-61.9789,True,9497,4076,5421,0.4291881646835843,1502,0.15815520690744445,5.7402600588812565,147.0,1994-01-01,2005-11-30,1994-01-01,2020-01-01
508,962000,MINERAÇÃO ORIENTE NOVO,MACHADINHO D'OESTE,RONDÔNIA,-9.5864,-62.3939,True,9497,0,9497,0.0,0,0.0,,,,,1994-01-01,2020-01-01
509,963000,ARIQUEMES,ARIQUEMES,RONDÔNIA,-9.9317,-63.0569,True,9497,4136,5361,0.43550594924713065,1280,0.13477940402232283,5.460904255319149,151.8,1994-01-01,2005-11-30,1994-01-01,2020-01-01
510,963001,SANTO ANTÔNIO BR-364,PORTO VELHO,RONDÔNIA,-9.2606,-63.1619,True,9497,4075,5422,0.42908286827419184,1473,0.1551016110350637,5.866895705521473,144.3,1994-01-01,2005-09-30,1994-01-01,2020-01-01
511,963004,FAZENDA RIO BRANCO,ARIQUEMES,RONDÔNIA,-9.8872,-62.9878,True,9497,3843,5654,0.40465410129514584,1229,0.1294092871433084,5.829716367421286,165.2,1994-01-01,2005-11-30,1994-01-01,2020-01-01
512,963009,PONTE DO RIO PRETO DO CRESPO,RIO CRESPO,RONDÔNIA,-9.4667,-63.25,True,9497,0,9497,0.0,0,0.0,,,,,1994-01-01,2020-01-01
513,965001,ABUNÃ,PORTO VELHO,RONDÔNIA,-9.7031,-65.3647,True,9497,1670,7827,0.17584500368537434,559,0.058860692850373805,5.383413173652694,101.5,1998-01-01,2005-10-31,1994-01-01,2020-01-01
514,966000,NOVA CALIFORNIA,PORTO VELHO,RONDÔNIA,-9.7556,-66.6117,True,9497,0,9497,0.0,0,0.0,,,,,1994-01-01,2020-01-01
515,966001,PEDREIRAS,PORTO VELHO,RONDÔNIA,-9.6903,-65.9931,True,9497,0,9497,0.0,0,0.0,,,,,1994-01-01,2020-01-01
516,967001,FLORIANO PEIXOTO,BOCA DO ACRE,AMAZONAS,-9.0667,-67.3969,True,9497,0,9497,0.0,0,0.0,,,,,1994-01-01,2020-01-01
517,967004,RESTAURANTE PORTEIRA DO AMAZONAS,LÁBREA,AMAZONAS,-9.5008,-67.2822,True,9497,3438,6059,0.36200905549120777,1170,0.12319679898915446,5.943193717277486,173.0,1994-01-01,2006-02-28,1994-01-01,2020-01-01
518,967005,SANTA ROSA,SENADOR GUIOMARD,ACRE,-9.8881,-67.1392,True,9497,0,9497,0.0,0,0.0,,,,,1994-01-01,2020-01-01
519,968001,SERINGAL DA CARIDADE,BOCA DO ACRE,AMAZONAS,-9.0439,-68.5772,True,9497,0,9497,0.0,0,0.0,,,,,1994-01-01,2020-01-01
520,968003,SERINGAL SÃO JOSÉ,SENA MADUREIRA,ACRE,-9.3744,-68.7239,True,9497,0,9497,0.0,0,0.0,,,,,1994-01-01,2020-01-01
521,968004,FAZENDA CANARI,BUJARI,ACRE,-9.5667,-68.2833,True,9497,0,9497,0.0,0,0.0,,,,,1994-01-01,2020-01-01
522,969001,SERINGAL GUARANY,SENA MADUREIRA,ACRE,-9.1103,-68.9933,True,9497,0,9497,0.0,0,0.0,,,,,1994-01-01,2020-01-01
523,972000,FOZ DO BREU,MARECHAL THAUMATURG,ACRE,-9.4017,-72.7025,True,9497,0,9497,0.0,0,0.0,,,,,1994-01-01,2020-01-01
524,1036005,PENEDO,PENEDO,ALAGOAS,-10.285,-36.5564,True,9497,0,9497,0.0,0,0.0,,,,,1994-01-01,2020-01-01
525,1036007,PIAÇABUÇÚ,PIAÇABUÇÚ,ALAGOAS,-10.4064,-36.4261,True,9497,0,9497,0.0,0,0.0,,,,,1994-01-01,2020-01-01
526,1036048,PROPRIÁ,PROPRIÁ,SERGIPE,-10.2153,-36.8239,True,9497,0,9497,0.0,0,0.0,,,,,1994-01-01,2020-01-01
527,1036062,CAMAÇARI,CORURIPE,ALAGOAS,-10.0314,-36.3039,True,9497,0,9497,0.0,0,0.0,,,,,1994-01-01,2020-01-01
528,1036063,FAZENDA CAJUEIRO,JAPARATUBA,SERGIPE,-10.5781,-36.9156,True,9497,0,9497,0.0,0,0.0,,,,,1994-01-01,2020-01-01
529,1037007,FAZENDA BELÉM,ITAPORANGA D'AJUDA,SERGIPE,-10.9417,-37.345,True,9497,0,9497,0.0,0,0.0,,,,,1994-01-01,2020-01-01
530,1037049,SANTA ROSA DE LIMA (CAMBOATA),SANTA ROSA DE LIMA,SERGIPE,-10.6528,-37.1928,True,9497,0,9497,0.0,0,0.0,,,,,1994-01-01,2020-01-01
531,1037078,CAPELA,CAPELA,SERGIPE,-10.4833,-37.0667,True,9497,0,9497,0.0,0,0.0,,,,,1994-01-01,2020-01-01
532,1039019,QUEIMADAS,QUEIMADAS,BAHIA,-10.9742,-39.6328,True,9497,0,9497,0.0,0,0.0,,,,,1994-01-01,2020-01-01
533,1039025,AÇUDE JACURICI,ITIÚBA,BAHIA,-10.6514,-39.7211,True,9497,0,9497,0.0,0,0.0,,,,,1994-01-01,2020-01-01
534,1040025,PINDOBAÇU,PINDOBAÇU,BAHIA,-10.8025,-40.38,True,9497,0,9497,0.0,0,0.0,,,,,1994-01-01,2020-01-01
535,1040026,PONTO NOVO,CALDEIRÃO GRANDE,BAHIA,-10.8444,-40.1117,True,9497,0,9497,0.0,0,0.0,,,,,1994-01-01,2020-01-01
536,1040027,AÇUDE SOHÉM,SENHOR DO BONFIM,BAHIA,-10.3947,-40.1147,True,9497,0,9497,0.0,0,0.0,,,,,1994-01-01,2020-01-01
537,1042012,RIO VERDE II,ITAGUAÇU DA BAHIA,BAHIA,-10.9864,-42.3422,True,9497,0,9497,0.0,0,0.0,,,,,1994-01-01,2020-01-01
538,1046001,MATEIROS,MATEIROS,TOCANTINS,-10.5464,-46.4186,True,9497,0,9497,0.0,0,0.0,,,,,1994-01-01,2020-01-01
539,1047000,JATOBÁ (FAZENDA BOA NOVA),NOVO ACORDO,TOCANTINS,-9.9906,-47.4786,True,9497,0,9497,0.0,0,0.0,,,,,1994-01-01,2020-01-01
540,1047001,NOVO ACORDO,NOVO ACORDO,TOCANTINS,-9.9606,-47.6747,True,9497,0,9497,0.0,0,0.0,,,,,1994-01-01,2020-01-01
541,1047002,PORTO GILÂNDIA,MONTE DO CARMO,TOCANTINS,-10.7553,-47.7647,True,9497,0,9497,0.0,0,0.0,,,,,1994-01-01,2020-01-01
542,1047004,PONTE ALTA DO TOCANTINS,PONTE ALTA DO TOCAN,TOCANTINS,-10.7508,-47.5361,True,9497,0,9497,0.0,0,0.0,,,,,1994-01-01,2020-01-01
543,1048000,FÁTIMA,FÁTIMA,TOCANTINS,-10.7636,-48.9022,True,9497,0,9497,0.0,0,0.0,,,,,1994-01-01,2020-01-01
544,1048001,PARAÍSO DO TOCANTINS,PARAÍSO DO TOCANTIN,TOCANTINS,-10.1653,-48.8906,True,9497,0,9497,0.0,0,0.0,,,,,1994-01-01,2020-01-01
545,1048005,TAQUARUSSU DO PORTO,PALMAS,TOCANTINS,-10.3133,-48.1625,True,9497,0,9497,0.0,0,0.0,,,,,1994-01-01,2020-01-01
546,1049001,PIUM,PIUM,TOCANTINS,-10.4411,-49.1792,True,9497,0,9497,0.0,0,0.0,,,,,1994-01-01,2020-01-01
547,1049002,PRÓXIMO BARREIRA DA CRUZ,LAGOA DA CONFUSÃO,TOCANTINS,-10.7344,-49.8564,True,9497,0,9497,0.0,0,0.0,,,,,1994-01-01,2020-01-01
548,1050000,LUCIARA,LUCIARA,MATO GROSSO,-11.2192,-50.6686,True,9497,0,9497,0.0,0,0.0,,,,,1994-01-01,2020-01-01
549,1050002,SANTA TEREZINHA,FORTALEZA DO TABOCÃ,TOCANTINS,-10.4611,-50.5125,True,9497,0,9497,0.0,0,0.0,,,,,1994-01-01,2020-01-01
550,1051001,PORTO ALEGRE DO NORTE,PORTO ALEGRE DO NOR,MATO GROSSO,-10.8672,-51.6306,True,9497,0,9497,0.0,0,0.0,,,,,1994-01-01,2020-01-01
551,1052000,VILA SÃO JOSÉ DO XINGU,SÃO JOSÉ DO XINGU,MATO GROSSO,-10.8072,-52.7461,True,9497,0,9497,0.0,0,0.0,,,,,1994-01-01,2020-01-01
552,1052001,RIO COMANDANTE FONTOURA,PORTO ALEGRE DO NOR,MATO GROSSO,-10.5547,-52.1833,True,9497,0,9497,0.0,0,0.0,,,,,1994-01-01,2020-01-01
553,1053001,FAZENDA SANTA EMÍLIA,MARCELÂNDIA,MATO GROSSO,-10.5392,-53.6089,True,9497,0,9497,0.0,0,0.0,,,,,1994-01-01,2020-01-01
554,1054000,AGROPECUÁRIA CAJABI,MARCELÂNDIA,MATO GROSSO,-10.7461,-54.5461,True,9497,0,9497,0.0,0,0.0,,,,,1994-01-01,2020-01-01
555,1055000,ESTRADA CUIABÁ - SANTARÉM,PEIXOTO DE AZEVEDO,MATO GROSSO,-10.2203,-54.9711,True,9497,0,9497,0.0,0,0.0,,,,,1994-01-01,2020-01-01
556,1055001,INDECO,CARLINDA,MATO GROSSO,-10.1125,-55.57,True,9497,0,9497,0.0,0,0.0,,,,,1994-01-01,2020-01-01
557,1055002,COLIDER,COLÍDER,MATO GROSSO,-10.7986,-55.4486,True,9497,0,9497,0.0,0,0.0,,,,,1994-01-01,2020-01-01
558,1055003,FAZENDA TRATEX,COLÍDER,MATO GROSSO,-10.9542,-55.5486,True,9497,0,9497,0.0,0,0.0,,,,,1994-01-01,2020-01-01
559,1057001,TRIVELATO,NOVA MONTE VERDE,MATO GROSSO,-9.9417,-57.1331,True,9497,0,9497,0.0,0,0.0,,,,,1994-01-01,2020-01-01
560,1058002,NÚCLEO ARIEL,COTRIGUAÇU,MATO GROSSO,-9.8564,-58.2489,True,9497,0,9497,0.0,0,0.0,,,,,1994-01-01,2020-01-01
561,1058003,JURUENA,JURUENA,MATO GROSSO,-10.3125,-58.5017,True,9497,0,9497,0.0,0,0.0,,,,,1994-01-01,2020-01-01
562,1058004,NOVO TANGARA,CASTANHEIRA,MATO GROSSO,-10.8342,-58.8033,True,9497,0,9497,0.0,0,0.0,,,,,1994-01-01,2020-01-01
563,1058005,VALE DO NATAL,ARIPUANÃ,MATO GROSSO,-10.5886,-58.8678,True,9497,0,9497,0.0,0,0.0,,,,,1994-01-01,2020-01-01
564,1059000,HUMBOLDT,ARIPUANÃ,MATO GROSSO,-10.1753,-59.4517,True,9497,0,9497,0.0,0,0.0,,,,,1994-01-01,2020-01-01
565,1060001,FAZENDA MUIRAQUITA,ARIPUANÃ,MATO GROSSO,-10.4344,-60.5572,True,9497,0,9497,0.0,0,0.0,,,,,1994-01-01,2020-01-01
566,1061002,FAZENDA CASTANHAL,RONDOLÂNDIA,MATO GROSSO,-10.3969,-61.0453,True,9497,0,9497,0.0,0,0.0,,,,,1994-01-01,2020-01-01
567,1061003,RONDOMINAS (BARROCAS),OURO PRETO DO OESTE,RONDÔNIA,-10.5169,-62.0014,True,9497,0,9497,0.0,0,0.0,,,,,1994-01-01,2020-01-01
568,1062001,JARU,JARU,RONDÔNIA,-10.4458,-62.4656,True,9497,0,9497,0.0,0,0.0,,,,,1994-01-01,2020-01-01
569,1062002,SERINGAL 70,JARU,RONDÔNIA,-10.2364,-62.6272,True,9497,0,9497,0.0,0,0.0,,,,,1994-01-01,2020-01-01
570,1062003,MIRANTE DA SERRA,MIRANTE DA SERRA,RONDÔNIA,-11.0036,-62.6561,True,9497,0,9497,0.0,0,0.0,,,,,1994-01-01,2020-01-01
571,1062004,THEOBROMA,THEOBROMA,RONDÔNIA,-10.2364,-62.3458,True,9497,0,9497,0.0,0,0.0,,,,,1994-01-01,2020-01-01
572,1063000,ESCOLA CARAMURÚ,ARIQUEMES,RONDÔNIA,-10.505,-63.6461,True,9497,0,9497,0.0,0,0.0,,,,,1994-01-01,2020-01-01
573,1063001,MINERAÇÃO PONTE MASSANGANA,ARIQUEMES,RONDÔNIA,-9.7608,-63.2875,True,9497,0,9497,0.0,0,0.0,,,,,1994-01-01,2020-01-01
574,1065002,GUAJARÁ-MIRIM,GUAJARÁ-MIRIM,RONDÔNIA,-10.7925,-65.3478,True,9497,0,9497,0.0,0,0.0,,,,,1994-01-01,2020-01-01
575,1067002,PLÁCIDO DE CASTRO,PLÁCIDO DE CASTRO,ACRE,-10.3242,-67.1886,True,9497,0,9497,0.0,0,0.0,,,,,1994-01-01,2020-01-01
576,1067003,VILA CAPIXABA,CAPIXABA,ACRE,-10.5758,-67.6767,True,9497,0,9497,0.0,0,0.0,,,,,1994-01-01,2020-01-01
577,1068000,XAPURI,XAPURI,ACRE,-10.6497,-68.5067,True,9497,0,9497,0.0,0,0.0,,,,,1994-01-01,2020-01-01
578,1069000,ASSIS BRASIL,ASSIS BRASIL,ACRE,-10.9436,-69.5656,True,9497,0,9497,0.0,0,0.0,,,,,1994-01-01,2020-01-01
579,1137001,SALGADO,SALGADO,SERGIPE,-11.0303,-37.4783,True,9497,0,9497,0.0,0,0.0,,,,,1994-01-01,2020-01-01
580,1137017,ESTÂNCIA,ESTÂNCIA,SERGIPE,-11.2667,-37.4431,True,9497,0,9497,0.0,0,0.0,,,,,1994-01-01,2020-01-01
581,1137027,ITANHY,JANDAÍRA,BAHIA,-11.5419,-37.5661,True,9497,0,9497,0.0,0,0.0,,,,,1994-01-01,2020-01-01
582,1137042,FAZENDA TRIANON,ACAJUTIBA,BAHIA,-11.655,-37.9369,True,9497,0,9497,0.0,0,0.0,,,,,1994-01-01,2020-01-01
583,1137043,USINA ALTAMIRA,CONDE,BAHIA,-11.7683,-37.8036,True,9497,0,9497,0.0,0,0.0,,,,,1994-01-01,2020-01-01
584,1138002,INHAMBUPE,INHAMBUPE,BAHIA,-11.7828,-38.3481,True,9497,0,9497,0.0,0,0.0,,,,,1994-01-01,2020-01-01
585,1138014,CIPÓ,CIPÓ,BAHIA,-11.0981,-38.5131,True,9497,0,9497,0.0,0,0.0,,,,,1994-01-01,2020-01-01
586,1138026,PONTE EUCLIDES DA CUNHA,TUCANO,BAHIA,-11.0631,-38.8353,True,9497,0,9497,0.0,0,0.0,,,,,1994-01-01,2020-01-01
587,1139022,GAVIÃO II,GAVIÃO,BAHIA,-11.4742,-39.7847,True,9497,4686,4811,0.4934189744129725,889,0.0936085079498789,1.411288945795988,118.8,1994-02-21,2006-12-31,1994-01-01,2020-01-01
588,1140000,MIGUEL CALMON (DJALMA DUTRA),MIGUEL CALMON,BAHIA,-11.4325,-40.6044,True,9497,0,9497,0.0,0,0.0,,,,,1994-01-01,2020-01-01
589,1140010,FRANÇA,PIRITIBA,BAHIA,-11.5533,-40.6,True,9497,0,9497,0.0,0,0.0,,,,,1994-01-01,2020-01-01
590,1140031,BARRA DO MUNDO NOVO,MUNDO NOVO,BAHIA,-11.8656,-40.5178,True,9497,0,9497,0.0,0,0.0,,,,,1994-01-01,2020-01-01
591,1140032,AÇUDE SERROTE,SERROLÂNDIA,BAHIA,-11.4106,-40.3036,True,9497,0,9497,0.0,0,0.0,,,,,1994-01-01,2020-01-01
592,1140033,AÇUDE RIO DO PEIXE,CAPIM GROSSO,BAHIA,-11.2303,-39.9658,True,9497,0,9497,0.0,0,0.0,,,,,1994-01-01,2020-01-01
593,1142017,FAZENDA CABACEIRAS,IBIPEBA,BAHIA,-11.3286,-42.305,True,9497,0,9497,0.0,0,0.0,,,,,1994-01-01,2020-01-01
594,1142020,FAZENDA REFRIGÉRIO - JUSANTE,IBIPEBA,BAHIA,-11.3561,-42.2736,True,9497,0,9497,0.0,0,0.0,,,,,1994-01-01,2020-01-01
595,1143002,MORPARÁ,MORPARÁ,BAHIA,-11.5633,-43.2753,True,9497,0,9497,0.0,0,0.0,,,,,1994-01-01,2020-01-01
596,1143010,BOQUEIRÃO,MANSIDÃO,BAHIA,-11.3553,-43.8456,True,9497,0,9497,0.0,0,0.0,,,,,1994-01-01,2020-01-01
597,1144005,FAZENDA MACAMBIRA,COTEGIPE,BAHIA,-11.6139,-44.1575,True,9497,0,9497,0.0,0,0.0,,,,,1994-01-01,2020-01-01
598,1144014,SÃO SEBASTIÃO,ANGICAL,BAHIA,-11.9794,-44.8772,True,9497,0,9497,0.0,0,0.0,,,,,1994-01-01,2020-01-01
599,1144027,IBIPETUBA,SANTA RITA DE CÁSSI,BAHIA,-11.0061,-44.5256,True,9497,0,9497,0.0,0,0.0,,,,,1994-01-01,2020-01-01
600,1145001,FORMOSA DO RIO PRETO,FORMOSA DO RIO PRET,BAHIA,-11.0478,-45.2019,True,9497,0,9497,0.0,0,0.0,,,,,1994-01-01,2020-01-01
601,1145004,FAZENDA BOM JARDIM,FORMOSA DO RIO PRET,BAHIA,-10.9925,-45.5267,True,9497,0,9497,0.0,0,0.0,,,,,1994-01-01,2020-01-01
602,1145013,PONTE SERAFIM - MONTANTE,BARREIRAS,BAHIA,-11.8961,-45.6119,True,9497,0,9497,0.0,0,0.0,,,,,1994-01-01,2020-01-01
603,1145014,NOVA VIDA - MONTANTE,BARREIRAS,BAHIA,-11.8525,-45.1222,True,9497,0,9497,0.0,0,0.0,,,,,1994-01-01,2020-01-01
604,1145019,CARIPARÉ,RIACHÃO DAS NEVES,BAHIA,-11.5119,-45.0419,True,9497,0,9497,0.0,0,0.0,,,,,1994-01-01,2020-01-01
605,1146000,DIANÓPOLIS,DIANÓPOLIS,TOCANTINS,-11.6253,-46.8106,True,9497,0,9497,0.0,0,0.0,,,,,1994-01-01,2020-01-01
606,1147000,ALMAS,ALMAS,TOCANTINS,-11.5789,-47.1739,True,9497,0,9497,0.0,0,0.0,,,,,1994-01-01,2020-01-01
607,1147001,NATIVIDADE,NATIVIDADE,TOCANTINS,-11.6969,-47.7283,True,9497,0,9497,0.0,0,0.0,,,,,1994-01-01,2020-01-01
608,1147002,PINDORAMA DO TOCANTINS,PINDORAMA DO TOCANT,TOCANTINS,-11.1403,-47.5767,True,9497,0,9497,0.0,0,0.0,,,,,1994-01-01,2020-01-01
609,1147003,PORTO ALEGRE,PORTO ALEGRE DO TOC,TOCANTINS,-11.61,-47.045,True,9497,0,9497,0.0,0,0.0,,,,,1994-01-01,2020-01-01
610,1148000,FAZENDA LOBEIRA,SÃO VALÉRIO DA NATI,TOCANTINS,-11.5314,-48.2947,True,9497,0,9497,0.0,0,0.0,,,,,1994-01-01,2020-01-01
611,1149000,DUERE,DUERÉ,TOCANTINS,-11.3389,-49.2653,True,9497,0,9497,0.0,0,0.0,,,,,1994-01-01,2020-01-01
612,1149001,FORMOSO DO ARAGUAIA,FORMOSO DO ARAGUAIA,TOCANTINS,-11.7972,-49.525,True,9497,0,9497,0.0,0,0.0,,,,,1994-01-01,2020-01-01
613,1149002,GURUPI,GURUPI,TOCANTINS,-11.7372,-49.1361,True,9497,0,9497,0.0,0,0.0,,,,,1994-01-01,2020-01-01
614,1150001,SÃO FÉLIX DO ARAGUAIA,SÃO FÉLIX DO ARAGUA,MATO GROSSO,-11.6197,-50.6625,True,9497,0,9497,0.0,0,0.0,,,,,1994-01-01,2020-01-01
615,1151000,BATE PAPO,ALTO BOA VISTA,MATO GROSSO,-11.6747,-51.3764,True,9497,0,9497,0.0,0,0.0,,,,,1994-01-01,2020-01-01
616,1152000,SUIA LIQUILÂNDIA,SÃO FÉLIX DO ARAGUA,MATO GROSSO,-11.73,-51.9889,True,9497,0,9497,0.0,0,0.0,,,,,1994-01-01,2020-01-01
617,1154001,SANTA FELICIDADE,SANTA CARMEM,MATO GROSSO,-11.9292,-54.9981,True,9497,0,9497,0.0,0,0.0,,,,,1994-01-01,2020-01-01
618,1154002,FAZENDA RIO NEGRO,UNIÃO DO SUL,MATO GROSSO,-11.5242,-54.3589,True,9497,0,9497,0.0,0,0.0,,,,,1994-01-01,2020-01-01
619,1155000,CACHOEIRÃO,SINOP,MATO GROSSO,-11.6511,-55.7025,True,9497,0,9497,0.0,0,0.0,,,,,1994-01-01,2020-01-01
620,1156000,FAZENDA ITAUBA,TABAPORÃ,MATO GROSSO,-11.4714,-56.4333,True,9497,0,9497,0.0,0,0.0,,,,,1994-01-01,2020-01-01
621,1156001,SINOP (FAZENDA SEMPRE VERDE),PORTO DOS GAÚCHOS,MATO GROSSO,-11.6914,-55.4486,True,9497,0,9497,0.0,0,0.0,,,,,1994-01-01,2020-01-01
622,1157000,PORTO DOS GAÚCHOS,PORTO DOS GAÚCHOS,MATO GROSSO,-11.5358,-57.4172,True,9497,0,9497,0.0,0,0.0,,,,,1994-01-01,2020-01-01
623,1157001,JUARA,JUARA,MATO GROSSO,-11.2531,-57.5067,True,9497,0,9497,0.0,0,0.0,,,,,1994-01-01,2020-01-01
624,1157002,OLHO D'ÁGUA,PORTO DOS GAÚCHOS,MATO GROSSO,-11.715,-57.0419,True,9497,0,9497,0.0,0,0.0,,,,,1994-01-01,2020-01-01
625,1158001,FONTANILHAS,JUÍNA,MATO GROSSO,-11.3417,-58.3383,True,9497,0,9497,0.0,0,0.0,,,,,1994-01-01,2020-01-01
626,1158002,JUÍNA,JUÍNA,MATO GROSSO,-11.4081,-58.7186,True,9497,0,9497,0.0,0,0.0,,,,,1994-01-01,2020-01-01
627,1158003,FAZENDA TOMBADOR,BRASNORTE,MATO GROSSO,-11.7178,-58.0472,True,9497,0,9497,0.0,0,0.0,,,,,1994-01-01,2020-01-01
628,1160000,MARCO RONDON,PIMENTA BUENO,RONDÔNIA,-12.0153,-60.855,True,9497,0,9497,0.0,0,0.0,,,,,1994-01-01,2020-01-01
629,1160002,FAZENDA FLOR DO CAMPO,PIMENTA BUENO,RONDÔNIA,-11.7489,-60.8678,True,9497,0,9497,0.0,0,0.0,,,,,1994-01-01,2020-01-01
630,1161000,VISTA ALEGRE,CACOAL,RONDÔNIA,-11.4408,-61.4839,True,9497,0,9497,0.0,0,0.0,,,,,1994-01-01,2020-01-01
631,1161001,PIMENTA BUENO,PIMENTA BUENO,RONDÔNIA,-11.6836,-61.1922,True,9497,0,9497,0.0,0,0.0,,,,,1994-01-01,2020-01-01
632,1161002,ROLIM DE MOURA,ROLIM DE MOURA,RONDÔNIA,-11.7497,-61.7764,True,9497,0,9497,0.0,0,0.0,,,,,1994-01-01,2020-01-01
633,1161003,MINISTRO ANDREAZZA,MINISTRO ANDREAZZA,RONDÔNIA,-11.1969,-61.5281,True,9497,0,9497,0.0,0,0.0,,,,,1994-01-01,2020-01-01
634,1168001,BRASILÉIA,BRASILÉIA,ACRE,-11.0233,-68.735,True,9497,0,9497,0.0,0,0.0,,,,,1994-01-01,2020-01-01
635,1237000,CORTE GRANDE,ESPLANADA,BAHIA,-12.0575,-37.7564,True,9497,0,9497,0.0,0,0.0,,,,,1994-01-01,2020-01-01
636,1237003,JANGADO,CARDEAL DA SILVA,BAHIA,-12.1303,-37.9417,True,9497,4083,5414,0.4299252395493314,1981,0.20859218700642307,4.624540778839089,173.7,1995-10-27,2006-12-31,1994-01-01,2020-01-01
637,1238000,TIRIRICA,CAMAÇARI,BAHIA,-12.5703,-38.0567,True,9497,0,9497,0.0,0,0.0,,,,,1994-01-01,2020-01-01
638,1238010,ARAÇAS,ARAÇAS,BAHIA,-12.2103,-38.2006,True,9497,0,9497,0.0,0,0.0,,,,,1994-01-01,2020-01-01
639,1238042,BURACICA,ALAGOINHAS,BAHIA,-12.2514,-38.515,True,9497,0,9497,0.0,0,0.0,,,,,1994-01-01,2020-01-01
640,1238046,EMBOACICA,CAMAÇARI,BAHIA,-12.6031,-38.1375,True,9497,0,9497,0.0,0,0.0,,,,,1994-01-01,2020-01-01
641,1238051,TEODORO SAMPAIO,TEODORO SAMPAIO,BAHIA,-12.3003,-38.6439,True,9497,0,9497,0.0,0,0.0,,,,,1994-01-01,2020-01-01
642,1239007,ARGOIM,RAFAEL JAMBEIRO,BAHIA,-12.585,-39.5183,True,9497,0,9497,0.0,0,0.0,,,,,1994-01-01,2020-01-01
643,1240012,ITAETÉ,ITAETÉ,BAHIA,-12.99,-40.9633,True,9497,0,9497,0.0,0,0.0,,,,,1994-01-01,2020-01-01
644,1240016,IAÇU,IAÇU,BAHIA,-12.7622,-40.2108,True,9497,0,9497,0.0,0,0.0,,,,,1994-01-01,2020-01-01
645,1241001,FAZENDA IGUAÇU,ITAETÉ,BAHIA,-12.9347,-41.0658,True,9497,0,9497,0.0,0,0.0,,,,,1994-01-01,2020-01-01
646,1241008,ANDARAÍ,ANDARAÍ,BAHIA,-12.8017,-41.3275,True,9497,0,9497,0.0,0,0.0,,,,,1994-01-01,2020-01-01
647,1241017,PORTO,LENÇÓIS,BAHIA,-12.4975,-41.2961,True,9497,0,9497,0.0,0,0.0,,,,,1994-01-01,2020-01-01
648,1241026,UTINGA,UTINGA,BAHIA,-12.5019,-41.2078,True,9497,0,9497,0.0,0,0.0,,,,,1994-01-01,2020-01-01
649,1241027,FAZENDA RIBEIRO,BONITO,BAHIA,-12.06,-41.3475,True,9497,0,9497,0.0,0,0.0,,,,,1994-01-01,2020-01-01
650,1241028,ESTAÇÃO EXPERIMENTAL,UTINGA,BAHIA,-12.0192,-41.0547,True,9497,0,9497,0.0,0,0.0,,,,,1994-01-01,2020-01-01
651,1241032,GUINÉ,MUCUGÊ,BAHIA,-12.7664,-41.5361,True,9497,0,9497,0.0,0,0.0,,,,,1994-01-01,2020-01-01
652,1241033,USINA MUCUGÊ,MUCUGÊ,BAHIA,-13.0075,-41.37,True,9497,0,9497,0.0,0,0.0,,,,,1994-01-01,2020-01-01
653,1242015,BROTAS DE MACAÚBAS,BROTAS DE MACAÚBAS,BAHIA,-12.0036,-42.6283,True,9497,0,9497,0.0,0,0.0,,,,,1994-01-01,2020-01-01
654,1242016,PONTE BR-242,OLIVEIRA DOS BREJIN,BAHIA,-12.2519,-42.7628,True,9497,0,9497,0.0,0,0.0,,,,,1994-01-01,2020-01-01
655,1243000,GAMELEIRA,SÍTIO DO MATO,BAHIA,-12.8669,-43.3814,True,9497,0,9497,0.0,0,0.0,,,,,1994-01-01,2020-01-01
656,1243011,IBOTIRAMA,IBOTIRAMA,BAHIA,-12.1806,-43.2233,True,9497,0,9497,0.0,0,0.0,,,,,1994-01-01,2020-01-01
657,1243019,SERRA DOURADA (FAZ. MURITIBA),SERRA DOURADA,BAHIA,-12.7692,-43.9575,True,9497,0,9497,0.0,0,0.0,,,,,1994-01-01,2020-01-01
658,1244011,BARREIRAS,BARREIRAS,BAHIA,-11.1544,-45.0092,True,9497,0,9497,0.0,0,0.0,,,,,1994-01-01,2020-01-01
659,1244019,FAZENDA COQUEIRO,SÃO DESIDÉRIO,BAHIA,-12.3892,-44.9322,True,9497,0,9497,0.0,0,0.0,,,,,1994-01-01,2020-01-01
660,1245004,FAZENDA REDENÇÃO,BARREIRAS,BAHIA,-12.1347,-45.1042,True,9497,0,9497,0.0,0,0.0,,,,,1994-01-01,2020-01-01
661,1245005,DEROCAL,SÃO DESIDÉRIO,BAHIA,-12.4114,-45.1203,True,9497,0,9497,0.0,0,0.0,,,,,1994-01-01,2020-01-01
662,1245007,SÍTIO GRANDE,SÃO DESIDÉRIO,BAHIA,-12.4306,-45.0858,True,9497,0,9497,0.0,0,0.0,,,,,1994-01-01,2020-01-01
663,1245014,FAZENDA JOHÁ,BARREIRAS,BAHIA,-12.1256,-45.8108,True,9497,0,9497,0.0,0,0.0,,,,,1994-01-01,2020-01-01
664,1245015,RODA VELHA,SÃO DESIDÉRIO,BAHIA,-12.7653,-45.9439,True,9497,0,9497,0.0,0,0.0,,,,,1994-01-01,2020-01-01
665,1246000,PONTE ALTA DO BOM JESUS,PONTE ALTA DO BOM J,TOCANTINS,-12.0908,-46.4794,True,9497,0,9497,0.0,0,0.0,,,,,1994-01-01,2020-01-01
666,1246001,AURORA DO NORTE,AURORA DO TOCANTINS,TOCANTINS,-12.7139,-46.4086,True,9497,0,9497,0.0,0,0.0,,,,,1994-01-01,2020-01-01
667,1247000,CONCEIÇÃO DO TOCANTINS,CONCEIÇÃO DO TOCANT,TOCANTINS,-12.2325,-47.3244,True,9497,0,9497,0.0,0,0.0,,,,,1994-01-01,2020-01-01
668,1247002,RIO DA PALMA (FAZ. CHUVA MANGA),CONCEIÇÃO DO TOCANT,TOCANTINS,-12.4156,-47.1997,True,9497,0,9497,0.0,0,0.0,,,,,1994-01-01,2020-01-01
669,1247005,FAZENDA SANTA RITA,FÁTIMA,TOCANTINS,-12.585,-47.4867,True,9497,0,9497,0.0,0,0.0,,,,,1994-01-01,2020-01-01
670,1248001,COLONHA,PEIXE,TOCANTINS,-12.3875,-48.7108,True,9497,0,9497,0.0,0,0.0,,,,,1994-01-01,2020-01-01
671,1248003,PALMEIRÓPOLIS,PALMEIRÓPOLIS,TOCANTINS,-13.0419,-48.4069,True,9497,0,9497,0.0,0,0.0,,,,,1994-01-01,2020-01-01
672,1249000,ALVORADA,ALVORADA,TOCANTINS,-12.4836,-49.1244,True,9497,0,9497,0.0,0,0.0,,,,,1994-01-01,2020-01-01
673,1249001,ARAGUAÇU,ARAGUAÇU,TOCANTINS,-12.9311,-49.8294,True,9497,0,9497,0.0,0,0.0,,,,,1994-01-01,2020-01-01
674,1249002,PROJETO RIO FORMOSO,FORMOSO DO ARAGUAIA,TOCANTINS,-11.8394,-49.7717,True,9497,0,9497,0.0,0,0.0,,,,,1994-01-01,2020-01-01
675,1249003,BARREIRA DO PEQUI,SANDOLÂNDIA,TOCANTINS,-12.0986,-49.9475,True,9497,0,9497,0.0,0,0.0,,,,,1994-01-01,2020-01-01
676,1249004,PRAIA ALTA,SANDOLÂNDIA,TOCANTINS,-12.4181,-49.59,True,9497,0,9497,0.0,0,0.0,,,,,1994-01-01,2020-01-01
677,1250000,FAZENDA PIRATININGA,SÃO MIGUEL DO ARAGU,GOIÁS,-12.8206,-50.3361,True,9497,0,9497,0.0,0,0.0,,,,,1994-01-01,2020-01-01
678,1250001,SANTO ANTÔNIO DO LEVERGER,NOVO SANTO ANTÔNIO,MATO GROSSO,-12.2903,-50.9656,True,9497,0,9497,0.0,0,0.0,,,,,1994-01-01,2020-01-01
679,1251000,ALÔ BRASIL,BOM JESUS DO ARAGUA,MATO GROSSO,-12.1642,-51.6969,True,9497,0,9497,0.0,0,0.0,,,,,1994-01-01,2020-01-01
680,1251001,DIVÍNEA,RIBEIRÃO CASCALHEIR,MATO GROSSO,-12.9397,-51.8264,True,9497,0,9497,0.0,0,0.0,,,,,1994-01-01,2020-01-01
681,1254001,AGROVENSA,VERA,MATO GROSSO,-12.8131,-54.7517,True,9497,0,9497,0.0,0,0.0,,,,,1994-01-01,2020-01-01
682,1255001,TELES PIRES,SORRISO,MATO GROSSO,-12.675,-55.7931,True,9497,3430,6067,0.36116668421606823,882,0.09287143308413183,4.238163265306123,146.2,1996-01-19,2006-12-31,1994-01-01,2020-01-01
683,1255002,NÚCLEO COLONIAL RIO FERRO,FELIZ NATAL,MATO GROSSO,-12.5178,-54.9125,True,9497,0,9497,0.0,0,0.0,,,,,1994-01-01,2020-01-01
684,1256002,FAZENDA DIVISÃO,LUCAS DO RIO VERDE,MATO GROSSO,-12.9806,-56.3156,True,9497,0,9497,0.0,0,0.0,,,,,1994-01-01,2020-01-01
685,1257000,BRASNORTE,BRASNORTE,MATO GROSSO,-12.1164,-58.0003,True,9497,0,9497,0.0,0,0.0,,,,,1994-01-01,2020-01-01
686,1261001,PARECIS,PARECIS,RONDÔNIA,-12.2092,-61.6286,True,9497,0,9497,0.0,0,0.0,,,,,1994-01-01,2020-01-01
687,1262000,PEDRAS NEGRAS,COSTA MARQUES,RONDÔNIA,-12.8514,-62.8992,True,9497,0,9497,0.0,0,0.0,,,,,1994-01-01,2020-01-01
688,1262001,IZIDOLÂNDIA,ALTA FLORESTA D'OES,RONDÔNIA,-12.6014,-62.1783,True,9497,0,9497,0.0,0,0.0,,,,,1994-01-01,2020-01-01
689,1264000,PRINCIPE DA BEIRA,COSTA MARQUES,RONDÔNIA,-12.4269,-64.4225,True,9497,0,9497,0.0,0,0.0,,,,,1994-01-01,2020-01-01
690,1338009,COROA,VERA CRUZ,BAHIA,-13.0025,-38.6431,True,9497,0,9497,0.0,0,0.0,,,,,1994-01-01,2020-01-01
691,1339000,SANTA LUZIA,WENCESLAU GUIMARÃES,BAHIA,-13.6011,-39.4917,True,9497,0,9497,0.0,0,0.0,,,,,1994-01-01,2020-01-01
692,1339012,ITUBERÁ,ITUBERÁ,BAHIA,-13.8106,-39.1692,True,9497,0,9497,0.0,0,0.0,,,,,1994-01-01,2020-01-01
693,1339020,ARATUIPE,ARATUIPE,BAHIA,-13.5669,-39.0019,True,9497,0,9497,0.0,0,0.0,,,,,1994-01-01,2020-01-01
694,1339027,WENCESLAU GUIMARÃES,WENCESLAU GUIMARÃES,BAHIA,-13.6847,-39.4789,True,9497,0,9497,0.0,0,0.0,,,,,1994-01-01,2020-01-01
695,1339030,MUTUÍPE,MUTUÍPE,BAHIA,-13.225,-39.5042,True,9497,0,9497,0.0,0,0.0,,,,,1994-01-01,2020-01-01
696,1339034,NAZARÉ,NAZARÉ,BAHIA,-13.0308,-39.0322,True,9497,0,9497,0.0,0,0.0,,,,,1994-01-01,2020-01-01
697,1339038,VALENÇA,VALENÇA,BAHIA,-13.3672,-39.0772,True,9497,0,9497,0.0,0,0.0,,,,,1994-01-01,2020-01-01
698,1339041,SANTA INÊS,SANTA INÊS,BAHIA,-13.2975,-39.8214,True,9497,0,9497,0.0,0,0.0,,,,,1994-01-01,2020-01-01
699,1339044,NILO PEÇANHA,NILO PEÇANHA,BAHIA,-13.5967,-39.1247,True,9497,0,9497,0.0,0,0.0,,,,,1994-01-01,2020-01-01
700,1340003,JEQUIÉ,JEQUIÉ,BAHIA,-13.8822,-40.1403,True,9497,0,9497,0.0,0,0.0,,,,,1994-01-01,2020-01-01
701,1341029,ITUAÇU,ITUAÇU,BAHIA,-13.8128,-41.3019,True,9497,0,9497,0.0,0,0.0,,,,,1994-01-01,2020-01-01
702,1343008,PORTO NOVO,SANTANA,BAHIA,-13.2925,-43.9092,True,9497,0,9497,0.0,0,0.0,,,,,1994-01-01,2020-01-01
703,1343019,BOM JESUS DA LAPA,SERRA DO RAMALHO,BAHIA,-13.2553,-43.4358,True,9497,0,9497,0.0,0,0.0,,,,,1994-01-01,2020-01-01
704,1344002,MOCAMBO,SANTA MARIA DA VITÓ,BAHIA,-13.2778,-44.5589,True,9497,0,9497,0.0,0,0.0,,,,,1994-01-01,2020-01-01
705,1344013,GATOS,JABORANDI,BAHIA,-13.7106,-44.6325,True,9497,0,9497,0.0,0,0.0,,,,,1994-01-01,2020-01-01
706,1344014,CORRENTINA,CORRENTINA,BAHIA,-13.3364,-44.6522,True,9497,0,9497,0.0,0,0.0,,,,,1994-01-01,2020-01-01
707,1344015,COLÔNIA DO FORMOSO,CORIBE,BAHIA,-13.5667,-44.3061,True,9497,0,9497,0.0,0,0.0,,,,,1994-01-01,2020-01-01
708,1344016,ARROJADO,CORRENTINA,BAHIA,-13.4508,-44.5656,True,9497,0,9497,0.0,0,0.0,,,,,1994-01-01,2020-01-01
709,1344017,SANTA MARIA DA VITÓRIA,SANTA MARIA DA VITÓ,BAHIA,-13.4006,-44.1975,True,9497,0,9497,0.0,0,0.0,,,,,1994-01-01,2020-01-01
710,1345000,ARROJOLÂNDIA,CORRENTINA,BAHIA,-13.7342,-45.4033,True,9497,0,9497,0.0,0,0.0,,,,,1994-01-01,2020-01-01
711,1346000,SÃO DOMINGOS,SÃO DOMINGOS,GOIÁS,-13.3975,-46.3158,True,9497,0,9497,0.0,0,0.0,,,,,1994-01-01,2020-01-01
712,1346001,NOVA ROMA (FAZ.SUCURI),NOVA ROMA,GOIÁS,-13.7425,-46.8775,True,9497,0,9497,0.0,0,0.0,,,,,1994-01-01,2020-01-01
713,1346002,FAZENDA INGAZEIRO,SÃO DOMINGOS,GOIÁS,-13.6858,-46.5656,True,9497,0,9497,0.0,0,0.0,,,,,1994-01-01,2020-01-01
714,1346004,CAMPOS BELOS,CAMPOS BELOS,GOIÁS,-13.0367,-46.7769,True,9497,0,9497,0.0,0,0.0,,,,,1994-01-01,2020-01-01
715,1346005,SÃO VICENTE,SÃO DOMINGOS,GOIÁS,-13.5508,-46.4672,True,9497,0,9497,0.0,0,0.0,,,,,1994-01-01,2020-01-01
716,1346006,FAZENDA PLANALTO,CORRENTINA,BAHIA,-13.7519,-46.14,True,9497,0,9497,0.0,0,0.0,,,,,1994-01-01,2020-01-01
717,1346007,FAZENDA PRAINHA (FAZ.ANTAS),SÃO DESIDÉRIO,BAHIA,-13.3125,-46.0631,True,9497,0,9497,0.0,0,0.0,,,,,1994-01-01,2020-01-01
718,1347001,PONTE PARANÃ,TERESINA DE GOIÁS,GOIÁS,-13.4253,-47.1392,True,9497,0,9497,0.0,0,0.0,,,,,1994-01-01,2020-01-01
719,1348000,CAMPINAÇU,CAMPINAÇU,GOIÁS,-13.79,-48.5669,True,9497,0,9497,0.0,0,0.0,,,,,1994-01-01,2020-01-01
720,1348003,TROMBAS,TROMBAS,GOIÁS,-13.5128,-48.745,True,9497,0,9497,0.0,0,0.0,,,,,1994-01-01,2020-01-01
721,1349000,ESTRELA DO NORTE,ESTRELA DO NORTE,GOIÁS,-13.8725,-49.0714,True,9497,0,9497,0.0,0,0.0,,,,,1994-01-01,2020-01-01
722,1349001,NOVO PLANALTO,NOVO PLANALTO,GOIÁS,-13.2447,-49.5017,True,9497,0,9497,0.0,0,0.0,,,,,1994-01-01,2020-01-01
723,1349002,PORANGATU (DESCOBERTO),PORANGATU,GOIÁS,-13.4097,-49.1564,True,9497,0,9497,0.0,0,0.0,,,,,1994-01-01,2020-01-01
724,1349003,ENTRONCAMENTO SÃO MIGUEL,PORANGATU,GOIÁS,-13.1028,-49.2014,True,9497,0,9497,0.0,0,0.0,,,,,1994-01-01,2020-01-01
725,1350000,BANDEIRANTES,NOVA CRIXÁS,GOIÁS,-13.6894,-50.7961,True,9497,4748,4749,0.4999473517953038,1093,0.1150889754659366,4.0020471777590565,125.0,1994-01-01,2006-12-31,1994-01-01,2020-01-01
726,1350001,RIO PINTADO (FAZ.PONTAL),SÃO MIGUEL DO ARAGU,GOIÁS,-13.5286,-50.1881,True,9497,0,9497,0.0,0,0.0,,,,,1994-01-01,2020-01-01
727,1350002,SÃO MIGUEL DO ARAGUAIA,SÃO MIGUEL DO ARAGU,GOIÁS,-13.3286,-50.1994,True,9497,0,9497,0.0,0,0.0,,,,,1994-01-01,2020-01-01
728,1351000,TRECHO MÉDIO,COCALINHO,MATO GROSSO,-14.0881,-51.6989,True,9497,0,9497,0.0,0,0.0,,,,,1994-01-01,2020-01-01
729,1352000,FAZENDA SETE DE SETEMBRO,ÁGUA BOA,MATO GROSSO,-13.8836,-52.4128,True,9497,0,9497,0.0,0,0.0,,,,,1994-01-01,2020-01-01
730,1352001,GARAPU,CANARANA,MATO GROSSO,-13.4956,-52.4544,True,9497,0,9497,0.0,0,0.0,,,,,1994-01-01,2020-01-01
731,1352002,SERRA DOURADA,CANARANA,MATO GROSSO,-13.7053,-52.0267,True,9497,0,9497,0.0,0,0.0,,,,,1994-01-01,2020-01-01
732,1353001,ESTÂNCIA RODEIO,CAMPINÁPOLIS,MATO GROSSO,-13.8419,-53.2417,True,9497,0,9497,0.0,0,0.0,,,,,1994-01-01,2020-01-01
733,1354000,FAZENDA AGROCHAPADA,PARANATINGA,MATO GROSSO,-13.4483,-54.2811,True,9497,0,9497,0.0,0,0.0,,,,,1994-01-01,2020-01-01
734,1354001,AGROPECUÁRIA MALP,PARANATINGA,MATO GROSSO,-13.3417,-54.0772,True,9497,0,9497,0.0,0,0.0,,,,,1994-01-01,2020-01-01
735,1355001,PORTO RONCADOR,SORRISO,MATO GROSSO,-13.5564,-55.3317,True,9497,0,9497,0.0,0,0.0,,,,,1994-01-01,2020-01-01
736,1356002,NOVA MUTUM,NOVA MUTUM,MATO GROSSO,-13.8156,-56.1222,True,9497,0,9497,0.0,0,0.0,,,,,1994-01-01,2020-01-01
737,1357000,NOVA MARINGÁ,NOVA MARINGÁ,MATO GROSSO,-13.0661,-57.1133,True,9497,0,9497,0.0,0,0.0,,,,,1994-01-01,2020-01-01
738,1358001,BACAVAL,CAMPO NOVO DO PAREC,MATO GROSSO,-13.6414,-58.2892,True,9497,0,9497,0.0,0,0.0,,,,,1994-01-01,2020-01-01
739,1358002,FAZENDA TUCUNARÉ,SAPEZAL,MATO GROSSO,-13.4667,-58.975,True,9497,0,9497,0.0,0,0.0,,,,,1994-01-01,2020-01-01
740,1358005,SPERÁFICO,SAPEZAL,MATO GROSSO,-13.91,-58.8981,True,9497,0,9497,0.0,0,0.0,,,,,1994-01-01,2020-01-01
741,1359000,PADRONAL,COMODORO,MATO GROSSO,-13.1831,-59.8769,True,9497,0,9497,0.0,0,0.0,,,,,1994-01-01,2020-01-01
742,1359001,VILA ALEGRE,COMODORO,MATO GROSSO,-13.7781,-59.7675,True,9497,0,9497,0.0,0,0.0,,,,,1994-01-01,2020-01-01
743,1360000,COLORADO DO OESTE,COLORADO DO OESTE,RONDÔNIA,-13.1142,-60.5483,True,9497,0,9497,0.0,0,0.0,,,,,1994-01-01,2020-01-01
744,1360001,CEREJEIRA,CEREJEIRAS,RONDÔNIA,-13.1967,-60.8233,True,9497,0,9497,0.0,0,0.0,,,,,1994-01-01,2020-01-01
745,1360002,PIMENTEIRAS,PIMENTEIRAS DO OEST,RONDÔNIA,-13.4797,-61.0464,True,9497,0,9497,0.0,0,0.0,,,,,1994-01-01,2020-01-01
746,1360003,PORTO AZEITE,COMODORO,MATO GROSSO,-13.7306,-60.5883,True,9497,0,9497,0.0,0,0.0,,,,,1994-01-01,2020-01-01
747,1439001,LOMANTO JUNIOR,IBICARAÍ,BAHIA,-14.8103,-39.4714,True,9497,0,9497,0.0,0,0.0,,,,,1994-01-01,2020-01-01
748,1439002,FLORESTA AZUL,FLORESTA AZUL,BAHIA,-14.8597,-39.6583,True,9497,0,9497,0.0,0,0.0,,,,,1994-01-01,2020-01-01
749,1439006,PEDRINHAS,GONGOGI,BAHIA,-14.3267,-39.4686,True,9497,0,9497,0.0,0,0.0,,,,,1994-01-01,2020-01-01
750,1439023,ITAJUÍPE (PIRANJI),ITAJUÍPE,BAHIA,-14.6778,-39.3894,True,9497,0,9497,0.0,0,0.0,,,,,1994-01-01,2020-01-01
751,1439044,SANTA CRUZ DA VITÓRIA,SANTA CRUZ DA VITÓR,BAHIA,-14.9589,-39.8075,True,9497,0,9497,0.0,0,0.0,,,,,1994-01-01,2020-01-01
752,1439089,IBICARAÍ,IBICARAÍ,BAHIA,-14.8694,-39.5883,True,9497,0,9497,0.0,0,0.0,,,,,1994-01-01,2020-01-01
753,1440009,LUCAIA (CAMPOS SALES),PLANALTO,BAHIA,-14.7444,-40.4917,True,9497,0,9497,0.0,0,0.0,,,,,1994-01-01,2020-01-01
754,1440032,AREIÃO,MIRANTE,BAHIA,-14.0339,-40.9675,True,9497,0,9497,0.0,0,0.0,,,,,1994-01-01,2020-01-01
755,1441000,SANTO ANTÔNIO,TANHAÇU,BAHIA,-14.0994,-41.2911,True,9497,0,9497,0.0,0,0.0,,,,,1994-01-01,2020-01-01
756,1442031,URANDI,URANDI,BAHIA,-14.7603,-42.6561,True,9497,0,9497,0.0,0,0.0,,,,,1994-01-01,2020-01-01
757,1443001,MANGA,MANGA,MINAS GERAIS,-14.7567,-43.9322,True,9497,0,9497,0.0,0,0.0,,,,,1994-01-01,2020-01-01
758,1443002,CARINHANHA,CARINHANHA,BAHIA,-14.3044,-43.7681,True,9497,0,9497,0.0,0,0.0,,,,,1994-01-01,2020-01-01
759,1443026,PALMAS DE MONTE ALTO,PALMAS DE MONTE ALT,BAHIA,-14.2594,-43.1656,True,9497,0,9497,0.0,0,0.0,,,,,1994-01-01,2020-01-01
760,1444000,SÃO GONÇALO,MONTALVÂNIA,MINAS GERAIS,-14.3136,-44.4603,True,9497,0,9497,0.0,0,0.0,,,,,1994-01-01,2020-01-01
761,1444001,CAPITÂNEA,MONTALVÂNIA,MINAS GERAIS,-14.4311,-44.4817,True,9497,4352,5145,0.45824997367589765,889,0.0936085079498789,2.390418198529412,134.5,1994-01-01,2005-12-31,1994-01-01,2020-01-01
762,1444003,MIRAVANIA,MANGA,MINAS GERAIS,-14.7475,-44.4111,True,9497,0,9497,0.0,0,0.0,,,,,1994-01-01,2020-01-01
763,1444004,JUVENÍLIA,MONTALVÂNIA,MINAS GERAIS,-14.2658,-44.1572,True,9497,0,9497,0.0,0,0.0,,,,,1994-01-01,2020-01-01
764,1444005,LAGOA DAS PEDRAS,MONTALVÂNIA,MINAS GERAIS,-14.2806,-44.4094,True,9497,0,9497,0.0,0,0.0,,,,,1994-01-01,2020-01-01
765,1444017,FAZENDA PORTO ALEGRE,COCOS,BAHIA,-14.2683,-44.5217,True,9497,0,9497,0.0,0,0.0,,,,,1994-01-01,2020-01-01
766,1445000,CAJUEIRO,JANUÁRIA,MINAS GERAIS,-14.8361,-45.1733,True,9497,0,9497,0.0,0,0.0,,,,,1994-01-01,2020-01-01
767,1446004,SÍTIO D'ABADIA,SÍTIO D'ABADIA,GOIÁS,-14.8039,-46.2533,True,9497,0,9497,0.0,0,0.0,,,,,1994-01-01,2020-01-01
768,1447000,ALTO PARAÍSO DE GOIÁS,ALTO PARAÍSO DE GOI,GOIÁS,-14.1347,-47.5117,True,9497,0,9497,0.0,0,0.0,,,,,1994-01-01,2020-01-01
769,1447002,SÃO JOÃO D'ALIANÇA,SÃO JOÃO D'ALIANÇA,GOIÁS,-14.7072,-47.5236,True,9497,0,9497,0.0,0,0.0,,,,,1994-01-01,2020-01-01
770,1448001,NIQUELÂNDIA,NIQUELÂNDIA,GOIÁS,-14.475,-48.4583,True,9497,0,9497,0.0,0,0.0,,,,,1994-01-01,2020-01-01
771,1448004,MOQUEM - FAZENDA VAU DA ONÇA,NIQUELÂNDIA,GOIÁS,-14.5489,-48.1653,True,9497,0,9497,0.0,0,0.0,,,,,1994-01-01,2020-01-01
772,1448005,PALMEIRINHA,CAMPINAÇU,GOIÁS,-14.0222,-48.6111,True,9497,0,9497,0.0,0,0.0,,,,,1994-01-01,2020-01-01
773,1449000,PILAR DE GOIÁS,PILAR DE GOIÁS,GOIÁS,-14.7611,-49.5803,True,9497,0,9497,0.0,0,0.0,,,,,1994-01-01,2020-01-01
774,1449001,PORTO URUAÇU,URUAÇU,GOIÁS,-14.5553,-49.1394,True,9497,0,9497,0.0,0,0.0,,,,,1994-01-01,2020-01-01
775,1449002,SANTA TEREZINHA DE GOIÁS,SANTA TEREZINHA DE,GOIÁS,-14.4336,-49.7167,True,9497,0,9497,0.0,0,0.0,,,,,1994-01-01,2020-01-01
776,1449003,CRIXAS,CRIXAS,GOIÁS,-14.5325,-49.9628,True,9497,0,9497,0.0,0,0.0,,,,,1994-01-01,2020-01-01
777,1450000,LAGOA DA FLECHA,NOVA CRIXÁS,GOIÁS,-14.3328,-50.7303,True,9497,0,9497,0.0,0,0.0,,,,,1994-01-01,2020-01-01
778,1450001,MOZARLÂNDIA (CHAC. FOGUEIRA),MOZARLÂNDIA,GOIÁS,-14.7414,-50.5772,True,9497,0,9497,0.0,0,0.0,,,,,1994-01-01,2020-01-01
779,1450002,GOVERNADOR LEÔNINO,NOVA CRIXÁS,GOIÁS,-14.0972,-50.3328,True,9497,0,9497,0.0,0,0.0,,,,,1994-01-01,2020-01-01
780,1451000,ARUANÃ,ARUANÃ,GOIÁS,-14.9275,-51.0828,True,9497,0,9497,0.0,0,0.0,,,,,1994-01-01,2020-01-01
781,1452000,XAVANTINA,NOVA XAVANTINA,MATO GROSSO,-14.6722,-52.3547,True,9497,0,9497,0.0,0,0.0,,,,,1994-01-01,2020-01-01
782,1452004,ÁGUA BOA,ÁGUA BOA,MATO GROSSO,-14.0764,-52.1503,True,9497,0,9497,0.0,0,0.0,,,,,1994-01-01,2020-01-01
783,1453000,PASSAGEM DA BR-309,PARANATINGA,MATO GROSSO,-14.6119,-53.9986,True,9497,0,9497,0.0,0,0.0,,,,,1994-01-01,2020-01-01
784,1454000,PARANATINGA,PARANATINGA,MATO GROSSO,-14.4178,-54.0494,True,9497,0,9497,0.0,0,0.0,,,,,1994-01-01,2020-01-01
785,1454002,NOVA BRASILÂNDIA,NOVA BRASILÂNDIA,MATO GROSSO,-14.9261,-54.9728,True,9497,0,9497,0.0,0,0.0,,,,,1994-01-01,2020-01-01
786,1455008,FAZENDA RAIZAMA (COIMBRA),ROSÁRIO OESTE,MATO GROSSO,-14.8439,-55.855,True,9497,0,9497,0.0,0,0.0,,,,,1994-01-01,2020-01-01
787,1456001,ARENÁPOLIS (CANAÃ),ARENÁPOLIS,MATO GROSSO,-14.4694,-56.85,True,9497,0,9497,0.0,0,0.0,,,,,1994-01-01,2020-01-01
788,1456003,NORTELÂNDIA,NORTELÂNDIA,MATO GROSSO,-14.4511,-56.8142,True,9497,4748,4749,0.4999473517953038,1442,0.15183742234389808,4.801798652064027,160.3,1994-01-01,2006-12-31,1994-01-01,2020-01-01
789,1456009,PARECIS (BR-364),DIAMANTINO,MATO GROSSO,-14.1564,-56.9331,True,9497,0,9497,0.0,0,0.0,,,,,1994-01-01,2020-01-01
790,1457000,TAPIRAPUÃ,TANGARÁ DA SERRA,MATO GROSSO,-14.8506,-57.7678,True,9497,0,9497,0.0,0,0.0,,,,,1994-01-01,2020-01-01
791,1457001,TANGARÁ DA SERRA,BARRA DO BUGRES,MATO GROSSO,-14.6322,-57.4686,True,9497,0,9497,0.0,0,0.0,,,,,1994-01-01,2020-01-01
792,1457003,DECIOLÂNDIA,DIAMANTINO,MATO GROSSO,-14.1833,-57.5069,True,9497,0,9497,0.0,0,0.0,,,,,1994-01-01,2020-01-01
793,1457004,PRÓXIMO ILHOCA,TANGARÁ DA SERRA,MATO GROSSO,-14.5847,-57.925,True,9497,0,9497,0.0,0,0.0,,,,,1994-01-01,2020-01-01
794,1458002,BRASFOR,TANGARÁ DA SERRA,MATO GROSSO,-14.3842,-58.2344,True,9497,0,9497,0.0,0,0.0,,,,,1994-01-01,2020-01-01
795,1459003,NOVA LACERDA,NOVA LACERDA,MATO GROSSO,-14.4694,-59.5939,True,9497,0,9497,0.0,0,0.0,,,,,1994-01-01,2020-01-01
796,1538001,BELMONTE,BELMONTE,BAHIA,-15.8706,-38.8886,True,9497,0,9497,0.0,0,0.0,,,,,1994-01-01,2020-01-01
797,1539002,SÃO JOSÉ,SÃO JOSÉ DA VITÓRIA,BAHIA,-15.0922,-39.3456,True,9497,0,9497,0.0,0,0.0,,,,,1994-01-01,2020-01-01
798,1539006,ITAPEBI,ITAPEBI,BAHIA,-15.9608,-39.5261,True,9497,0,9497,0.0,0,0.0,,,,,1994-01-01,2020-01-01
799,1539008,ITAJÚ DO COLÔNIA,ITAJU DO COLÔNIA,BAHIA,-15.1389,-39.7242,True,9497,0,9497,0.0,0,0.0,,,,,1994-01-01,2020-01-01
800,1539010,MASCOTE,MASCOTE,BAHIA,-15.5642,-39.3017,True,9497,0,9497,0.0,0,0.0,,,,,1994-01-01,2020-01-01
801,1539014,FAZENDA NANCY,CAMACAN,BAHIA,-15.6033,-39.5169,True,9497,0,9497,0.0,0,0.0,,,,,1994-01-01,2020-01-01
802,1539016,FAZENDA MANAUS,ITAJU DO COLÔNIA,BAHIA,-15.1544,-39.7692,True,9497,0,9497,0.0,0,0.0,,,,,1994-01-01,2020-01-01
803,1539022,CAMACAN (VARGITO),CAMACAN,BAHIA,-15.4253,-39.4928,True,9497,0,9497,0.0,0,0.0,,,,,1994-01-01,2020-01-01
804,1540003,INHOBIM,VITÓRIA DA CONQUIST,BAHIA,-15.3408,-40.9328,True,9497,0,9497,0.0,0,0.0,,,,,1994-01-01,2020-01-01
805,1540004,ITAMBÉ,ITAMBÉ,BAHIA,-15.2483,-40.6311,True,9497,0,9497,0.0,0,0.0,,,,,1994-01-01,2020-01-01
806,1540019,JORDANIA,JORDANIA,MINAS GERAIS,-15.8944,-40.1697,True,9497,0,9497,0.0,0,0.0,,,,,1994-01-01,2020-01-01
807,1540020,BANDEIRA,BANDEIRA,MINAS GERAIS,-15.8817,-40.5633,True,9497,0,9497,0.0,0,0.0,,,,,1994-01-01,2020-01-01
808,1541001,CÂNDIDO SALES,CÂNDIDO SALES,BAHIA,-15.505,-41.2292,True,9497,0,9497,0.0,0,0.0,,,,,1994-01-01,2020-01-01
809,1541010,ITAMARATI,ÁGUAS VERMELHAS,MINAS GERAIS,-15.5808,-41.4086,True,9497,0,9497,0.0,0,0.0,,,,,1994-01-01,2020-01-01
810,1541013,VEREDA DO PARAÍSO,SÃO JOÃO DO PARAÍSO,MINAS GERAIS,-15.4897,-41.4578,True,9497,0,9497,0.0,0,0.0,,,,,1994-01-01,2020-01-01
811,1542014,SÃO JOÃO DO PARAÍSO,SÃO JOÃO DO PARAÍSO,MINAS GERAIS,-15.3167,-42.0228,True,9497,0,9497,0.0,0,0.0,,,,,1994-01-01,2020-01-01
812,1542015,RIO PARDO DE MINAS,RIO PARDO DE MINAS,MINAS GERAIS,-15.5983,-42.5475,True,9497,0,9497,0.0,0,0.0,,,,,1994-01-01,2020-01-01
813,1542016,SERRA BRANCA,PORTEIRINHA,MINAS GERAIS,-15.6367,-42.9436,True,9497,0,9497,0.0,0,0.0,,,,,1994-01-01,2020-01-01
814,1543002,COLÔNIA DO JAÍBA,JAÍBA,MINAS GERAIS,-15.3411,-43.6753,True,9497,0,9497,0.0,0,0.0,,,,,1994-01-01,2020-01-01
815,1543013,JANAÚBA,JANAÚBA,MINAS GERAIS,-15.7756,-43.2797,True,9497,0,9497,0.0,0,0.0,,,,,1994-01-01,2020-01-01
816,1544012,SÃO FRANCISCO,SÃO FRANCISCO,MINAS GERAIS,-15.9494,-44.8681,True,9497,0,9497,0.0,0,0.0,,,,,1994-01-01,2020-01-01
817,1544017,PEDRAS DE MARIA DA CRUZ,JANUÁRIA,MINAS GERAIS,-15.5978,-44.3903,True,9497,0,9497,0.0,0,0.0,,,,,1994-01-01,2020-01-01
818,1544018,FAZENDA CANADÁ,ITACARAMBI,MINAS GERAIS,-15.0225,-44.0536,True,9497,0,9497,0.0,0,0.0,,,,,1994-01-01,2020-01-01
819,1544019,SÃO JOÃO DA PONTE,SÃO JOÃO DA PONTE,MINAS GERAIS,-15.9303,-44.0042,True,9497,0,9497,0.0,0,0.0,,,,,1994-01-01,2020-01-01
820,1544030,VARZELÂNDIA,VARZELÂNDIA,MINAS GERAIS,-15.7042,-44.0286,True,9497,0,9497,0.0,0,0.0,,,,,1994-01-01,2020-01-01
821,1544032,USINA DO PANDEIROS - MONTANTE,JANUÁRIA,MINAS GERAIS,-15.4831,-44.7672,True,9497,0,9497,0.0,0,0.0,,,,,1994-01-01,2020-01-01
822,1545002,SERRA DAS ARARAS,SÃO FRANCISCO,MINAS GERAIS,-15.5022,-45.39,True,9497,4291,5206,0.45182689270295884,970,0.10213751711066653,3.0676765322768587,149.1,1994-02-01,2005-12-31,1994-01-01,2020-01-01
823,1545004,GAUCHOS,SÃO FRANCISCO,MINAS GERAIS,-15.295,-45.6267,True,9497,0,9497,0.0,0,0.0,,,,,1994-01-01,2020-01-01
824,1546000,ARINOS - MONTANTE,ARINOS,MINAS GERAIS,-15.9178,-46.1192,True,9497,0,9497,0.0,0,0.0,,,,,1994-01-01,2020-01-01
825,1546001,BURITIS - JUSANTE,BURITIS,MINAS GERAIS,-15.6158,-46.415,True,9497,0,9497,0.0,0,0.0,,,,,1994-01-01,2020-01-01
826,1546005,CABECEIRAS,CABECEIRAS,GOIÁS,-15.8008,-46.9247,True,9497,0,9497,0.0,0,0.0,,,,,1994-01-01,2020-01-01
827,1546010,FAZENDA CARVALHO,BURITIS,MINAS GERAIS,-15.5242,-46.2844,True,9497,0,9497,0.0,0,0.0,,,,,1994-01-01,2020-01-01
828,1546011,PIRATINGA,FORMOSO,MINAS GERAIS,-15.0314,-46.2922,True,9497,0,9497,0.0,0,0.0,,,,,1994-01-01,2020-01-01
829,1548001,MIMOSO,MIMOSO DE GOIÁS,GOIÁS,-15.0631,-48.1664,True,9497,0,9497,0.0,0,0.0,,,,,1994-01-01,2020-01-01
830,1548003,PIRENÓPOLIS,PIRENÓPOLIS,GOIÁS,-15.8547,-48.9661,True,9497,0,9497,0.0,0,0.0,,,,,1994-01-01,2020-01-01
831,1548011,FAZENDA MARAJÁ,PADRE BERNARDO,GOIÁS,-15.5414,-48.5542,True,9497,0,9497,0.0,0,0.0,,,,,1994-01-01,2020-01-01
832,1548020,ÁGUAS LINDAS,ÁGUAS LINDAS DE GOI,GOIÁS,-15.7414,-48.3056,True,9497,0,9497,0.0,0,0.0,,,,,1994-01-01,2020-01-01
833,1549001,GOIANÉSIA,GOIANÉSIA,GOIÁS,-15.3292,-49.1217,True,9497,0,9497,0.0,0,0.0,,,,,1994-01-01,2020-01-01
834,1549002,ITAPURANGA,ITAPURANGA,GOIÁS,-15.5642,-49.9436,True,9497,0,9497,0.0,0,0.0,,,,,1994-01-01,2020-01-01
835,1549003,JARAGUÁ,JARAGUÁ,GOIÁS,-15.7581,-49.3369,True,9497,0,9497,0.0,0,0.0,,,,,1994-01-01,2020-01-01
836,1549004,NOVA AMÉRICA,NOVA AMÉRICA,GOIÁS,-15.0206,-49.8917,True,9497,0,9497,0.0,0,0.0,,,,,1994-01-01,2020-01-01
837,1549009,URUANA,URUANA,GOIÁS,-15.4961,-49.6908,True,9497,0,9497,0.0,0,0.0,,,,,1994-01-01,2020-01-01
838,1550000,ITAPIRAPUA,ITAPIRAPUÃ,GOIÁS,-15.8158,-50.6086,True,9497,0,9497,0.0,0,0.0,,,,,1994-01-01,2020-01-01
839,1550001,JEROAQUARA,FAINA,GOIÁS,-15.3731,-50.5,True,9497,0,9497,0.0,0,0.0,,,,,1994-01-01,2020-01-01
840,1550002,TRAVESSÃO,MATRINCHÃ,GOIÁS,-15.5356,-50.7028,True,9497,0,9497,0.0,0,0.0,,,,,1994-01-01,2020-01-01
841,1551000,BRITÂNIA,BRITÂNIA,GOIÁS,-15.2461,-51.1633,True,9497,0,9497,0.0,0,0.0,,,,,1994-01-01,2020-01-01
842,1551001,MONTES CLAROS DE GOIÁS,MONTES CLAROS DE GO,GOIÁS,-15.9408,-51.3572,True,9497,0,9497,0.0,0,0.0,,,,,1994-01-01,2020-01-01
843,1551002,PERES,ARAGARÇAS,GOIÁS,-15.89,-51.8536,True,9497,0,9497,0.0,0,0.0,,,,,1994-01-01,2020-01-01
844,1551003,SANTA FÉ,SANTA FÉ DE GOIÁS,GOIÁS,-15.7672,-51.1044,True,9497,0,9497,0.0,0,0.0,,,,,1994-01-01,2020-01-01
845,1552001,GENERAL CARNEIRO,GENERAL CARNEIRO,MATO GROSSO,-15.7111,-52.7544,True,9497,0,9497,0.0,0,0.0,,,,,1994-01-01,2020-01-01
846,1552002,TORIQUEJE,BARRA DO GARÇAS,MATO GROSSO,-15.2503,-53.0553,True,9497,0,9497,0.0,0,0.0,,,,,1994-01-01,2020-01-01
847,1552006,PINDAÍBA,BARRA DO GARÇAS,MATO GROSSO,-15.0356,-52.2375,True,9497,0,9497,0.0,0,0.0,,,,,1994-01-01,2020-01-01
848,1553003,FAZENDA ANJO DA GUARDA,GENERAL CARNEIRO,MATO GROSSO,-15.5419,-53.4519,True,9497,0,9497,0.0,0,0.0,,,,,1994-01-01,2020-01-01
849,1554005,RIO DAS MORTES,PRIMAVERA DO LESTE,MATO GROSSO,-15.3147,-54.1758,True,9497,0,9497,0.0,0,0.0,,,,,1994-01-01,2020-01-01
850,1554006,JACIARA,JACIARA,MATO GROSSO,-15.9889,-54.9683,True,9497,0,9497,0.0,0,0.0,,,,,1994-01-01,2020-01-01
851,1555005,SÃO JOSÉ DA SERRA,CAMPO VERDE,MATO GROSSO,-15.8361,-55.3219,True,9497,0,9497,0.0,0,0.0,,,,,1994-01-01,2020-01-01
852,1555008,FAZENDA ESTIVA PR3,CHAPADA DOS GUIMARÃ,MATO GROSSO,-15.2328,-55.7411,True,9497,0,9497,0.0,0,0.0,,,,,1994-01-01,2020-01-01
853,1556000,NOSSA SENHORA DA GUIA,CUIABÁ,MATO GROSSO,-15.355,-56.2317,True,9497,0,9497,0.0,0,0.0,,,,,1994-01-01,2020-01-01
854,1556001,N.S. LIVRAMENTO - BOSQUE F. BARROS,NOSSA SENHORA DO LI,MATO GROSSO,-15.7739,-56.3497,True,9497,4646,4851,0.4892071180372749,1247,0.13130462251237232,3.5637107188979766,122.4,1994-01-01,2006-12-31,1994-01-01,2020-01-01
855,1556006,SECO (FAZENDA SECO),VÁRZEA GRANDE,MATO GROSSO,-15.6353,-56.6117,True,9497,0,9497,0.0,0,0.0,,,,,1994-01-01,2020-01-01
856,1556007,SANTA EDWIGES,VÁRZEA GRANDE,MATO GROSSO,-15.6986,-55.1356,True,9497,0,9497,0.0,0,0.0,,,,,1994-01-01,2020-01-01
857,1557001,BARRA DO BUGRES,BARRA DO BUGRES,MATO GROSSO,-15.0767,-57.1825,True,9497,0,9497,0.0,0,0.0,,,,,1994-01-01,2020-01-01
858,1557003,BARRANQUINHO,PORTO ESTRELA,MATO GROSSO,-15.6422,-57.475,True,9497,0,9497,0.0,0,0.0,,,,,1994-01-01,2020-01-01
859,1557005,SÃO JOSÉ DO SEPOTUBA,SALTO DO CÉU,MATO GROSSO,-15.0925,-57.6803,True,9497,0,9497,0.0,0,0.0,,,,,1994-01-01,2020-01-01
860,1558000,COLÔNIA RIO BRANCO,RIO BRANCO,MATO GROSSO,-15.2453,-58.1133,True,9497,0,9497,0.0,0,0.0,,,,,1994-01-01,2020-01-01
861,1558001,PONTE CABAÇAL MT-125,MIRASSOL D'OESTE,MATO GROSSO,-15.4692,-57.8942,True,9497,0,9497,0.0,0,0.0,,,,,1994-01-01,2020-01-01
862,1558004,ALTO JAURÚ,INDIAVAÍ,MATO GROSSO,-15.44,-58.5878,True,9497,0,9497,0.0,0,0.0,,,,,1994-01-01,2020-01-01
863,1558005,PORTO ESPERIDIÃO,PORTO ESPERIDIÃO,MATO GROSSO,-15.8533,-58.4658,True,9497,0,9497,0.0,0,0.0,,,,,1994-01-01,2020-01-01
864,1559000,PONTES E LACERDA,PONTES E LACERDA,MATO GROSSO,-15.2242,-59.3503,True,9497,0,9497,0.0,0,0.0,,,,,1994-01-01,2020-01-01
865,1559006,MATO GROSSO,VILA BELA DA SANTÍS,MATO GROSSO,-15.0081,-59.9492,True,9497,0,9497,0.0,0,0.0,,,,,1994-01-01,2020-01-01
866,1560000,FAZENDA AREIÃO,VILA BELA DA SANTÍS,MATO GROSSO,-15.4003,-60.0317,True,9497,0,9497,0.0,0,0.0,,,,,1994-01-01,2020-01-01
867,1639000,MUNDO NOVO,EUNÁPOLIS,BAHIA,-16.265,-39.5833,True,9497,0,9497,0.0,0,0.0,,,,,1994-01-01,2020-01-01
868,1640000,JACINTO,JACINTO,MINAS GERAIS,-16.1386,-40.2903,True,9497,0,9497,0.0,0,0.0,,,,,1994-01-01,2020-01-01
869,1640001,FAZENDA CAJUEIRO,ALMENARA,MINAS GERAIS,-16.1203,-40.7394,True,9497,0,9497,0.0,0,0.0,,,,,1994-01-01,2020-01-01
870,1640009,RUBIM,RUBIM,MINAS GERAIS,-16.3789,-40.5408,True,9497,0,9497,0.0,0,0.0,,,,,1994-01-01,2020-01-01
871,1640010,FELISBURGO,FELISBURGO,MINAS GERAIS,-16.6342,-40.7606,True,9497,0,9497,0.0,0,0.0,,,,,1994-01-01,2020-01-01
872,1640012,JUCURUÇU,ITAMARAJU,BAHIA,-16.8386,-40.1564,True,9497,0,9497,0.0,0,0.0,,,,,1994-01-01,2020-01-01
873,1641001,ITAOBIM,ITAOBIM,MINAS GERAIS,-16.5683,-41.5031,True,9497,0,9497,0.0,0,0.0,,,,,1994-01-01,2020-01-01
874,1641002,JEQUITINHONHA,JEQUITINHONHA,MINAS GERAIS,-16.4275,-41.0139,True,9497,0,9497,0.0,0,0.0,,,,,1994-01-01,2020-01-01
875,1641007,SÃO JOÃO GRANDE,ITAOBIM,MINAS GERAIS,-16.6894,-41.4983,True,9497,0,9497,0.0,0,0.0,,,,,1994-01-01,2020-01-01
876,1641010,ITINGA,ITINGA,MINAS GERAIS,-16.6181,-41.7675,True,9497,0,9497,0.0,0,0.0,,,,,1994-01-01,2020-01-01
877,1641011,MEDINA,MEDINA,MINAS GERAIS,-16.23,-41.4808,True,9497,0,9497,0.0,0,0.0,,,,,1994-01-01,2020-01-01
878,1641012,FAZENDA BOA SORTE JUSANTE,JOAÍMA,MINAS GERAIS,-16.5961,-41.0244,True,9497,0,9497,0.0,0,0.0,,,,,1994-01-01,2020-01-01
879,1641013,COMERCINHO,COMERCINHO,MINAS GERAIS,-16.2961,-41.7903,True,9497,0,9497,0.0,0,0.0,,,,,1994-01-01,2020-01-01
880,1642002,CORONEL MURTA,CORONEL MURTA,MINAS GERAIS,-16.6131,-42.1869,True,9497,0,9497,0.0,0,0.0,,,,,1994-01-01,2020-01-01
881,1642007,PORTO MANDACARU,GRÃO MOGOL,MINAS GERAIS,-16.6789,-42.4856,True,9497,0,9497,0.0,0,0.0,,,,,1994-01-01,2020-01-01
882,1642008,RUBELITA,RUBELITA,MINAS GERAIS,-16.4119,-42.2683,True,9497,0,9497,0.0,0,0.0,,,,,1994-01-01,2020-01-01
883,1642013,PEGA,VIRGEM DA LAPA,MINAS GERAIS,-16.86,-42.3475,True,9497,0,9497,0.0,0,0.0,,,,,1994-01-01,2020-01-01
884,1642014,FAZENDA JAMBEIRO - GRÃO MOGOL,GRÃO MOGOL,MINAS GERAIS,-16.5914,-42.9183,True,9497,4018,5479,0.4230809729388228,805,0.08476360956091397,2.7789696366351424,98.0,1994-01-01,2005-12-31,1994-01-01,2020-01-01
885,1642026,PONTE VACARIA,SALINAS,MINAS GERAIS,-16.1931,-42.5942,True,9497,0,9497,0.0,0,0.0,,,,,1994-01-01,2020-01-01
886,1642027,BARRA DO SALINAS,CORONEL MURTA,MINAS GERAIS,-16.6178,-42.3089,True,9497,0,9497,0.0,0,0.0,,,,,1994-01-01,2020-01-01
887,1642028,ITIRA,ARAÇUAÍ,MINAS GERAIS,-16.7608,-42.0061,True,9497,0,9497,0.0,0,0.0,,,,,1994-01-01,2020-01-01
888,1643020,CAPITÃO ENÉAS,CAPITÃO ENÉAS,MINAS GERAIS,-16.3222,-43.715,True,9497,0,9497,0.0,0,0.0,,,,,1994-01-01,2020-01-01
889,1643026,BOM JARDIM,SÃO JOÃO DA PONTE,MINAS GERAIS,-16.1086,-43.8561,True,9497,0,9497,0.0,0,0.0,,,,,1994-01-01,2020-01-01
890,1644027,BRASÍLIA DE MINAS - JUSANTE,BRASÍLIA DE MINAS,MINAS GERAIS,-16.2064,-44.4253,True,9497,0,9497,0.0,0,0.0,,,,,1994-01-01,2020-01-01
891,1644028,SÃO JOÃO DA VEREDA,MONTES CLAROS,MINAS GERAIS,-16.7025,-44.1172,True,9497,0,9497,0.0,0,0.0,,,,,1994-01-01,2020-01-01
892,1645000,SÃO ROMÃO,SÃO ROMÃO,MINAS GERAIS,-16.3717,-45.0828,True,9497,0,9497,0.0,0,0.0,,,,,1994-01-01,2020-01-01
893,1645002,SANTO INÁCIO,SÃO ROMÃO,MINAS GERAIS,-16.2817,-45.4142,True,9497,0,9497,0.0,0,0.0,,,,,1994-01-01,2020-01-01
894,1645003,BARRA DO ESCURO,SÃO ROMÃO,MINAS GERAIS,-16.2686,-45.2378,True,9497,0,9497,0.0,0,0.0,,,,,1994-01-01,2020-01-01
895,1645005,VILA URUCUIA,SÃO FRANCISCO,MINAS GERAIS,-16.1336,-45.7422,True,9497,0,9497,0.0,0,0.0,,,,,1994-01-01,2020-01-01
896,1645007,PORTO ALEGRE,SANTA FÉ DE MINAS,MINAS GERAIS,-16.9089,-45.3786,True,9497,0,9497,0.0,0,0.0,,,,,1994-01-01,2020-01-01
897,1645009,CACHOEIRA DA MANTEIGA,BURITIZEIRO,MINAS GERAIS,-16.6569,-45.0808,True,9497,0,9497,0.0,0,0.0,,,,,1994-01-01,2020-01-01
898,1645013,FAZENDA ÁGUA BRANCA,BURITIZEIRO,MINAS GERAIS,-16.8072,-45.0303,True,9497,0,9497,0.0,0,0.0,,,,,1994-01-01,2020-01-01
899,1645019,FAZENDA CONCEIÇÃO,SÃO ROMÃO,MINAS GERAIS,-16.4286,-45.7422,True,9497,0,9497,0.0,0,0.0,,,,,1994-01-01,2020-01-01
900,1646000,PORTO DOS POÇÕES,DOM BOSCO,MINAS GERAIS,-16.8297,-46.3222,True,9497,0,9497,0.0,0,0.0,,,,,1994-01-01,2020-01-01
901,1646001,UNAÍ,UNAÍ,MINAS GERAIS,-16.3514,-46.8897,True,9497,0,9497,0.0,0,0.0,,,,,1994-01-01,2020-01-01
902,1646003,SANTO ANTÔNIO DO BOQUEIRÃO,UNAÍ,MINAS GERAIS,-16.5297,-46.7211,True,9497,0,9497,0.0,0,0.0,,,,,1994-01-01,2020-01-01
903,1646004,FAZENDA O RESFRIADO,UNAÍ,MINAS GERAIS,-16.5028,-46.6628,True,9497,0,9497,0.0,0,0.0,,,,,1994-01-01,2020-01-01
904,1647008,FAZENDA LIMEIRA,UNAÍ,MINAS GERAIS,-16.2089,-47.2325,True,9497,0,9497,0.0,0,0.0,,,,,1994-01-01,2020-01-01
905,1648001,PONTE ANÁPOLIS - BRASÍLIA,ALEXÂNIA,GOIÁS,-16.1431,-48.6,True,9497,0,9497,0.0,0,0.0,,,,,1994-01-01,2020-01-01
906,1649000,ANICUNS,ANICUNS,GOIÁS,-16.4653,-49.9428,True,9497,0,9497,0.0,0,0.0,,,,,1994-01-01,2020-01-01
907,1649001,ARAGOIÂNIA,ARAGOIÂNIA,GOIÁS,-16.9119,-49.4522,True,9497,0,9497,0.0,0,0.0,,,,,1994-01-01,2020-01-01
908,1649004,GOIANÁPOLIS,GOIANÁPOLIS,GOIÁS,-16.5164,-49.0203,True,9497,0,9497,0.0,0,0.0,,,,,1994-01-01,2020-01-01
909,1649006,INHUMAS,INHUMAS,GOIÁS,-16.3467,-49.495,True,9497,0,9497,0.0,0,0.0,,,,,1994-01-01,2020-01-01
910,1649007,ITABERAÍ,ITABERAÍ,GOIÁS,-16.0275,-49.8003,True,9497,0,9497,0.0,0,0.0,,,,,1994-01-01,2020-01-01
911,1649009,OURO VERDE DE GOIÁS,OURO VERDE DE GOIÁS,GOIÁS,-16.2186,-49.1978,True,9497,3397,6100,0.3576919027061177,1006,0.10592818784879436,4.544509861642626,218.8,1994-01-01,2006-12-31,1994-01-01,2020-01-01
912,1649010,PALMEIRAS DE GOIÁS,PALMEIRAS DE GOIÁS,GOIÁS,-16.8031,-49.9286,True,9497,0,9497,0.0,0,0.0,,,,,1994-01-01,2020-01-01
913,1649012,TRINDADE,TRINDADE,GOIÁS,-16.6611,-49.4878,True,9497,0,9497,0.0,0,0.0,,,,,1994-01-01,2020-01-01
914,1650000,CACHOEIRA DE GOIÁS,CACHOEIRA DE GOIÁS,GOIÁS,-16.6694,-50.6492,True,9497,0,9497,0.0,0,0.0,,,,,1994-01-01,2020-01-01
915,1650001,CÓRREGO DO OURO,CÓRREGO DO OURO,GOIÁS,-16.2983,-50.5567,True,9497,0,9497,0.0,0,0.0,,,,,1994-01-01,2020-01-01
916,1650002,ISRAELÂNDIA,ISRAELÂNDIA,GOIÁS,-16.3164,-50.9061,True,9497,0,9497,0.0,0,0.0,,,,,1994-01-01,2020-01-01
917,1650003,TURVÂNIA,TURVÂNIA,GOIÁS,-16.6094,-50.1328,True,9497,0,9497,0.0,0,0.0,,,,,1994-01-01,2020-01-01
918,1651000,CAIAPONIA,CAIAPÔNIA,GOIÁS,-16.9497,-51.7994,True,9497,0,9497,0.0,0,0.0,,,,,1994-01-01,2020-01-01
919,1651001,IPORÁ,IPORÁ,GOIÁS,-16.4281,-51.0828,True,9497,0,9497,0.0,0,0.0,,,,,1994-01-01,2020-01-01
920,1651002,PIRANHAS,PIRANHAS,GOIÁS,-16.4233,-51.8228,True,9497,0,9497,0.0,0,0.0,,,,,1994-01-01,2020-01-01
921,1651003,SÃO FERREIRA,ARENÓPOLIS,GOIÁS,-16.3058,-51.4706,True,9497,0,9497,0.0,0,0.0,,,,,1994-01-01,2020-01-01
922,1652000,BOM JARDIM DE GOIÁS,BOM JARDIM DE GOIÁS,GOIÁS,-16.2092,-52.1686,True,9497,0,9497,0.0,0,0.0,,,,,1994-01-01,2020-01-01
923,1652001,PONTE BRANCA,PONTE BRANCA,MATO GROSSO,-16.7664,-52.8372,True,9497,0,9497,0.0,0,0.0,,,,,1994-01-01,2020-01-01
924,1652002,TORIXOREU,TORIXORÉU,MATO GROSSO,-16.2014,-52.55,True,9497,0,9497,0.0,0,0.0,,,,,1994-01-01,2020-01-01
925,1652003,DOVERLÂNDIA,DOVERLÂNDIA,GOIÁS,-16.7217,-52.3211,True,9497,0,9497,0.0,0,0.0,,,,,1994-01-01,2020-01-01
926,1653000,TESOURO,TESOURO,MATO GROSSO,-16.0767,-53.5511,True,9497,0,9497,0.0,0,0.0,,,,,1994-01-01,2020-01-01
927,1653002,GUIRATINGA,GUIRATINGA,MATO GROSSO,-16.3528,-53.7608,True,9497,0,9497,0.0,0,0.0,,,,,1994-01-01,2020-01-01
928,1653004,ALTO GARÇAS,ALTO GARÇAS,MATO GROSSO,-16.9442,-53.5336,True,9497,0,9497,0.0,0,0.0,,,,,1994-01-01,2020-01-01
929,1653005,CAFELÂNDIA DO LESTE,ARAGUAINHA,MATO GROSSO,-16.6689,-53.4536,True,9497,0,9497,0.0,0,0.0,,,,,1994-01-01,2020-01-01
930,1654000,RONDONÓPOLIS,RONDONÓPOLIS,MATO GROSSO,-16.4711,-54.6561,True,9497,0,9497,0.0,0,0.0,,,,,1994-01-01,2020-01-01
931,1654001,SANTA TEREZINHA,PEDRA PRETA,MATO GROSSO,-16.6739,-54.2661,True,9497,0,9497,0.0,0,0.0,,,,,1994-01-01,2020-01-01
932,1654004,SANTA ESCOLÁSTICA,PEDRA PRETA,MATO GROSSO,-16.8431,-54.4081,True,9497,0,9497,0.0,0,0.0,,,,,1994-01-01,2020-01-01
933,1654005,VALE RICO,GUIRATINGA,MATO GROSSO,-16.3911,-54.1494,True,9497,0,9497,0.0,0,0.0,,,,,1994-01-01,2020-01-01
934,1655000,BAIA NOVA,BARÃO DE MELGAÇO,MATO GROSSO,-16.3561,-55.5864,True,9497,0,9497,0.0,0,0.0,,,,,1994-01-01,2020-01-01
935,1655001,ACIMA DO CÓRREGO GRANDE,SANTO ANTÔNIO DO LE,MATO GROSSO,-16.6081,-55.2064,True,9497,0,9497,0.0,0,0.0,,,,,1994-01-01,2020-01-01
936,1655002,BARÃO DE MELGAÇO,BARÃO DE MELGAÇO,MATO GROSSO,-16.1936,-55.9453,True,9497,0,9497,0.0,0,0.0,,,,,1994-01-01,2020-01-01
937,1655004,SANTA LÚCIA,BARÃO DE MELGAÇO,MATO GROSSO,-16.8939,-55.9072,True,9497,0,9497,0.0,0,0.0,,,,,1994-01-01,2020-01-01
938,1656001,PORTO CERCADO (Ex-Retiro Biguaçal),POCONÉ,MATO GROSSO,-16.5119,-56.3756,True,9497,0,9497,0.0,0,0.0,,,,,1994-01-01,2020-01-01
939,1656002,POCONÉ,POCONÉ,MATO GROSSO,-16.3147,-56.5436,True,9497,0,9497,0.0,0,0.0,,,,,1994-01-01,2020-01-01
940,1656003,SÃO JOSÉ DO BORIRÉU,BARÃO DE MELGAÇO,MATO GROSSO,-16.9211,-56.2236,True,9497,0,9497,0.0,0,0.0,,,,,1994-01-01,2020-01-01
941,1656004,SÃO JOÃO,POCONÉ,MATO GROSSO,-16.9442,-56.6319,True,9497,0,9497,0.0,0,0.0,,,,,1994-01-01,2020-01-01
942,1657002,DESCALVADOS,CÁCERES,MATO GROSSO,-16.7336,-57.7503,True,9497,0,9497,0.0,0,0.0,,,,,1994-01-01,2020-01-01
943,1657003,CÁCERES (DNPVN),CÁCERES,MATO GROSSO,-16.0817,-57.6942,True,9497,0,9497,0.0,0,0.0,,,,,1994-01-01,2020-01-01
944,1657004,FLECHAS,CÁCERES,MATO GROSSO,-16.0392,-57.2575,True,9497,0,9497,0.0,0,0.0,,,,,1994-01-01,2020-01-01
945,1658000,DESTACAMENTO DA CORIXA,CÁCERES,MATO GROSSO,-16.3944,-58.3389,True,9497,0,9497,0.0,0,0.0,,,,,1994-01-01,2020-01-01
946,1659001,DESTACAMENTO DA FORTUNA,VILA BELA DA SANTÍS,MATO GROSSO,-16.2708,-59.4919,True,9497,2571,6926,0.2707170685479625,569,0.0599136569442982,3.7712952158693116,159.0,1999-11-17,2006-12-31,1994-01-01,2020-01-01
947,1739001,PRADO,PRADO,BAHIA,-17.3503,-39.22,True,9497,0,9497,0.0,0,0.0,,,,,1994-01-01,2020-01-01
948,1739005,ITAMARAJU,ITAMARAJU,BAHIA,-17.045,-39.5447,True,9497,0,9497,0.0,0,0.0,,,,,1994-01-01,2020-01-01
949,1739006,HELVÉCIA (EFBM),NOVA VIÇOSA,BAHIA,-17.8081,-39.6625,True,9497,0,9497,0.0,0,0.0,,,,,1994-01-01,2020-01-01
950,1739010,ALCOBAÇA,ALCOBAÇA,BAHIA,-17.5156,-39.2275,True,9497,0,9497,0.0,0,0.0,,,,,1994-01-01,2020-01-01
951,1739020,FAZENDA CASCATA,TEIXEIRA DE FREITAS,BAHIA,-17.5103,-39.6411,True,9497,0,9497,0.0,0,0.0,,,,,1994-01-01,2020-01-01
952,1739021,CACHOEIRA GRANDE,PRADO,BAHIA,-17.2536,-39.7783,True,9497,0,9497,0.0,0,0.0,,,,,1994-01-01,2020-01-01
953,1739022,FAZENDA RIO DO SUL,PRADO,BAHIA,-17.2494,-39.6222,True,9497,0,9497,0.0,0,0.0,,,,,1994-01-01,2020-01-01
954,1740000,CARLOS CHAGAS,CARLOS CHAGAS,MINAS GERAIS,-17.7056,-40.7597,True,9497,0,9497,0.0,0,0.0,,,,,1994-01-01,2020-01-01
955,1740001,NANUQUE - MONTANTE,NANUQUE,MINAS GERAIS,-17.8375,-40.3772,True,9497,0,9497,0.0,0,0.0,,,,,1994-01-01,2020-01-01
956,1740005,MEDEIROS NETO,MEDEIROS NETO,BAHIA,-17.3722,-40.2258,True,9497,0,9497,0.0,0,0.0,,,,,1994-01-01,2020-01-01
957,1740006,SÃO JOSÉ DO PRADO,VEREDA,BAHIA,-17.1875,-39.9822,True,9497,0,9497,0.0,0,0.0,,,,,1994-01-01,2020-01-01
958,1740008,ITANHÉM,ITANHÉM,BAHIA,-17.1633,-40.3267,True,9497,0,9497,0.0,0,0.0,,,,,1994-01-01,2020-01-01
959,1740026,SÃO PEDRO DO PAMPÃ,UMBURATIBA,MINAS GERAIS,-17.3203,-40.6761,True,9497,0,9497,0.0,0,0.0,,,,,1994-01-01,2020-01-01
960,1740033,ÁGUAS FORMOSAS,ÁGUAS FORMOSAS,MINAS GERAIS,-17.0825,-40.9408,True,9497,0,9497,0.0,0,0.0,,,,,1994-01-01,2020-01-01
961,1741001,MUCURI,TEÓFILO OTONI,MINAS GERAIS,-17.595,-41.4928,True,9497,0,9497,0.0,0,0.0,,,,,1994-01-01,2020-01-01
962,1741003,FAZENDA DIACUI,TEÓFILO OTONI,MINAS GERAIS,-17.4911,-41.2394,True,9497,3621,5876,0.3812782984100242,1151,0.12119616721069812,3.2413145539906103,153.9,1994-02-01,2005-12-31,1994-01-01,2020-01-01
963,1741006,LADAINHA (EFBM),LADAINHA,MINAS GERAIS,-17.6294,-41.7372,True,9497,0,9497,0.0,0,0.0,,,,,1994-01-01,2020-01-01
964,1741007,PEDRO VERSIANI (EFBM),TEÓFILO OTONI,MINAS GERAIS,-17.8803,-41.3147,True,9497,0,9497,0.0,0,0.0,,,,,1994-01-01,2020-01-01
965,1741009,FRANCISCO SÁ (EFBM),CARLOS CHAGAS,MINAS GERAIS,-17.7386,-41.1211,True,9497,0,9497,0.0,0,0.0,,,,,1994-01-01,2020-01-01
966,1741013,PADRE PARAÍSO,PADRE PARAÍSO,MINAS GERAIS,-17.0728,-41.4831,True,9497,0,9497,0.0,0,0.0,,,,,1994-01-01,2020-01-01
967,1742008,CARBONITA,CARBONITA,MINAS GERAIS,-17.5794,-42.995,True,9497,0,9497,0.0,0,0.0,,,,,1994-01-01,2020-01-01
968,1742014,CAPELINHA,CAPELINHA,MINAS GERAIS,-17.6917,-42.5261,True,9497,0,9497,0.0,0,0.0,,,,,1994-01-01,2020-01-01
969,1742017,MALACACHETA,MALACACHETA,MINAS GERAIS,-17.8456,-42.0756,True,9497,0,9497,0.0,0,0.0,,,,,1994-01-01,2020-01-01
970,1742019,ÁGUA BOA,ÁGUA BOA,MINAS GERAIS,-17.9922,-42.3939,True,9497,0,9497,0.0,0,0.0,,,,,1994-01-01,2020-01-01
971,1742020,FAZENDA FACÃO,ARAÇUAÍ,MINAS GERAIS,-16.9711,-42.1156,True,9497,0,9497,0.0,0,0.0,,,,,1994-01-01,2020-01-01
972,1742022,PONTE ALTA,TURMALINA,MINAS GERAIS,-17.2825,-42.8078,True,9497,0,9497,0.0,0,0.0,,,,,1994-01-01,2020-01-01
973,1742023,MINAS NOVAS,MINAS NOVAS,MINAS GERAIS,-17.2192,-42.5889,True,9497,0,9497,0.0,0,0.0,,,,,1994-01-01,2020-01-01
974,1742025,SETUBINHA,SETUBINHA,MINAS GERAIS,-17.5728,-42.1353,True,9497,0,9497,0.0,0,0.0,,,,,1994-01-01,2020-01-01
975,1743002,VILA TERRA BRANCA - JUSANTE,BOCAIÚVA,MINAS GERAIS,-17.3128,-43.2078,True,9497,0,9497,0.0,0,0.0,,,,,1994-01-01,2020-01-01
976,1743016,ITACAMBIRA,ITACAMBIRA,MINAS GERAIS,-17.0694,-43.3131,True,9497,0,9497,0.0,0,0.0,,,,,1994-01-01,2020-01-01
977,1743018,SENADOR MODESTINO,SENADOR MODESTINO G,MINAS GERAIS,-17.9531,-43.2467,True,9497,0,9497,0.0,0,0.0,,,,,1994-01-01,2020-01-01
978,1744009,VÁRZEA DA PALMA,VÁRZEA DA PALMA,MINAS GERAIS,-17.5961,-44.7011,True,9497,0,9497,0.0,0,0.0,,,,,1994-01-01,2020-01-01
979,1744010,LASSANCE,LASSANCE,MINAS GERAIS,-17.89,-44.5767,True,9497,0,9497,0.0,0,0.0,,,,,1994-01-01,2020-01-01
980,1744030,ESTAÇÃO DE CURIMATAI,BUENÓPOLIS,MINAS GERAIS,-17.9953,-44.1767,True,9497,0,9497,0.0,0,0.0,,,,,1994-01-01,2020-01-01
981,1745001,CACHOEIRA DO PAREDÃO,BURITIZEIRO,MINAS GERAIS,-17.1111,-45.4378,True,9497,0,9497,0.0,0,0.0,,,,,1994-01-01,2020-01-01
982,1745014,FAZENDA SANTANA,JOÃO PINHEIRO,MINAS GERAIS,-17.8253,-45.4792,True,9497,0,9497,0.0,0,0.0,,,,,1994-01-01,2020-01-01
983,1746001,PORTO DA EXTREMA,JOÃO PINHEIRO,MINAS GERAIS,-17.0308,-46.0136,True,9497,0,9497,0.0,0,0.0,,,,,1994-01-01,2020-01-01
984,1746002,SANTA ROSA,PARACATU,MINAS GERAIS,-17.2553,-46.4739,True,9497,0,9497,0.0,0,0.0,,,,,1994-01-01,2020-01-01
985,1746006,PONTE DA BR-040 - PRATA,JOÃO PINHEIRO,MINAS GERAIS,-17.6636,-46.355,True,9497,0,9497,0.0,0,0.0,,,,,1994-01-01,2020-01-01
986,1746007,PONTE DA BR-040 - PARACATU,PARACATU,MINAS GERAIS,-17.4972,-46.5817,True,9497,4352,5145,0.45824997367589765,1120,0.11793197851953248,3.5090533088235296,140.0,1994-01-01,2005-12-31,1994-01-01,2020-01-01
987,1746017,FAZENDA POÇÕES,PARACATU,MINAS GERAIS,-17.0419,-46.8178,True,9497,0,9497,0.0,0,0.0,,,,,1994-01-01,2020-01-01
988,1746018,FAZENDA LIMOEIRO,CLARO DOS POÇÕES,MINAS GERAIS,-17.9156,-47.0106,True,9497,0,9497,0.0,0,0.0,,,,,1994-01-01,2020-01-01
989,1746019,FAZENDA CÓRREGO DO OURO,GUARDA-MOR,MINAS GERAIS,-17.6133,-46.8592,True,9497,0,9497,0.0,0,0.0,,,,,1994-01-01,2020-01-01
990,1747005,GUARDA-MOR,GUARDA-MOR,MINAS GERAIS,-17.7725,-47.0986,True,9497,0,9497,0.0,0,0.0,,,,,1994-01-01,2020-01-01
991,1748004,MARZAGÃO,MARZAGÃO,GOIÁS,-17.9831,-48.6833,True,9497,0,9497,0.0,0,0.0,,,,,1994-01-01,2020-01-01
992,1749000,EDÉIA (ALEGRETE),EDÉIA,GOIÁS,-17.3414,-49.9303,True,9497,0,9497,0.0,0,0.0,,,,,1994-01-01,2020-01-01
993,1749001,FAZENDA BOA VISTA,VARJÃO,GOIÁS,-17.1056,-49.6908,True,9497,0,9497,0.0,0,0.0,,,,,1994-01-01,2020-01-01
994,1749002,JOVIÂNIA,JOVIÂNIA,GOIÁS,-17.8094,-49.6264,True,9497,0,9497,0.0,0,0.0,,,,,1994-01-01,2020-01-01
995,1749003,MORRINHOS,MORRINHOS,GOIÁS,-17.7328,-49.1153,True,9497,0,9497,0.0,0,0.0,,,,,1994-01-01,2020-01-01
996,1749004,PONTALINA,PONTALINA,GOIÁS,-17.5169,-49.4417,True,9497,0,9497,0.0,0,0.0,,,,,1994-01-01,2020-01-01
997,1749005,PIRACANJUBA,PIRACANJUBA,GOIÁS,-17.2894,-49.0272,True,9497,0,9497,0.0,0,0.0,,,,,1994-01-01,2020-01-01
998,1749009,CROMÍNIA,CROMÍNIA,GOIÁS,-17.2847,-49.3828,True,9497,0,9497,0.0,0,0.0,,,,,1994-01-01,2020-01-01
999,1750000,BARRA DO MONJOLO,EDÉIA,GOIÁS,-17.7322,-50.1808,True,9497,0,9497,0.0,0,0.0,,,,,1994-01-01,2020-01-01
1000,1750001,FAZENDA NOVA DO TURVO,PARAÚNA,GOIÁS,-17.0792,-50.2894,True,9497,3411,6086,0.3591660524376119,946,0.09961040328524798,3.7782175315156845,124.6,1994-01-01,2006-12-31,1994-01-01,2020-01-01
1001,1750003,PONTE RIO VERDÃO,ACREÚNA,GOIÁS,-17.5414,-50.5561,True,9497,0,9497,0.0,0,0.0,,,,,1994-01-01,2020-01-01
1002,1750004,PONTE RODAGEM,PARAÚNA,GOIÁS,-17.3253,-50.6819,True,9497,0,9497,0.0,0,0.0,,,,,1994-01-01,2020-01-01
1003,1750008,FAZENDA PARAÍSO,RIO VERDE,GOIÁS,-17.4658,-50.7742,True,9497,3979,5518,0.41897441297251764,1145,0.12056438875434347,3.8812013068610205,133.2,1994-07-05,2006-12-31,1994-01-01,2020-01-01
1004,1750013,PARAUNA,PARAÚNA,GOIÁS,-16.9489,-50.4469,True,9497,0,9497,0.0,0,0.0,,,,,1994-01-01,2020-01-01
1005,1751001,PONTE RIO DOCE,JATAÍ,GOIÁS,-17.8564,-51.3967,True,9497,0,9497,0.0,0,0.0,,,,,1994-01-01,2020-01-01
1006,1751002,BENJAMIN  BARROS,JATAÍ,GOIÁS,-17.695,-51.8922,True,9497,0,9497,0.0,0,0.0,,,,,1994-01-01,2020-01-01
1007,1751004,MONTIVIDIU,MONTIVIDIU,GOIÁS,-17.3647,-51.0767,True,9497,0,9497,0.0,0,0.0,,,,,1994-01-01,2020-01-01
1008,1752002,FAZENDA SÃO BERNARDO,MINEIROS,GOIÁS,-17.6889,-52.9833,True,9497,0,9497,0.0,0,0.0,,,,,1994-01-01,2020-01-01
1009,1752003,PONTE DO CEDRO,MINEIROS,GOIÁS,-17.5794,-52.6014,True,9497,0,9497,0.0,0,0.0,,,,,1994-01-01,2020-01-01
1010,1752006,BOM JARDIM,JATAÍ,GOIÁS,-17.7181,-52.17,True,9497,3468,6029,0.36516794777298095,1005,0.10582289143940192,4.3297577854671285,129.2,1994-01-01,2006-12-31,1994-01-01,2020-01-01
1011,1753000,ALTO ARAGUAIA,ALTO ARAGUAIA,MATO GROSSO,-17.3,-53.2194,True,9497,0,9497,0.0,0,0.0,,,,,1994-01-01,2020-01-01
1012,1753002,FAZENDA BABILÔNIA,SANTA RITA DO ARAGU,GOIÁS,-17.3528,-53.0919,True,9497,0,9497,0.0,0,0.0,,,,,1994-01-01,2020-01-01
1013,1754000,ITIQUIRA,ITIQUIRA,MATO GROSSO,-17.2078,-54.14,True,9497,4748,4749,0.4999473517953038,1296,0.13646414657260186,5.081023588879528,121.2,1994-01-01,2006-12-31,1994-01-01,2020-01-01
1014,1754002,POSTO CORRENTES (MT-163),SONORA,MATO GROSSO DO SUL,-17.5869,-54.7567,True,9497,0,9497,0.0,0,0.0,,,,,1994-01-01,2020-01-01
1015,1754004,PEDRO SEVERO,PEDRO GOMES,MATO GROSSO DO SUL,-17.8308,-54.3131,True,9497,0,9497,0.0,0,0.0,,,,,1994-01-01,2020-01-01
1016,1755000,SANTO ANTÔNIO DO PARAÍSO,ITIQUIRA,MATO GROSSO,-17.4917,-55.2322,True,9497,4716,4781,0.4965778666947457,1089,0.11466778982836685,3.431955046649703,132.0,1994-01-01,2006-12-31,1994-01-01,2020-01-01
1017,1755001,UNIÃO,CORUMBÁ,MATO GROSSO DO SUL,-17.7903,-55.7736,True,9497,0,9497,0.0,0,0.0,,,,,1994-01-01,2020-01-01
1018,1755003,SÃO JERÔNIMO,BARÃO DE MELGAÇO,MATO GROSSO,-17.2017,-56.0086,True,9497,0,9497,0.0,0,0.0,,,,,1994-01-01,2020-01-01
1019,1756000,ILHA CAMARGO,BARÃO DE MELGAÇO,MATO GROSSO,-17.0572,-56.5856,True,9497,4687,4810,0.49352427082236494,1002,0.1055070022112246,3.2450821420951566,121.6,1994-01-01,2006-12-31,1994-01-01,2020-01-01
1020,1756001,SÃO JOSÉ DO PIQUIRI,BARÃO DE MELGAÇO,MATO GROSSO,-17.2914,-56.3847,True,9497,0,9497,0.0,0,0.0,,,,,1994-01-01,2020-01-01
1021,1756002,RETIRO SEGURO,CORUMBÁ,MATO GROSSO DO SUL,-18.0208,-56.7319,True,9497,4138,5359,0.43571654206591554,610,0.06423080972938823,3.0450942484291925,160.0,1994-01-01,2006-12-31,1994-01-01,2020-01-01
1022,1756003,PORTO DO ALEGRE,CORUMBÁ,MATO GROSSO DO SUL,-17.6233,-56.965,True,9497,4658,4839,0.4904706749499842,677,0.07128566915868169,3.1487118935165306,114.2,1994-03-01,2006-12-31,1994-01-01,2020-01-01
1023,1757001,PORTO CONCEIÇÃO,POCONÉ,MATO GROSSO,-17.1433,-57.3594,True,9497,3845,5652,0.4048646941139307,679,0.07149626197746657,2.9179713914174257,400.5,1994-06-14,2006-12-31,1994-01-01,2020-01-01
1024,1757003,BELA VISTA DO NORTE,CORUMBÁ,MATO GROSSO DO SUL,-17.6414,-57.6906,True,9497,0,9497,0.0,0,0.0,,,,,1994-01-01,2020-01-01
1025,1839000,MORRO D'ANTA (PEDRO CANÁRIO),CONCEIÇÃO DA BARRA,ESPÍRITO SANTO,-18.2994,-39.9586,True,9497,3450,6047,0.363272612403917,1076,0.11329893650626513,2.892860869565218,153.8,1995-01-01,2005-12-31,1994-01-01,2020-01-01
1026,1839001,CONCEIÇÃO DA BARRA,CONCEIÇÃO DA BARRA,ESPÍRITO SANTO,-18.5622,-39.7472,True,9497,0,9497,0.0,0,0.0,,,,,1994-01-01,2020-01-01
1027,1839006,BARRA NOVA,SÃO MATEUS,ESPÍRITO SANTO,-18.9503,-39.7644,True,9497,0,9497,0.0,0,0.0,,,,,1994-01-01,2020-01-01
1028,1840000,ÁGUIA BRANCA,ÁGUIA BRANCA,ESPÍRITO SANTO,-18.9856,-40.7461,True,9497,3984,5513,0.41950089501947985,1028,0.10824470885542803,3.196410642570281,142.2,1994-01-01,2005-12-31,1994-01-01,2020-01-01
1029,1840003,ITAUNINHAS,SÃO MATEUS,ESPÍRITO SANTO,-18.4894,-40.0906,True,9497,0,9497,0.0,0,0.0,,,,,1994-01-01,2020-01-01
1030,1840004,BARRA DE SÃO FRANCISCO,BARRA DE SÃO FRANCI,ESPÍRITO SANTO,-18.7619,-40.89,True,9497,0,9497,0.0,0,0.0,,,,,1994-01-01,2020-01-01
1031,1840007,ÁGUA DOCE,ÁGUA DOCE DO NORTE,ESPÍRITO SANTO,-18.5481,-40.9764,True,9497,0,9497,0.0,0,0.0,,,,,1994-01-01,2020-01-01
1032,1840008,PONTE NOVA (BR-101),LINHARES,ESPÍRITO SANTO,-18.9817,-39.9933,True,9497,0,9497,0.0,0,0.0,,,,,1994-01-01,2020-01-01
1033,1840009,FAZENDA SÃO MATEUS,ECOPORANGA,ESPÍRITO SANTO,-18.1222,-40.8858,True,9497,0,9497,0.0,0,0.0,,,,,1994-01-01,2020-01-01
1034,1840010,CEDROLÂNDIA,NOVA VENÉCIA,ESPÍRITO SANTO,-18.8097,-40.6906,True,9497,0,9497,0.0,0,0.0,,,,,1994-01-01,2020-01-01
1035,1840012,FAZENDA LIMOEIRO,MONTANHA,ESPÍRITO SANTO,-18.1456,-40.1439,True,9497,0,9497,0.0,0,0.0,,,,,1994-01-01,2020-01-01
1036,1840013,ECOPORANGA,ECOPORANGA,ESPÍRITO SANTO,-18.3658,-40.8406,True,9497,0,9497,0.0,0,0.0,,,,,1994-01-01,2020-01-01
1037,1840015,PATRIMÔNIO SANTA LUZIA DO NORTE,ECOPORANGA,ESPÍRITO SANTO,-18.2056,-40.6033,True,9497,0,9497,0.0,0,0.0,,,,,1994-01-01,2020-01-01
1038,1840016,PATRIMÔNIO XV,NOVA VENÉCIA,ESPÍRITO SANTO,-18.4942,-40.4642,True,9497,0,9497,0.0,0,0.0,,,,,1994-01-01,2020-01-01
1039,1840017,SÃO JOÃO DO SOBRADO,PINHEIROS,ESPÍRITO SANTO,-18.3186,-40.4067,True,9497,0,9497,0.0,0,0.0,,,,,1994-01-01,2020-01-01
1040,1840019,CÓRREGO DA BOA ESPERANÇA,NOVA VENÉCIA,ESPÍRITO SANTO,-18.7006,-40.4419,True,9497,0,9497,0.0,0,0.0,,,,,1994-01-01,2020-01-01
1041,1840020,SÃO JOÃO DA CACHOEIRA GRANDE,SÃO MATEUS,ESPÍRITO SANTO,-18.5647,-40.3367,True,9497,0,9497,0.0,0,0.0,,,,,1994-01-01,2020-01-01
1042,1840026,BOCA DA VALA,SÃO MATEUS,ESPÍRITO SANTO,-18.6586,-40.0911,True,9497,0,9497,0.0,0,0.0,,,,,1994-01-01,2020-01-01
1043,1841001,VILA MATIAS - MONTANTE,MATHIAS LOBATO,MINAS GERAIS,-18.5747,-41.9178,True,9497,0,9497,0.0,0,0.0,,,,,1994-01-01,2020-01-01
1044,1841003,CAMPANÁRIO,CAMPANÁRIO,MINAS GERAIS,-18.2386,-41.7486,True,9497,0,9497,0.0,0,0.0,,,,,1994-01-01,2020-01-01
1045,1841006,VARGEM GRANDE,MANTENA,MINAS GERAIS,-18.6811,-41.1967,True,9497,0,9497,0.0,0,0.0,,,,,1994-01-01,2020-01-01
1046,1841007,FIDELÂNDIA - MONTANTE,ATALÉIA,MINAS GERAIS,-18.2031,-41.2483,True,9497,0,9497,0.0,0,0.0,,,,,1994-01-01,2020-01-01
1047,1841008,ATALÉIA,ATALÉIA,MINAS GERAIS,-18.0469,-41.1144,True,9497,0,9497,0.0,0,0.0,,,,,1994-01-01,2020-01-01
1048,1841009,MANTENÓPOLIS,MANTENÓPOLIS,ESPÍRITO SANTO,-18.8389,-41.1103,True,9497,0,9497,0.0,0,0.0,,,,,1994-01-01,2020-01-01
1049,1841010,SANTO AGOSTINHO,BARRA DE SÃO FRANCI,ESPÍRITO SANTO,-18.4061,-41.04,True,9497,0,9497,0.0,0,0.0,,,,,1994-01-01,2020-01-01
1050,1841011,TUMIRITINGA,TUMIRITINGA,MINAS GERAIS,-18.9764,-41.6403,True,9497,0,9497,0.0,0,0.0,,,,,1994-01-01,2020-01-01
1051,1841018,CENTRAL DE MINAS,CENTRAL DE MINAS,MINAS GERAIS,-18.7631,-41.3083,True,9497,0,9497,0.0,0,0.0,,,,,1994-01-01,2020-01-01
1052,1841019,DIVINO DAS LARANJEIRAS,DIVINO DAS LARANJEI,MINAS GERAIS,-18.7769,-41.4828,True,9497,0,9497,0.0,0,0.0,,,,,1994-01-01,2020-01-01
1053,1841020,GOVERNADOR VALADARES,GOVERNADOR VALADARE,MINAS GERAIS,-18.8831,-41.9503,True,9497,0,9497,0.0,0,0.0,,,,,1994-01-01,2020-01-01
1054,1841021,SÃO JOSÉ DO DIVINO,SÃO JOSÉ DO DIVINO,MINAS GERAIS,-18.4886,-41.3925,True,9497,0,9497,0.0,0,0.0,,,,,1994-01-01,2020-01-01
1055,1842004,SÃO PEDRO DO SUAÇUÍ,SÃO PEDRO DO SUAÇUÍ,MINAS GERAIS,-18.3631,-42.6022,True,9497,0,9497,0.0,0,0.0,,,,,1994-01-01,2020-01-01
1056,1842005,COROACI,COROACI,MINAS GERAIS,-18.6119,-42.2786,True,9497,0,9497,0.0,0,0.0,,,,,1994-01-01,2020-01-01
1057,1842007,GUANHÃES,GUANHÃES,MINAS GERAIS,-18.7722,-42.9311,True,9497,0,9497,0.0,0,0.0,,,,,1994-01-01,2020-01-01
1058,1842008,SANTA MARIA DO SUAÇUÍ,SANTA MARIA DO SUAÇ,MINAS GERAIS,-18.2011,-42.4553,True,9497,0,9497,0.0,0,0.0,,,,,1994-01-01,2020-01-01
1059,1842020,SÃO JOÃO EVANGELISTA,SÃO JOÃO EVANGELIST,MINAS GERAIS,-18.5528,-42.7642,True,9497,0,9497,0.0,0,0.0,,,,,1994-01-01,2020-01-01
1060,1842026,ITAMARANDIBA,ITAMARANDIBA,MINAS GERAIS,-18.0897,-42.8394,True,9497,0,9497,0.0,0,0.0,,,,,1994-01-01,2020-01-01
1061,1843000,USINA PARAUNA,PRESIDENTE JUSCELIN,MINAS GERAIS,-18.6356,-43.9658,True,9497,0,9497,0.0,0,0.0,,,,,1994-01-01,2020-01-01
1062,1843002,GOUVEIA,GOUVÉIA,MINAS GERAIS,-18.4656,-43.7431,True,9497,0,9497,0.0,0,0.0,,,,,1994-01-01,2020-01-01
1063,1843003,MENDANHA - MONTANTE,DIAMANTINA,MINAS GERAIS,-18.1133,-43.5203,True,9497,0,9497,0.0,0,0.0,,,,,1994-01-01,2020-01-01
1064,1843011,SERRO,SERRO,MINAS GERAIS,-18.5928,-43.4125,True,9497,0,9497,0.0,0,0.0,,,,,1994-01-01,2020-01-01
1065,1843012,RIO VERMELHO,RIO VERMELHO,MINAS GERAIS,-18.2797,-43.0006,True,9497,0,9497,0.0,0,0.0,,,,,1994-01-01,2020-01-01
1066,1843015,POVOADO DE VAU,DIAMANTINA,MINAS GERAIS,-18.4172,-43.5256,True,9497,0,9497,0.0,0,0.0,,,,,1994-01-01,2020-01-01
1067,1844001,SANTO HIPÓLITO,SANTO HIPÓLITO,MINAS GERAIS,-18.3061,-44.2258,True,9497,0,9497,0.0,0,0.0,,,,,1994-01-01,2020-01-01
1068,1844009,PRESIDENTE JUSCELINO - JUSANTE,PRESIDENTE JUSCELIN,MINAS GERAIS,-18.6439,-44.0481,True,9497,0,9497,0.0,0,0.0,,,,,1994-01-01,2020-01-01
1069,1844010,PONTE DO LICÍNIO - JUSANTE,PRESIDENTE JUSCELIN,MINAS GERAIS,-18.6714,-44.1914,True,9497,0,9497,0.0,0,0.0,,,,,1994-01-01,2020-01-01
1070,1844017,CORINTO,CORINTO,MINAS GERAIS,-18.3722,-44.4436,True,9497,0,9497,0.0,0,0.0,,,,,1994-01-01,2020-01-01
1071,1844018,PONTE DO BICUDO,CORINTO,MINAS GERAIS,-18.1908,-44.5556,True,9497,0,9497,0.0,0,0.0,,,,,1994-01-01,2020-01-01
1072,1844019,MORRO DA GARÇA,MORRO DA GARÇA,MINAS GERAIS,-18.5417,-44.5989,True,9497,0,9497,0.0,0,0.0,,,,,1994-01-01,2020-01-01
1073,1845002,FAZENDA SÃO FÉLIX,SÃO GONÇALO DO ABAE,MINAS GERAIS,-18.4644,-45.6467,True,9497,0,9497,0.0,0,0.0,,,,,1994-01-01,2020-01-01
1074,1845004,LAGOA DO GOUVÉIA,TIROS,MINAS GERAIS,-18.8414,-45.8514,True,9497,0,9497,0.0,0,0.0,,,,,1994-01-01,2020-01-01
1075,1845013,SÃO GONÇALO DO ABAETÉ,SÃO GONÇALO DO ABAE,MINAS GERAIS,-18.3436,-45.8367,True,9497,0,9497,0.0,0,0.0,,,,,1994-01-01,2020-01-01
1076,1845014,TIROS,TIROS,MINAS GERAIS,-18.9997,-45.9661,True,9497,0,9497,0.0,0,0.0,,,,,1994-01-01,2020-01-01
1077,1845021,CANOEIROS,SÃO GONÇALO DO ABAE,MINAS GERAIS,-18.0383,-45.5236,True,9497,0,9497,0.0,0,0.0,,,,,1994-01-01,2020-01-01
1078,1845027,BARRA DO RIO DE JANEIRO,TRÊS MARIAS,MINAS GERAIS,-17.9581,-45.1022,True,9497,0,9497,0.0,0,0.0,,,,,1994-01-01,2020-01-01
1079,1846002,CHARQUEADA DO PATROCÍNIO,PATROCÍNIO,MINAS GERAIS,-18.93,-46.9667,True,9497,0,9497,0.0,0,0.0,,,,,1994-01-01,2020-01-01
1080,1846003,MAJOR PORTO,PATOS DE MINAS,MINAS GERAIS,-18.7069,-46.0369,True,9497,0,9497,0.0,0,0.0,,,,,1994-01-01,2020-01-01
1081,1846004,GUIMARANIA,GUIMARANIA,MINAS GERAIS,-18.8497,-46.8008,True,9497,0,9497,0.0,0,0.0,,,,,1994-01-01,2020-01-01
1082,1846005,PRESIDENTE OLEGÁRIO,PRESIDENTE OLEGÁRIO,MINAS GERAIS,-18.4125,-46.4222,True,9497,0,9497,0.0,0,0.0,,,,,1994-01-01,2020-01-01
1083,1846006,PANTANO,COROMANDEL,MINAS GERAIS,-18.5594,-46.8003,True,9497,0,9497,0.0,0,0.0,,,,,1994-01-01,2020-01-01
1084,1846007,SANTANA DE PATOS,PATOS DE MINAS,MINAS GERAIS,-18.8411,-46.5508,True,9497,0,9497,0.0,0,0.0,,,,,1994-01-01,2020-01-01
1085,1846015,VAZANTE,VAZANTE,MINAS GERAIS,-18.005,-46.9111,True,9497,3528,5969,0.3714857323365273,652,0.0686532589238707,3.742006802721088,146.3,1996-04-01,2005-12-31,1994-01-01,2020-01-01
1086,1846016,PONTE FIRME,PRESIDENTE OLEGÁRIO,MINAS GERAIS,-18.0339,-46.4194,True,9497,0,9497,0.0,0,0.0,,,,,1994-01-01,2020-01-01
1087,1846017,LEAL DE PATOS,PATOS DE MINAS,MINAS GERAIS,-18.6411,-46.3344,True,9497,0,9497,0.0,0,0.0,,,,,1994-01-01,2020-01-01
1088,1846019,ROCINHA,PATOS DE MINAS,MINAS GERAIS,-18.3736,-46.915,True,9497,0,9497,0.0,0,0.0,,,,,1994-01-01,2020-01-01
1089,1846023,LAGAMAR,LAGAMAR,MINAS GERAIS,-18.1828,-46.8042,True,9497,0,9497,0.0,0,0.0,,,,,1994-01-01,2020-01-01
1090,1847000,MONTE CARMELO,MONTE CARMELO,MINAS GERAIS,-18.7206,-47.5244,True,9497,0,9497,0.0,0,0.0,,,,,1994-01-01,2020-01-01
1091,1847001,ESTRELA DO SUL,ESTRELA DO SUL,MINAS GERAIS,-18.7381,-47.69,True,9497,0,9497,0.0,0,0.0,,,,,1994-01-01,2020-01-01
1092,1847003,ABADIA DOS DOURADOS,ABADIA DOS DOURADOS,MINAS GERAIS,-18.4911,-47.4064,True,9497,0,9497,0.0,0,0.0,,,,,1994-01-01,2020-01-01
1093,1847006,TRÊS RANCHOS,TRÊS RANCHOS,GOIÁS,-18.3633,-47.7806,True,9497,0,9497,0.0,0,0.0,,,,,1994-01-01,2020-01-01
1094,1847007,CASCALHO RICO,CASCALHO RICO,MINAS GERAIS,-18.5789,-47.8792,True,9497,0,9497,0.0,0,0.0,,,,,1994-01-01,2020-01-01
1095,1847008,COROMANDEL,COROMANDEL,MINAS GERAIS,-18.4711,-47.1883,True,9497,0,9497,0.0,0,0.0,,,,,1994-01-01,2020-01-01
1096,1847010,IRAÍ DE MINAS,IRAÍ DE MINAS,MINAS GERAIS,-18.9819,-47.4575,True,9497,0,9497,0.0,0,0.0,,,,,1994-01-01,2020-01-01
1097,1847011,PONTE VICENTE GOULART - JUSANTE,COROMANDEL,MINAS GERAIS,-18.2983,-47.1219,True,9497,0,9497,0.0,0,0.0,,,,,1994-01-01,2020-01-01
1098,1848000,MONTE ALEGRE DE MINAS,MONTE ALEGRE DE MIN,MINAS GERAIS,-18.8722,-48.8694,True,9497,0,9497,0.0,0,0.0,,,,,1994-01-01,2020-01-01
1099,1848004,FAZENDA CACHOEIRA,TUPACIGUARA,MINAS GERAIS,-18.6983,-48.7819,True,9497,0,9497,0.0,0,0.0,,,,,1994-01-01,2020-01-01
1100,1848006,TUPACIGUARA,TUPACIGUARA,MINAS GERAIS,-18.6008,-48.6908,True,9497,0,9497,0.0,0,0.0,,,,,1994-01-01,2020-01-01
1101,1848007,CORUMBAZUL,BURITI ALEGRE,GOIÁS,-18.2425,-48.8586,True,9497,0,9497,0.0,0,0.0,,,,,1994-01-01,2020-01-01
1102,1848008,BRILHANTE,TUPACIGUARA,MINAS GERAIS,-18.4922,-48.9028,True,9497,0,9497,0.0,0,0.0,,,,,1994-01-01,2020-01-01
1103,1848009,XAPETUBA,MONTE ALEGRE DE MIN,MINAS GERAIS,-18.8625,-48.5839,True,9497,0,9497,0.0,0,0.0,,,,,1994-01-01,2020-01-01
1104,1848010,ARAGUARI,ARAGUARI,MINAS GERAIS,-18.6511,-48.2092,True,9497,0,9497,0.0,0,0.0,,,,,1994-01-01,2020-01-01
1105,1849000,ITUIUTABA,ITUIUTABA,MINAS GERAIS,-18.9411,-49.4631,True,9497,0,9497,0.0,0,0.0,,,,,1994-01-01,2020-01-01
1106,1849002,IPIAÇU,IPIAÇU,MINAS GERAIS,-18.6919,-49.9486,True,9497,0,9497,0.0,0,0.0,,,,,1994-01-01,2020-01-01
1107,1849006,AVANTIGUARA,CANÁPOLIS,MINAS GERAIS,-18.7719,-49.0697,True,9497,0,9497,0.0,0,0.0,,,,,1994-01-01,2020-01-01
1108,1849016,PONTE MEIA PONTE,ITUMBIARA,GOIÁS,-18.3394,-49.6114,True,9497,0,9497,0.0,0,0.0,,,,,1994-01-01,2020-01-01
1109,1849026,PONTE BR-365 (FAZ. BOA VISTA),GURINHATÃ,MINAS GERAIS,-18.8869,-50.0003,True,9497,0,9497,0.0,0,0.0,,,,,1994-01-01,2020-01-01
1110,1850001,FAZENDA ALIANÇA,GOIATUBA,GOIÁS,-18.1047,-50.0314,True,9497,0,9497,0.0,0,0.0,,,,,1994-01-01,2020-01-01
1111,1850002,QUIRINÓPOLIS,QUIRINÓPOLIS,GOIÁS,-18.5011,-50.5219,True,9497,0,9497,0.0,0,0.0,,,,,1994-01-01,2020-01-01
1112,1850003,MAURILÂNDIA,MAURILÂNDIA,GOIÁS,-17.9797,-50.3372,True,9497,0,9497,0.0,0,0.0,,,,,1994-01-01,2020-01-01
1113,1851000,CACHOEIRA ALTA,CACHOEIRA ALTA,GOIÁS,-18.9097,-50.8503,True,9497,0,9497,0.0,0,0.0,,,,,1994-01-01,2020-01-01
1114,1851001,CAMPO ALEGRE,APORÉ,GOIÁS,-18.5178,-52.0928,True,9497,0,9497,0.0,0,0.0,,,,,1994-01-01,2020-01-01
1115,1851002,ITARUMÃ,ITARUMÃ,GOIÁS,-18.7647,-51.3472,True,9497,0,9497,0.0,0,0.0,,,,,1994-01-01,2020-01-01
1116,1851004,POMBAL,JATAÍ,GOIÁS,-18.0931,-51.4969,True,9497,0,9497,0.0,0,0.0,,,,,1994-01-01,2020-01-01
1117,1851005,SERRANÓPOLIS,SERRANÓPOLIS,GOIÁS,-18.3044,-51.9622,True,9497,0,9497,0.0,0,0.0,,,,,1994-01-01,2020-01-01
1118,1852000,APORÉ,APORÉ,GOIÁS,-18.9661,-51.9267,True,9497,0,9497,0.0,0,0.0,,,,,1994-01-01,2020-01-01
1119,1852001,FAZENDA FORMOSO,CHAPADÃO DO CÉU,GOIÁS,-18.4067,-52.5269,True,9497,0,9497,0.0,0,0.0,,,,,1994-01-01,2020-01-01
1120,1852002,INDÁIA GRANDE,CHAPADÃO DO SUL,MATO GROSSO DO SUL,-18.9978,-52.5881,True,9497,0,9497,0.0,0,0.0,,,,,1994-01-01,2020-01-01
1121,1852003,CIDADE CHAPADÃO GAUCHO,CHAPADÃO DO SUL,MATO GROSSO DO SUL,-18.6917,-52.5939,True,9497,0,9497,0.0,0,0.0,,,,,1994-01-01,2020-01-01
1122,1853000,FAZENDA TAQUARI,ALTO TAQUARI,MATO GROSSO,-17.8111,-53.2889,True,9497,0,9497,0.0,0,0.0,,,,,1994-01-01,2020-01-01
1123,1853002,CACHOEIRA POLVORA,COXIM,MATO GROSSO DO SUL,-18.1906,-54.2578,True,9497,0,9497,0.0,0,0.0,,,,,1994-01-01,2020-01-01
1124,1853004,COSTA RICA,COSTA RICA,MATO GROSSO DO SUL,-18.5472,-53.1353,True,9497,0,9497,0.0,0,0.0,,,,,1994-01-01,2020-01-01
1125,1853005,COLÔNIA FIGUEIRÃO,FIGUEIRÃO,MATO GROSSO DO SUL,-18.6797,-53.6378,True,9497,0,9497,0.0,0,0.0,,,,,1994-01-01,2020-01-01
1126,1854001,PEDRO GOMES,PEDRO GOMES,MATO GROSSO DO SUL,-18.0986,-54.5472,True,9497,0,9497,0.0,0,0.0,,,,,1994-01-01,2020-01-01
1127,1854002,RIO VERDE DE MATO GROSSO,RIO VERDE DE MATO G,MATO GROSSO DO SUL,-18.91,-54.8322,True,9497,0,9497,0.0,0,0.0,,,,,1994-01-01,2020-01-01
1128,1854003,JAURU,COXIM,MATO GROSSO DO SUL,-18.6492,-54.3572,True,9497,0,9497,0.0,0,0.0,,,,,1994-01-01,2020-01-01
1129,1854004,COXIM,COXIM,MATO GROSSO DO SUL,-18.5042,-54.7556,True,9497,0,9497,0.0,0,0.0,,,,,1994-01-01,2020-01-01
1130,1854006,CONFLUÊNCIA DO RIO JAURU,RIO VERDE DE MATO G,MATO GROSSO DO SUL,-18.7303,-54.5786,True,9497,0,9497,0.0,0,0.0,,,,,1994-01-01,2020-01-01
1131,1857001,AMOLAR,CORUMBÁ,MATO GROSSO DO SUL,-18.0403,-57.4908,True,9497,0,9497,0.0,0,0.0,,,,,1994-01-01,2020-01-01
1132,1857003,SÃO FRANCISCO,CORUMBÁ,MATO GROSSO DO SUL,-18.3939,-57.3911,True,9497,0,9497,0.0,0,0.0,,,,,1994-01-01,2020-01-01
1133,1939002,POVOAÇÃO,LINHARES,ESPÍRITO SANTO,-19.5775,-39.7944,True,9497,0,9497,0.0,0,0.0,,,,,1994-01-01,2020-01-01
1134,1940000,ITARANA,ITARANA,ESPÍRITO SANTO,-19.8744,-40.8744,True,9497,4018,5479,0.4230809729388228,1017,0.10708644835211119,3.242322050771528,150.1,1994-01-01,2005-12-31,1994-01-01,2020-01-01
1135,1940001,SÃO JOÃO DE PETRÓPOLIS,SANTA TERESA,ESPÍRITO SANTO,-19.8053,-40.6789,True,9497,0,9497,0.0,0,0.0,,,,,1994-01-01,2020-01-01
1136,1940002,SANTA CRUZ - LITORAL,ARACRUZ,ESPÍRITO SANTO,-19.9578,-40.1544,True,9497,0,9497,0.0,0,0.0,,,,,1994-01-01,2020-01-01
1137,1940003,RIACHO,ARACRUZ,ESPÍRITO SANTO,-19.7497,-40.0431,True,9497,0,9497,0.0,0,0.0,,,,,1994-01-01,2020-01-01
1138,1940005,CAVALINHO,IBIRAÇU,ESPÍRITO SANTO,-19.6922,-40.3981,True,9497,0,9497,0.0,0,0.0,,,,,1994-01-01,2020-01-01
1139,1940006,COLATINA - CORPO DE BOMBEIROS,COLATINA,ESPÍRITO SANTO,-19.5308,-40.6231,True,9497,0,9497,0.0,0,0.0,,,,,1994-01-01,2020-01-01
1140,1940007,FUNDÃO,FUNDÃO,ESPÍRITO SANTO,-19.9369,-40.4014,True,9497,0,9497,0.0,0,0.0,,,,,1994-01-01,2020-01-01
1141,1940009,PANCAS,PANCAS,ESPÍRITO SANTO,-19.2203,-40.8533,True,9497,0,9497,0.0,0,0.0,,,,,1994-01-01,2020-01-01
1142,1940010,VALSUGANA VELHA - MONTANTE,SANTA TERESA,ESPÍRITO SANTO,-19.9533,-40.5525,True,9497,0,9497,0.0,0,0.0,,,,,1994-01-01,2020-01-01
1143,1940012,ITAIMBÉ,ITAGUAÇU,ESPÍRITO SANTO,-19.6636,-40.8353,True,9497,0,9497,0.0,0,0.0,,,,,1994-01-01,2020-01-01
1144,1940013,NOVO BRASIL,COLATINA,ESPÍRITO SANTO,-19.2375,-40.5914,True,9497,0,9497,0.0,0,0.0,,,,,1994-01-01,2020-01-01
1145,1940016,BARRA DE SÃO GABRIEL,SÃO GABRIEL DA PALH,ESPÍRITO SANTO,-19.0578,-40.5164,True,9497,0,9497,0.0,0,0.0,,,,,1994-01-01,2020-01-01
1146,1940020,CALDEIRÃO,SANTA TERESA,ESPÍRITO SANTO,-19.955,-40.7417,True,9497,0,9497,0.0,0,0.0,,,,,1994-01-01,2020-01-01
1147,1940021,ARACRUZ,ARACRUZ,ESPÍRITO SANTO,-19.83,-40.2722,True,9497,0,9497,0.0,0,0.0,,,,,1994-01-01,2020-01-01
1148,1940022,JACUPEMBA,ARACRUZ,ESPÍRITO SANTO,-19.5886,-40.1981,True,9497,0,9497,0.0,0,0.0,,,,,1994-01-01,2020-01-01
1149,1940023,RIO BANANAL,LINHARES,ESPÍRITO SANTO,-19.2742,-40.3208,True,9497,0,9497,0.0,0,0.0,,,,,1994-01-01,2020-01-01
1150,1941000,IPANEMA,IPANEMA,MINAS GERAIS,-19.7989,-41.7061,True,9497,0,9497,0.0,0,0.0,,,,,1994-01-01,2020-01-01
1151,1941003,BAIXO GUANDU,BAIXO GUANDÚ,ESPÍRITO SANTO,-19.5253,-41.0153,True,9497,0,9497,0.0,0,0.0,,,,,1994-01-01,2020-01-01
1152,1941004,RESPLENDOR - JUSANTE,RESPLENDOR,MINAS GERAIS,-19.3431,-41.2461,True,9497,0,9497,0.0,0,0.0,,,,,1994-01-01,2020-01-01
1153,1941005,BARRA DO CUIETÉ - JUSANTE,CONSELHEIRO PENA,MINAS GERAIS,-19.0617,-41.5328,True,9497,0,9497,0.0,0,0.0,,,,,1994-01-01,2020-01-01
1154,1941006,ASSARAI - MONTANTE,POCRANE,MINAS GERAIS,-19.5947,-41.4581,True,9497,0,9497,0.0,0,0.0,,,,,1994-01-01,2020-01-01
1155,1941008,LARANJA DA TERRA,AFONSO CLÁUDIO,ESPÍRITO SANTO,-19.9011,-41.0581,True,9497,0,9497,0.0,0,0.0,,,,,1994-01-01,2020-01-01
1156,1941009,IBITUBA,BAIXO GUANDÚ,ESPÍRITO SANTO,-19.6911,-41.02,True,9497,0,9497,0.0,0,0.0,,,,,1994-01-01,2020-01-01
1157,1941010,SÃO SEBASTIÃO DA ENCRUZILHADA,AIMORÉS,MINAS GERAIS,-19.4925,-41.1617,True,9497,0,9497,0.0,0,0.0,,,,,1994-01-01,2020-01-01
1158,1941011,SANTO ANTÔNIO DO MANHUAÇU,CARATINGA,MINAS GERAIS,-19.6783,-41.8361,True,9497,0,9497,0.0,0,0.0,,,,,1994-01-01,2020-01-01
1159,1941012,ALTO RIO NOVO,PANCAS,ESPÍRITO SANTO,-19.0592,-41.0275,True,9497,0,9497,0.0,0,0.0,,,,,1994-01-01,2020-01-01
1160,1941018,ITANHOMI,ITANHOMI,MINAS GERAIS,-19.1617,-41.8622,True,9497,0,9497,0.0,0,0.0,,,,,1994-01-01,2020-01-01
1161,1941019,MUTUM,MUTUM,MINAS GERAIS,-19.8111,-41.4378,True,9497,0,9497,0.0,0,0.0,,,,,1994-01-01,2020-01-01
1162,1941021,ALVARENGA,ALVARENGA,MINAS GERAIS,-19.4158,-41.7297,True,9497,0,9497,0.0,0,0.0,,,,,1994-01-01,2020-01-01
1163,1942002,BOM JESUS DO GALHO,BOM JESUS DO GALHO,MINAS GERAIS,-19.8336,-42.3178,True,9497,0,9497,0.0,0,0.0,,,,,1994-01-01,2020-01-01
1164,1942006,VERMELHO VELHO,RAUL SOARES,MINAS GERAIS,-19.9989,-42.3475,True,9497,0,9497,0.0,0,0.0,,,,,1994-01-01,2020-01-01
1165,1942008,DOM CAVATI,DOM CAVATI,MINAS GERAIS,-19.3736,-42.105,True,9497,0,9497,0.0,0,0.0,,,,,1994-01-01,2020-01-01
1166,1942029,MARIO DE CARVALHO,CORONEL FABRICIANO,MINAS GERAIS,-19.5247,-42.6442,True,9497,0,9497,0.0,0,0.0,,,,,1994-01-01,2020-01-01
1167,1942030,BELO ORIENTE,BELO ORIENTE,MINAS GERAIS,-19.3164,-42.3961,True,9497,0,9497,0.0,0,0.0,,,,,1994-01-01,2020-01-01
1168,1942031,CACHOEIRA DOS ÓCULOS - MONTANTE,CÓRREGO NOVO,MINAS GERAIS,-19.7769,-42.4769,True,9497,0,9497,0.0,0,0.0,,,,,1994-01-01,2020-01-01
1169,1942032,NAQUE VELHO,NAQUE,MINAS GERAIS,-19.1886,-42.4228,True,9497,0,9497,0.0,0,0.0,,,,,1994-01-01,2020-01-01
1170,1943000,MINERAÇÃO MORRO VELHO,NOVA LIMA,MINAS GERAIS,-19.9792,-43.85,True,9497,0,9497,0.0,0,0.0,,,,,1994-01-01,2020-01-01
1171,1943001,RIO PIRACICABA,RIO PIRACICABA,MINAS GERAIS,-19.9228,-43.1778,True,9497,0,9497,0.0,0,0.0,,,,,1994-01-01,2020-01-01
1172,1943002,CONCEIÇÃO DO MATO DENTRO,CONCEIÇÃO DO MATO D,MINAS GERAIS,-19.0167,-43.4442,True,9497,0,9497,0.0,0,0.0,,,,,1994-01-01,2020-01-01
1173,1943003,FERROS,FERROS,MINAS GERAIS,-19.2503,-43.0144,True,9497,0,9497,0.0,0,0.0,,,,,1994-01-01,2020-01-01
1174,1943004,JABOTICATUBAS,JABOTICATUBAS,MINAS GERAIS,-19.5206,-43.7444,True,9497,0,9497,0.0,0,0.0,,,,,1994-01-01,2020-01-01
1175,1943006,SABARÁ,SABARÁ,MINAS GERAIS,-19.8931,-43.815,True,9497,0,9497,0.0,0,0.0,,,,,1994-01-01,2020-01-01
1176,1943007,SANTA BÁRBARA,SANTA BÁRBARA,MINAS GERAIS,-19.9453,-43.4011,True,9497,0,9497,0.0,0,0.0,,,,,1994-01-01,2020-01-01
1177,1943008,SANTA MARIA DO ITABIRA,SANTA MARIA DE ITAB,MINAS GERAIS,-19.4403,-43.1186,True,9497,0,9497,0.0,0,0.0,,,,,1994-01-01,2020-01-01
1178,1943009,VESPASIANO,VESPASIANO,MINAS GERAIS,-19.6872,-43.9208,True,9497,0,9497,0.0,0,0.0,,,,,1994-01-01,2020-01-01
1179,1943010,CAETÉ,CAETÉ,MINAS GERAIS,-19.9028,-43.6664,True,9497,0,9497,0.0,0,0.0,,,,,1994-01-01,2020-01-01
1180,1943022,CAIXA DE AREIA,BELO HORIZONTE,MINAS GERAIS,-19.945,-43.9125,True,9497,4376,5121,0.4607770875013162,1264,0.1330946614720438,4.764419561243144,217.5,1994-01-01,2005-12-31,1994-01-01,2020-01-01
1181,1943023,TAQUARAÇU,TAQUARAÇU DE MINAS,MINAS GERAIS,-19.6639,-43.6881,True,9497,0,9497,0.0,0,0.0,,,,,1994-01-01,2020-01-01
1182,1943024,JOSÉ DE MELO,NOVA UNIÃO (JOSÉ DE,MINAS GERAIS,-19.6897,-43.5856,True,9497,0,9497,0.0,0,0.0,,,,,1994-01-01,2020-01-01
1183,1943025,MORRO DO PILAR,MORRO DO PILAR,MINAS GERAIS,-19.2175,-43.3742,True,9497,0,9497,0.0,0,0.0,,,,,1994-01-01,2020-01-01
1184,1943027,USINA PETI,SÃO GONÇALO DO RIO,MINAS GERAIS,-19.8808,-43.3675,True,9497,0,9497,0.0,0,0.0,,,,,1994-01-01,2020-01-01
1185,1943035,VAU DA LAGOA,SANTANA DO RIACHO,MINAS GERAIS,-19.2189,-43.5881,True,9497,0,9497,0.0,0,0.0,,,,,1994-01-01,2020-01-01
1186,1943042,FAZENDA CARAIBAS,BALDIM,MINAS GERAIS,-19.1197,-43.8375,True,9497,0,9497,0.0,0,0.0,,,,,1994-01-01,2020-01-01
1187,1943049,PONTE RAUL SOARES,LAGOA SANTA,MINAS GERAIS,-19.5614,-43.9178,True,9497,0,9497,0.0,0,0.0,,,,,1994-01-01,2020-01-01
1188,1944004,PONTE NOVA DO PARAOPEBA,JUATUBA,MINAS GERAIS,-19.9489,-44.4722,True,9497,0,9497,0.0,0,0.0,,,,,1994-01-01,2020-01-01
1189,1944007,FAZENDA ESCOLA FLORESTAL,FLORESTAL,MINAS GERAIS,-19.8797,-44.4217,True,9497,0,9497,0.0,0,0.0,,,,,1994-01-01,2020-01-01
1190,1944009,PEDRO LEOPOLDO,PEDRO LEOPOLDO,MINAS GERAIS,-19.6344,-44.0533,True,9497,0,9497,0.0,0,0.0,,,,,1994-01-01,2020-01-01
1191,1944010,HORTO FLORESTAL,PARAOPEBA,MINAS GERAIS,-19.2681,-44.4017,True,9497,0,9497,0.0,0,0.0,,,,,1994-01-01,2020-01-01
1192,1944011,JAGUARUNA - JUSANTE,ONÇA DE PITANGUI,MINAS GERAIS,-19.7281,-44.8067,True,9497,0,9497,0.0,0,0.0,,,,,1994-01-01,2020-01-01
1193,1944020,PIRAPAMA,SANTANA DE PIRAPAMA,MINAS GERAIS,-19.0131,-44.0367,True,9497,0,9497,0.0,0,0.0,,,,,1994-01-01,2020-01-01
1194,1944021,VELHO DA TAIPA,PITANGUI,MINAS GERAIS,-19.6961,-44.9294,True,9497,0,9497,0.0,0,0.0,,,,,1994-01-01,2020-01-01
1195,1944024,FAZENDA VARGEM BONITA,JEQUITIBÁ,MINAS GERAIS,-19.2372,-44.1231,True,9497,0,9497,0.0,0,0.0,,,,,1994-01-01,2020-01-01
1196,1944026,BARRO PRETO,MATEUS LEME,MINAS GERAIS,-19.9642,-44.4519,True,9497,0,9497,0.0,0,0.0,,,,,1994-01-01,2020-01-01
1197,1944027,JUATUBA,MATEUS LEME,MINAS GERAIS,-19.9556,-44.3344,True,9497,0,9497,0.0,0,0.0,,,,,1994-01-01,2020-01-01
1198,1944031,PONTE DA TAQUARA,PARAOPEBA,MINAS GERAIS,-19.4233,-44.5483,True,9497,0,9497,0.0,0,0.0,,,,,1994-01-01,2020-01-01
1199,1944049,PAPAGAIOS,PAPAGAIOS,MINAS GERAIS,-19.4283,-44.7197,True,9497,0,9497,0.0,0,0.0,,,,,1994-01-01,2020-01-01
1200,1944055,BETIM - COPASA,BETIM,MINAS GERAIS,-19.9733,-44.1881,True,9497,0,9497,0.0,0,0.0,,,,,1994-01-01,2020-01-01
1201,1944059,FORTUNA DE MINAS,FORTUNA DE MINAS,MINAS GERAIS,-19.5631,-44.4469,True,9497,0,9497,0.0,0,0.0,,,,,1994-01-01,2020-01-01
1202,1944062,FAZENDA SANTA RITA,MATEUS LEME,MINAS GERAIS,-19.9828,-44.4922,True,9497,0,9497,0.0,0,0.0,,,,,1994-01-01,2020-01-01
1203,1944063,SILVA CAMPOS,POMPÉU,MINAS GERAIS,-19.0872,-44.9472,True,9497,0,9497,0.0,0,0.0,,,,,1994-01-01,2020-01-01
1204,1944068,FAZENDA CAPÃO DO GADO,CORDISBURGO,MINAS GERAIS,-19.0289,-44.1939,True,9497,0,9497,0.0,0,0.0,,,,,1994-01-01,2020-01-01
1205,1945002,BARRA DO FUNCHAL,SERRA DA SAUDADE,MINAS GERAIS,-19.3947,-45.8844,True,9497,0,9497,0.0,0,0.0,,,,,1994-01-01,2020-01-01
1206,1945004,ESTAÇÃO ALVARO DA SILVEIRA,BOM DESPACHO,MINAS GERAIS,-19.7517,-45.1169,True,9497,0,9497,0.0,0,0.0,,,,,1994-01-01,2020-01-01
1207,1945008,BOM DESPACHO,BOM DESPACHO,MINAS GERAIS,-19.7425,-45.255,True,9497,0,9497,0.0,0,0.0,,,,,1994-01-01,2020-01-01
1208,1945019,DORES DO INDÁIA (CVSF),DORES DO INDÁIA,MINAS GERAIS,-19.4686,-45.6017,True,9497,0,9497,0.0,0,0.0,,,,,1994-01-01,2020-01-01
1209,1945035,ABAETÉ,ABAETÉ,MINAS GERAIS,-19.1631,-45.4425,True,9497,0,9497,0.0,0,0.0,,,,,1994-01-01,2020-01-01
1210,1945038,PORTO DAS ANDORINHAS,ABAETÉ,MINAS GERAIS,-19.2786,-45.2858,True,9497,0,9497,0.0,0,0.0,,,,,1994-01-01,2020-01-01
1211,1945039,MARTINHO CAMPOS,MARTINHO CAMPOS,MINAS GERAIS,-19.3322,-45.2281,True,9497,0,9497,0.0,0,0.0,,,,,1994-01-01,2020-01-01
1212,1946000,TAPIRAÍ - JUSANTE,TAPIRAÍ,MINAS GERAIS,-19.8794,-46.0328,True,9497,0,9497,0.0,0,0.0,,,,,1994-01-01,2020-01-01
1213,1946004,IBIÁ,IBIÁ,MINAS GERAIS,-19.475,-46.5419,True,9497,0,9497,0.0,0,0.0,,,,,1994-01-01,2020-01-01
1214,1946005,SALITRE,PATROCÍNIO,MINAS GERAIS,-19.0706,-46.7958,True,9497,0,9497,0.0,0,0.0,,,,,1994-01-01,2020-01-01
1215,1946007,FAZENDA SÃO MATEUS,IBIÁ,MINAS GERAIS,-19.5167,-46.5711,True,9497,0,9497,0.0,0,0.0,,,,,1994-01-01,2020-01-01
1216,1946008,SERRA DO SALITRE,SERRA DO SALITRE,MINAS GERAIS,-19.1128,-46.6883,True,9497,0,9497,0.0,0,0.0,,,,,1994-01-01,2020-01-01
1217,1946009,SÃO GOTARDO,SÃO GOTARDO,MINAS GERAIS,-19.3153,-46.0444,True,9497,0,9497,0.0,0,0.0,,,,,1994-01-01,2020-01-01
1218,1946010,PRATINHA,PRATINHA,MINAS GERAIS,-19.7514,-46.4119,True,9497,0,9497,0.0,0,0.0,,,,,1994-01-01,2020-01-01
1219,1946011,TAPIRA,TAPIRA,MINAS GERAIS,-19.9269,-46.8253,True,9497,0,9497,0.0,0,0.0,,,,,1994-01-01,2020-01-01
1220,1946018,PONTE DO RIO SÃO JOÃO,IBIÁ,MINAS GERAIS,-19.3233,-46.6372,True,9497,0,9497,0.0,0,0.0,,,,,1994-01-01,2020-01-01
1221,1946022,CARMO DO PARANAIBA,CARMO DO PARANAIBA,MINAS GERAIS,-19.0033,-46.3061,True,9497,0,9497,0.0,0,0.0,,,,,1994-01-01,2020-01-01
1222,1947001,SANTA JULIANA,SANTA JULIANA,MINAS GERAIS,-19.3158,-47.5261,True,9497,0,9497,0.0,0,0.0,,,,,1994-01-01,2020-01-01
1223,1947002,CONQUISTA,CONQUISTA,MINAS GERAIS,-19.9303,-47.5428,True,9497,0,9497,0.0,0,0.0,,,,,1994-01-01,2020-01-01
1224,1947006,PONTE JOÃO CÂNDIDO,PATROCÍNIO,MINAS GERAIS,-19.1467,-47.1847,True,9497,0,9497,0.0,0,0.0,,,,,1994-01-01,2020-01-01
1225,1947007,PERDIZES,PERDIZES,MINAS GERAIS,-19.3486,-47.2953,True,9497,0,9497,0.0,0,0.0,,,,,1994-01-01,2020-01-01
1226,1947008,LAGOA,SACRAMENTO,MINAS GERAIS,-19.8786,-47.3547,True,9497,4294,5203,0.45214278193113616,1046,0.11014004422449195,4.22084303679553,144.4,1994-01-01,2005-12-31,1994-01-01,2020-01-01
1227,1947009,ZELÂNDIA,SANTA JULIANA,MINAS GERAIS,-19.5375,-47.4531,True,9497,0,9497,0.0,0,0.0,,,,,1994-01-01,2020-01-01
1228,1948003,VERÍSSIMO,VERÍSSIMO,MINAS GERAIS,-19.6731,-48.3097,True,9497,0,9497,0.0,0,0.0,,,,,1994-01-01,2020-01-01
1229,1948005,FAZENDA PARAÍSO,PRATA,MINAS GERAIS,-19.2469,-48.5661,True,9497,0,9497,0.0,0,0.0,,,,,1994-01-01,2020-01-01
1230,1948006,FAZENDA LETREIRO,UBERLÂNDIA,MINAS GERAIS,-18.9883,-48.1903,True,9497,0,9497,0.0,0,0.0,,,,,1994-01-01,2020-01-01
1231,1948007,CAMPO FLORIDO,CAMPO FLORIDO,MINAS GERAIS,-19.7706,-48.5742,True,9497,0,9497,0.0,0,0.0,,,,,1994-01-01,2020-01-01
1232,1948010,PIRAJUBA,PIRAJUBA,MINAS GERAIS,-19.9075,-48.6936,True,9497,0,9497,0.0,0,0.0,,,,,1994-01-01,2020-01-01
1233,1948014,PONTE BR-153 (FAZ. NOSSA SENHORA APARECIDA),PRATA,MINAS GERAIS,-19.0394,-49.0425,True,9497,0,9497,0.0,0,0.0,,,,,1994-01-01,2020-01-01
1234,1949000,SÃO FRANCISCO DE SALES,SÃO FRANCISCO DE SA,MINAS GERAIS,-19.8167,-49.75,True,9497,0,9497,0.0,0,0.0,,,,,1994-01-01,2020-01-01
1235,1949002,FAZENDA BURITI DO PRATA,PRATA,MINAS GERAIS,-19.3597,-49.1803,True,9497,0,9497,0.0,0,0.0,,,,,1994-01-01,2020-01-01
1236,1949003,GURINHATÃ,GURINHATÃ,MINAS GERAIS,-19.2133,-49.7881,True,9497,0,9497,0.0,0,0.0,,,,,1994-01-01,2020-01-01
1237,1949004,CAMPINA VERDE,CAMPINA VERDE,MINAS GERAIS,-19.5422,-49.4831,True,9497,0,9497,0.0,0,0.0,,,,,1994-01-01,2020-01-01
1238,1949005,COMENDADOR GOMES,COMENDADOR GOMES,MINAS GERAIS,-19.6981,-49.0839,True,9497,0,9497,0.0,0,0.0,,,,,1994-01-01,2020-01-01
1239,1949006,PONTE DO PRATA,ITUIUTABA,MINAS GERAIS,-19.0353,-49.6967,True,9497,0,9497,0.0,0,0.0,,,,,1994-01-01,2020-01-01
1240,1949007,ITAPAJIPE (LAGEADO),ITAPAGIPE,MINAS GERAIS,-19.8925,-49.3714,True,9497,0,9497,0.0,0,0.0,,,,,1994-01-01,2020-01-01
1241,1950000,ITURAMA,ITURAMA,MINAS GERAIS,-19.7247,-50.1917,True,9497,0,9497,0.0,0,0.0,,,,,1994-01-01,2020-01-01
1242,1950011,PONTE SÃO DOMINGOS,SANTA VITÓRIA,MINAS GERAIS,-19.2081,-50.6628,True,9497,0,9497,0.0,0,0.0,,,,,1994-01-01,2020-01-01
1243,1950012,UNIÃO (VILA UNIÃO),ITURAMA,MINAS GERAIS,-19.5289,-50.3286,True,9497,0,9497,0.0,0,0.0,,,,,1994-01-01,2020-01-01
1244,1950017,PORTO ALENCASTRO,ITURAMA,MINAS GERAIS,-19.6617,-50.9964,True,9497,0,9497,0.0,0,0.0,,,,,1994-01-01,2020-01-01
1245,1951000,CANASTRA,ITAJÁ,GOIÁS,-19.1,-51.1494,True,9497,0,9497,0.0,0,0.0,,,,,1994-01-01,2020-01-01
1246,1951001,ITAJÁ,ITAJÁ,GOIÁS,-19.1364,-51.5344,True,9497,0,9497,0.0,0,0.0,,,,,1994-01-01,2020-01-01
1247,1951003,FAZENDA PINDORAMA,PARANAÍBA,MATO GROSSO DO SUL,-19.3908,-51.6089,True,9497,0,9497,0.0,0,0.0,,,,,1994-01-01,2020-01-01
1248,1951004,ARVORE GRANDE,CASSILÂNDIA,MATO GROSSO DO SUL,-19.2292,-51.875,True,9497,0,9497,0.0,0,0.0,,,,,1994-01-01,2020-01-01
1249,1951005,INOCÊNCIA,INOCÊNCIA,MATO GROSSO DO SUL,-19.7364,-51.9336,True,9497,0,9497,0.0,0,0.0,,,,,1994-01-01,2020-01-01
1250,1952000,ALTO SUCURIU,CHAPADÃO DO SUL,MATO GROSSO DO SUL,-19.4442,-52.5583,True,9497,0,9497,0.0,0,0.0,,,,,1994-01-01,2020-01-01
1251,1952001,PONTAL,ÁGUA CLARA,MATO GROSSO DO SUL,-19.6781,-52.8964,True,9497,0,9497,0.0,0,0.0,,,,,1994-01-01,2020-01-01
1252,1952002,MORANGAS,INOCÊNCIA,MATO GROSSO DO SUL,-19.5536,-52.1664,True,9497,0,9497,0.0,0,0.0,,,,,1994-01-01,2020-01-01
1253,1953000,ALTO RIO VERDE,ÁGUA CLARA,MATO GROSSO DO SUL,-19.3769,-53.5697,True,9497,0,9497,0.0,0,0.0,,,,,1994-01-01,2020-01-01
1254,1953001,VISTA ALEGRE,RIBAS DO RIO PARDO,MATO GROSSO DO SUL,-19.7847,-53.9639,True,9497,0,9497,0.0,0,0.0,,,,,1994-01-01,2020-01-01
1255,1953003,FURLANETO,ÁGUA CLARA,MATO GROSSO DO SUL,-19.2719,-53.4908,True,9497,0,9497,0.0,0,0.0,,,,,1994-01-01,2020-01-01
1256,1953004,PORTO DE PEDRAS,COSTA RICA,MATO GROSSO DO SUL,-19.055,-53.015,True,9497,0,9497,0.0,0,0.0,,,,,1994-01-01,2020-01-01
1257,1954002,ROCHEDO,ROCHEDO,MATO GROSSO DO SUL,-19.9533,-54.8786,True,9497,0,9497,0.0,0,0.0,,,,,1994-01-01,2020-01-01
1258,1954003,RIO NEGRO,RIO NEGRO,MATO GROSSO DO SUL,-19.4397,-54.9833,True,9497,0,9497,0.0,0,0.0,,,,,1994-01-01,2020-01-01
1259,1954004,CAMAPUÃ,CAMAPUÃ,MATO GROSSO DO SUL,-19.4967,-53.9967,True,9497,0,9497,0.0,0,0.0,,,,,1994-01-01,2020-01-01
1260,1954005,BANDEIRANTES,BANDEIRANTES,MATO GROSSO DO SUL,-19.9178,-54.3586,True,9497,0,9497,0.0,0,0.0,,,,,1994-01-01,2020-01-01
1261,1954006,FAZENDA CARANDA,CAMAPUÃ,MATO GROSSO DO SUL,-19.3222,-54.1611,True,9497,0,9497,0.0,0,0.0,,,,,1994-01-01,2020-01-01
1262,1955000,IGUAÇU,AQUIDAUANA,MATO GROSSO DO SUL,-19.9447,-55.7944,True,9497,0,9497,0.0,0,0.0,,,,,1994-01-01,2020-01-01
1263,1956001,PARAÍSO,CORUMBÁ,MATO GROSSO DO SUL,-19.1733,-56.7122,True,9497,0,9497,0.0,0,0.0,,,,,1994-01-01,2020-01-01
1264,1956003,ENTRE RIOS,AQUIDAUANA,MATO GROSSO DO SUL,-19.6967,-56.2828,True,9497,0,9497,0.0,0,0.0,,,,,1994-01-01,2020-01-01
1265,1956004,CAMPO ALTO,CORUMBÁ,MATO GROSSO DO SUL,-19.0033,-56.0889,True,9497,0,9497,0.0,0,0.0,,,,,1994-01-01,2020-01-01
1266,1956005,BODOQUENA,MIRANDA,MATO GROSSO DO SUL,-19.8708,-56.9836,True,9497,0,9497,0.0,0,0.0,,,,,1994-01-01,2020-01-01
1267,1956008,SÃO SEBASTIÃO,AQUIDAUANA,MATO GROSSO DO SUL,-19.3592,-56.4092,True,9497,0,9497,0.0,0,0.0,,,,,1994-01-01,2020-01-01
1268,1957003,PORTO DA MANGA,CORUMBÁ,MATO GROSSO DO SUL,-19.2583,-57.2353,True,9497,4640,4857,0.4885753395809203,602,0.06338843845424871,2.3830172413793105,122.4,1994-01-01,2006-12-31,1994-01-01,2020-01-01
1269,1957004,FORTE COIMBRA,CORUMBÁ,MATO GROSSO DO SUL,-19.9186,-57.7894,True,9497,0,9497,0.0,0,0.0,,,,,1994-01-01,2020-01-01
1270,1957005,PIRAPUTANGA,CORUMBÁ,MATO GROSSO DO SUL,-19.3053,-57.5933,True,9497,0,9497,0.0,0,0.0,,,,,1994-01-01,2020-01-01
1271,1957006,PORTO ESPERANÇA,CORUMBÁ,MATO GROSSO DO SUL,-19.6008,-57.4381,True,9497,0,9497,0.0,0,0.0,,,,,1994-01-01,2020-01-01
1272,2040001,FAZENDA JUCURUABA,VIANA,ESPÍRITO SANTO,-20.415,-40.4853,True,9497,0,9497,0.0,0,0.0,,,,,1994-01-01,2020-01-01
1273,2040003,FAZENDA FONTE LIMPA (DNOS),SERRA,ESPÍRITO SANTO,-20.1903,-40.3189,True,9497,0,9497,0.0,0,0.0,,,,,1994-01-01,2020-01-01
1274,2040004,GUARAPARI (DNOS),GUARAPARI,ESPÍRITO SANTO,-20.6522,-40.5086,True,9497,0,9497,0.0,0,0.0,,,,,1994-01-01,2020-01-01
1275,2040005,ICONHA - MONTANTE,ICONHA,ESPÍRITO SANTO,-20.7836,-40.8258,True,9497,0,9497,0.0,0,0.0,,,,,1994-01-01,2020-01-01
1276,2040006,USINA PAINEIRAS,ITAPEMIRIM,ESPÍRITO SANTO,-20.9528,-40.9533,True,9497,0,9497,0.0,0,0.0,,,,,1994-01-01,2020-01-01
1277,2040007,SANTA MARIA DO JETIBÁ,SANTA MARIA DE JETI,ESPÍRITO SANTO,-20.0281,-40.7442,True,9497,0,9497,0.0,0,0.0,,,,,1994-01-01,2020-01-01
1278,2040008,GARRAFÃO (DNOS),SANTA LEOPOLDINA,ESPÍRITO SANTO,-20.1433,-40.9753,True,9497,0,9497,0.0,0,0.0,,,,,1994-01-01,2020-01-01
1279,2040009,ANCHIETA (DNOS),ANCHIETA,ESPÍRITO SANTO,-20.8036,-40.6556,True,9497,0,9497,0.0,0,0.0,,,,,1994-01-01,2020-01-01
1280,2040010,SANTA LEOPOLDINA,SANTA LEOPOLDINA,ESPÍRITO SANTO,-20.1003,-40.5278,True,9497,0,9497,0.0,0,0.0,,,,,1994-01-01,2020-01-01
1281,2040011,MATILDE (DNOS),ALFREDO CHAVES,ESPÍRITO SANTO,-20.5567,-40.8114,True,9497,0,9497,0.0,0,0.0,,,,,1994-01-01,2020-01-01
1282,2040012,MARECHAL FLORIANO (DNOS),DOMINGOS MARTINS,ESPÍRITO SANTO,-20.4119,-40.6822,True,9497,0,9497,0.0,0,0.0,,,,,1994-01-01,2020-01-01
1283,2040014,DUAS BOCAS (DNOS),CARIACICA,ESPÍRITO SANTO,-20.2614,-40.4792,True,9497,0,9497,0.0,0,0.0,,,,,1994-01-01,2020-01-01
1284,2040015,PEROBINHA (DNOS),DOMINGOS MARTINS,ESPÍRITO SANTO,-20.2836,-40.7831,True,9497,0,9497,0.0,0,0.0,,,,,1994-01-01,2020-01-01
1285,2040017,DUAS BARRAS (DNOS),ICONHA,ESPÍRITO SANTO,-20.7281,-40.8825,True,9497,0,9497,0.0,0,0.0,,,,,1994-01-01,2020-01-01
1286,2040018,CACHOEIRA SUIÇA (DNOS),SANTA LEOPOLDINA,ESPÍRITO SANTO,-20.0794,-40.6067,True,9497,0,9497,0.0,0,0.0,,,,,1994-01-01,2020-01-01
1287,2040020,VILA NOVA MARAVILHA,ALFREDO CHAVES,ESPÍRITO SANTO,-20.5875,-40.9492,True,9497,0,9497,0.0,0,0.0,,,,,1994-01-01,2020-01-01
1288,2040022,PONTA DA FRUTA,VILA VELHA,ESPÍRITO SANTO,-20.5156,-40.3636,True,9497,0,9497,0.0,0,0.0,,,,,1994-01-01,2020-01-01
1289,2040023,SÃO RAFAEL,DOMINGOS MARTINS,ESPÍRITO SANTO,-20.2964,-40.9339,True,9497,0,9497,0.0,0,0.0,,,,,1994-01-01,2020-01-01
1290,2040045,CÓRREGO DO GALO,DOMINGOS MARTINS,ESPÍRITO SANTO,-20.3175,-40.6528,True,9497,0,9497,0.0,0,0.0,,,,,1994-01-01,2020-01-01
1291,2041000,ATÍLIO VIVACQUA,ATÍLIO VIVACQUA,ESPÍRITO SANTO,-20.9128,-41.195,True,9497,0,9497,0.0,0,0.0,,,,,1994-01-01,2020-01-01
1292,2041001,GUAÇUÍ,GUAÇUÍ,ESPÍRITO SANTO,-20.7736,-41.6817,True,9497,0,9497,0.0,0,0.0,,,,,1994-01-01,2020-01-01
1293,2041002,CASTELO,CASTELO,ESPÍRITO SANTO,-20.6056,-41.1997,True,9497,0,9497,0.0,0,0.0,,,,,1994-01-01,2020-01-01
1294,2041003,RIVE,ALEGRE,ESPÍRITO SANTO,-20.7469,-41.4661,True,9497,0,9497,0.0,0,0.0,,,,,1994-01-01,2020-01-01
1295,2041005,CAIANA,CAIANA,MINAS GERAIS,-20.6939,-41.9219,True,9497,0,9497,0.0,0,0.0,,,,,1994-01-01,2020-01-01
1296,2041008,DORES DO MANHUMIRIM,MANHUAÇU,MINAS GERAIS,-20.1081,-41.7283,True,9497,4017,5480,0.42297567652943036,1240,0.13056754764662526,3.564052775703261,98.5,1994-01-01,2005-12-31,1994-01-01,2020-01-01
1297,2041010,JACIGUA (DNOS),VARGEM ALTA,ESPÍRITO SANTO,-20.7019,-41.0164,True,9497,0,9497,0.0,0,0.0,,,,,1994-01-01,2020-01-01
1298,2041011,CONCEIÇÃO DO CASTELO (DNOS),CONCEIÇÃO DO CASTEL,ESPÍRITO SANTO,-20.3522,-41.2394,True,9497,0,9497,0.0,0,0.0,,,,,1994-01-01,2020-01-01
1299,2041013,IÚNA,IÚNA,ESPÍRITO SANTO,-20.3458,-41.5375,True,9497,0,9497,0.0,0,0.0,,,,,1994-01-01,2020-01-01
1300,2041014,DORES DO RIO PRETO,DORES DO RIO PRETO,ESPÍRITO SANTO,-20.6858,-41.8461,True,9497,0,9497,0.0,0,0.0,,,,,1994-01-01,2020-01-01
1301,2041015,FAZENDA MONTE ALEGRE,MUQUI,ESPÍRITO SANTO,-20.9447,-41.4008,True,9497,0,9497,0.0,0,0.0,,,,,1994-01-01,2020-01-01
1302,2041016,IBITIRAMA,ALEGRE,ESPÍRITO SANTO,-20.5406,-41.6656,True,9497,0,9497,0.0,0,0.0,,,,,1994-01-01,2020-01-01
1303,2041017,SANTA CRUZ - CAPARAÓ,IÚNA,ESPÍRITO SANTO,-20.3228,-41.7042,True,9497,0,9497,0.0,0,0.0,,,,,1994-01-01,2020-01-01
1304,2041018,USINA FORTALEZA,MUNIZ FREIRE,ESPÍRITO SANTO,-20.3714,-41.4089,True,9497,0,9497,0.0,0,0.0,,,,,1994-01-01,2020-01-01
1305,2041019,ITAICI,MUNIZ FREIRE,ESPÍRITO SANTO,-20.5283,-41.5114,True,9497,0,9497,0.0,0,0.0,,,,,1994-01-01,2020-01-01
1306,2041020,ARACE (FAZENDA MODELO),DOMINGOS MARTINS,ESPÍRITO SANTO,-20.3667,-41.0611,True,9497,0,9497,0.0,0,0.0,,,,,1994-01-01,2020-01-01
1307,2041021,BURARAMA,CACHOEIRO DO  ITAPE,ESPÍRITO SANTO,-20.6806,-41.3483,True,9497,0,9497,0.0,0,0.0,,,,,1994-01-01,2020-01-01
1308,2041023,AFONSO CLAÚDIO - MONTANTE,AFONSO CLÁUDIO,ESPÍRITO SANTO,-20.0786,-41.1214,True,9497,0,9497,0.0,0,0.0,,,,,1994-01-01,2020-01-01
1309,2041046,VARRE - SAI,NATIVIDADE,RIO DE JANEIRO,-20.9314,-41.8678,True,9497,0,9497,0.0,0,0.0,,,,,1994-01-01,2020-01-01
1310,2041048,FAZENDA VARGEM ALEGRE,MANHUAÇU,MINAS GERAIS,-20.1706,-41.9611,True,9497,0,9497,0.0,0,0.0,,,,,1994-01-01,2020-01-01
1311,2042000,CARANGOLA,CARANGOLA,MINAS GERAIS,-20.74,-42.0239,True,9497,0,9497,0.0,0,0.0,,,,,1994-01-01,2020-01-01
1312,2042008,RAUL SOARES - MONTANTE,RAUL SOARES,MINAS GERAIS,-20.1036,-42.44,True,9497,0,9497,0.0,0,0.0,,,,,1994-01-01,2020-01-01
1313,2042010,ABRE CAMPO,ABRE CAMPO,MINAS GERAIS,-20.2989,-42.4781,True,9497,0,9497,0.0,0,0.0,,,,,1994-01-01,2020-01-01
1314,2042011,RIO CASCA,RIO CASCA,MINAS GERAIS,-20.2147,-42.6522,True,9497,0,9497,0.0,0,0.0,,,,,1994-01-01,2020-01-01
1315,2042014,BICUIBA,SÃO FRANCISCO DO GL,MINAS GERAIS,-20.7694,-42.3011,True,9497,0,9497,0.0,0,0.0,,,,,1994-01-01,2020-01-01
1316,2042016,SÃO MIGUEL DO ANTA,SÃO MIGUEL DO ANTA,MINAS GERAIS,-20.6825,-42.8067,True,9497,0,9497,0.0,0,0.0,,,,,1994-01-01,2020-01-01
1317,2042017,MATIPÓ,MATIPÓ,MINAS GERAIS,-20.2772,-42.3256,True,9497,0,9497,0.0,0,0.0,,,,,1994-01-01,2020-01-01
1318,2042018,PONTE NOVA JUSANTE,PONTE NOVA,MINAS GERAIS,-20.3847,-42.9028,True,9497,0,9497,0.0,0,0.0,,,,,1994-01-01,2020-01-01
1319,2042027,PORCIUNCULA,PORCIÚNCULA,RIO DE JANEIRO,-20.9692,-42.0517,True,9497,0,9497,0.0,0,0.0,,,,,1994-01-01,2020-01-01
1320,2042031,FAZENDA CACHOEIRA D'ANTAS,SÃO JOSÉ DO GOIABAL,MINAS GERAIS,-20.0114,-42.6742,True,9497,0,9497,0.0,0,0.0,,,,,1994-01-01,2020-01-01
1321,2043002,LAGOA GRANDE (MMV),NOVA LIMA,MINAS GERAIS,-20.1792,-43.9428,True,9497,0,9497,0.0,0,0.0,,,,,1994-01-01,2020-01-01
1322,2043004,RIO DO PEIXE (MMV),NOVA LIMA,MINAS GERAIS,-20.1378,-43.8925,True,9497,0,9497,0.0,0,0.0,,,,,1994-01-01,2020-01-01
1323,2043005,CONSELHEIRO LAFAIETE,CONSELHEIRO LAFAIET,MINAS GERAIS,-20.625,-43.7536,True,9497,0,9497,0.0,0,0.0,,,,,1994-01-01,2020-01-01
1324,2043009,ACAIACA - JUSANTE,ACAIACA,MINAS GERAIS,-20.3625,-43.1439,True,9497,0,9497,0.0,0,0.0,,,,,1994-01-01,2020-01-01
1325,2043010,PIRANGA,PIRANGA,MINAS GERAIS,-20.6906,-43.2994,True,9497,0,9497,0.0,0,0.0,,,,,1994-01-01,2020-01-01
1326,2043011,FAZENDA PARAÍSO,MARIANA,MINAS GERAIS,-20.39,-43.1803,True,9497,0,9497,0.0,0,0.0,,,,,1994-01-01,2020-01-01
1327,2043013,CONGONHAS - LINIGRAFO,CONGONHAS,MINAS GERAIS,-20.5219,-43.83,True,9497,0,9497,0.0,0,0.0,,,,,1994-01-01,2020-01-01
1328,2043014,PORTO FIRME,PORTO FIRME,MINAS GERAIS,-20.6703,-43.0881,True,9497,0,9497,0.0,0,0.0,,,,,1994-01-01,2020-01-01
1329,2043018,CARANDAÍ,CARANDAÍ,MINAS GERAIS,-20.9558,-43.8008,True,9497,0,9497,0.0,0,0.0,,,,,1994-01-01,2020-01-01
1330,2043025,USINA DA BRECHA,GUARACIABA,MINAS GERAIS,-20.5167,-43.0167,True,9497,0,9497,0.0,0,0.0,,,,,1994-01-01,2020-01-01
1331,2043026,BRAZ PIRES,BRÁS PIRES,MINAS GERAIS,-20.8475,-43.2419,True,9497,0,9497,0.0,0,0.0,,,,,1994-01-01,2020-01-01
1332,2043027,FAZENDA OCIDENTE,BARRA LONGA,MINAS GERAIS,-20.2856,-43.0989,True,9497,0,9497,0.0,0,0.0,,,,,1994-01-01,2020-01-01
1333,2043042,REPRESA DAS CODORNAS (MMV),NOVA LIMA,MINAS GERAIS,-20.1647,-43.8919,True,9497,4383,5114,0.4615141623670633,1602,0.16868484784668844,4.467624914442163,158.4,1994-01-01,2005-12-31,1994-01-01,2020-01-01
1334,2043043,REPRESA DO MIGUELÃO (MMV),NOVA LIMA,MINAS GERAIS,-20.1261,-43.9503,True,9497,0,9497,0.0,0,0.0,,,,,1994-01-01,2020-01-01
1335,2043056,FAZENDA ÁGUA LIMPA JUSANTE,OURO PRETO,MINAS GERAIS,-20.3031,-43.6158,True,9497,0,9497,0.0,0,0.0,,,,,1994-01-01,2020-01-01
1336,2043059,COLÉGIO CARAÇA,SANTA BÁRBARA,MINAS GERAIS,-20.0969,-43.4881,True,9497,0,9497,0.0,0,0.0,,,,,1994-01-01,2020-01-01
1337,2043060,ITABIRITO LINIGRAFO,ITABIRITO,MINAS GERAIS,-20.2878,-43.8,True,9497,0,9497,0.0,0,0.0,,,,,1994-01-01,2020-01-01
1338,2044002,ITAÚNA - MONTANTE,ITAÚNA,MINAS GERAIS,-20.0714,-44.5703,True,9497,0,9497,0.0,0,0.0,,,,,1994-01-01,2020-01-01
1339,2044003,CARMO DO CAJURU,CARMO DO CAJURU,MINAS GERAIS,-20.1922,-44.7936,True,9497,0,9497,0.0,0,0.0,,,,,1994-01-01,2020-01-01
1340,2044006,DIVINÓPOLIS,DIVINÓPOLIS,MINAS GERAIS,-20.1369,-44.8919,True,9497,0,9497,0.0,0,0.0,,,,,1994-01-01,2020-01-01
1341,2044007,ENTRE RIOS DE MINAS,ENTRE RIOS DE MINAS,MINAS GERAIS,-20.6611,-44.0722,True,9497,0,9497,0.0,0,0.0,,,,,1994-01-01,2020-01-01
1342,2044008,MELO FRANCO,BRUMADINHO,MINAS GERAIS,-20.1978,-44.1208,True,9497,0,9497,0.0,0,0.0,,,,,1994-01-01,2020-01-01
1343,2044009,FAZENDA CAMPO GRANDE,PASSA TEMPO,MINAS GERAIS,-20.6253,-44.4333,True,9497,0,9497,0.0,0,0.0,,,,,1994-01-01,2020-01-01
1344,2044012,IBIRITÉ,IBIRITÉ,MINAS GERAIS,-20.0428,-44.0433,True,9497,0,9497,0.0,0,0.0,,,,,1994-01-01,2020-01-01
1345,2044016,FAZENDA BENEDITO CHAVES,ITATIAIUÇU,MINAS GERAIS,-20.1692,-44.515,True,9497,0,9497,0.0,0,0.0,,,,,1994-01-01,2020-01-01
1346,2044019,FAZENDA VISTA ALEGRE,MATEUS LEME,MINAS GERAIS,-20.0514,-44.4517,True,9497,0,9497,0.0,0,0.0,,,,,1994-01-01,2020-01-01
1347,2044020,CALAMBAU,ITAÚNA,MINAS GERAIS,-20.0683,-44.4922,True,9497,0,9497,0.0,0,0.0,,,,,1994-01-01,2020-01-01
1348,2044021,ALTO DA BOA VISTA,MATEUS LEME,MINAS GERAIS,-20.1056,-44.4011,True,9497,0,9497,0.0,0,0.0,,,,,1994-01-01,2020-01-01
1349,2044024,FAZENDA CURRALINHO,MATEUS LEME,MINAS GERAIS,-20.0075,-44.3311,True,9497,0,9497,0.0,0,0.0,,,,,1994-01-01,2020-01-01
1350,2044026,FAZENDA COQUEIROS,ITAÚNA,MINAS GERAIS,-20.1297,-44.4744,True,9497,0,9497,0.0,0,0.0,,,,,1994-01-01,2020-01-01
1351,2044027,PONTE FERNÃO DIAS,OLIVEIRA,MINAS GERAIS,-20.7408,-44.7833,True,9497,0,9497,0.0,0,0.0,,,,,1994-01-01,2020-01-01
1352,2044037,SANTO ANTÔNIO DO AMPARO,SANTO ANTÔNIO DO AM,MINAS GERAIS,-20.9442,-44.9075,True,9497,0,9497,0.0,0,0.0,,,,,1994-01-01,2020-01-01
1353,2044038,RESENDE COSTA,RESENDE COSTA,MINAS GERAIS,-20.9236,-44.2383,True,9497,0,9497,0.0,0,0.0,,,,,1994-01-01,2020-01-01
1354,2044041,FAZENDA LARANJEIRAS - JUSANTE,ITAÚNA,MINAS GERAIS,-20.1022,-44.4847,True,9497,0,9497,0.0,0,0.0,,,,,1994-01-01,2020-01-01
1355,2044042,CARMO DA MATA (ETA - COPASA),CARMO DA MATA,MINAS GERAIS,-20.5625,-44.8675,True,9497,0,9497,0.0,0,0.0,,,,,1994-01-01,2020-01-01
1356,2044043,ESTIVA,MATEUS LEME,MINAS GERAIS,-20.0003,-44.4617,True,9497,0,9497,0.0,0,0.0,,,,,1994-01-01,2020-01-01
1357,2044050,SÃO TIAGO,SÃO TIAGO,MINAS GERAIS,-20.8972,-44.5003,True,9497,0,9497,0.0,0,0.0,,,,,1994-01-01,2020-01-01
1358,2044052,JARDIM,MATEUS LEME,MINAS GERAIS,-20.045,-44.4078,True,9497,0,9497,0.0,0,0.0,,,,,1994-01-01,2020-01-01
1359,2044053,ESCOLA DE VETERINÁRIA,MATEUS LEME,MINAS GERAIS,-20.0686,-44.345,True,9497,0,9497,0.0,0,0.0,,,,,1994-01-01,2020-01-01
1360,2044054,SERRA AZUL,MATEUS LEME,MINAS GERAIS,-20.0867,-44.4272,True,9497,0,9497,0.0,0,0.0,,,,,1994-01-01,2020-01-01
1361,2045001,BAMBUÍ,BAMBUÍ,MINAS GERAIS,-20.0211,-45.9661,True,9497,0,9497,0.0,0,0.0,,,,,1994-01-01,2020-01-01
1362,2045002,IGUATAMA,IGUATAMA,MINAS GERAIS,-20.1789,-45.7003,True,9497,0,9497,0.0,0,0.0,,,,,1994-01-01,2020-01-01
1363,2045005,LAMOUNIER,ITAPECERICA,MINAS GERAIS,-20.4722,-45.0361,True,9497,0,9497,0.0,0,0.0,,,,,1994-01-01,2020-01-01
1364,2045010,ARCOS (COPASA),ARCOS,MINAS GERAIS,-20.2947,-45.5428,True,9497,0,9497,0.0,0,0.0,,,,,1994-01-01,2020-01-01
1365,2045011,LAGOA DA PRATA,LAGOA DA PRATA,MINAS GERAIS,-20.0367,-45.5353,True,9497,0,9497,0.0,0,0.0,,,,,1994-01-01,2020-01-01
1366,2045012,PIUMHI,PIUMHI,MINAS GERAIS,-20.4619,-45.945,True,9497,4229,5268,0.4452985153206276,1374,0.14467726650521218,4.08635611255616,111.1,1994-01-01,2005-12-31,1994-01-01,2020-01-01
1367,2045013,SANTO ANTÔNIO DO MONTE,SANTO ANTÔNIO DO MO,MINAS GERAIS,-20.0844,-45.2967,True,9497,0,9497,0.0,0,0.0,,,,,1994-01-01,2020-01-01
1368,2045020,CANDÉIAS,CANDÉIAS,MINAS GERAIS,-20.76,-45.2742,True,9497,0,9497,0.0,0,0.0,,,,,1994-01-01,2020-01-01
1369,2045026,ILICÍNEA,ILICÍNEA,MINAS GERAIS,-20.9453,-45.8236,True,9497,0,9497,0.0,0,0.0,,,,,1994-01-01,2020-01-01
1370,2046007,FAZENDA AJUDAS,BAMBUÍ,MINAS GERAIS,-20.1017,-46.055,True,9497,0,9497,0.0,0,0.0,,,,,1994-01-01,2020-01-01
1371,2046009,DELFINÓPOLIS,DELFINÓPOLIS,MINAS GERAIS,-20.3478,-46.8458,True,9497,0,9497,0.0,0,0.0,,,,,1994-01-01,2020-01-01
1372,2046011,USINA SANTANA,PRATÁPOLIS,MINAS GERAIS,-20.8111,-46.8081,True,9497,0,9497,0.0,0,0.0,,,,,1994-01-01,2020-01-01
1373,2046013,VARGEM BONITA,VARGEM BONITA,MINAS GERAIS,-20.33,-46.3661,True,9497,0,9497,0.0,0,0.0,,,,,1994-01-01,2020-01-01
1374,2046025,FAZENDA SAMBURÁ,SÃO ROQUE DE MINAS,MINAS GERAIS,-20.1475,-46.2847,True,9497,0,9497,0.0,0,0.0,,,,,1994-01-01,2020-01-01
1375,2047007,CANINDÉ,ITUVERAVA,SÃO PAULO,-20.1786,-47.8867,True,9497,0,9497,0.0,0,0.0,,,,,1994-01-01,2020-01-01
1376,2047016,FRANCA,FRANCA,SÃO PAULO,-20.5442,-47.4233,True,9497,0,9497,0.0,0,0.0,,,,,1994-01-01,2020-01-01
1377,2047019,SÃO JOAQUIM DA BARRA,SÃO JOAQUIM DA BARR,SÃO PAULO,-20.585,-47.8914,True,9497,0,9497,0.0,0,0.0,,,,,1994-01-01,2020-01-01
1378,2047031,COBIÇA,ALTINÓPOLIS,SÃO PAULO,-20.9958,-47.2633,True,9497,0,9497,0.0,0,0.0,,,,,1994-01-01,2020-01-01
1379,2047032,BRODOSQUI,BRODOSQUI,SÃO PAULO,-20.9967,-47.6606,True,9497,0,9497,0.0,0,0.0,,,,,1994-01-01,2020-01-01
1380,2047037,DESEMBOQUE,SACRAMENTO,MINAS GERAIS,-20.0136,-47.0192,True,9497,0,9497,0.0,0,0.0,,,,,1994-01-01,2020-01-01
1381,2047101,FAZENDA SASSAFRAS,FRANCA,SÃO PAULO,-20.5144,-47.2456,True,9497,0,9497,0.0,0,0.0,,,,,1994-01-01,2020-01-01
1382,2047102,FAZENDA SANTA CECÍLIA,PATROCINIO PAULISTA,SÃO PAULO,-20.7706,-47.2406,True,9497,0,9497,0.0,0,0.0,,,,,1994-01-01,2020-01-01
1383,2047104,FAZENDA BOA SORTE,RESTINGA,SÃO PAULO,-20.6919,-47.5528,True,9497,0,9497,0.0,0,0.0,,,,,1994-01-01,2020-01-01
1384,2047116,USINA JUNQUEIRA (SEDE),IGARAPAVA,SÃO PAULO,-19.99,-47.795,True,9497,0,9497,0.0,0,0.0,,,,,1994-01-01,2020-01-01
1385,2048002,PORTO COLÔMBIA,COLÔMBIA,SÃO PAULO,-20.1814,-48.6842,True,9497,0,9497,0.0,0,0.0,,,,,1994-01-01,2020-01-01
1386,2048004,FAZENDA SÃO DOMINGOS,GUAÍRA,SÃO PAULO,-20.2106,-48.29,True,9497,0,9497,0.0,0,0.0,,,,,1994-01-01,2020-01-01
1387,2048013,GUARACI,GUARACI,SÃO PAULO,-20.4967,-48.9403,True,9497,0,9497,0.0,0,0.0,,,,,1994-01-01,2020-01-01
1388,2048020,TERRA ROXA,TERRA ROXA,SÃO PAULO,-20.7906,-48.3292,True,9497,0,9497,0.0,0,0.0,,,,,1994-01-01,2020-01-01
1389,2048033,DESENGANO,PONTAL,SÃO PAULO,-20.9992,-48.0244,True,9497,0,9497,0.0,0,0.0,,,,,1994-01-01,2020-01-01
1390,2048090,FAZENDA SANTA GENOVEVA,JABORANDI,SÃO PAULO,-20.615,-48.4664,True,9497,0,9497,0.0,0,0.0,,,,,1994-01-01,2020-01-01
1391,2048091,FAZENDA OURO VERDE,COLÔMBIA,SÃO PAULO,-20.3269,-48.5908,True,9497,0,9497,0.0,0,0.0,,,,,1994-01-01,2020-01-01
1392,2048092,BREJINHO,BARRETOS,SÃO PAULO,-20.4431,-48.7403,True,9497,0,9497,0.0,0,0.0,,,,,1994-01-01,2020-01-01
1393,2048093,FAZENDA SÃO JOSÉ,COLINA,SÃO PAULO,-20.7611,-48.6636,True,9497,0,9497,0.0,0,0.0,,,,,1994-01-01,2020-01-01
1394,2048094,FAZENDA POÇO BONITO,BARRETOS,SÃO PAULO,-20.4547,-48.1419,True,9497,0,9497,0.0,0,0.0,,,,,1994-01-01,2020-01-01
1395,2048102,FRUTAL,FRUTAL,MINAS GERAIS,-20.02,-48.9431,True,9497,0,9497,0.0,0,0.0,,,,,1994-01-01,2020-01-01
1396,2049072,FRONTEIRA,FRONTEIRA,MINAS GERAIS,-20.2842,-49.2011,True,9497,0,9497,0.0,0,0.0,,,,,1994-01-01,2020-01-01
1397,2051045,SELVÍRIA,SELVÍRIA,MATO GROSSO DO SUL,-20.3636,-51.4239,True,9497,0,9497,0.0,0,0.0,,,,,1994-01-01,2020-01-01
1398,2051046,APARECIDA DO TABOADO,APARECIDA DO TABOAD,MATO GROSSO DO SUL,-20.0683,-51.1036,True,9497,0,9497,0.0,0,0.0,,,,,1994-01-01,2020-01-01
1399,2052002,ÁGUA CLARA,RIBAS DO RIO PARDO,MATO GROSSO DO SUL,-20.4453,-52.9019,True,9497,0,9497,0.0,0,0.0,,,,,1994-01-01,2020-01-01
1400,2052003,FAZENDA RIO VERDE,ÁGUA CLARA,MATO GROSSO DO SUL,-20.1019,-52.9258,True,9497,4563,4934,0.48046751605770244,976,0.10276929556702116,4.121499013806706,160.1,1994-01-01,2006-12-31,1994-01-01,2020-01-01
1401,2052004,GARCIAS,TRÊS LAGOAS,MATO GROSSO DO SUL,-20.6028,-52.2183,True,9497,0,9497,0.0,0,0.0,,,,,1994-01-01,2020-01-01
1402,2052006,PORTO GALEANO,TRÊS LAGOAS,MATO GROSSO DO SUL,-20.0939,-52.1603,True,9497,0,9497,0.0,0,0.0,,,,,1994-01-01,2020-01-01
1403,2053000,RIBAS DO RIO PARDO,RIBAS DO RIO PARDO,MATO GROSSO DO SUL,-20.4447,-53.7581,True,9497,0,9497,0.0,0,0.0,,,,,1994-01-01,2020-01-01
1404,2053001,USINA MIMOSO,RIBAS DO RIO PARDO,MATO GROSSO DO SUL,-20.6769,-53.5714,True,9497,0,9497,0.0,0,0.0,,,,,1994-01-01,2020-01-01
1405,2053004,CAMPOS ELISIOS,SANTA RITA DO PARDO,MATO GROSSO DO SUL,-20.9611,-53.2881,True,9497,0,9497,0.0,0,0.0,,,,,1994-01-01,2020-01-01
1406,2054005,JARAGUÁ,TERENOS,MATO GROSSO DO SUL,-20.4931,-54.8114,True,9497,0,9497,0.0,0,0.0,,,,,1994-01-01,2020-01-01
1407,2054009,SANTA ELISA,TERENOS,MATO GROSSO DO SUL,-20.4906,-54.8669,True,9497,0,9497,0.0,0,0.0,,,,,1994-01-01,2020-01-01
1408,2054014,DNOS - 8.DRS,CAMPO GRANDE,MATO GROSSO DO SUL,-20.4517,-54.6275,True,9497,0,9497,0.0,0,0.0,,,,,1994-01-01,2020-01-01
1409,2054019,JARAGUARI,JARAGUARI,MATO GROSSO DO SUL,-20.1022,-54.4347,True,9497,0,9497,0.0,0,0.0,,,,,1994-01-01,2020-01-01
1410,2054020,ALEGRE,RIBAS DO RIO PARDO,MATO GROSSO DO SUL,-20.4708,-54.0967,True,9497,0,9497,0.0,0,0.0,,,,,1994-01-01,2020-01-01
1411,2054021,SIDROLÂNDIA,SIDROLÂNDIA,MATO GROSSO DO SUL,-20.9514,-54.9717,True,9497,0,9497,0.0,0,0.0,,,,,1994-01-01,2020-01-01
1412,2055001,CIPOLÂNDIA,AQUIDAUANA,MATO GROSSO DO SUL,-20.1278,-55.3933,True,9497,0,9497,0.0,0,0.0,,,,,1994-01-01,2020-01-01
1413,2055002,PALMEIRAS,DOIS IRMÃOS DO BURI,MATO GROSSO DO SUL,-20.4489,-55.4308,True,9497,0,9497,0.0,0,0.0,,,,,1994-01-01,2020-01-01
1414,2055003,FAZENDA LAJEADO,DOIS IRMÃOS DO BURI,MATO GROSSO DO SUL,-20.2922,-55.4453,True,9497,0,9497,0.0,0,0.0,,,,,1994-01-01,2020-01-01
1415,2055004,TABOCO,AQUIDAUANA,MATO GROSSO DO SUL,-20.0703,-55.6453,True,9497,0,9497,0.0,0,0.0,,,,,1994-01-01,2020-01-01
1416,2056001,MIRANDA,MIRANDA,MATO GROSSO DO SUL,-20.2408,-56.3958,True,9497,0,9497,0.0,0,0.0,,,,,1994-01-01,2020-01-01
1417,2056003,ESTRADA MT-738,BONITO,MATO GROSSO DO SUL,-20.7644,-56.0931,True,9497,0,9497,0.0,0,0.0,,,,,1994-01-01,2020-01-01
1418,2056005,GUAICURUS,MIRANDA,MATO GROSSO DO SUL,-20.1019,-56.7953,True,9497,0,9497,0.0,0,0.0,,,,,1994-01-01,2020-01-01
1419,2056007,SANTA ROSA,PORTO MURTINHO,MATO GROSSO DO SUL,-21.0319,-56.9881,True,9497,0,9497,0.0,0,0.0,,,,,1994-01-01,2020-01-01
1420,2057000,TARUMÃ,CORUMBÁ,MATO GROSSO DO SUL,-20.2908,-57.6478,True,9497,0,9497,0.0,0,0.0,,,,,1994-01-01,2020-01-01
1421,2057001,SÃO SIMÃO,CORUMBÁ,MATO GROSSO DO SUL,-20.0497,-57.3214,True,9497,0,9497,0.0,0,0.0,,,,,1994-01-01,2020-01-01
1422,2140000,BARRA DO ITAPEMIRIM (DNOS),ITAPEMIRIM,ESPÍRITO SANTO,-21.0075,-40.8353,True,9497,0,9497,0.0,0,0.0,,,,,1994-01-01,2020-01-01
1423,2141001,SÃO FRANCISCO PAULA - CACIMBAS,SÃO JOÃO DA BARRA,RIO DE JANEIRO,-21.4828,-41.1033,True,9497,0,9497,0.0,0,0.0,,,,,1994-01-01,2020-01-01
1424,2141002,CAMPOS - PONTE MUNICIPAL,CAMPO DOS GOYTACAZE,RIO DE JANEIRO,-21.7533,-41.3003,True,9497,0,9497,0.0,0,0.0,,,,,1994-01-01,2020-01-01
1425,2141003,CARDOSO MOREIRA,CAMPO DOS GOYTACAZE,RIO DE JANEIRO,-21.4872,-41.6136,True,9497,2556,6941,0.2691376224070759,735,0.07739286090344319,2.791118935837246,96.6,1994-01-01,2005-12-31,1994-01-01,2020-01-01
1426,2141004,ITAPERUNA,ITAPERUNA,RIO DE JANEIRO,-21.2064,-41.8911,True,9497,0,9497,0.0,0,0.0,,,,,1994-01-01,2020-01-01
1427,2141005,SÃO FIDELIS,SÃO FIDÉLIS,RIO DE JANEIRO,-21.6453,-41.7522,True,9497,0,9497,0.0,0,0.0,,,,,1994-01-01,2020-01-01
1428,2141006,DOIS RIOS,SÃO FIDÉLIS,RIO DE JANEIRO,-21.6433,-41.8586,True,9497,0,9497,0.0,0,0.0,,,,,1994-01-01,2020-01-01
1429,2141007,TRÊS IRMÃOS,CAMBUCI,RIO DE JANEIRO,-21.6253,-41.9853,True,9497,0,9497,0.0,0,0.0,,,,,1994-01-01,2020-01-01
1430,2141014,PONTE DO ITABAPOANA,MIMOSO DO SUL,ESPÍRITO SANTO,-21.2061,-41.4628,True,9497,0,9497,0.0,0,0.0,,,,,1994-01-01,2020-01-01
1431,2141015,MIMOSO DO SUL,MIMOSO DO SUL,ESPÍRITO SANTO,-21.0647,-41.3625,True,9497,0,9497,0.0,0,0.0,,,,,1994-01-01,2020-01-01
1432,2141016,SÃO JOSÉ DO CALÇADO,SÃO JOSÉ DO CALÇADO,ESPÍRITO SANTO,-21.0169,-41.6628,True,9497,0,9497,0.0,0,0.0,,,,,1994-01-01,2020-01-01
1433,2141017,SÃO JOSÉ DAS TORRES,MIMOSO DO SUL,ESPÍRITO SANTO,-21.0731,-41.2383,True,9497,0,9497,0.0,0,0.0,,,,,1994-01-01,2020-01-01
1434,2142000,ASTOLFO DUTRA,ASTOLFO DUTRA,MINAS GERAIS,-21.3069,-42.8606,True,9497,0,9497,0.0,0,0.0,,,,,1994-01-01,2020-01-01
1435,2142001,CATAGUASES,CATAGUASES,MINAS GERAIS,-21.3894,-42.6964,True,9497,0,9497,0.0,0,0.0,,,,,1994-01-01,2020-01-01
1436,2142002,PATROCÍNIO DO MURIAÉ,PATROCÍNIO DO MURIA,MINAS GERAIS,-21.15,-42.2011,True,9497,0,9497,0.0,0,0.0,,,,,1994-01-01,2020-01-01
1437,2142004,FAZENDA UMBAÚBAS,MURIAÉ,MINAS GERAIS,-21.0503,-42.5156,True,9497,0,9497,0.0,0,0.0,,,,,1994-01-01,2020-01-01
1438,2142006,USINA MAURÍCIO,ITAMARATI DE MINAS,MINAS GERAIS,-21.4714,-42.8131,True,9497,0,9497,0.0,0,0.0,,,,,1994-01-01,2020-01-01
1439,2142007,FAZENDA DA BARRA (PIRAPETINGA),PIRAPETINGA,MINAS GERAIS,-21.6581,-42.3428,True,9497,0,9497,0.0,0,0.0,,,,,1994-01-01,2020-01-01
1440,2142008,VOLTA GRANDE,VOLTA GRANDE,MINAS GERAIS,-21.7692,-42.5397,True,9497,0,9497,0.0,0,0.0,,,,,1994-01-01,2020-01-01
1441,2142009,JUSSARA,MIRADOURO,MINAS GERAIS,-20.9114,-42.3481,True,9497,0,9497,0.0,0,0.0,,,,,1994-01-01,2020-01-01
1442,2142014,PAQUEQUER,CARMO,RIO DE JANEIRO,-21.8708,-42.6403,True,9497,0,9497,0.0,0,0.0,,,,,1994-01-01,2020-01-01
1443,2142015,PONTO DE PERGUNTA,ITAOCARA,RIO DE JANEIRO,-21.7428,-42.9883,True,9497,0,9497,0.0,0,0.0,,,,,1994-01-01,2020-01-01
1444,2142022,ALDEIA,CANTAGALO,RIO DE JANEIRO,-21.9514,-42.3561,True,9497,0,9497,0.0,0,0.0,,,,,1994-01-01,2020-01-01
1445,2142058,SANTO ANTÔNIO DE PÁDUA,SANTO ANTÔNIO DE PÁ,RIO DE JANEIRO,-21.5419,-42.1825,True,9497,0,9497,0.0,0,0.0,,,,,1994-01-01,2020-01-01
1446,2143000,USINA ITUERÊ,RIO POMBA,MINAS GERAIS,-21.3094,-43.2022,True,9497,0,9497,0.0,0,0.0,,,,,1994-01-01,2020-01-01
1447,2143001,GUARANI,GUARANI,MINAS GERAIS,-21.3556,-43.0503,True,9497,0,9497,0.0,0,0.0,,,,,1994-01-01,2020-01-01
1448,2143003,DESTERRO DO MELO,DESTERRO DO MELO,MINAS GERAIS,-21.1492,-43.52,True,9497,0,9497,0.0,0,0.0,,,,,1994-01-01,2020-01-01
1449,2143005,CAMPOLIDE,ANTÔNIO CARLOS,MINAS GERAIS,-21.2789,-43.82,True,9497,0,9497,0.0,0,0.0,,,,,1994-01-01,2020-01-01
1450,2143006,BARROSO,BARROSO,MINAS GERAIS,-21.1872,-43.98,True,9497,0,9497,0.0,0,0.0,,,,,1994-01-01,2020-01-01
1451,2143007,VARGEM DO ENGENHO,BARBACENA,MINAS GERAIS,-21.1928,-43.6139,True,9497,0,9497,0.0,0,0.0,,,,,1994-01-01,2020-01-01
1452,2143008,IBERTIOGA,IBERTIOGA,MINAS GERAIS,-21.4272,-43.9594,True,9497,0,9497,0.0,0,0.0,,,,,1994-01-01,2020-01-01
1453,2143009,USINA BARBACENA,BARBACENA,MINAS GERAIS,-21.2747,-43.8786,True,9497,2191,7306,0.23070443297883542,674,0.07096977993050436,4.0527612962117745,114.8,1994-01-01,1999-12-31,1994-01-01,2020-01-01
1454,2143011,CONCEIÇÃO DO IBITIPOCA,LIMA DUARTE,MINAS GERAIS,-21.7578,-43.9178,True,9497,0,9497,0.0,0,0.0,,,,,1994-01-01,2020-01-01
1455,2143013,ESTEVÃO PINTO,MAR DE ESPANHA,MINAS GERAIS,-21.8964,-43.0414,True,9497,0,9497,0.0,0,0.0,,,,,1994-01-01,2020-01-01
1456,2143016,TORREÕES,JUIZ DE FORA,MINAS GERAIS,-21.8692,-43.5556,True,9497,0,9497,0.0,0,0.0,,,,,1994-01-01,2020-01-01
1457,2143017,TABULEIRO,TABULEIRO,MINAS GERAIS,-21.355,-43.2469,True,9497,0,9497,0.0,0,0.0,,,,,1994-01-01,2020-01-01
1458,2143018,RIO NOVO,RIO NOVO,MINAS GERAIS,-21.4725,-43.1211,True,9497,0,9497,0.0,0,0.0,,,,,1994-01-01,2020-01-01
1459,2143019,USINA BRUMADO,LIMA DUARTE,MINAS GERAIS,-21.8556,-43.8864,True,9497,0,9497,0.0,0,0.0,,,,,1994-01-01,2020-01-01
1460,2143020,CHAPEU D'UVAS,JUIZ DE FORA,MINAS GERAIS,-21.5933,-43.5033,True,9497,0,9497,0.0,0,0.0,,,,,1994-01-01,2020-01-01
1461,2143021,SOBRAJI,BELMIRO BRAGA,MINAS GERAIS,-21.9664,-43.3725,True,9497,0,9497,0.0,0,0.0,,,,,1994-01-01,2020-01-01
1462,2143022,PIAU,PIAU,MINAS GERAIS,-21.4994,-43.1536,True,9497,0,9497,0.0,0,0.0,,,,,1994-01-01,2020-01-01
1463,2143062,SANTOS DUMONT,SANTOS DUMONT,MINAS GERAIS,-21.4311,-43.5531,True,9497,0,9497,0.0,0,0.0,,,,,1994-01-01,2020-01-01
1464,2144000,BOM SUCESSO,BOM SUCESSO,MINAS GERAIS,-21.0339,-44.7719,True,9497,0,9497,0.0,0,0.0,,,,,1994-01-01,2020-01-01
1465,2144001,BOM JARDIM DE MINAS,BOM JARDIM DE MINAS,MINAS GERAIS,-21.9472,-44.1939,True,9497,0,9497,0.0,0,0.0,,,,,1994-01-01,2020-01-01
1466,2144002,PORTO TIRADENTES,TIRADENTES,MINAS GERAIS,-21.1225,-44.2325,True,9497,0,9497,0.0,0,0.0,,,,,1994-01-01,2020-01-01
1467,2144003,CAXAMBU,CAXAMBU,MINAS GERAIS,-21.9897,-44.9386,True,9497,0,9497,0.0,0,0.0,,,,,1994-01-01,2020-01-01
1468,2144004,BAEPENDI,BAEPENDI,MINAS GERAIS,-21.9511,-44.8761,True,9497,0,9497,0.0,0,0.0,,,,,1994-01-01,2020-01-01
1469,2144005,ITUMIRIM,ITUMIRIM,MINAS GERAIS,-21.3208,-44.8728,True,9497,2191,7306,0.23070443297883542,720,0.0758134147625566,4.29292560474669,96.4,1994-01-01,1999-12-31,1994-01-01,2020-01-01
1470,2144006,LUMINARIAS,LUMINÁRIAS,MINAS GERAIS,-21.5069,-44.9156,True,9497,0,9497,0.0,0,0.0,,,,,1994-01-01,2020-01-01
1471,2144007,MADRE DE DEUS DE MINAS,MADRE DE DEUS DE MI,MINAS GERAIS,-21.4922,-44.3261,True,9497,0,9497,0.0,0,0.0,,,,,1994-01-01,2020-01-01
1472,2144009,PORTO DO ELVAS,TIRADENTES,MINAS GERAIS,-21.165,-44.1356,True,9497,0,9497,0.0,0,0.0,,,,,1994-01-01,2020-01-01
1473,2144010,SÃO VICENTE DE MINAS,SÃO VICENTE DE MINA,MINAS GERAIS,-21.6992,-44.4389,True,9497,0,9497,0.0,0,0.0,,,,,1994-01-01,2020-01-01
1474,2144016,TABUÃO,BOM JARDIM DE MINAS,MINAS GERAIS,-21.9872,-44.0322,True,9497,0,9497,0.0,0,0.0,,,,,1994-01-01,2020-01-01
1475,2144018,AIURUOCA,AIURUOCA,MINAS GERAIS,-21.9772,-44.6033,True,9497,0,9497,0.0,0,0.0,,,,,1994-01-01,2020-01-01
1476,2144019,ANDRELÂNDIA,ANDRELÂNDIA,MINAS GERAIS,-21.7347,-44.3122,True,9497,0,9497,0.0,0,0.0,,,,,1994-01-01,2020-01-01
1477,2144020,USINA SÃO JOÃO DEL REI,SÃO JOÃO DEL REI,MINAS GERAIS,-21.0556,-44.2089,True,9497,0,9497,0.0,0,0.0,,,,,1994-01-01,2020-01-01
1478,2144021,FAZENDA LARANJEIRAS,ANDRELÂNDIA,MINAS GERAIS,-21.6747,-44.3406,True,9497,0,9497,0.0,0,0.0,,,,,1994-01-01,2020-01-01
1479,2144022,FAZENDA PARAÍBA,ANDRELÂNDIA,MINAS GERAIS,-21.7458,-44.3547,True,9497,0,9497,0.0,0,0.0,,,,,1994-01-01,2020-01-01
1480,2144023,IBITURUNA,IBITURUNA,MINAS GERAIS,-21.1431,-44.7378,True,9497,0,9497,0.0,0,0.0,,,,,1994-01-01,2020-01-01
1481,2144024,VILA RIO DAS MORTES,SÃO JOÃO DEL REI,MINAS GERAIS,-21.1894,-44.3289,True,9497,0,9497,0.0,0,0.0,,,,,1994-01-01,2020-01-01
1482,2144025,CARVALHOS,CARVALHOS,MINAS GERAIS,-21.9981,-44.4636,True,9497,0,9497,0.0,0,0.0,,,,,1994-01-01,2020-01-01
1483,2144037,CRUZÍLIA,CRUZÍLIA,MINAS GERAIS,-21.8353,-44.8008,True,9497,0,9497,0.0,0,0.0,,,,,1994-01-01,2020-01-01
1484,2144038,CARRANCAS,CARRANCAS,MINAS GERAIS,-21.4842,-44.6433,True,9497,0,9497,0.0,0,0.0,,,,,1994-01-01,2020-01-01
1485,2145001,CONCEIÇÃO DO RIO VERDE,CONCEIÇÃO DO RIO VE,MINAS GERAIS,-21.8872,-45.0792,True,9497,0,9497,0.0,0,0.0,,,,,1994-01-01,2020-01-01
1486,2145003,TRÊS CORAÇÕES,TRÊS CORAÇÕES,MINAS GERAIS,-21.7208,-45.2644,True,9497,0,9497,0.0,0,0.0,,,,,1994-01-01,2020-01-01
1487,2145007,USINA COURO DO CERVO,LAVRAS,MINAS GERAIS,-21.3436,-45.1703,True,9497,0,9497,0.0,0,0.0,,,,,1994-01-01,2020-01-01
1488,2145008,FAZENDA JUCA CASIMIRO,CAMBUQUIRA,MINAS GERAIS,-21.8742,-45.2583,True,9497,0,9497,0.0,0,0.0,,,,,1994-01-01,2020-01-01
1489,2145009,USINA DO CHICÃO,CAMPANHA,MINAS GERAIS,-21.9192,-45.4789,True,9497,0,9497,0.0,0,0.0,,,,,1994-01-01,2020-01-01
1490,2145017,MONSENHOR PAULO,MONSENHOR PAULO,MINAS GERAIS,-21.7603,-45.5378,True,9497,0,9497,0.0,0,0.0,,,,,1994-01-01,2020-01-01
1491,2145020,CHÁCARA SANTANA,TRÊS CORAÇÕES,MINAS GERAIS,-21.6783,-45.2597,True,9497,0,9497,0.0,0,0.0,,,,,1994-01-01,2020-01-01
1492,2145024,PALMELA DOS COELHOS,CAMPANHA,MINAS GERAIS,-21.7864,-45.4403,True,9497,2162,7335,0.22765083710645467,526,0.05538591134042329,3.603237742830712,84.7,1994-01-01,1999-12-31,1994-01-01,2020-01-01
1493,2145032,COQUEIRAL,COQUEIRAL,MINAS GERAIS,-21.1928,-45.4486,True,9497,0,9497,0.0,0,0.0,,,,,1994-01-01,2020-01-01
1494,2145041,CAMPOS GERAIS,CAMPOS GERAIS,MINAS GERAIS,-21.2406,-45.7572,True,9497,0,9497,0.0,0,0.0,,,,,1994-01-01,2020-01-01
1495,2145042,ALFENAS,ALFENAS,MINAS GERAIS,-21.4525,-45.9442,True,9497,0,9497,0.0,0,0.0,,,,,1994-01-01,2020-01-01
1496,2145043,TRÊS PONTAS,TRÊS PONTAS,MINAS GERAIS,-21.3614,-45.5011,True,9497,0,9497,0.0,0,0.0,,,,,1994-01-01,2020-01-01
1497,2145044,CARMO DA CACHOEIRA,CARMO DA CACHOEIRA,MINAS GERAIS,-21.4611,-45.2214,True,9497,0,9497,0.0,0,0.0,,,,,1994-01-01,2020-01-01
1498,2146001,PONTE DO CANOAS,MOCOCA,SÃO PAULO,-21.4203,-46.9628,True,9497,0,9497,0.0,0,0.0,,,,,1994-01-01,2020-01-01
1499,2146013,SÃO JOÃO DA BOA VISTA,SÃO JOÃO DA BOA VIS,SÃO PAULO,-21.985,-46.7953,True,9497,0,9497,0.0,0,0.0,,,,,1994-01-01,2020-01-01
1500,2146026,GUAXUPÉ,GUAXUPÉ,MINAS GERAIS,-21.2936,-46.7039,True,9497,0,9497,0.0,0,0.0,,,,,1994-01-01,2020-01-01
1501,2146028,CACHOEIRA DO CARMO,BOTELHOS,MINAS GERAIS,-21.7225,-46.4386,True,9497,0,9497,0.0,0,0.0,,,,,1994-01-01,2020-01-01
1502,2146029,CACHOEIRA POÇO FUNDO,POÇO FUNDO,MINAS GERAIS,-21.7908,-46.1242,True,9497,4655,4842,0.4901547857218069,1666,0.17542381804780457,4.156670247046187,135.4,1994-01-01,2006-09-30,1994-01-01,2020-01-01
1503,2146030,MUZAMBINHO,MUZAMBINHO,MINAS GERAIS,-21.3806,-46.5189,True,9497,4656,4841,0.4902600821311993,1502,0.15815520690744445,3.9905068728522335,149.0,1994-01-01,2006-09-30,1994-01-01,2020-01-01
1504,2146078,BOM JESUS DA PENHA,BOM JESUS DA PENHA,MINAS GERAIS,-21.0194,-46.5214,True,9497,4290,5207,0.4517215962935664,1246,0.13119932610297988,3.844941724941725,147.8,1995-01-01,2006-09-30,1994-01-01,2020-01-01
1505,2146081,ONÇA,GUARANÉSIA,MINAS GERAIS,-21.3136,-46.8722,True,9497,0,9497,0.0,0,0.0,,,,,1994-01-01,2020-01-01
1506,2147022,SANTA ROSA DO VITERBO,SANTA ROSA DE VITER,SÃO PAULO,-21.5217,-47.3644,True,9497,4075,5422,0.42908286827419184,1205,0.12688217331788987,3.6475582822085886,116.0,1994-01-01,2006-12-31,1994-01-01,2020-01-01
1507,2147035,SÍTIO SANTA FÉ (ex. Fazenda Vista Alegre,SANTA CRUZ DAS PALM,SÃO PAULO,-21.8342,-47.2939,True,9497,4075,5422,0.42908286827419184,1155,0.12161735284826787,3.7484171779141104,114.4,1994-01-01,2006-12-31,1994-01-01,2020-01-01
1508,2147054,FAZENDA CARVALHAIS,ITAMOGI,MINAS GERAIS,-21.1331,-47.0219,True,9497,3984,5513,0.41950089501947985,1075,0.1131936400968727,4.204317269076305,115.8,1994-01-01,2006-09-30,1994-01-01,2020-01-01
1509,2147165,FAZENDA DA CACHOEIRA,CASA BRANCA,SÃO PAULO,-21.6444,-47.0928,True,9497,4015,5482,0.4227650837106455,1101,0.11593134674107614,3.8370112079701126,119.0,1994-01-01,2006-12-31,1994-01-01,2020-01-01
1510,2147166,FAZENDA SANTO ANTÔNIO II,CAJURU,SÃO PAULO,-21.1447,-47.2797,True,9497,0,9497,0.0,0,0.0,,,,,1994-01-01,2020-01-01
1511,2148028,PONTE GUATAPARA,GUATAPARÁ,SÃO PAULO,-21.5,-48.0333,True,9497,1383,8114,0.14562493418974412,359,0.03780141097188586,3.615545914678236,116.1,2003-03-20,2006-12-31,1994-01-01,2020-01-01
1512,2148050,PASSAGEM (FAZ.SÃO VICENTE),PITANGUEIRAS,SÃO PAULO,-21.0511,-48.1592,True,9497,0,9497,0.0,0,0.0,,,,,1994-01-01,2020-01-01
1513,2148051,PITANGUEIRAS,PITANGUEIRAS,SÃO PAULO,-21.0111,-48.2183,True,9497,0,9497,0.0,0,0.0,,,,,1994-01-01,2020-01-01
1514,2148164,IBATÉ,IBATÉ,SÃO PAULO,-21.9542,-48.0061,True,9497,0,9497,0.0,0,0.0,,,,,1994-01-01,2020-01-01
1515,2148166,FAZENDA EXPERIMENTAL,MATÃO,SÃO PAULO,-21.6575,-48.3542,True,9497,0,9497,0.0,0,0.0,,,,,1994-01-01,2020-01-01
1516,2148167,GAVIÃO PEIXOTO,GAVIÃO PEIXOTO,SÃO PAULO,-21.8367,-48.4953,True,9497,4503,4994,0.47414973149415607,1443,0.15194271875329052,3.7809682433932927,128.6,1994-01-01,2006-12-31,1994-01-01,2020-01-01
1517,2148168,GUARAPIRANGA,RIBEIRÃO BONITO,SÃO PAULO,-21.9614,-48.2489,True,9497,4440,5057,0.4675160577024323,1275,0.13425292197536065,3.9102477477477477,109.4,1994-01-01,2006-12-31,1994-01-01,2020-01-01
1518,2148169,NOVA EUROPA,NOVA EUROPA,SÃO PAULO,-21.7794,-48.5672,True,9497,0,9497,0.0,0,0.0,,,,,1994-01-01,2020-01-01
1519,2148173,FAZENDA SANTO ANTÔNIO I,TAQUARITINGA,SÃO PAULO,-21.3897,-48.3997,True,9497,0,9497,0.0,0,0.0,,,,,1994-01-01,2020-01-01
1520,2152000,PORTO VELHO,TRÊS LAGOAS,MATO GROSSO DO SUL,-20.8006,-52.3883,True,9497,0,9497,0.0,0,0.0,,,,,1994-01-01,2020-01-01
1521,2152001,PORTO UERÊ,BATAGUASSU,MATO GROSSO DO SUL,-21.7258,-52.3342,True,9497,0,9497,0.0,0,0.0,,,,,1994-01-01,2020-01-01
1522,2152005,XAVANTINA DO SUL,SANTA RITA DO PARDO,MATO GROSSO DO SUL,-21.2953,-52.8106,True,9497,0,9497,0.0,0,0.0,,,,,1994-01-01,2020-01-01
1523,2152014,FAZENDA BOA ESPERANÇA,BRASILÂNDIA,MATO GROSSO DO SUL,-21.2494,-52.2881,True,9497,0,9497,0.0,0,0.0,,,,,1994-01-01,2020-01-01
1524,2152016,FAZENDA MIMOSINHO,SANTA RITA DO PARDO,MATO GROSSO DO SUL,-21.0697,-52.9936,True,9497,0,9497,0.0,0,0.0,,,,,1994-01-01,2020-01-01
1525,2153000,PORTO PINDAÍBA,NOVA ANDRADINA,MATO GROSSO DO SUL,-21.6153,-53.0522,True,9497,0,9497,0.0,0,0.0,,,,,1994-01-01,2020-01-01
1526,2153002,PASSAGEM RIBEIRÃO LONTRA,RIBAS DO RIO PARDO,MATO GROSSO DO SUL,-21.4094,-53.6133,True,9497,4261,5236,0.44866800042118565,880,0.09266084026534695,3.540154893217555,184.3,1994-02-25,2006-12-31,1994-01-01,2020-01-01
1527,2153003,XAVANTE,NOVA ANDRADINA,MATO GROSSO DO SUL,-21.9822,-53.4389,True,9497,0,9497,0.0,0,0.0,,,,,1994-01-01,2020-01-01
1528,2153004,LANCEIRO,RIBAS DO RIO PARDO,MATO GROSSO DO SUL,-21.0228,-53.5369,True,9497,0,9497,0.0,0,0.0,,,,,1994-01-01,2020-01-01
1529,2153005,FAZENDA DIVISA,CAMPO GRANDE,MATO GROSSO DO SUL,-21.2114,-53.9569,True,9497,0,9497,0.0,0,0.0,,,,,1994-01-01,2020-01-01
1530,2154000,AROEIRA,RIO BRILHANTE,MATO GROSSO DO SUL,-21.6472,-54.4253,True,9497,0,9497,0.0,0,0.0,,,,,1994-01-01,2020-01-01
1531,2154001,PORTO RIO BRILHANTE,RIO BRILHANTE,MATO GROSSO DO SUL,-21.8061,-54.6031,True,9497,0,9497,0.0,0,0.0,,,,,1994-01-01,2020-01-01
1532,2154002,VAU DO BALSAMO,SIDROLÂNDIA,MATO GROSSO DO SUL,-20.9939,-54.5081,True,9497,0,9497,0.0,0,0.0,,,,,1994-01-01,2020-01-01
1533,2154006,RETIRO GUARUJÁ,RIO BRILHANTE,MATO GROSSO DO SUL,-21.8717,-54.0808,True,9497,0,9497,0.0,0,0.0,,,,,1994-01-01,2020-01-01
1534,2154007,CAPÃO BONITO,SIDROLÂNDIA,MATO GROSSO DO SUL,-21.1828,-54.7461,True,9497,0,9497,0.0,0,0.0,,,,,1994-01-01,2020-01-01
1535,2154008,FAZENDA PONTE,CAMPO GRANDE,MATO GROSSO DO SUL,-21.3019,-54.1994,True,9497,0,9497,0.0,0,0.0,,,,,1994-01-01,2020-01-01
1536,2155000,MARACAJU,MARACAJU,MATO GROSSO DO SUL,-21.6186,-55.1369,True,9497,0,9497,0.0,0,0.0,,,,,1994-01-01,2020-01-01
1537,2155001,NIOAQUE,NIOAQUE,MATO GROSSO DO SUL,-21.1492,-55.825,True,9497,0,9497,0.0,0,0.0,,,,,1994-01-01,2020-01-01
1538,2156000,BONITO,BONITO,MATO GROSSO DO SUL,-21.1183,-56.48,True,9497,0,9497,0.0,0,0.0,,,,,1994-01-01,2020-01-01
1539,2156001,JARDIM,GUIA LOPES DA LAGUN,MATO GROSSO DO SUL,-21.4406,-56.0908,True,9497,0,9497,0.0,0,0.0,,,,,1994-01-01,2020-01-01
1540,2157003,SANTA OTÍLIA,PORTO MURTINHO,MATO GROSSO DO SUL,-21.1919,-57.0392,True,9497,0,9497,0.0,0,0.0,,,,,1994-01-01,2020-01-01
1541,2157004,PORTO MURTINHO,PORTO MURTINHO,MATO GROSSO DO SUL,-21.7014,-57.8917,True,9497,0,9497,0.0,0,0.0,,,,,1994-01-01,2020-01-01
1542,2157005,MARABÁ,PORTO MURTINHO,MATO GROSSO DO SUL,-21.6889,-57.3597,True,9497,0,9497,0.0,0,0.0,,,,,1994-01-01,2020-01-01
1543,2157006,BARRANCO BRANCO,PORTO MURTINHO,MATO GROSSO DO SUL,-21.0989,-57.8447,True,9497,0,9497,0.0,0,0.0,,,,,1994-01-01,2020-01-01
1544,2241001,FAROL DE SÃO TOMÉ,CAMPO DOS GOYTACAZE,RIO DE JANEIRO,-22.0425,-41.0556,True,9497,0,9497,0.0,0,0.0,,,,,1994-01-01,2020-01-01
1545,2241002,USINA QUISSAMA,MACAÉ,RIO DE JANEIRO,-22.1061,-41.4711,True,9497,0,9497,0.0,0,0.0,,,,,1994-01-01,2020-01-01
1546,2241003,MACABUZINHO,CONCEIÇÃO DE MACABU,RIO DE JANEIRO,-22.0861,-41.7397,True,9497,0,9497,0.0,0,0.0,,,,,1994-01-01,2020-01-01
1547,2241004,FAZENDA ORATÓRIO,MACAÉ,RIO DE JANEIRO,-22.2592,-41.9842,True,9497,0,9497,0.0,0,0.0,,,,,1994-01-01,2020-01-01
1548,2242001,LEITÃO DA CUNHA,TRAJANO DE MORAIS,RIO DE JANEIRO,-22.0428,-42.0442,True,9497,0,9497,0.0,0,0.0,,,,,1994-01-01,2020-01-01
1549,2242002,MARIA MENDONÇA,TRAJANO DE MORAIS,RIO DE JANEIRO,-22.1864,-42.1636,True,9497,0,9497,0.0,0,0.0,,,,,1994-01-01,2020-01-01
1550,2242003,PILLER,NOVA FRIBURGO,RIO DE JANEIRO,-22.4047,-42.3392,True,9497,0,9497,0.0,0,0.0,,,,,1994-01-01,2020-01-01
1551,2242004,GALDINÓPOLIS,NOVA FRIBURGO,RIO DE JANEIRO,-22.3631,-42.3808,True,9497,0,9497,0.0,0,0.0,,,,,1994-01-01,2020-01-01
1552,2242005,FAZENDA SÃO JOÃO,NOVA FRIBURGO,RIO DE JANEIRO,-22.3903,-42.4947,True,9497,0,9497,0.0,0,0.0,,,,,1994-01-01,2020-01-01
1553,2242006,RIO DOURADO,CASIMIRO DE ABREU,RIO DE JANEIRO,-22.4722,-42.0844,True,9497,0,9497,0.0,0,0.0,,,,,1994-01-01,2020-01-01
1554,2242007,QUARTEIS,SILVA JARDIM,RIO DE JANEIRO,-22.4672,-42.3072,True,9497,0,9497,0.0,0,0.0,,,,,1994-01-01,2020-01-01
1555,2242008,GAVIÕES,SILVA JARDIM,RIO DE JANEIRO,-22.5489,-42.5461,True,9497,0,9497,0.0,0,0.0,,,,,1994-01-01,2020-01-01
1556,2242010,MANUEL RIBEIRO,MARICÁ,RIO DE JANEIRO,-22.9061,-42.7319,True,9497,0,9497,0.0,0,0.0,,,,,1994-01-01,2020-01-01
1557,2242011,ESTAÇÃO DE BOMB. DE IMUNANA,MAGÉ,RIO DE JANEIRO,-22.6856,-42.9497,True,9497,0,9497,0.0,0,0.0,,,,,1994-01-01,2020-01-01
1558,2242012,REPRESA DO PARAÍSO,MAGÉ,RIO DE JANEIRO,-22.4958,-42.9086,True,9497,0,9497,0.0,0,0.0,,,,,1994-01-01,2020-01-01
1559,2242013,FAZENDA DO CARMO,CACHOEIRAS DE MACAC,RIO DE JANEIRO,-22.4397,-42.7636,True,9497,0,9497,0.0,0,0.0,,,,,1994-01-01,2020-01-01
1560,2242014,JAPUIBA,CACHOEIRAS DE MACAC,RIO DE JANEIRO,-22.5564,-42.69,True,9497,0,9497,0.0,0,0.0,,,,,1994-01-01,2020-01-01
1561,2242016,FAZENDA SÃO JOAQUIM,CACHOEIRAS DE MACAC,RIO DE JANEIRO,-22.4411,-42.6219,True,9497,0,9497,0.0,0,0.0,,,,,1994-01-01,2020-01-01
1562,2242017,VISCONDE DE IMBE,TRAJANO DE MORAIS,RIO DE JANEIRO,-22.0678,-42.16,True,9497,0,9497,0.0,0,0.0,,,,,1994-01-01,2020-01-01
1563,2242018,BARRA ALEGRE,BOM JARDIM,RIO DE JANEIRO,-22.2356,-42.2858,True,9497,0,9497,0.0,0,0.0,,,,,1994-01-01,2020-01-01
1564,2242019,VARGEM ALTA,BOM JARDIM,RIO DE JANEIRO,-22.2994,-42.4011,True,9497,0,9497,0.0,0,0.0,,,,,1994-01-01,2020-01-01
1565,2242020,VARGEM GRANDE,NOVA FRIBURGO,RIO DE JANEIRO,-22.2761,-42.5039,True,9497,0,9497,0.0,0,0.0,,,,,1994-01-01,2020-01-01
1566,2242021,BOM JARDIM,BOM JARDIM,RIO DE JANEIRO,-22.1569,-42.4164,True,9497,0,9497,0.0,0,0.0,,,,,1994-01-01,2020-01-01
1567,2242022,FAZENDA MENDES,NOVA FRIBURGO,RIO DE JANEIRO,-22.2858,-42.66,True,9497,0,9497,0.0,0,0.0,,,,,1994-01-01,2020-01-01
1568,2242024,TEODORO DE OLIVEIRA,NOVA FRIBURGO,RIO DE JANEIRO,-22.3772,-42.5517,True,9497,0,9497,0.0,0,0.0,,,,,1994-01-01,2020-01-01
1569,2242025,CASCATINHA DO CONEGO,NOVA FRIBURGO,RIO DE JANEIRO,-22.3425,-42.5572,True,9497,0,9497,0.0,0,0.0,,,,,1994-01-01,2020-01-01
1570,2242026,BOM SUCESSO,TERESÓPOLIS,RIO DE JANEIRO,-22.2714,-42.7947,True,9497,0,9497,0.0,0,0.0,,,,,1994-01-01,2020-01-01
1571,2242027,FAZENDA SOBRADINHO,TERESÓPOLIS,RIO DE JANEIRO,-22.2011,-42.9,True,9497,0,9497,0.0,0,0.0,,,,,1994-01-01,2020-01-01
1572,2242028,ANTA,SAPUCAIA,RIO DE JANEIRO,-22.0353,-42.9908,True,9497,0,9497,0.0,0,0.0,,,,,1994-01-01,2020-01-01
1573,2242029,SUMIDOURO,SUMIDOURO,RIO DE JANEIRO,-22.0503,-42.6783,True,9497,0,9497,0.0,0,0.0,,,,,1994-01-01,2020-01-01
1574,2243002,BARRA DO PIRAÍ,BARRA DO PIRAÍ,RIO DE JANEIRO,-22.4506,-43.7978,True,9497,0,9497,0.0,0,0.0,,,,,1994-01-01,2020-01-01
1575,2243003,PARAÍBA DO SUL,PARAÍBA DO SUL,RIO DE JANEIRO,-22.1483,-43.2911,True,9497,0,9497,0.0,0,0.0,,,,,1994-01-01,2020-01-01
1576,2243004,CONSERVATORIA,VALENÇA,RIO DE JANEIRO,-22.2875,-43.9294,True,9497,0,9497,0.0,0,0.0,,,,,1994-01-01,2020-01-01
1577,2243005,VALENÇA,VALENÇA,RIO DE JANEIRO,-22.2189,-43.7036,True,9497,0,9497,0.0,0,0.0,,,,,1994-01-01,2020-01-01
1578,2243006,PENTAGNA,VALENÇA,RIO DE JANEIRO,-22.1569,-43.7525,True,9497,0,9497,0.0,0,0.0,,,,,1994-01-01,2020-01-01
1579,2243007,TABOAS,RIO DAS FLORES,RIO DE JANEIRO,-22.2086,-43.6233,True,9497,0,9497,0.0,0,0.0,,,,,1994-01-01,2020-01-01
1580,2243008,MANUEL DUARTE,RIO DAS FLORES,RIO DE JANEIRO,-22.0858,-43.5567,True,9497,0,9497,0.0,0,0.0,,,,,1994-01-01,2020-01-01
1581,2243010,ITAMARATI - SE,PETRÓPOLIS,RIO DE JANEIRO,-22.4853,-43.1492,True,9497,0,9497,0.0,0,0.0,,,,,1994-01-01,2020-01-01
1582,2243011,RIO DA CIDADE,PETRÓPOLIS,RIO DE JANEIRO,-22.4381,-43.1703,True,9497,0,9497,0.0,0,0.0,,,,,1994-01-01,2020-01-01
1583,2243012,PEDRO DO RIO,PETRÓPOLIS,RIO DE JANEIRO,-22.3325,-43.1361,True,9497,0,9497,0.0,0,0.0,,,,,1994-01-01,2020-01-01
1584,2243013,AREAL (GRANJA GABI),TRÊS RIOS,RIO DE JANEIRO,-22.2439,-43.0972,True,9497,0,9497,0.0,0,0.0,,,,,1994-01-01,2020-01-01
1585,2243014,FAGUNDES,PETRÓPOLIS,RIO DE JANEIRO,-22.2997,-43.1781,True,9497,0,9497,0.0,0,0.0,,,,,1994-01-01,2020-01-01
1586,2243015,MOURA BRASIL,TRÊS RIOS,RIO DE JANEIRO,-22.1403,-43.1542,True,9497,2522,6975,0.26555754448773294,654,0.06886385174265558,3.487272006344172,94.6,1994-01-01,2005-12-31,1994-01-01,2020-01-01
1587,2243016,MORELI (PARADA MORELI),PETRÓPOLIS,RIO DE JANEIRO,-22.1931,-43.0083,True,9497,0,9497,0.0,0,0.0,,,,,1994-01-01,2020-01-01
1588,2243202,FAZENDA SÃO GABRIEL,RIO PRETO,MINAS GERAIS,-22.0117,-43.875,True,9497,0,9497,0.0,0,0.0,,,,,1994-01-01,2020-01-01
1589,2243229,SANTANÉSIA,PIRAÍ,RIO DE JANEIRO,-22.5333,-43.8167,True,9497,0,9497,0.0,0,0.0,,,,,1994-01-01,2020-01-01
1590,2243250,COROA GRANDE,ITAGUAÍ,RIO DE JANEIRO,-22.9044,-43.8678,True,9497,0,9497,0.0,0,0.0,,,,,1994-01-01,2020-01-01
1591,2244001,QUELUZ,QUELUZ,SÃO PAULO,-22.5406,-44.7736,True,9497,0,9497,0.0,0,0.0,,,,,1994-01-01,2020-01-01
1592,2244010,FAZENDA SANTA CLARA (EX BOCAINA),CACHOEIRA PAULISTA,SÃO PAULO,-22.6919,-44.975,True,9497,0,9497,0.0,0,0.0,,,,,1994-01-01,2020-01-01
1593,2244030,NHANGAPI,RESENDE,RIO DE JANEIRO,-22.5033,-44.6156,True,9497,0,9497,0.0,0,0.0,,,,,1994-01-01,2020-01-01
1594,2244033,SANTA ISABEL DO RIO PRETO,VALENÇA,RIO DE JANEIRO,-22.2311,-44.0647,True,9497,0,9497,0.0,0,0.0,,,,,1994-01-01,2020-01-01
1595,2244034,RIBEIRÃO DE SÃO JOAQUIM,BARRA MANSA,RIO DE JANEIRO,-22.3036,-44.1869,True,9497,0,9497,0.0,0,0.0,,,,,1994-01-01,2020-01-01
1596,2244035,SANTA RITA DO JACUTINGA,SANTA RITA DO JACUT,MINAS GERAIS,-22.1506,-44.09,True,9497,0,9497,0.0,0,0.0,,,,,1994-01-01,2020-01-01
1597,2244036,ZELINDA,PASSA VINTE,MINAS GERAIS,-22.2431,-44.2636,True,9497,0,9497,0.0,0,0.0,,,,,1994-01-01,2020-01-01
1598,2244037,FUMAÇA,RESENDE,RIO DE JANEIRO,-22.2975,-44.3106,True,9497,0,9497,0.0,0,0.0,,,,,1994-01-01,2020-01-01
1599,2244038,PONTE DO SOUZA,RESENDE,RIO DE JANEIRO,-22.2706,-44.3917,True,9497,0,9497,0.0,0,0.0,,,,,1994-01-01,2020-01-01
1600,2244039,FAZENDA AGULHAS NEGRAS,RESENDE,RIO DE JANEIRO,-22.3378,-44.5903,True,9497,0,9497,0.0,0,0.0,,,,,1994-01-01,2020-01-01
1601,2244041,VOLTA REDONDA,VOLTA REDONDA,RIO DE JANEIRO,-22.5011,-44.0919,True,9497,0,9497,0.0,0,0.0,,,,,1994-01-01,2020-01-01
1602,2244043,RIALTO,BARRA MANSA,RIO DE JANEIRO,-22.5814,-44.2681,True,9497,0,9497,0.0,0,0.0,,,,,1994-01-01,2020-01-01
1603,2244044,GLICÉRIO,BARRA MANSA,RIO DE JANEIRO,-22.4742,-44.2289,True,9497,0,9497,0.0,0,0.0,,,,,1994-01-01,2020-01-01
1604,2244045,NOSSA SENHORA DO AMPARO,BARRA MANSA,RIO DE JANEIRO,-22.3856,-44.1075,True,9497,0,9497,0.0,0,0.0,,,,,1994-01-01,2020-01-01
1605,2244047,VISCONDE DE MAUÁ (ESC. AGROT),RESENDE,RIO DE JANEIRO,-22.33,-44.5383,True,9497,0,9497,0.0,0,0.0,,,,,1994-01-01,2020-01-01
1606,2244048,CAMPOS DE CUNHA,CUNHA,SÃO PAULO,-22.9211,-44.8222,True,9497,0,9497,0.0,0,0.0,,,,,1994-01-01,2020-01-01
1607,2244054,USINA CONGONHAL,BAEPENDI,MINAS GERAIS,-22.1211,-44.8425,True,9497,0,9497,0.0,0,0.0,,,,,1994-01-01,2020-01-01
1608,2244057,PONTE DO COSTA,BOCAINA DE MINAS,MINAS GERAIS,-22.1269,-44.4083,True,9497,0,9497,0.0,0,0.0,,,,,1994-01-01,2020-01-01
1609,2244058,MIRANTÃO (CAPELINHA DAS FLORES),BOCAINA DE MINAS,MINAS GERAIS,-22.2539,-44.495,True,9497,0,9497,0.0,0,0.0,,,,,1994-01-01,2020-01-01
1610,2244064,PEDREIRA (PACAU),BOM JARDIM DE MINAS,MINAS GERAIS,-22.0261,-44.1736,True,9497,0,9497,0.0,0,0.0,,,,,1994-01-01,2020-01-01
1611,2244065,ALAGOA,ALAGOA,MINAS GERAIS,-22.17,-44.6369,True,9497,0,9497,0.0,0,0.0,,,,,1994-01-01,2020-01-01
1612,2244068,ITANHANDU,ITANHANDU,MINAS GERAIS,-22.2944,-44.9392,True,9497,0,9497,0.0,0,0.0,,,,,1994-01-01,2020-01-01
1613,2244071,POUSO ALTO,POUSO ALTO,MINAS GERAIS,-22.1992,-44.9733,True,9497,0,9497,0.0,0,0.0,,,,,1994-01-01,2020-01-01
1614,2244135,FAZENDA DAS GARRAFAS,SÃO JOSÉ DO BARREIR,SÃO PAULO,-22.7361,-44.6269,True,9497,0,9497,0.0,0,0.0,,,,,1994-01-01,2020-01-01
1615,2244148,IBICUÍ,MANGARATIBA,RIO DE JANEIRO,-22.9614,-44.0306,True,9497,0,9497,0.0,0,0.0,,,,,1994-01-01,2020-01-01
1616,2244149,BRACUI,ANGRA DOS REIS,RIO DE JANEIRO,-22.9361,-44.3917,True,9497,0,9497,0.0,0,0.0,,,,,1994-01-01,2020-01-01
1617,2245000,SANTA RITA DO SAPUCAÍ,SANTA RITA DO SAPUC,MINAS GERAIS,-22.2508,-45.7089,True,9497,0,9497,0.0,0,0.0,,,,,1994-01-01,2020-01-01
1618,2245010,FAZENDA DA GUARDA (PARQUE),CAMPOS DO JORDÃO,SÃO PAULO,-22.6889,-45.4814,True,9497,0,9497,0.0,0,0.0,,,,,1994-01-01,2020-01-01
1619,2245011,SÃO BENTO DO SAPUCAÍ,SÃO BENTO DO SAPUCA,SÃO PAULO,-22.6897,-45.73,True,9497,0,9497,0.0,0,0.0,,,,,1994-01-01,2020-01-01
1620,2245048,PINDAMONHANGABA,PINDAMONHANGABA,SÃO PAULO,-22.9111,-45.4694,True,9497,0,9497,0.0,0,0.0,,,,,1994-01-01,2020-01-01
1621,2245055,ESTRADA DO CUNHA,CUNHA,SÃO PAULO,-22.9958,-45.0442,True,9497,0,9497,0.0,0,0.0,,,,,1994-01-01,2020-01-01
1622,2245064,DELFIM MOREIRA,DELFIM MOREIRA,MINAS GERAIS,-22.5097,-45.2867,True,9497,0,9497,0.0,0,0.0,,,,,1994-01-01,2020-01-01
1623,2245065,CRISTINA - MONTANTE,CRISTINA,MINAS GERAIS,-22.2103,-45.2658,True,9497,0,9497,0.0,0,0.0,,,,,1994-01-01,2020-01-01
1624,2245066,CONCEIÇÃO DOS OUROS,CONCEIÇÃO DOS OUROS,MINAS GERAIS,-22.4142,-45.7908,True,9497,0,9497,0.0,0,0.0,,,,,1994-01-01,2020-01-01
1625,2245070,BRASÓPOLIS,BRAZÓPOLIS,MINAS GERAIS,-22.4714,-45.6219,True,9497,0,9497,0.0,0,0.0,,,,,1994-01-01,2020-01-01
1626,2245077,POUSO ALEGRE,POUSO ALEGRE,MINAS GERAIS,-22.2447,-45.9597,True,9497,0,9497,0.0,0,0.0,,,,,1994-01-01,2020-01-01
1627,2245080,VIRGÍNIA,VIRGÍNIA,MINAS GERAIS,-22.3381,-45.0906,True,9497,0,9497,0.0,0,0.0,,,,,1994-01-01,2020-01-01
1628,2245083,SÃO JOÃO DE ITAJUBÁ,ITAJUBÁ,MINAS GERAIS,-22.3756,-45.4469,True,9497,0,9497,0.0,0,0.0,,,,,1994-01-01,2020-01-01
1629,2245084,BAIRRO DO ANALDINO,CONSOLAÇÃO,MINAS GERAIS,-22.5656,-45.8833,True,9497,0,9497,0.0,0,0.0,,,,,1994-01-01,2020-01-01
1630,2245085,VARGEM DO CERVO,SILVIANÓPOLIS,MINAS GERAIS,-22.1322,-45.9178,True,9497,0,9497,0.0,0,0.0,,,,,1994-01-01,2020-01-01
1631,2245086,PONTE DO RODRIGUES,POUSO ALEGRE,MINAS GERAIS,-22.3542,-45.8539,True,9497,0,9497,0.0,0,0.0,,,,,1994-01-01,2020-01-01
1632,2245087,BAIRRO SANTA CRUZ,DELFIM MOREIRA,MINAS GERAIS,-22.4069,-45.215,True,9497,0,9497,0.0,0,0.0,,,,,1994-01-01,2020-01-01
1633,2245088,MARIA DA FÉ,MARIA DA FÉ,MINAS GERAIS,-22.3147,-45.3731,True,9497,0,9497,0.0,0,0.0,,,,,1994-01-01,2020-01-01
1634,2245089,SILVIANÓPOLIS,SILVIANÓPOLIS,MINAS GERAIS,-22.0342,-45.8353,True,9497,0,9497,0.0,0,0.0,,,,,1994-01-01,2020-01-01
1635,2245090,CONCEIÇÃO DAS PEDRAS,CONCEIÇÃO DAS PEDRA,MINAS GERAIS,-22.1622,-45.4581,True,9497,1461,8036,0.15383805412235443,524,0.055175318521638414,4.468925393566051,90.0,1996-01-01,1999-12-31,1994-01-01,2020-01-01
1636,2245104,SAPUCAÍ-MIRIM,SAPUCAÍ-MIRIM,MINAS GERAIS,-22.7453,-45.7447,True,9497,0,9497,0.0,0,0.0,,,,,1994-01-01,2020-01-01
1637,2246003,AGUAÍ,AGUAÍ,SÃO PAULO,-22.0378,-46.965,True,9497,0,9497,0.0,0,0.0,,,,,1994-01-01,2020-01-01
1638,2246009,MOGI GUAÇU,MOGI-GUAÇU,SÃO PAULO,-22.3678,-46.9306,True,9497,0,9497,0.0,0,0.0,,,,,1994-01-01,2020-01-01
1639,2246023,AMPARO,AMPARO,SÃO PAULO,-22.71,-46.7747,True,9497,0,9497,0.0,0,0.0,,,,,1994-01-01,2020-01-01
1640,2246033,RIO ABAIXO  (FAZ. CACHOEIRA),BRAGANÇA PAULISTA,SÃO PAULO,-22.8811,-46.6317,True,9497,0,9497,0.0,0,0.0,,,,,1994-01-01,2020-01-01
1641,2246038,ITATIBA,ITATIBA,SÃO PAULO,-22.9847,-46.83,True,9497,0,9497,0.0,0,0.0,,,,,1994-01-01,2020-01-01
1642,2246047,BEIRA DE SANTA RITA,SANTA RITA DE CALDA,MINAS GERAIS,-22.0233,-46.3039,True,9497,0,9497,0.0,0,0.0,,,,,1994-01-01,2020-01-01
1643,2246050,CAMBUÍ (CSME),CAMBUÍ,MINAS GERAIS,-22.6078,-46.0394,True,9497,0,9497,0.0,0,0.0,,,,,1994-01-01,2020-01-01
1644,2246052,JACUTINGA,JACUTINGA,MINAS GERAIS,-22.2886,-46.6192,True,9497,0,9497,0.0,0,0.0,,,,,1994-01-01,2020-01-01
1645,2246056,INCONFIDENTES,INCONFIDENTES,MINAS GERAIS,-22.3211,-46.3294,True,9497,0,9497,0.0,0,0.0,,,,,1994-01-01,2020-01-01
1646,2246057,CAMANDUCAIA,CAMANDUCAIA,MINAS GERAIS,-22.76,-46.1469,True,9497,0,9497,0.0,0,0.0,,,,,1994-01-01,2020-01-01
1647,2246127,BORDA DA MATA,BORDA DA MATA,MINAS GERAIS,-22.2772,-46.1639,True,9497,0,9497,0.0,0,0.0,,,,,1994-01-01,2020-01-01
1648,2246131,BAIRRO TRÊS FAZENDAS,ESPIRITO SANTO DO P,SÃO PAULO,-22.1153,-46.8903,True,9497,0,9497,0.0,0,0.0,,,,,1994-01-01,2020-01-01
1649,2247054,PÁDUA SALES,CONCHAL,SÃO PAULO,-22.3008,-47.1336,True,9497,0,9497,0.0,0,0.0,,,,,1994-01-01,2020-01-01
1650,2247055,JAGUARIUNA,JAGUARIUNA,SÃO PAULO,-22.7086,-46.9869,True,9497,0,9497,0.0,0,0.0,,,,,1994-01-01,2020-01-01
1651,2247058,MONTE MOR,MONTE MOR,SÃO PAULO,-22.9597,-47.2964,True,9497,0,9497,0.0,0,0.0,,,,,1994-01-01,2020-01-01
1652,2247059,CAPIVARI,CAPIVARI,SÃO PAULO,-23.0161,-47.5092,True,9497,0,9497,0.0,0,0.0,,,,,1994-01-01,2020-01-01
1653,2247180,ITIRAPINA,ITIRAPINA,SÃO PAULO,-22.2492,-47.8267,True,9497,0,9497,0.0,0,0.0,,,,,1994-01-01,2020-01-01
1654,2247182,RIBEIRÃO DO FEIJÃO,SÃO CARLOS,SÃO PAULO,-22.1522,-47.8864,True,9497,0,9497,0.0,0,0.0,,,,,1994-01-01,2020-01-01
1655,2247184,ITAQUERI DA SERRA,ITIRAPINA,SÃO PAULO,-22.3422,-47.9178,True,9497,0,9497,0.0,0,0.0,,,,,1994-01-01,2020-01-01
1656,2247185,FAZENDA CAMPO ALEGRE,BROTAS,SÃO PAULO,-22.1483,-48.0006,True,9497,0,9497,0.0,0,0.0,,,,,1994-01-01,2020-01-01
1657,2247196,CRHEA-BROA,ITIRAPINA,SÃO PAULO,-22.17,-47.8989,True,9497,0,9497,0.0,0,0.0,,,,,1994-01-01,2020-01-01
1658,2247197,EST. FERROVIÁRIA CAMPO ALEGRE,BROTAS,SÃO PAULO,-22.2364,-47.9586,True,9497,0,9497,0.0,0,0.0,,,,,1994-01-01,2020-01-01
1659,2247198,FAZENDA PEQUENA HOLANDA,ITIRAPINA,SÃO PAULO,-22.18,-47.7847,True,9497,0,9497,0.0,0,0.0,,,,,1994-01-01,2020-01-01
1660,2248110,RIBEIRÃO BONITO,RIBEIRÃO BONITO,SÃO PAULO,-22.0778,-48.1803,True,9497,0,9497,0.0,0,0.0,,,,,1994-01-01,2020-01-01
1661,2249103,TURVINHO,LENÇÓIS PAULISTA,SÃO PAULO,-22.7397,-49.0308,True,9497,0,9497,0.0,0,0.0,,,,,1994-01-01,2020-01-01
1662,2250024,PORTO JAÚ,SALTO GRANDE,SÃO PAULO,-22.8972,-50.0211,True,9497,0,9497,0.0,0,0.0,,,,,1994-01-01,2020-01-01
1663,2252000,ANAURILÂNDIA,ANAURILÂNDIA,MATO GROSSO DO SUL,-22.1864,-52.7133,True,9497,0,9497,0.0,0,0.0,,,,,1994-01-01,2020-01-01
1664,2252010,VILA SILVA JARDIM,PARANACITY,PARANÁ,-22.8569,-52.0781,True,9497,0,9497,0.0,0,0.0,,,,,1994-01-01,2020-01-01
1665,2253002,PORTO RICO,PORTO RICO,PARANÁ,-22.7711,-53.2714,True,9497,0,9497,0.0,0,0.0,,,,,1994-01-01,2020-01-01
1666,2253014,BATAIPORA,BATAYPORÃ,MATO GROSSO DO SUL,-22.2986,-53.2803,True,9497,0,9497,0.0,0,0.0,,,,,1994-01-01,2020-01-01
1667,2253015,FAZENDA JANGADA,JATEI,MATO GROSSO DO SUL,-22.545,-54.0278,True,9497,0,9497,0.0,0,0.0,,,,,1994-01-01,2020-01-01
1668,2253016,PORTO SÃO JOSÉ,SÃO PEDRO DO PARANÁ,PARANÁ,-22.7181,-53.1767,True,9497,0,9497,0.0,0,0.0,,,,,1994-01-01,2020-01-01
1669,2254000,CAARAPÓ,CAARAPÓ,MATO GROSSO DO SUL,-22.6244,-54.8247,True,9497,0,9497,0.0,0,0.0,,,,,1994-01-01,2020-01-01
1670,2254001,DOURADOS,DOURADOS,MATO GROSSO DO SUL,-22.3981,-54.7917,True,9497,0,9497,0.0,0,0.0,,,,,1994-01-01,2020-01-01
1671,2254003,GLÓRIA DE DOURADOS,GLÓRIA DE DOURADOS,MATO GROSSO DO SUL,-22.4058,-54.2353,True,9497,0,9497,0.0,0,0.0,,,,,1994-01-01,2020-01-01
1672,2254004,PORTO WILMA,DEODÁPOLIS,MATO GROSSO DO SUL,-22.0753,-54.1892,True,9497,0,9497,0.0,0,0.0,,,,,1994-01-01,2020-01-01
1673,2254005,ITAPORÃ,ITAPORÃ,MATO GROSSO DO SUL,-22.0747,-54.7839,True,9497,0,9497,0.0,0,0.0,,,,,1994-01-01,2020-01-01
1674,2255002,ANTÔNIO JOÃO,ANTÔNIO JOÃO,MATO GROSSO DO SUL,-22.1881,-55.9436,True,9497,0,9497,0.0,0,0.0,,,,,1994-01-01,2020-01-01
1675,2255003,BOCAJA,LAGUNA CARAPÃ,MATO GROSSO DO SUL,-22.7319,-55.2422,True,9497,0,9497,0.0,0,0.0,,,,,1994-01-01,2020-01-01
1676,2255004,ITAUM,DOURADOS,MATO GROSSO DO SUL,-22.0861,-55.3531,True,9497,0,9497,0.0,0,0.0,,,,,1994-01-01,2020-01-01
1677,2256001,BELA VISTA,BELA VISTA,MATO GROSSO DO SUL,-22.11,-56.5275,True,9497,0,9497,0.0,0,0.0,,,,,1994-01-01,2020-01-01
1678,2257000,CARACOL,CARACOL,MATO GROSSO DO SUL,-22.0142,-57.0322,True,9497,0,9497,0.0,0,0.0,,,,,1994-01-01,2020-01-01
1679,2257001,SÃO CARLOS,CARACOL,MATO GROSSO DO SUL,-22.2228,-57.3047,True,9497,0,9497,0.0,0,0.0,,,,,1994-01-01,2020-01-01
1680,2344006,PATRIMÔNIO,PARATI,RIO DE JANEIRO,-23.3172,-44.7217,True,9497,0,9497,0.0,0,0.0,,,,,1994-01-01,2020-01-01
1681,2344007,PARATI,PARATI,RIO DE JANEIRO,-23.2242,-44.7642,True,9497,0,9497,0.0,0,0.0,,,,,1994-01-01,2020-01-01
1682,2344008,SÃO ROQUE,PARATI,RIO DE JANEIRO,-23.0722,-44.6981,True,9497,4013,5484,0.4225544908918606,1706,0.17963567442350215,6.535584350859707,327.9,1994-01-01,2005-12-31,1994-01-01,2020-01-01
1683,2344009,ALTO S. DO MAR - B. MATO LIMPO,CUNHA,SÃO PAULO,-23.1522,-44.8597,True,9497,0,9497,0.0,0,0.0,,,,,1994-01-01,2020-01-01
1684,2344016,VILA MAMBUCABA,ANGRA DOS REIS,RIO DE JANEIRO,-23.0258,-44.5181,True,9497,0,9497,0.0,0,0.0,,,,,1994-01-01,2020-01-01
1685,2344019,VILA PEREQUE,ANGRA DOS REIS,RIO DE JANEIRO,-23.0047,-44.5364,True,9497,0,9497,0.0,0,0.0,,,,,1994-01-01,2020-01-01
1686,2345062,TAUBATÉ,TAUBATÉ,SÃO PAULO,-23.0394,-45.5597,True,9497,0,9497,0.0,0,0.0,,,,,1994-01-01,2020-01-01
1687,2345063,CAÇAPAVA,CAÇAPAVA,SÃO PAULO,-23.0778,-45.7114,True,9497,0,9497,0.0,0,0.0,,,,,1994-01-01,2020-01-01
1688,2345065,SÃO LUÍS DO PARAITINGA,SÃO LUÍS DO PARAITI,SÃO PAULO,-23.2392,-45.3056,True,9497,0,9497,0.0,0,0.0,,,,,1994-01-01,2020-01-01
1689,2345067,PONTE ALTA 1,SÃO LUÍS DO PARAITI,SÃO PAULO,-23.3292,-45.1403,True,9497,0,9497,0.0,0,0.0,,,,,1994-01-01,2020-01-01
1690,2345071,SANTA BRANCA,SANTA BRANCA,SÃO PAULO,-23.3692,-45.9003,True,9497,0,9497,0.0,0,0.0,,,,,1994-01-01,2020-01-01
1691,2345076,CASA GRANDE,BIRITIBA-MIRIM,SÃO PAULO,-23.6344,-45.9608,True,9497,0,9497,0.0,0,0.0,,,,,1994-01-01,2020-01-01
1692,2345191,CEEPAM,CARAGUATATUBA,SÃO PAULO,-23.5583,-45.2769,True,9497,0,9497,0.0,0,0.0,,,,,1994-01-01,2020-01-01
1693,2346094,PIRACAIA,PIRACAIA,SÃO PAULO,-23.0522,-46.3653,True,9497,0,9497,0.0,0,0.0,,,,,1994-01-01,2020-01-01
1694,2346095,ATIBAIA,ATIBAIA,SÃO PAULO,-23.1033,-46.5581,True,9497,0,9497,0.0,0,0.0,,,,,1994-01-01,2020-01-01
1695,2346097,JUNDIAÍ,JUNDIAÍ,SÃO PAULO,-23.1953,-46.8967,True,9497,0,9497,0.0,0,0.0,,,,,1994-01-01,2020-01-01
1696,2346098,FRANCO DA ROCHA,FRANCO DA ROCHA,SÃO PAULO,-23.3331,-46.7328,True,9497,0,9497,0.0,0,0.0,,,,,1994-01-01,2020-01-01
1697,2346100,ERMELINDO MATARAZZO,SÃO PAULO,SÃO PAULO,-23.4808,-46.4711,True,9497,0,9497,0.0,0,0.0,,,,,1994-01-01,2020-01-01
1698,2346101,BIRITIBA MIRIM,BIRITIBA-MIRIM,SÃO PAULO,-23.5769,-46.0378,True,9497,0,9497,0.0,0,0.0,,,,,1994-01-01,2020-01-01
1699,2346103,VARINHAS,MOGI DAS CRUZES,SÃO PAULO,-23.5864,-46.2558,True,9497,0,9497,0.0,0,0.0,,,,,1994-01-01,2020-01-01
1700,2346106,FAZENDA N.S. APARECIDA,BIRITIBA-MIRIM,SÃO PAULO,-23.6575,-46.0025,True,9497,0,9497,0.0,0,0.0,,,,,1994-01-01,2020-01-01
1701,2347054,LARANJAL PAULISTA,LARANJAL PAULISTA,SÃO PAULO,-23.0253,-47.8181,True,9497,0,9497,0.0,0,0.0,,,,,1994-01-01,2020-01-01
1702,2347055,ITAICI,INDAIATUBA,SÃO PAULO,-23.1081,-47.1806,True,9497,0,9497,0.0,0,0.0,,,,,1994-01-01,2020-01-01
1703,2347056,TIETÊ,TIETÊ,SÃO PAULO,-23.0897,-47.7267,True,9497,0,9497,0.0,0,0.0,,,,,1994-01-01,2020-01-01
1704,2347057,ITUPEVA,ITUPEVA,SÃO PAULO,-23.1503,-47.0564,True,9497,0,9497,0.0,0,0.0,,,,,1994-01-01,2020-01-01
1705,2347058,FAZENDA SÃO MATEUS,TATUÍ,SÃO PAULO,-23.3278,-47.7642,True,9497,0,9497,0.0,0,0.0,,,,,1994-01-01,2020-01-01
1706,2347059,EDEN (PIRAJIBU),SOROCABA,SÃO PAULO,-23.4203,-47.4044,True,9497,0,9497,0.0,0,0.0,,,,,1994-01-01,2020-01-01
1707,2347060,SALTO DE PIRAPORA,SALTO DE PIRAPORA,SÃO PAULO,-23.6383,-47.5733,True,9497,0,9497,0.0,0,0.0,,,,,1994-01-01,2020-01-01
1708,2347061,BAIRRO DO SARAPU,ALAMBARI,SÃO PAULO,-23.4953,-47.8125,True,9497,0,9497,0.0,0,0.0,,,,,1994-01-01,2020-01-01
1709,2347062,JUQUITIBA - II,JUQUITIBA,SÃO PAULO,-23.9328,-47.0728,True,9497,0,9497,0.0,0,0.0,,,,,1994-01-01,2020-01-01
1710,2348033,ANGATUBA,ANGATUBA,SÃO PAULO,-23.5639,-48.3897,True,9497,0,9497,0.0,0,0.0,,,,,1994-01-01,2020-01-01
1711,2348037,CERRADINHO,CAPÃO BONITO,SÃO PAULO,-23.9697,-48.2783,True,9497,0,9497,0.0,0,0.0,,,,,1994-01-01,2020-01-01
1712,2348088,ENGENHEIRO BACELAR,ITAPEVA,SÃO PAULO,-23.8889,-48.7708,True,9497,0,9497,0.0,0,0.0,,,,,1994-01-01,2020-01-01
1713,2349005,PORTO ERMIDÃO (FAZ. HARMONIA),CHAVANTES,SÃO PAULO,-23.0822,-49.7364,True,9497,0,9497,0.0,0,0.0,,,,,1994-01-01,2020-01-01
1714,2349007,PIRAJU,PIRAJU,SÃO PAULO,-23.1858,-49.3903,True,9497,4382,5115,0.46140886595767083,1373,0.14457197009581974,4.065358283888636,152.1,1994-01-01,2005-12-31,1994-01-01,2020-01-01
1715,2349020,ITAPORANGA,ITAPORANGA,SÃO PAULO,-23.7078,-49.4764,True,9497,0,9497,0.0,0,0.0,,,,,1994-01-01,2020-01-01
1716,2349030,JOAQUIM TÁVORA MTE,JOAQUIM TÁVORA,PARANÁ,-23.5,-49.8667,True,9497,0,9497,0.0,0,0.0,,,,,1994-01-01,2020-01-01
1717,2349033,TOMAZINA,TOMAZINA,PARANÁ,-23.7667,-49.95,True,9497,0,9497,0.0,0,0.0,,,,,1994-01-01,2020-01-01
1718,2350062,USINA FIGUEIRA,FIGUEIRA,PARANÁ,-23.8503,-50.3911,True,9497,0,9497,0.0,0,0.0,,,,,1994-01-01,2020-01-01
1719,2350066,PORTO LONDRINA,LONDRINA,PARANÁ,-23.6372,-50.9233,True,9497,0,9497,0.0,0,0.0,,,,,1994-01-01,2020-01-01
1720,2350067,CHACARA ANA CLAÚDIA,JATAIZINHO,PARANÁ,-23.3125,-50.9958,True,9497,0,9497,0.0,0,0.0,,,,,1994-01-01,2020-01-01
1721,2351013,MARINGÁ,MARINGÁ,PARANÁ,-23.4167,-51.95,True,9497,0,9497,0.0,0,0.0,,,,,1994-01-01,2020-01-01
1722,2351066,VILA RICA,FÊNIX,PARANÁ,-23.9006,-51.9525,True,9497,0,9497,0.0,0,0.0,,,,,1994-01-01,2020-01-01
1723,2352000,PORTO PARAÍSO DO NORTE,RONDON,PARANÁ,-23.3242,-52.6669,True,9497,0,9497,0.0,0,0.0,,,,,1994-01-01,2020-01-01
1724,2352002,QUINTA DO SOL,QUINTA DO SOL,PARANÁ,-23.8167,-52.1833,True,9497,0,9497,0.0,0,0.0,,,,,1994-01-01,2020-01-01
1725,2352010,PORTO BANANEIRA,ENGENHEIRO BELTRÃO,PARANÁ,-23.6747,-52.1172,True,9497,0,9497,0.0,0,0.0,,,,,1994-01-01,2020-01-01
1726,2352017,PARANAVAI,PARANAVAI,PARANÁ,-23.0833,-52.4333,True,9497,0,9497,0.0,0,0.0,,,,,1994-01-01,2020-01-01
1727,2353001,SANTA ISABEL DO IVAÍ,SANTA ISABEL DO IVA,PARANÁ,-23.0067,-53.1889,True,9497,0,9497,0.0,0,0.0,,,,,1994-01-01,2020-01-01
1728,2353002,BALSA DO GOIO - ERE,MARILUZ,PARANÁ,-23.9167,-53.1331,True,9497,0,9497,0.0,0,0.0,,,,,1994-01-01,2020-01-01
1729,2353044,NOVO PORTO TAQUARA,SANTA ISABEL DO IVA,PARANÁ,-23.1869,-53.2014,True,9497,0,9497,0.0,0,0.0,,,,,1994-01-01,2020-01-01
1730,2353048,FAZENDA VACA BRANCA,NAVIRAÍ,MATO GROSSO DO SUL,-23.0728,-53.8206,True,9497,0,9497,0.0,0,0.0,,,,,1994-01-01,2020-01-01
1731,2354000,NAVIRAI,NAVIRAÍ,MATO GROSSO DO SUL,-23.0578,-54.1939,True,9497,0,9497,0.0,0,0.0,,,,,1994-01-01,2020-01-01
1732,2354001,IGUATEMI,IGUATEMI,MATO GROSSO DO SUL,-23.6819,-54.5617,True,9497,0,9497,0.0,0,0.0,,,,,1994-01-01,2020-01-01
1733,2354004,COLÔNIA BOM JESUS,IGUATEMI,MATO GROSSO DO SUL,-23.4497,-54.3936,True,9497,0,9497,0.0,0,0.0,,,,,1994-01-01,2020-01-01
1734,2355000,AMAMBAÍ,AMAMBAÍ,MATO GROSSO DO SUL,-23.0978,-55.2436,True,9497,0,9497,0.0,0,0.0,,,,,1994-01-01,2020-01-01
1735,2355001,CORONEL SAPUCAIA,CORONEL SAPUCAIA,MATO GROSSO DO SUL,-23.2661,-55.5244,True,9497,0,9497,0.0,0,0.0,,,,,1994-01-01,2020-01-01
1736,2355002,PORTO SÃO DOMINGOS,PARANHOS,MATO GROSSO DO SUL,-23.6503,-55.3919,True,9497,0,9497,0.0,0,0.0,,,,,1994-01-01,2020-01-01
1737,2355003,TACURU,TACURU,MATO GROSSO DO SUL,-23.6403,-55.0192,True,9497,0,9497,0.0,0,0.0,,,,,1994-01-01,2020-01-01
1738,2447042,BARRA DO AÇUNGUI,JUQUIÁ,SÃO PAULO,-24.2064,-47.6133,True,9497,0,9497,0.0,0,0.0,,,,,1994-01-01,2020-01-01
1739,2447043,PEDRO BARROS,MIRACATU,SÃO PAULO,-24.2483,-47.3733,True,9497,0,9497,0.0,0,0.0,,,,,1994-01-01,2020-01-01
1740,2447044,MIRACATU,MIRACATU,SÃO PAULO,-24.2711,-47.4642,True,9497,0,9497,0.0,0,0.0,,,,,1994-01-01,2020-01-01
1741,2447045,ITARIRI,ITARIRI,SÃO PAULO,-24.2886,-47.1781,True,9497,0,9497,0.0,0,0.0,,,,,1994-01-01,2020-01-01
1742,2447046,JUQUIÁ,JUQUIÁ,SÃO PAULO,-24.3211,-47.6247,True,9497,0,9497,0.0,0,0.0,,,,,1994-01-01,2020-01-01
1743,2447074,ESTEIRO DO MORRO,CANANÉIA,SÃO PAULO,-24.7917,-47.8906,True,9497,0,9497,0.0,0,0.0,,,,,1994-01-01,2020-01-01
1744,2447075,FAU,MIRACATU,SÃO PAULO,-24.2,-47.4886,True,9497,0,9497,0.0,0,0.0,,,,,1994-01-01,2020-01-01
1745,2448017,IPORANGA,IPORANGA,SÃO PAULO,-24.5856,-48.5947,True,9497,0,9497,0.0,0,0.0,,,,,1994-01-01,2020-01-01
1746,2448036,CÓRREGO COMPRIDO,BARRA DO TURVO,SÃO PAULO,-24.75,-48.4831,True,9497,0,9497,0.0,0,0.0,,,,,1994-01-01,2020-01-01
1747,2449000,CAPELA DA RIBEIRA,ADRIANÓPOLIS,PARANÁ,-24.6556,-48.9997,True,9497,0,9497,0.0,0,0.0,,,,,1994-01-01,2020-01-01
1748,2449006,BALSA DO CERRO AZUL,CERRO AZUL,PARANÁ,-24.8,-49.2833,True,9497,0,9497,0.0,0,0.0,,,,,1994-01-01,2020-01-01
1749,2449007,TURVO,DOUTOR ULYSSES,PARANÁ,-24.75,-49.3333,True,9497,0,9497,0.0,0,0.0,,,,,1994-01-01,2020-01-01
1750,2449008,CERRO AZUL MONTANTE,CERRO AZUL,PARANÁ,-24.8433,-49.2733,True,9497,0,9497,0.0,0,0.0,,,,,1994-01-01,2020-01-01
1751,2449019,JAGUARIAÍVA,JAGUARIAÍVA,PARANÁ,-24.2333,-49.7,True,9497,0,9497,0.0,0,0.0,,,,,1994-01-01,2020-01-01
1752,2449020,COSTAS,CERRO AZUL,PARANÁ,-24.95,-49.3,True,9497,0,9497,0.0,0,0.0,,,,,1994-01-01,2020-01-01
1753,2449063,BALSA DO JACARÉ,RIO BRANCO DO SUL,PARANÁ,-24.9667,-49.4667,True,9497,0,9497,0.0,0,0.0,,,,,1994-01-01,2020-01-01
1754,2450013,CHÁCARA CACHOEIRA,CASTRO,PARANÁ,-24.7667,-50.0667,True,9497,0,9497,0.0,0,0.0,,,,,1994-01-01,2020-01-01
1755,2451002,UBÁ DO SUL,JARDIM ALEGRE,PARANÁ,-24.05,-51.6167,True,9497,0,9497,0.0,0,0.0,,,,,1994-01-01,2020-01-01
1756,2451003,TEREZA CRISTINA,CÂNDIDO DE ABREU,PARANÁ,-24.8333,-51.15,True,9497,0,9497,0.0,0,0.0,,,,,1994-01-01,2020-01-01
1757,2451006,PORTO MONTEIRO,CRUZMALTINA,PARANÁ,-24.1058,-51.4822,True,9497,0,9497,0.0,0,0.0,,,,,1994-01-01,2020-01-01
1758,2451014,IVAIPORÃ,IVAIPORÃ,PARANÁ,-24.25,-51.65,True,9497,0,9497,0.0,0,0.0,,,,,1994-01-01,2020-01-01
1759,2451015,MANOEL RIBAS,MANOEL RIBAS,PARANÁ,-24.5167,-51.6667,True,9497,0,9497,0.0,0,0.0,,,,,1994-01-01,2020-01-01
1760,2451017,PORTO ESPANHOL,GRANDES RIOS,PARANÁ,-24.3444,-51.4239,True,9497,0,9497,0.0,0,0.0,,,,,1994-01-01,2020-01-01
1761,2451020,BARBOSA FERRAZ,BARBOSA FERRAZ,PARANÁ,-24.0167,-51.95,True,9497,0,9497,0.0,0,0.0,,,,,1994-01-01,2020-01-01
1762,2452000,BALSA DO CANTU,ALTAMIRA DO PARANÁ,PARANÁ,-24.7489,-52.7019,True,9497,1612,7885,0.16973781194061283,813,0.08560598083605349,6.7129032258064525,401.7,1994-01-01,1998-06-30,1994-01-01,2020-01-01
1763,2452001,PONTE DO GOIO - BANG,CAMPINA DA LAGOA,PARANÁ,-24.5544,-52.9014,True,9497,0,9497,0.0,0,0.0,,,,,1994-01-01,2020-01-01
1764,2452051,PORTO CARRIEL,DIAMANTE DO SUL,PARANÁ,-24.9472,-52.5978,True,9497,0,9497,0.0,0,0.0,,,,,1994-01-01,2020-01-01
1765,2452055,PORTO GUARANI,GUARANIAÇÚ,PARANÁ,-24.85,-52.75,True,9497,0,9497,0.0,0,0.0,,,,,1994-01-01,2020-01-01
1766,2453000,BALSA SANTA MARIA,IPORÃ,PARANÁ,-24.1667,-53.7333,True,9497,0,9497,0.0,0,0.0,,,,,1994-01-01,2020-01-01
1767,2453001,PONTE DO PIQUIRI,UBIRATÃ,PARANÁ,-24.5583,-53.1289,True,9497,0,9497,0.0,0,0.0,,,,,1994-01-01,2020-01-01
1768,2453009,PORTO FORMOSA,FORMOSA DO OESTE,PARANÁ,-24.2,-53.3333,True,9497,0,9497,0.0,0,0.0,,,,,1994-01-01,2020-01-01
1769,2453013,SALTO SAPUCAÍ,IGUATU,PARANÁ,-24.6333,-53.1,True,9497,0,9497,0.0,0,0.0,,,,,1994-01-01,2020-01-01
1770,2453043,NOVO PORTO 2,NOVA AURORA,PARANÁ,-24.3781,-53.1619,True,9497,0,9497,0.0,0,0.0,,,,,1994-01-01,2020-01-01
1771,2548000,MORRETES,MORRETES,PARANÁ,-25.4667,-48.8333,True,9497,0,9497,0.0,0,0.0,,,,,1994-01-01,2020-01-01
1772,2548001,PRAIA GRANDE,CAMPINA GRANDE DO S,PARANÁ,-25.1697,-48.8794,True,9497,0,9497,0.0,0,0.0,,,,,1994-01-01,2020-01-01
1773,2548003,COLONIA DO CACHOEIRA,ANTONINA,PARANÁ,-25.2333,-48.75,True,9497,0,9497,0.0,0,0.0,,,,,1994-01-01,2020-01-01
1774,2548044,PASSO DO VAU,GUARAQUEÇABA,PARANÁ,-25.2142,-48.465,True,9497,0,9497,0.0,0,0.0,,,,,1994-01-01,2020-01-01
1775,2549003,RIO DA VÁRZEA DOS LIMA,QUITANDINHA,PARANÁ,-25.95,-49.3931,True,9497,0,9497,0.0,0,0.0,,,,,1994-01-01,2020-01-01
1776,2549004,PIRAQUARA,PIRAQUARA,PARANÁ,-25.45,-49.0667,True,9497,0,9497,0.0,0,0.0,,,,,1994-01-01,2020-01-01
1777,2549006,CURITIBA,CURITIBA,PARANÁ,-25.4333,-49.2667,True,9497,0,9497,0.0,0,0.0,,,,,1994-01-01,2020-01-01
1778,2549017,FAZENDINHA,SÃO JOSÉ DOS PINHAI,PARANÁ,-25.5192,-49.1467,True,9497,0,9497,0.0,0,0.0,,,,,1994-01-01,2020-01-01
1779,2549061,QUITANDINHA,QUITANDINHA,PARANÁ,-25.855,-49.5258,True,9497,0,9497,0.0,0,0.0,,,,,1994-01-01,2020-01-01
1780,2549076,CAMPO DO TENENTE,CAMPO DO TENENTE,PARANÁ,-25.9833,-49.6833,True,9497,0,9497,0.0,0,0.0,,,,,1994-01-01,2020-01-01
1781,2549077,MONTANTE ATERRO SANITÁRIO (JURUQUI),ALMIRANTE TAMANDARÉ,PARANÁ,-25.3519,-49.3447,True,9497,0,9497,0.0,0,0.0,,,,,1994-01-01,2020-01-01
1782,2549080,COLÔNIA DOM PEDRO,CAMPO LARGO,PARANÁ,-25.4181,-49.3869,True,9497,0,9497,0.0,0,0.0,,,,,1994-01-01,2020-01-01
1783,2549081,BARRAGEM SANEPAR - PASSAUNA,ARAUCÁRIA,PARANÁ,-25.5378,-49.3892,True,9497,0,9497,0.0,0,0.0,,,,,1994-01-01,2020-01-01
1784,2549082,CAMPINA DAS PEDRAS,ARAUCÁRIA,PARANÁ,-25.5783,-49.4278,True,9497,0,9497,0.0,0,0.0,,,,,1994-01-01,2020-01-01
1785,2549093,GUAJUVIRA,ARAUCÁRIA,PARANÁ,-25.5992,-49.51,True,9497,1400,8097,0.1474149731494156,450,0.04738338422659787,4.606714285714285,90.0,1994-02-01,1997-12-31,1994-01-01,2020-01-01
1786,2550000,PRUDENTÓPOLIS CAPT. SANEPAR,PRUDENTÓPOLIS,PARANÁ,-25.2372,-50.9608,True,9497,0,9497,0.0,0,0.0,,,,,1994-01-01,2020-01-01
1787,2550003,SANTA CRUZ,PONTA GROSSA,PARANÁ,-25.1333,-50.15,True,9497,0,9497,0.0,0,0.0,,,,,1994-01-01,2020-01-01
1788,2550005,RIO CLARO DO SUL (EUFROZINA),MALLET,PARANÁ,-25.9522,-50.6792,True,9497,0,9497,0.0,0,0.0,,,,,1994-01-01,2020-01-01
1789,2550006,IVAÍ,IVAÍ,PARANÁ,-25.0167,-50.85,True,9497,0,9497,0.0,0,0.0,,,,,1994-01-01,2020-01-01
1790,2551000,GUARAPUAVA,GUARAPUAVA,PARANÁ,-25.35,-51.4833,True,9497,0,9497,0.0,0,0.0,,,,,1994-01-01,2020-01-01
1791,2551001,LEONÓPOLIS,INÁCIO MARTINS,PARANÁ,-25.6942,-51.2025,True,9497,0,9497,0.0,0,0.0,,,,,1994-01-01,2020-01-01
1792,2551024,PINHÃO,PINHÃO,PARANÁ,-25.65,-51.6667,True,9497,0,9497,0.0,0,0.0,,,,,1994-01-01,2020-01-01
1793,2551033,PALMEIRINHA,GUARAPUAVA,PARANÁ,-25.25,-51.55,True,9497,0,9497,0.0,0,0.0,,,,,1994-01-01,2020-01-01
1794,2551047,US. SANTA MARIA - SALTO CURUCACA,CANDÓI,PARANÁ,-25.5333,-51.8167,True,9497,0,9497,0.0,0,0.0,,,,,1994-01-01,2020-01-01
1795,2552000,QUEDAS DO IGUAÇU (CAMPO NOVO),QUEDAS DO IGUAÇU,PARANÁ,-25.4483,-52.9044,True,9497,0,9497,0.0,0,0.0,,,,,1994-01-01,2020-01-01
1796,2552041,CANTAGALO,CANTAGALO,PARANÁ,-25.3667,-52.1167,True,9497,0,9497,0.0,0,0.0,,,,,1994-01-01,2020-01-01
1797,2553024,CAPITÃO LEONIDAS MARQUES,CAPITÃO LEÔNIDAS MA,PARANÁ,-25.4833,-53.6167,True,9497,0,9497,0.0,0,0.0,,,,,1994-01-01,2020-01-01
1798,2553057,SÃO SEBASTIÃO,CAPITÃO LEÔNIDAS MA,PARANÁ,-25.4333,-53.5167,True,9497,0,9497,0.0,0,0.0,,,,,1994-01-01,2020-01-01
1799,2648001,ILHOTA-JUSANTE,ILHOTA,SANTA CATARINA,-26.9217,-48.8392,True,9497,0,9497,0.0,0,0.0,,,,,1994-01-01,2020-01-01
1800,2648002,LUIZ ALVES,LUIZ ALVES,SANTA CATARINA,-26.7242,-48.9317,True,9497,0,9497,0.0,0,0.0,,,,,1994-01-01,2020-01-01
1801,2648014,JOINVILLE (RVPSC),JOINVILLE,SANTA CATARINA,-26.3217,-48.8464,True,9497,0,9497,0.0,0,0.0,,,,,1994-01-01,2020-01-01
1802,2648019,PIÇARRAS,BALNEÁRIO PIÇARRAS,SANTA CATARINA,-26.755,-48.6994,True,9497,0,9497,0.0,0,0.0,,,,,1994-01-01,2020-01-01
1803,2648020,ITAPOCU,ARAQUARI,SANTA CATARINA,-26.5617,-48.7192,True,9497,0,9497,0.0,0,0.0,,,,,1994-01-01,2020-01-01
1804,2648027,GARUVA,GARUVA,SANTA CATARINA,-26.0356,-48.85,True,9497,0,9497,0.0,0,0.0,,,,,1994-01-01,2020-01-01
1805,2648028,PONTE SC-301,JOINVILLE,SANTA CATARINA,-26.4483,-48.8303,True,9497,0,9497,0.0,0,0.0,,,,,1994-01-01,2020-01-01
1806,2648033,PIRABEIRABA,JOINVILLE,SANTA CATARINA,-26.18,-48.9394,True,9497,0,9497,0.0,0,0.0,,,,,1994-01-01,2020-01-01
1807,2648034,ESTRADA DOS MORROS,JOINVILLE,SANTA CATARINA,-26.2489,-48.9775,True,9497,0,9497,0.0,0,0.0,,,,,1994-01-01,2020-01-01
1808,2649001,WARNOW,INDAIAL,SANTA CATARINA,-26.9436,-49.2894,True,9497,0,9497,0.0,0,0.0,,,,,1994-01-01,2020-01-01
1809,2649002,POMERODE,POMERODE,SANTA CATARINA,-26.7367,-49.1703,True,9497,0,9497,0.0,0,0.0,,,,,1994-01-01,2020-01-01
1810,2649003,BENEDITO NOVO,BENEDITO NOVO,SANTA CATARINA,-26.7811,-49.365,True,9497,0,9497,0.0,0,0.0,,,,,1994-01-01,2020-01-01
1811,2649004,TIMBÓ NOVO,TIMBÓ,SANTA CATARINA,-26.8297,-49.2719,True,9497,0,9497,0.0,0,0.0,,,,,1994-01-01,2020-01-01
1812,2649005,INDAIAL,INDAIAL,SANTA CATARINA,-26.9136,-49.2675,True,9497,0,9497,0.0,0,0.0,,,,,1994-01-01,2020-01-01
1813,2649007,BLUMENAU  (PCD),BLUMENAU,SANTA CATARINA,-26.9181,-49.0653,True,9497,2808,6689,0.2956723175739707,1260,0.13267347583447403,4.819337606837607,101.2,1994-01-01,2006-02-15,1994-01-01,2020-01-01
1814,2649008,ARROZEIRA,RIO DOS CEDROS,SANTA CATARINA,-26.7408,-49.2706,True,9497,0,9497,0.0,0,0.0,,,,,1994-01-01,2020-01-01
1815,2649009,GARCIA,BLUMENAU,SANTA CATARINA,-26.9683,-49.0742,True,9497,0,9497,0.0,0,0.0,,,,,1994-01-01,2020-01-01
1816,2649010,ITOUPAVA CENTRAL,BLUMENAU,SANTA CATARINA,-26.7967,-49.0836,True,9497,0,9497,0.0,0,0.0,,,,,1994-01-01,2020-01-01
1817,2649013,CORUPÁ,CORUPÁ,SANTA CATARINA,-26.4239,-49.2925,True,9497,0,9497,0.0,0,0.0,,,,,1994-01-01,2020-01-01
1818,2649017,DOUTOR PEDRINHO,DOUTOR PEDRINHO,SANTA CATARINA,-26.7172,-49.4831,True,9497,0,9497,0.0,0,0.0,,,,,1994-01-01,2020-01-01
1819,2649021,RIO NEGRO,RIO NEGRO,PARANÁ,-26.1,-49.8,True,9497,0,9497,0.0,0,0.0,,,,,1994-01-01,2020-01-01
1820,2649037,JARAGUÁ DO SUL,JARAGUÁ DO SUL,SANTA CATARINA,-26.4642,-49.0867,True,9497,0,9497,0.0,0,0.0,,,,,1994-01-01,2020-01-01
1821,2649053,WITMARSUM,WITMARSUM,SANTA CATARINA,-26.9261,-49.8025,True,9497,0,9497,0.0,0,0.0,,,,,1994-01-01,2020-01-01
1822,2649054,MOEMA,ITAIÓPOLIS,SANTA CATARINA,-26.5306,-49.8436,True,9497,0,9497,0.0,0,0.0,,,,,1994-01-01,2020-01-01
1823,2649055,CORREDEIRA,RIO NEGRINHO,SANTA CATARINA,-26.4194,-49.5731,True,9497,0,9497,0.0,0,0.0,,,,,1994-01-01,2020-01-01
1824,2649056,ITAIÓPOLIS,ITAIÓPOLIS,SANTA CATARINA,-26.3328,-49.9272,True,9497,0,9497,0.0,0,0.0,,,,,1994-01-01,2020-01-01
1825,2649057,CAMPO ALEGRE,CAMPO ALEGRE,SANTA CATARINA,-26.1864,-49.2733,True,9497,0,9497,0.0,0,0.0,,,,,1994-01-01,2020-01-01
1826,2649058,BARRA DO PRATA,ITAIÓPOLIS,SANTA CATARINA,-26.6975,-49.8281,True,9497,0,9497,0.0,0,0.0,,,,,1994-01-01,2020-01-01
1827,2649060,PRIMEIRO SALTO DO CUBATÃO,JOINVILLE,SANTA CATARINA,-26.2158,-49.0806,True,9497,0,9497,0.0,0,0.0,,,,,1994-01-01,2020-01-01
1828,2649061,BARRAGEM NORTE,JOSÉ BOITEUX,SANTA CATARINA,-26.895,-49.6722,True,9497,0,9497,0.0,0,0.0,,,,,1994-01-01,2020-01-01
1829,2649064,RIO NOVO,CORUPÁ,SANTA CATARINA,-26.4097,-49.3311,True,9497,0,9497,0.0,0,0.0,,,,,1994-01-01,2020-01-01
1830,2649065,BARRA DO AVENCAL,RIO DOS CEDROS,SANTA CATARINA,-26.5461,-49.48,True,9497,0,9497,0.0,0,0.0,,,,,1994-01-01,2020-01-01
1831,2650000,SALTO CANOINHAS,MAJOR VIEIRA,SANTA CATARINA,-26.3706,-50.2908,True,9497,0,9497,0.0,0,0.0,,,,,1994-01-01,2020-01-01
1832,2650015,RESIDENCIA FUCK (LAJEADINHO),MONTE CASTELO,SANTA CATARINA,-26.7103,-50.2908,True,9497,0,9497,0.0,0,0.0,,,,,1994-01-01,2020-01-01
1833,2650016,BURITI (TIMBÓ GRANDE),TIMBÓ GRANDE,SANTA CATARINA,-26.5558,-50.6011,True,9497,0,9497,0.0,0,0.0,,,,,1994-01-01,2020-01-01
1834,2650018,PINHEIROS,CANOINHAS,SANTA CATARINA,-26.3514,-50.6456,True,9497,0,9497,0.0,0,0.0,,,,,1994-01-01,2020-01-01
1835,2650019,LEBON REGIS,LEBON REGIS,SANTA CATARINA,-26.9017,-50.6592,True,9497,0,9497,0.0,0,0.0,,,,,1994-01-01,2020-01-01
1836,2650022,IRACEMA,ITAIÓPOLIS,SANTA CATARINA,-26.4586,-50.0031,True,9497,0,9497,0.0,0,0.0,,,,,1994-01-01,2020-01-01
1837,2650023,NOVA CULTURA,PAPANDUVA,SANTA CATARINA,-26.6931,-50.1478,True,9497,0,9497,0.0,0,0.0,,,,,1994-01-01,2020-01-01
1838,2651001,CAMPINA DA ALEGRIA,VARGEM BONITA,SANTA CATARINA,-26.8733,-51.7964,True,9497,0,9497,0.0,0,0.0,,,,,1994-01-01,2020-01-01
1839,2651004,PORTO VITÓRIA (rio espingarda),PORTO VITÓRIA,PARANÁ,-26.1667,-51.2167,True,9497,0,9497,0.0,0,0.0,,,,,1994-01-01,2020-01-01
1840,2651022,SANTO AGOSTINHO,PASSOS MAIA,SANTA CATARINA,-26.6086,-51.8817,True,9497,0,9497,0.0,0,0.0,,,,,1994-01-01,2020-01-01
1841,2651031,UBALDINO TAQUES,PALMAS,PARANÁ,-26.2667,-51.9,True,9497,0,9497,0.0,0,0.0,,,,,1994-01-01,2020-01-01
1842,2651036,QUILOMETRO 30,MACIEIRA,SANTA CATARINA,-26.7758,-51.2628,True,9497,0,9497,0.0,0,0.0,,,,,1994-01-01,2020-01-01
1843,2651040,PONTE SERRADA,PONTE SERRADA,SANTA CATARINA,-26.9056,-51.9717,True,9497,0,9497,0.0,0,0.0,,,,,1994-01-01,2020-01-01
1844,2651043,PALMAS,PALMAS,PARANÁ,-26.4833,-51.9833,True,9497,0,9497,0.0,0,0.0,,,,,1994-01-01,2020-01-01
1845,2651044,CALMON,MATOS COSTA,SANTA CATARINA,-26.5989,-51.1167,True,9497,0,9497,0.0,0,0.0,,,,,1994-01-01,2020-01-01
1846,2651052,SALTO VELOSO,SALTO VELOSO,SANTA CATARINA,-26.9067,-51.4097,True,9497,0,9497,0.0,0,0.0,,,,,1994-01-01,2020-01-01
1847,2652000,ABELARDO LUZ,ABELARDO LUZ,SANTA CATARINA,-26.5561,-52.3308,True,9497,4376,5121,0.4607770875013162,1498,0.1577340212698747,4.938734003656307,130.1,1994-01-01,2006-12-31,1994-01-01,2020-01-01
1848,2652001,BONITO,IPUMIRIM,SANTA CATARINA,-26.9508,-52.1817,True,9497,0,9497,0.0,0,0.0,,,,,1994-01-01,2020-01-01
1849,2652002,MARATA,SÃO DOMINGOS,SANTA CATARINA,-26.5836,-52.6403,True,9497,0,9497,0.0,0,0.0,,,,,1994-01-01,2020-01-01
1850,2652009,PONTE DO VITORINO,BOM SUCESSO DO SUL,PARANÁ,-26.0506,-52.8008,True,9497,0,9497,0.0,0,0.0,,,,,1994-01-01,2020-01-01
1851,2652015,SALTO CLAUDELINO,CLEVELÂNDIA,PARANÁ,-26.2781,-52.2961,True,9497,0,9497,0.0,0,0.0,,,,,1994-01-01,2020-01-01
1852,2652021,JARDINÓPOLIS,SUL BRASIL,SANTA CATARINA,-26.7369,-52.9017,True,9497,0,9497,0.0,0,0.0,,,,,1994-01-01,2020-01-01
1853,2652031,SÃO LOURENÇO DO OESTE,SÃO LOURENÇO DO OES,SANTA CATARINA,-26.4003,-52.8956,True,9497,0,9497,0.0,0,0.0,,,,,1994-01-01,2020-01-01
1854,2652034,PORTO FAE NOVO,CORONEL FREITAS,SANTA CATARINA,-26.8192,-52.7353,True,9497,0,9497,0.0,0,0.0,,,,,1994-01-01,2020-01-01
1855,2653001,CAMPO ERÊ - EMPASC,CAMPO ERÊ,SANTA CATARINA,-26.4578,-53.0794,True,9497,0,9497,0.0,0,0.0,,,,,1994-01-01,2020-01-01
1856,2653002,DIONÍSIO CERQUEIRA,DIONÍSIO CERQUEIRA,SANTA CATARINA,-26.2692,-53.6275,True,9497,0,9497,0.0,0,0.0,,,,,1994-01-01,2020-01-01
1857,2653003,MODELO,MODELO,SANTA CATARINA,-26.7753,-53.0464,True,9497,0,9497,0.0,0,0.0,,,,,1994-01-01,2020-01-01
1858,2653004,PONTE DO SARGENTO,ROMELÂNDIA,SANTA CATARINA,-26.6828,-53.2867,True,9497,0,9497,0.0,0,0.0,,,,,1994-01-01,2020-01-01
1859,2653005,SÃO JOSÉ DO CEDRO,SÃO JOSÉ DO CEDRO,SANTA CATARINA,-26.465,-53.4536,True,9497,0,9497,0.0,0,0.0,,,,,1994-01-01,2020-01-01
1860,2653007,SAUDADES,SAUDADES,SANTA CATARINA,-26.9283,-53.0075,True,9497,0,9497,0.0,0,0.0,,,,,1994-01-01,2020-01-01
1861,2653009,SANTO ANTÔNIO DO SUDOESTE,SANTO ANTÔNIO DO SU,PARANÁ,-26.0667,-53.73,True,9497,0,9497,0.0,0,0.0,,,,,1994-01-01,2020-01-01
1862,2653012,FRANCISCO BELTRÃO,FRANCISCO BELTRÃO,PARANÁ,-26.0833,-53.0667,True,9497,0,9497,0.0,0,0.0,,,,,1994-01-01,2020-01-01
1863,2653013,PALMA SOLA,PALMA SOLA,SANTA CATARINA,-26.3456,-53.2717,True,9497,0,9497,0.0,0,0.0,,,,,1994-01-01,2020-01-01
1864,2653024,PONTE MARMELEIRO MTE. ETA,MARMELEIRO,PARANÁ,-26.1525,-53.0183,True,9497,0,9497,0.0,0,0.0,,,,,1994-01-01,2020-01-01
1865,2748000,BRUSQUE  (PCD),BRUSQUE,SANTA CATARINA,-27.1008,-48.9181,True,9497,0,9497,0.0,0,0.0,,,,,1994-01-01,2020-01-01
1866,2748001,MAJOR GERCINO,MAJOR GERCINO,SANTA CATARINA,-27.4158,-48.9511,True,9497,0,9497,0.0,0,0.0,,,,,1994-01-01,2020-01-01
1867,2748002,NOVA TRENTO,NOVA TRENTO,SANTA CATARINA,-27.2864,-48.9331,True,9497,0,9497,0.0,0,0.0,,,,,1994-01-01,2020-01-01
1868,2748003,GARCIA DE ANGELINA,ANGELINA,SANTA CATARINA,-27.4858,-48.9869,True,9497,0,9497,0.0,0,0.0,,,,,1994-01-01,2020-01-01
1869,2748004,ETA CASAN-MONTANTE,PALHOÇA,SANTA CATARINA,-27.6925,-48.7108,True,9497,0,9497,0.0,0,0.0,,,,,1994-01-01,2020-01-01
1870,2748005,POÇO FUNDO,SANTO AMARO DA IMPE,SANTA CATARINA,-27.7047,-48.8036,True,9497,0,9497,0.0,0,0.0,,,,,1994-01-01,2020-01-01
1871,2748016,ANTONIO CARLOS,ANTÔNIO CARLOS,SANTA CATARINA,-27.5169,-48.7694,True,9497,0,9497,0.0,0,0.0,,,,,1994-01-01,2020-01-01
1872,2748017,PAULO LOPES,PAULO LOPES,SANTA CATARINA,-27.9622,-48.6692,True,9497,0,9497,0.0,0,0.0,,,,,1994-01-01,2020-01-01
1873,2748018,SAO BONIFACIO,SÃO BONIFÁCIO,SANTA CATARINA,-27.9008,-48.9278,True,9497,3134,6363,0.3299989470359061,1291,0.13593766452563968,4.478813018506701,139.5,1994-01-01,2006-12-31,1994-01-01,2020-01-01
1874,2748019,GOVERNADOR CELSO RAMOS,GOVERNADOR CELSO RA,SANTA CATARINA,-27.3194,-48.5636,True,9497,0,9497,0.0,0,0.0,,,,,1994-01-01,2020-01-01
1875,2749000,APIUNA - RÉGUA NOVA,APIÚNA,SANTA CATARINA,-27.0381,-49.395,True,9497,0,9497,0.0,0,0.0,,,,,1994-01-01,2020-01-01
1876,2749001,IBIRAMA,IBIRAMA,SANTA CATARINA,-27.0539,-49.5167,True,9497,0,9497,0.0,0,0.0,,,,,1994-01-01,2020-01-01
1877,2749002,ITUPORANGA,ITUPORANGA,SANTA CATARINA,-27.3986,-49.6058,True,9497,0,9497,0.0,0,0.0,,,,,1994-01-01,2020-01-01
1878,2749003,TAIÓ,TAIÓ,SANTA CATARINA,-27.1131,-49.9944,True,9497,0,9497,0.0,0,0.0,,,,,1994-01-01,2020-01-01
1879,2749005,NOVA BREMEN DALBERGIA,IBIRAMA,SANTA CATARINA,-27.0342,-49.5897,True,9497,0,9497,0.0,0,0.0,,,,,1994-01-01,2020-01-01
1880,2749006,POUSO REDONDO,POUSO REDONDO,SANTA CATARINA,-27.2572,-49.9408,True,9497,0,9497,0.0,0,0.0,,,,,1994-01-01,2020-01-01
1881,2749007,LOMBA ALTA,ALFREDO WAGNER,SANTA CATARINA,-27.7306,-49.3828,True,9497,0,9497,0.0,0,0.0,,,,,1994-01-01,2020-01-01
1882,2749009,RIO BONITO,BOCAINA DO SUL,SANTA CATARINA,-27.7039,-49.8472,True,9497,0,9497,0.0,0,0.0,,,,,1994-01-01,2020-01-01
1883,2749012,DIVISA DE ANITAPOLIS,ANITÁPOLIS,SANTA CATARINA,-27.9956,-49.1156,True,9497,0,9497,0.0,0,0.0,,,,,1994-01-01,2020-01-01
1884,2749013,TROMBUDO CENTRAL,TROMBUDO CENTRAL,SANTA CATARINA,-27.2903,-49.7689,True,9497,0,9497,0.0,0,0.0,,,,,1994-01-01,2020-01-01
1885,2749015,FAZENDA BOA ESPERANCA,MAJOR GERCINO,SANTA CATARINA,-27.3978,-48.9803,True,9497,0,9497,0.0,0,0.0,,,,,1994-01-01,2020-01-01
1886,2749016,NEISSE CENTRAL,APIÚNA,SANTA CATARINA,-27.0403,-49.3814,True,9497,0,9497,0.0,0,0.0,,,,,1994-01-01,2020-01-01
1887,2749017,BARRAGEM SUL,ITUPORANGA,SANTA CATARINA,-27.5019,-49.5531,True,9497,0,9497,0.0,0,0.0,,,,,1994-01-01,2020-01-01
1888,2749020,RANCHO QUEIMADO,RANCHO QUEIMADO,SANTA CATARINA,-27.6719,-49.0117,True,9497,0,9497,0.0,0,0.0,,,,,1994-01-01,2020-01-01
1889,2749027,ANITAPOLIS,ANITÁPOLIS,SANTA CATARINA,-27.9097,-49.1297,True,9497,0,9497,0.0,0,0.0,,,,,1994-01-01,2020-01-01
1890,2749031,VILA CANOAS,BOCAINA DO SUL,SANTA CATARINA,-27.8042,-49.78,True,9497,0,9497,0.0,0,0.0,,,,,1994-01-01,2020-01-01
1891,2749033,VIDAL RAMOS,VIDAL RAMOS,SANTA CATARINA,-27.3925,-49.3656,True,9497,0,9497,0.0,0,0.0,,,,,1994-01-01,2020-01-01
1892,2749034,LEOBERTO LEAL,LEOBERTO LEAL,SANTA CATARINA,-27.5075,-49.2875,True,9497,0,9497,0.0,0,0.0,,,,,1994-01-01,2020-01-01
1893,2749035,BOCAINA DO SUL,BOCAINA DO SUL,SANTA CATARINA,-27.7536,-49.9639,True,9497,0,9497,0.0,0,0.0,,,,,1994-01-01,2020-01-01
1894,2749037,SALTINHO,ALFREDO WAGNER,SANTA CATARINA,-27.6833,-49.3653,True,9497,0,9497,0.0,0,0.0,,,,,1994-01-01,2020-01-01
1895,2749039,RIO DO SUL - NOVO,RIO DO SUL,SANTA CATARINA,-27.2056,-49.6317,True,9497,0,9497,0.0,0,0.0,,,,,1994-01-01,2020-01-01
1896,2749041,AGROLÂNDIA,AGROLÂNDIA,SANTA CATARINA,-27.4114,-49.8314,True,9497,0,9497,0.0,0,0.0,,,,,1994-01-01,2020-01-01
1897,2749045,BOTUVERA-MONTANTE,BOTUVERÁ,SANTA CATARINA,-27.1967,-49.0872,True,9497,0,9497,0.0,0,0.0,,,,,1994-01-01,2020-01-01
1898,2749046,SALSEIRO,VIDAL RAMOS,SANTA CATARINA,-27.3319,-49.3283,True,9497,3134,6363,0.3299989470359061,1298,0.13667473939138675,3.8824505424377787,102.2,1994-01-01,2006-12-31,1994-01-01,2020-01-01
1899,2750001,CAMPO BELO DO SUL,CAMPO BELO DO SUL,SANTA CATARINA,-27.8989,-50.7536,True,9497,0,9497,0.0,0,0.0,,,,,1994-01-01,2020-01-01
1900,2750007,PAINEL,PAINEL,SANTA CATARINA,-27.9131,-50.0317,True,9497,0,9497,0.0,0,0.0,,,,,1994-01-01,2020-01-01
1901,2750008,PASSO CARU,SÃO JOSÉ DO CERRITO,SANTA CATARINA,-27.5417,-50.8569,True,9497,0,9497,0.0,0,0.0,,,,,1994-01-01,2020-01-01
1902,2750009,PASSO MAROMBAS,CURITIBANOS,SANTA CATARINA,-27.3339,-50.7533,True,9497,0,9497,0.0,0,0.0,,,,,1994-01-01,2020-01-01
1903,2750010,PONTE ALTA DO NORTE,PONTE ALTA DO NORTE,SANTA CATARINA,-27.1611,-50.4689,True,9497,0,9497,0.0,0,0.0,,,,,1994-01-01,2020-01-01
1904,2750011,PONTE ALTA DO SUL,PONTE ALTA,SANTA CATARINA,-27.4819,-50.385,True,9497,0,9497,0.0,0,0.0,,,,,1994-01-01,2020-01-01
1905,2750012,PONTE DO RIO ANTINHAS,SÃO CRISTOVÃO DO SU,SANTA CATARINA,-27.3453,-50.4358,True,9497,0,9497,0.0,0,0.0,,,,,1994-01-01,2020-01-01
1906,2750014,BARRAGEM OESTE,TAIÓ,SANTA CATARINA,-27.0972,-50.0339,True,9497,0,9497,0.0,0,0.0,,,,,1994-01-01,2020-01-01
1907,2750020,SÃO JOSÉ DO CERRITO,SÃO JOSÉ DO CERRITO,SANTA CATARINA,-27.6617,-50.5783,True,9497,0,9497,0.0,0,0.0,,,,,1994-01-01,2020-01-01
1908,2750021,CABECEIRA RIBEIRÃO CAETANO,MIRIM DOCE,SANTA CATARINA,-27.1411,-50.2644,True,9497,0,9497,0.0,0,0.0,,,,,1994-01-01,2020-01-01
1909,2750022,PONTE ALTA DO NORTE - CIFSUL,PONTE ALTA DO NORTE,SANTA CATARINA,-27.1208,-50.4567,True,9497,0,9497,0.0,0,0.0,,,,,1994-01-01,2020-01-01
1910,2751001,ANITA GARIBALDI,ANITA GARIBALDI,SANTA CATARINA,-27.6922,-51.1294,True,9497,0,9497,0.0,0,0.0,,,,,1994-01-01,2020-01-01
1911,2751004,JOAÇABA,JOAÇABA,SANTA CATARINA,-27.1717,-51.5003,True,9497,0,9497,0.0,0,0.0,,,,,1994-01-01,2020-01-01
1912,2751006,PAIM FILHO,PAIM FILHO,RIO GRANDE DO SUL,-27.7125,-51.7378,True,9497,0,9497,0.0,0,0.0,,,,,1994-01-01,2020-01-01
1913,2751007,SANANDUVA,SANANDUVA,RIO GRANDE DO SUL,-27.9828,-51.7836,True,9497,0,9497,0.0,0,0.0,,,,,1994-01-01,2020-01-01
1914,2751011,IRANI,IRANI,SANTA CATARINA,-27.0511,-51.9122,True,9497,0,9497,0.0,0,0.0,,,,,1994-01-01,2020-01-01
1915,2751012,CAPINZAL,CAPINZAL,SANTA CATARINA,-27.3422,-51.6083,True,9497,0,9497,0.0,0,0.0,,,,,1994-01-01,2020-01-01
1916,2751015,BARRACÃO,BARRACÃO,RIO GRANDE DO SUL,-27.6786,-51.4547,True,9497,0,9497,0.0,0,0.0,,,,,1994-01-01,2020-01-01
1917,2751017,CLEMENTE ARGOLO,LAGOA VERMELHA,RIO GRANDE DO SUL,-28.0058,-51.4544,True,9497,0,9497,0.0,0,0.0,,,,,1994-01-01,2020-01-01
1918,2751018,MARCELINO RAMOS,MARCELINO RAMOS,RIO GRANDE DO SUL,-27.4647,-51.9031,True,9497,0,9497,0.0,0,0.0,,,,,1994-01-01,2020-01-01
1919,2752005,CONCORDIA,CONCORDIA,SANTA CATARINA,-27.3144,-51.9933,True,9497,0,9497,0.0,0,0.0,,,,,1994-01-01,2020-01-01
1920,2752006,EREBANGO,EREBANGO,RIO GRANDE DO SUL,-27.8542,-52.3047,True,9497,0,9497,0.0,0,0.0,,,,,1994-01-01,2020-01-01
1921,2752017,ITATIBA DO SUL,ITATIBA DO SUL,RIO GRANDE DO SUL,-27.3889,-52.4544,True,9497,0,9497,0.0,0,0.0,,,,,1994-01-01,2020-01-01
1922,2752021,GAURAMA,GAURAMA,RIO GRANDE DO SUL,-27.5872,-52.0928,True,9497,4183,5314,0.44045488048857534,1156,0.12172264925766031,5.315754243366005,134.0,1994-01-01,2005-12-31,1994-01-01,2020-01-01
1923,2753002,FREDERICO WESTPHALEN,FREDERICO WESTPHALE,RIO GRANDE DO SUL,-27.3608,-53.3975,True,9497,0,9497,0.0,0,0.0,,,,,1994-01-01,2020-01-01
1924,2753004,LINHA CESCON,SARANDI,RIO GRANDE DO SUL,-27.8117,-53.0278,True,9497,0,9497,0.0,0,0.0,,,,,1994-01-01,2020-01-01
1925,2753006,PALMITOS,PALMITOS,SANTA CATARINA,-27.0644,-53.1569,True,9497,0,9497,0.0,0,0.0,,,,,1994-01-01,2020-01-01
1926,2753007,SANTO AUGUSTO,SANTO AUGUSTO,RIO GRANDE DO SUL,-27.8517,-53.7764,True,9497,0,9497,0.0,0,0.0,,,,,1994-01-01,2020-01-01
1927,2753009,TRÊS PASSOS,TRÊS PASSOS,RIO GRANDE DO SUL,-27.4514,-53.925,True,9497,0,9497,0.0,0,0.0,,,,,1994-01-01,2020-01-01
1928,2753013,IPORÃ,IPORÃ DO OESTE,SANTA CATARINA,-27.0014,-53.5256,True,9497,0,9497,0.0,0,0.0,,,,,1994-01-01,2020-01-01
1929,2753014,LIBERATO SALZANO,LIBERATO SALZANO,RIO GRANDE DO SUL,-27.5992,-53.0714,True,9497,0,9497,0.0,0,0.0,,,,,1994-01-01,2020-01-01
1930,2753015,PALMEIRA DAS MISSÕES,PALMEIRA DAS MISSÕE,RIO GRANDE DO SUL,-27.9133,-53.3108,True,9497,0,9497,0.0,0,0.0,,,,,1994-01-01,2020-01-01
1931,2753016,MIRAGUAI,MIRAGUAI,RIO GRANDE DO SUL,-27.5008,-53.6925,True,9497,0,9497,0.0,0,0.0,,,,,1994-01-01,2020-01-01
1932,2753019,IRAÍ,IRAÍ,RIO GRANDE DO SUL,-27.1889,-53.2533,True,9497,0,9497,0.0,0,0.0,,,,,1994-01-01,2020-01-01
1933,2754001,ALTO URUGUAI,TIRADENTES DO SUL,RIO GRANDE DO SUL,-27.3019,-54.1394,True,9497,0,9497,0.0,0,0.0,,,,,1994-01-01,2020-01-01
1934,2754007,TRÊS DE MAIO,TRÊS DE MAIO,RIO GRANDE DO SUL,-27.7817,-54.2408,True,9497,0,9497,0.0,0,0.0,,,,,1994-01-01,2020-01-01
1935,2754009,TUCUNDUVA,TUCUNDUVA,RIO GRANDE DO SUL,-27.6742,-54.4625,True,9497,0,9497,0.0,0,0.0,,,,,1994-01-01,2020-01-01
1936,2754010,ESQUINA ARAUJO,INDEPENDÊNCIA,RIO GRANDE DO SUL,-27.9681,-54.1164,True,9497,0,9497,0.0,0,0.0,,,,,1994-01-01,2020-01-01
1937,2755001,PORTO LUCENA,PORTO LUCENA,RIO GRANDE DO SUL,-27.8544,-55.0236,True,9497,0,9497,0.0,0,0.0,,,,,1994-01-01,2020-01-01
1938,2848000,ARMAZEM CAPIVARI,ARMAZÉM,SANTA CATARINA,-28.2617,-49.0122,True,9497,0,9497,0.0,0,0.0,,,,,1994-01-01,2020-01-01
1939,2848006,VARGEM DO CEDRO,SÃO MARTINHO,SANTA CATARINA,-28.1036,-48.9194,True,9497,0,9497,0.0,0,0.0,,,,,1994-01-01,2020-01-01
1940,2848007,IMBITUBA,IMBITUBA,SANTA CATARINA,-28.2767,-48.7003,True,9497,0,9497,0.0,0,0.0,,,,,1994-01-01,2020-01-01
1941,2848009,SAO MARTINHO-JUSANTE,SÃO MARTINHO,SANTA CATARINA,-28.1656,-48.9711,True,9497,0,9497,0.0,0,0.0,,,,,1994-01-01,2020-01-01
1942,2849000,RIO DO POUSO,TUBARÃO,SANTA CATARINA,-28.4197,-49.1069,True,9497,0,9497,0.0,0,0.0,,,,,1994-01-01,2020-01-01
1943,2849001,ORLEANS - MONTANTE,ORLEANS,SANTA CATARINA,-28.3589,-49.295,True,9497,0,9497,0.0,0,0.0,,,,,1994-01-01,2020-01-01
1944,2849002,SÃO LUDGERO I,SÃO LUDGERO,SANTA CATARINA,-28.3258,-49.1792,True,9497,0,9497,0.0,0,0.0,,,,,1994-01-01,2020-01-01
1945,2849005,MELEIRO,MELEIRO,SANTA CATARINA,-28.8322,-49.6367,True,9497,2990,6507,0.31483626408339477,912,0.09603032536590503,4.536220735785953,119.0,1994-01-01,2006-12-31,1994-01-01,2020-01-01
1946,2849006,FORQUILHINHA,FORQUILHINHA,SANTA CATARINA,-28.7506,-49.4731,True,9497,0,9497,0.0,0,0.0,,,,,1994-01-01,2020-01-01
1947,2849008,RIO PEQUENO,GRÃO PARÁ,SANTA CATARINA,-28.2094,-49.195,True,9497,0,9497,0.0,0,0.0,,,,,1994-01-01,2020-01-01
1948,2849009,BOM JARDIM DA SERRA,BOM JARDIM DA SERRA,SANTA CATARINA,-28.3397,-49.6214,True,9497,0,9497,0.0,0,0.0,,,,,1994-01-01,2020-01-01
1949,2849019,TIMBÉ DO SUL,TIMBÉ DO SUL,SANTA CATARINA,-28.835,-49.8378,True,9497,0,9497,0.0,0,0.0,,,,,1994-01-01,2020-01-01
1950,2849020,JAGUARUNA,JAGUARUNA,SANTA CATARINA,-28.6067,-49.0331,True,9497,0,9497,0.0,0,0.0,,,,,1994-01-01,2020-01-01
1951,2849021,URUBICI,URUBICI,SANTA CATARINA,-28.0072,-49.5922,True,9497,0,9497,0.0,0,0.0,,,,,1994-01-01,2020-01-01
1952,2849022,IÇARA,IÇARA,SANTA CATARINA,-28.7217,-49.3033,True,9497,0,9497,0.0,0,0.0,,,,,1994-01-01,2020-01-01
1953,2849023,DESPRAIADO,BOM JARDIM DA SERRA,SANTA CATARINA,-28.3692,-49.8078,True,9497,0,9497,0.0,0,0.0,,,,,1994-01-01,2020-01-01
1954,2849024,FOZ DO MANUEL ALVES,MELEIRO,SANTA CATARINA,-28.8536,-49.5897,True,9497,0,9497,0.0,0,0.0,,,,,1994-01-01,2020-01-01
1955,2849027,TUBARÃO,TUBARÃO,SANTA CATARINA,-28.4722,-48.9911,True,9497,0,9497,0.0,0,0.0,,,,,1994-01-01,2020-01-01
1956,2849028,PEDRAS GRANDES,PEDRAS GRANDES,SANTA CATARINA,-28.4344,-49.1825,True,9497,0,9497,0.0,0,0.0,,,,,1994-01-01,2020-01-01
1957,2849029,SERRINHA,SIDERÓPOLIS,SANTA CATARINA,-28.6122,-49.5511,True,9497,0,9497,0.0,0,0.0,,,,,1994-01-01,2020-01-01
1958,2849030,BRACO DO NORTE-MONTANTE,BRAÇO DO NORTE,SANTA CATARINA,-28.2389,-49.1628,True,9497,0,9497,0.0,0,0.0,,,,,1994-01-01,2020-01-01
1959,2849031,SANTA ROSA DE LIMA,SANTA ROSA DE LIMA,SANTA CATARINA,-28.0322,-49.1186,True,9497,0,9497,0.0,0,0.0,,,,,1994-01-01,2020-01-01
1960,2850002,CAPELA SÃO JOSÉ DOS AUSENTES,SÃO JOSÉ DOS AUSENT,RIO GRANDE DO SUL,-28.7144,-50.0689,True,9497,0,9497,0.0,0,0.0,,,,,1994-01-01,2020-01-01
1961,2850004,COXILHA RICA,LAGES,SANTA CATARINA,-28.1522,-50.4408,True,9497,0,9497,0.0,0,0.0,,,,,1994-01-01,2020-01-01
1962,2850006,INVERNADA VELHA,BOM JESUS,RIO GRANDE DO SUL,-28.4494,-50.2964,True,9497,0,9497,0.0,0,0.0,,,,,1994-01-01,2020-01-01
1963,2850009,PASSO TAINHAS,JAQUIRANA,RIO GRANDE DO SUL,-28.8675,-50.4561,True,9497,0,9497,0.0,0,0.0,,,,,1994-01-01,2020-01-01
1964,2851003,ANTÔNIO PRADO,ANTÔNIO PRADO,RIO GRANDE DO SUL,-28.8533,-51.2844,True,9497,4378,5119,0.46098768032010107,1532,0.16131409918921766,5.06642302421197,193.9,1994-01-01,2006-12-31,1994-01-01,2020-01-01
1965,2851010,FAZENDA ROSEIRA,CAMPESTRE DA SERRA,RIO GRANDE DO SUL,-28.6733,-51.1428,True,9497,0,9497,0.0,0,0.0,,,,,1994-01-01,2020-01-01
1966,2851020,PASSO DAS PEDRAS,CASEIROS,RIO GRANDE DO SUL,-28.2556,-51.8619,True,9497,0,9497,0.0,0,0.0,,,,,1994-01-01,2020-01-01
1967,2851021,PASSO DO PRATA,VILA FLORES,RIO GRANDE DO SUL,-28.8775,-51.4483,True,9497,0,9497,0.0,0,0.0,,,,,1994-01-01,2020-01-01
1968,2851022,PASSO MIGLIAVACA,CASCA,RIO GRANDE DO SUL,-28.6194,-51.8667,True,9497,0,9497,0.0,0,0.0,,,,,1994-01-01,2020-01-01
1969,2851024,PRATA,NOVA PRATA,RIO GRANDE DO SUL,-28.7561,-51.6283,True,9497,0,9497,0.0,0,0.0,,,,,1994-01-01,2020-01-01
1970,2851028,TRINTA E CINCO,DAVID CANABARRO,RIO GRANDE DO SUL,-28.3911,-51.8489,True,9497,0,9497,0.0,0,0.0,,,,,1994-01-01,2020-01-01
1971,2851043,ESMERALDA,ESMERALDA,RIO GRANDE DO SUL,-28.0592,-51.1881,True,9497,0,9497,0.0,0,0.0,,,,,1994-01-01,2020-01-01
1972,2851044,GUAPORÉ,GUAPORÉ,RIO GRANDE DO SUL,-28.8444,-51.8792,True,9497,0,9497,0.0,0,0.0,,,,,1994-01-01,2020-01-01
1973,2852004,AULER,SOLEDADE,RIO GRANDE DO SUL,-28.8039,-52.3817,True,9497,0,9497,0.0,0,0.0,,,,,1994-01-01,2020-01-01
1974,2852006,CARAZINHO,CARAZINHO,RIO GRANDE DO SUL,-28.2933,-52.7242,True,9497,0,9497,0.0,0,0.0,,,,,1994-01-01,2020-01-01
1975,2852007,COLÔNIA XADREZ,COQUEIROS DO SUL,RIO GRANDE DO SUL,-28.1892,-52.7458,True,9497,0,9497,0.0,0,0.0,,,,,1994-01-01,2020-01-01
1976,2852009,DEPÓSITO,ESPUMOSO,RIO GRANDE DO SUL,-28.9331,-52.8,True,9497,0,9497,0.0,0,0.0,,,,,1994-01-01,2020-01-01
1977,2852014,ILÓPOLIS,ILÓPOLIS,RIO GRANDE DO SUL,-28.9283,-52.1275,True,9497,0,9497,0.0,0,0.0,,,,,1994-01-01,2020-01-01
1978,2852024,PULADOR,PASSO FUNDO,RIO GRANDE DO SUL,-28.2931,-52.555,True,9497,0,9497,0.0,0,0.0,,,,,1994-01-01,2020-01-01
1979,2852031,VILA TRÊS PASSOS,MARAU,RIO GRANDE DO SUL,-28.4808,-52.3667,True,9497,0,9497,0.0,0,0.0,,,,,1994-01-01,2020-01-01
1980,2852046,TAPEJARA,TAPEJARA,RIO GRANDE DO SUL,-28.0575,-51.9961,True,9497,0,9497,0.0,0,0.0,,,,,1994-01-01,2020-01-01
1981,2852050,NÃO-ME-TOQUE,NÃO-ME-TOQUE (CAMPO,RIO GRANDE DO SUL,-28.4553,-52.8158,True,9497,0,9497,0.0,0,0.0,,,,,1994-01-01,2020-01-01
1982,2853003,CONCEIÇÃO,IJUÍ,RIO GRANDE DO SUL,-28.4561,-53.9717,True,9497,0,9497,0.0,0,0.0,,,,,1994-01-01,2020-01-01
1983,2853010,PASSO FAXINAL,AJURICABA,RIO GRANDE DO SUL,-28.2894,-53.7794,True,9497,0,9497,0.0,0,0.0,,,,,1994-01-01,2020-01-01
1984,2853014,SANTA CLARA DO INGAI,QUINZE DE NOVEMBRO,RIO GRANDE DO SUL,-28.7289,-53.1853,True,9497,0,9497,0.0,0,0.0,,,,,1994-01-01,2020-01-01
1985,2853015,TRÊS CAPÕES,BOA VISTA DO INCRA,RIO GRANDE DO SUL,-28.8264,-53.5019,True,9497,0,9497,0.0,0,0.0,,,,,1994-01-01,2020-01-01
1986,2853023,CONDOR,CONDOR,RIO GRANDE DO SUL,-28.2256,-53.4703,True,9497,0,9497,0.0,0,0.0,,,,,1994-01-01,2020-01-01
1987,2853026,CHAPADA,CHAPADA,RIO GRANDE DO SUL,-28.0586,-53.0661,True,9497,0,9497,0.0,0,0.0,,,,,1994-01-01,2020-01-01
1988,2853028,ANDERSON CLAYTON,CRUZ ALTA,RIO GRANDE DO SUL,-28.6667,-53.6147,True,9497,0,9497,0.0,0,0.0,,,,,1994-01-01,2020-01-01
1989,2854001,BOA VISTA,CATUIPE,RIO GRANDE DO SUL,-28.1111,-53.9931,True,9497,0,9497,0.0,0,0.0,,,,,1994-01-01,2020-01-01
1990,2854003,GIRUA,GIRUÁ,RIO GRANDE DO SUL,-28.0542,-54.3614,True,9497,0,9497,0.0,0,0.0,,,,,1994-01-01,2020-01-01
1991,2854005,PASSO MAJOR ZEFERINO,SÃO MIGUEL DAS MISS,RIO GRANDE DO SUL,-28.7336,-54.6478,True,9497,0,9497,0.0,0,0.0,,,,,1994-01-01,2020-01-01
1992,2854006,PASSO VIOLA,GUARANI DAS MISSÕES,RIO GRANDE DO SUL,-28.2111,-54.6031,True,9497,0,9497,0.0,0,0.0,,,,,1994-01-01,2020-01-01
1993,2854012,COIMBRA,SÃO MIGUEL DAS MISS,RIO GRANDE DO SUL,-28.7878,-54.4525,True,9497,0,9497,0.0,0,0.0,,,,,1994-01-01,2020-01-01
1994,2854013,SÃO BERNARDO,TUPANCIRETÃ,RIO GRANDE DO SUL,-28.9053,-54.065,True,9497,4316,5181,0.4544593029377698,940,0.09897862482889333,5.433248378127897,158.3,1994-01-01,2005-12-31,1994-01-01,2020-01-01
1995,2855001,GARRUCHOS,GARRUCHOS,RIO GRANDE DO SUL,-28.1878,-55.6369,True,9497,0,9497,0.0,0,0.0,,,,,1994-01-01,2020-01-01
1996,2855002,PASSO DO SARMENTO,SANTO ANTÔNIO DAS M,RIO GRANDE DO SUL,-28.2089,-55.3233,True,9497,0,9497,0.0,0,0.0,,,,,1994-01-01,2020-01-01
1997,2855004,PASSO DO NOVO,SÃO BORJA,RIO GRANDE DO SUL,-28.6781,-55.5811,True,9497,0,9497,0.0,0,0.0,,,,,1994-01-01,2020-01-01
1998,2855005,FAZENDA SANTA CECÍLIA DO BUTUI,SÃO BORJA,RIO GRANDE DO SUL,-28.9897,-55.6742,True,9497,0,9497,0.0,0,0.0,,,,,1994-01-01,2020-01-01
1999,2855007,SANTO ANTÔNIO DAS MISSÕES,SANTO ANTÔNIO DAS M,RIO GRANDE DO SUL,-28.4925,-55.2308,True,9497,0,9497,0.0,0,0.0,,,,,1994-01-01,2020-01-01
2000,2856006,PASSO SÃO BORJA,SÃO BORJA,RIO GRANDE DO SUL,-28.6664,-55.9797,True,9497,3252,6245,0.34242392334421395,546,0.05749183952827209,4.4927736777367775,167.0,1994-01-01,2004-12-31,1994-01-01,2020-01-01
2001,2856007,CUNHA,MAÇAMBARÁ,RIO GRANDE DO SUL,-28.8975,-56.085,True,9497,3255,6242,0.3427398125723913,680,0.07160155838685901,4.097327188940092,141.5,1994-01-01,2004-12-31,1994-01-01,2020-01-01
2002,2949001,PRAIA GRANDE,PRAIA GRANDE,SANTA CATARINA,-29.1958,-49.9633,True,9497,3135,6362,0.33010424344529854,1179,0.12414446667368642,4.962998405103669,124.3,1994-01-01,2006-12-31,1994-01-01,2020-01-01
2003,2949003,SOMBRIO,SOMBRIO,SANTA CATARINA,-29.0458,-49.6067,True,9497,0,9497,0.0,0,0.0,,,,,1994-01-01,2020-01-01
2004,2950008,CAMISAS,CAMBARÁ DO SUL,RIO GRANDE DO SUL,-29.1083,-50.1875,True,9497,2191,7306,0.23070443297883542,564,0.059387174897336,4.176586033774532,91.5,1996-01-01,2001-12-31,1994-01-01,2020-01-01
2005,2950016,GLORINHA,GLORINHA,RIO GRANDE DO SUL,-29.8828,-50.7889,True,9497,0,9497,0.0,0,0.0,,,,,1994-01-01,2020-01-01
2006,2950019,LAJEADO GRANDE,SÃO FRANCISCO DE PA,RIO GRANDE DO SUL,-29.0994,-50.6308,True,9497,0,9497,0.0,0,0.0,,,,,1994-01-01,2020-01-01
2007,2950028,ROLANTE,ROLANTE,RIO GRANDE DO SUL,-29.6508,-50.5728,True,9497,0,9497,0.0,0,0.0,,,,,1994-01-01,2020-01-01
2008,2950033,SECA,CAXIAS DO SUL,RIO GRANDE DO SUL,-29.0719,-50.9739,True,9497,0,9497,0.0,0,0.0,,,,,1994-01-01,2020-01-01
2009,2950034,SERRA DO PINTO,ITATI,RIO GRANDE DO SUL,-29.3758,-50.1803,True,9497,0,9497,0.0,0,0.0,,,,,1994-01-01,2020-01-01
2010,2950038,TERRA DE AREIA,TERRA DE AREIA,RIO GRANDE DO SUL,-29.5911,-50.0336,True,9497,4383,5114,0.4615141623670633,1396,0.14699378751184586,5.060004563084645,120.2,1994-01-01,2006-12-31,1994-01-01,2020-01-01
2011,2950056,MÃE DOS HOMENS,PRAIA GRANDE,SANTA CATARINA,-29.2481,-50.0692,True,9497,0,9497,0.0,0,0.0,,,,,1994-01-01,2020-01-01
2012,2950059,AGROPECUÁRIA ANJU,GLORINHA,RIO GRANDE DO SUL,-29.8167,-50.7425,True,9497,4055,5442,0.42697694008634307,1124,0.11835316415710224,4.141430332922318,208.5,1994-01-01,2006-12-31,1994-01-01,2020-01-01
2013,2950060,SANTO ANTÔNIO DA PATRULHA,SANTO ANTÔNIO DA PA,RIO GRANDE DO SUL,-29.8317,-50.5486,True,9497,0,9497,0.0,0,0.0,,,,,1994-01-01,2020-01-01
2014,2950062,FAZENDA NOSSA SENHORA CONCEIÇÃO,SANTO ANTÔNIO DA PA,RIO GRANDE DO SUL,-29.9608,-50.5994,True,9497,4274,5223,0.45003685374328734,1182,0.12446035590186375,3.840547496490407,156.9,1994-01-01,2006-12-31,1994-01-01,2020-01-01
2015,2951010,ENCANTADO,ENCANTADO,RIO GRANDE DO SUL,-29.2378,-51.8594,True,9497,0,9497,0.0,0,0.0,,,,,1994-01-01,2020-01-01
2016,2951017,JANSEN,FARROUPILHA,RIO GRANDE DO SUL,-29.3908,-51.8489,True,9497,0,9497,0.0,0,0.0,,,,,1994-01-01,2020-01-01
2017,2951022,NOVA PALMIRA,CAXIAS DO SUL,RIO GRANDE DO SUL,-29.335,-51.1903,True,9497,0,9497,0.0,0,0.0,,,,,1994-01-01,2020-01-01
2018,2951024,PORTO GARIBALDI,MONTENEGRO,RIO GRANDE DO SUL,-29.8117,-51.3869,True,9497,0,9497,0.0,0,0.0,,,,,1994-01-01,2020-01-01
2019,2951027,SÃO VENDELINO,SÃO VENDELINO,RIO GRANDE DO SUL,-29.3664,-51.3711,True,9497,0,9497,0.0,0,0.0,,,,,1994-01-01,2020-01-01
2020,2951028,SAPUCAIA DO SUL,SAPUCAIA DO SUL,RIO GRANDE DO SUL,-29.82,-51.1611,True,9497,0,9497,0.0,0,0.0,,,,,1994-01-01,2020-01-01
2021,2951067,CHARQUEADAS,CHARQUEADAS,RIO GRANDE DO SUL,-29.9758,-51.6119,True,9497,0,9497,0.0,0,0.0,,,,,1994-01-01,2020-01-01
2022,2951070,MUÇUM,MUÇUM,RIO GRANDE DO SUL,-29.1672,-51.8686,True,9497,0,9497,0.0,0,0.0,,,,,1994-01-01,2020-01-01
2023,2952001,BARROS CASSAL,BARROS CASSAL,RIO GRANDE DO SUL,-29.085,-52.5844,True,9497,4130,5367,0.43487417079077606,968,0.10192692429188165,4.699394673123487,187.2,1994-01-01,2006-12-31,1994-01-01,2020-01-01
2024,2952003,BOTUCARAI,CANDELÁRIA,RIO GRANDE DO SUL,-29.7128,-52.89,True,9497,0,9497,0.0,0,0.0,,,,,1994-01-01,2020-01-01
2025,2952034,CANDELÁRIA,CANDELÁRIA,RIO GRANDE DO SUL,-29.6694,-52.7903,True,9497,0,9497,0.0,0,0.0,,,,,1994-01-01,2020-01-01
2026,2953008,DONA FRANCISCA,DONA FRANCISCA,RIO GRANDE DO SUL,-29.6244,-53.3519,True,9497,0,9497,0.0,0,0.0,,,,,1994-01-01,2020-01-01
2027,2953030,TUPANCIRETÃ,TUPANCIRETÃ,RIO GRANDE DO SUL,-29.0856,-53.8192,True,9497,0,9497,0.0,0,0.0,,,,,1994-01-01,2020-01-01
2028,2953037,PASSO SÃO LOURENÇO,CACHOEIRA DO SUL,RIO GRANDE DO SUL,-30.0089,-53.015,True,9497,0,9497,0.0,0,0.0,,,,,1994-01-01,2020-01-01
2029,2954001,CACEQUI,CACEQUI,RIO GRANDE DO SUL,-29.8786,-54.8253,True,9497,0,9497,0.0,0,0.0,,,,,1994-01-01,2020-01-01
2030,2954004,ERNESTO ALVES,SANTIAGO,RIO GRANDE DO SUL,-29.3661,-54.7356,True,9497,0,9497,0.0,0,0.0,,,,,1994-01-01,2020-01-01
2031,2954005,FURNAS DO SEGREDO,JAGUARI,RIO GRANDE DO SUL,-29.3589,-54.5019,True,9497,0,9497,0.0,0,0.0,,,,,1994-01-01,2020-01-01
2032,2954007,JAGUARI,JAGUARI,RIO GRANDE DO SUL,-29.5069,-54.6775,True,9497,0,9497,0.0,0,0.0,,,,,1994-01-01,2020-01-01
2033,2954019,QUEVEDOS,QUEVEDOS,RIO GRANDE DO SUL,-29.3514,-54.0669,True,9497,0,9497,0.0,0,0.0,,,,,1994-01-01,2020-01-01
2034,2954020,SANTIAGO,SANTIAGO,RIO GRANDE DO SUL,-29.1867,-54.8558,True,9497,0,9497,0.0,0,0.0,,,,,1994-01-01,2020-01-01
2035,2954030,FLORIDA,SANTIAGO,RIO GRANDE DO SUL,-29.2517,-54.5983,True,9497,0,9497,0.0,0,0.0,,,,,1994-01-01,2020-01-01
2036,2954031,ESQUINA DOS LIMA (STA. BARBARA),CAPÃO DO CIPÓ,RIO GRANDE DO SUL,-29.0481,-54.5708,True,9497,0,9497,0.0,0,0.0,,,,,1994-01-01,2020-01-01
2037,2954032,PONTE TOROPI II,SÃO PEDRO DO SUL,RIO GRANDE DO SUL,-29.6533,-54.4314,True,9497,0,9497,0.0,0,0.0,,,,,1994-01-01,2020-01-01
2038,2955002,CACHOEIRA SANTA CECÍLIA,ITAQUI,RIO GRANDE DO SUL,-29.1961,-55.4753,True,9497,0,9497,0.0,0,0.0,,,,,1994-01-01,2020-01-01
2039,2955006,PONTE DO MIRACATU,SÃO FRANCISCO DE AS,RIO GRANDE DO SUL,-29.4592,-55.2911,True,9497,0,9497,0.0,0,0.0,,,,,1994-01-01,2020-01-01
2040,2955007,UNISTALDA,UNISTALDA,RIO GRANDE DO SUL,-29.0475,-55.1511,True,9497,0,9497,0.0,0,0.0,,,,,1994-01-01,2020-01-01
2041,2955008,MANOEL VIANA,MANOEL VIANA,RIO GRANDE DO SUL,-29.5939,-55.4858,True,9497,0,9497,0.0,0,0.0,,,,,1994-01-01,2020-01-01
2042,2955013,ALEGRETE,ALEGRETE,RIO GRANDE DO SUL,-29.7844,-55.7739,True,9497,0,9497,0.0,0,0.0,,,,,1994-01-01,2020-01-01
2043,2955014,PASSO DA CACHOEIRA,ITAQUI,RIO GRANDE DO SUL,-29.3078,-55.7089,True,9497,0,9497,0.0,0,0.0,,,,,1994-01-01,2020-01-01
2044,2955016,JACAQUA,ALEGRETE,RIO GRANDE DO SUL,-29.6869,-55.1958,True,9497,0,9497,0.0,0,0.0,,,,,1994-01-01,2020-01-01
2045,2956005,ITAQUI,ITAQUI,RIO GRANDE DO SUL,-29.1275,-56.5625,True,9497,0,9497,0.0,0,0.0,,,,,1994-01-01,2020-01-01
2046,2956006,PASSO MARIANO PINTO,ITAQUI,RIO GRANDE DO SUL,-29.3089,-56.0553,True,9497,0,9497,0.0,0,0.0,,,,,1994-01-01,2020-01-01
2047,2956007,PLANO ALTO,URUGUAIANA,RIO GRANDE DO SUL,-29.7653,-56.5214,True,9497,0,9497,0.0,0,0.0,,,,,1994-01-01,2020-01-01
2048,2956008,JOÃO ARREGUI,URUGUAIANA,RIO GRANDE DO SUL,-29.4711,-56.6678,True,9497,0,9497,0.0,0,0.0,,,,,1994-01-01,2020-01-01
2049,2956009,FAZENDA TRÊS CAPÕES,ALEGRETE,RIO GRANDE DO SUL,-29.6358,-56.0947,True,9497,0,9497,0.0,0,0.0,,,,,1994-01-01,2020-01-01
2050,3050002,PALMARES DO SUL,PALMARES DO SUL,RIO GRANDE DO SUL,-30.2514,-50.5058,True,9497,0,9497,0.0,0,0.0,,,,,1994-01-01,2020-01-01
2051,3050007,SOLIDÃO,MOSTARDAS,RIO GRANDE DO SUL,-30.6683,-50.5408,True,9497,0,9497,0.0,0,0.0,,,,,1994-01-01,2020-01-01
2052,3050008,LOMBAS,VIAMÃO,RIO GRANDE DO SUL,-30.0467,-50.7019,True,9497,0,9497,0.0,0,0.0,,,,,1994-01-01,2020-01-01
2053,3051004,CERRO GRANDE,CERRO GRANDE DO SUL,RIO GRANDE DO SUL,-30.5939,-51.7567,True,9497,0,9497,0.0,0,0.0,,,,,1994-01-01,2020-01-01
2054,3051005,GUAÍBA COUNTRY CLUB,GUAÍBA,RIO GRANDE DO SUL,-30.1067,-51.6489,True,9497,0,9497,0.0,0,0.0,,,,,1994-01-01,2020-01-01
2055,3051016,CAMAQUÃ,CAMAQUÃ,RIO GRANDE DO SUL,-30.8658,-51.7958,True,9497,0,9497,0.0,0,0.0,,,,,1994-01-01,2020-01-01
2056,3051017,FAZENDA DA BOA VISTA,CAMAQUÃ,RIO GRANDE DO SUL,-30.7719,-51.6603,True,9497,0,9497,0.0,0,0.0,,,,,1994-01-01,2020-01-01
2057,3051023,BARRA DO RIBEIRO,BARRA DO RIBEIRO,RIO GRANDE DO SUL,-30.295,-51.3144,True,9497,0,9497,0.0,0,0.0,,,,,1994-01-01,2020-01-01
2058,3051031,BUTIA,BUTIÁ,RIO GRANDE DO SUL,-30.1589,-51.9311,True,9497,0,9497,0.0,0,0.0,,,,,1994-01-01,2020-01-01
2059,3052007,PASSO DA GUARDA CEEE,ENCRUZILHADA DO SUL,RIO GRANDE DO SUL,-30.9064,-52.4619,True,9497,0,9497,0.0,0,0.0,,,,,1994-01-01,2020-01-01
2060,3052009,PASSO SÃO JOSÉ,AMARAL FERRADOR,RIO GRANDE DO SUL,-30.8864,-52.2486,True,9497,0,9497,0.0,0,0.0,,,,,1994-01-01,2020-01-01
2061,3052010,PORTO TARUMÃ,PIRATINI,RIO GRANDE DO SUL,-30.9342,-52.9428,True,9497,0,9497,0.0,0,0.0,,,,,1994-01-01,2020-01-01
2062,3052011,QUITERIA,SÃO JERÔNIMO,RIO GRANDE DO SUL,-30.4189,-52.0736,True,9497,0,9497,0.0,0,0.0,,,,,1994-01-01,2020-01-01
2063,3052012,SERRA DOS PEDROSAS,ENCRUZILHADA DO SUL,RIO GRANDE DO SUL,-30.6253,-52.84,True,9497,0,9497,0.0,0,0.0,,,,,1994-01-01,2020-01-01
2064,3052013,DOM FELICIANO,DOM FELICIANO,RIO GRANDE DO SUL,-30.7031,-52.0647,True,9497,0,9497,0.0,0,0.0,,,,,1994-01-01,2020-01-01
2065,3052016,PANTANO GRANDE,PANTANO GRANDE,RIO GRANDE DO SUL,-30.1983,-52.3725,True,9497,0,9497,0.0,0,0.0,,,,,1994-01-01,2020-01-01
2066,3053004,PASSO DO ROCHA,SÃO GABRIEL,RIO GRANDE DO SUL,-30.2325,-53.9933,True,9497,0,9497,0.0,0,0.0,,,,,1994-01-01,2020-01-01
2067,3053007,LAVRAS DO SUL,LAVRAS DO SUL,RIO GRANDE DO SUL,-30.8175,-53.9014,True,9497,0,9497,0.0,0,0.0,,,,,1994-01-01,2020-01-01
2068,3053017,PASSO DOS FREIRES,SÃO SEPÉ,RIO GRANDE DO SUL,-30.4353,-53.7125,True,9497,0,9497,0.0,0,0.0,,,,,1994-01-01,2020-01-01
2069,3053018,IRAPUAZINHO,CACHOEIRA DO SUL,RIO GRANDE DO SUL,-30.4872,-53.1183,True,9497,0,9497,0.0,0,0.0,,,,,1994-01-01,2020-01-01
2070,3053020,SÃO SEPÉ MONTANTE,SÃO SEPÉ,RIO GRANDE DO SUL,-30.1936,-53.5644,True,9497,0,9497,0.0,0,0.0,,,,,1994-01-01,2020-01-01
2071,3053021,BARRO VERMELHO,CACHOEIRA DO SUL,RIO GRANDE DO SUL,-30.1406,-53.1589,True,9497,0,9497,0.0,0,0.0,,,,,1994-01-01,2020-01-01
2072,3053022,CAÇAPAVA DO SUL,CAÇAPAVA DO SUL,RIO GRANDE DO SUL,-30.5194,-53.4917,True,9497,0,9497,0.0,0,0.0,,,,,1994-01-01,2020-01-01
2073,3054002,DOM PEDRITO,DOM PEDRITO,RIO GRANDE DO SUL,-30.9781,-54.6758,True,9497,0,9497,0.0,0,0.0,,,,,1994-01-01,2020-01-01
2074,3054007,ROSÁRIO DO SUL,ROSÁRIO DO SUL,RIO GRANDE DO SUL,-30.2469,-54.9175,True,9497,0,9497,0.0,0,0.0,,,,,1994-01-01,2020-01-01
2075,3054016,GRANJA UMBU,ROSÁRIO DO SUL,RIO GRANDE DO SUL,-30.5144,-54.7703,True,9497,0,9497,0.0,0,0.0,,,,,1994-01-01,2020-01-01
2076,3054018,SÃO GABRIEL,SÃO GABRIEL,RIO GRANDE DO SUL,-30.3575,-54.3181,True,9497,0,9497,0.0,0,0.0,,,,,1994-01-01,2020-01-01
2077,3054019,IBARE,LAVRAS DO SUL,RIO GRANDE DO SUL,-30.7744,-54.2247,True,9497,0,9497,0.0,0,0.0,,,,,1994-01-01,2020-01-01
2078,3055003,FAZENDA ENCERRA,SANTANA DO LIVRAMEN,RIO GRANDE DO SUL,-30.6956,-55.8414,True,9497,0,9497,0.0,0,0.0,,,,,1994-01-01,2020-01-01
2079,3055004,SAICA,CACEQUI,RIO GRANDE DO SUL,-30.0294,-55.0936,True,9497,0,9497,0.0,0,0.0,,,,,1994-01-01,2020-01-01
2080,3055005,SANTA RITA,SANTANA DO LIVRAMEN,RIO GRANDE DO SUL,-30.5164,-55.1267,True,9497,0,9497,0.0,0,0.0,,,,,1994-01-01,2020-01-01
2081,3055007,SÃO CARLOS,ROSÁRIO DO SUL,RIO GRANDE DO SUL,-30.2042,-55.4919,True,9497,0,9497,0.0,0,0.0,,,,,1994-01-01,2020-01-01
2082,3055008,PASSO DA GUARDA,QUARAÍ,RIO GRANDE DO SUL,-30.2939,-55.9756,True,9497,0,9497,0.0,0,0.0,,,,,1994-01-01,2020-01-01
2083,3056004,FAZENDA JUNCO,URUGUAIANA,RIO GRANDE DO SUL,-30.0189,-56.8214,True,9497,0,9497,0.0,0,0.0,,,,,1994-01-01,2020-01-01
2084,3056006,HARMONIA,URUGUAIANA,RIO GRANDE DO SUL,-30.0686,-56.1703,True,9497,0,9497,0.0,0,0.0,,,,,1994-01-01,2020-01-01
2085,3056007,CATY,SANTANA DO LIVRAMEN,RIO GRANDE DO SUL,-30.5256,-56.1722,True,9497,0,9497,0.0,0,0.0,,,,,1994-01-01,2020-01-01
2086,3057002,BARRA DO QUARAÍ,BARRA DO QUARAÍ,RIO GRANDE DO SUL,-30.2133,-57.5533,True,9497,0,9497,0.0,0,0.0,,,,,1994-01-01,2020-01-01
2087,3151002,PACHECA,CAMAQUÃ,RIO GRANDE DO SUL,-31.1303,-51.7886,True,9497,4344,5153,0.4574076024007581,1134,0.11940612825102664,4.117104051565378,127.0,1994-01-01,2006-12-31,1994-01-01,2020-01-01
2088,3151003,SÃO LOURENÇO DO SUL,SÃO LOURENÇO DO SUL,RIO GRANDE DO SUL,-31.3675,-51.9867,True,9497,0,9497,0.0,0,0.0,,,,,1994-01-01,2020-01-01
2089,3151004,TAVARES,TAVARES,RIO GRANDE DO SUL,-31.29,-51.0956,True,9497,0,9497,0.0,0,0.0,,,,,1994-01-01,2020-01-01
2090,3152002,BOQUEIRÃO,SÃO LOURENÇO DO SUL,RIO GRANDE DO SUL,-31.2839,-52.0831,True,9497,0,9497,0.0,0,0.0,,,,,1994-01-01,2020-01-01
2091,3152003,CANGUÇU,CANGUÇU,RIO GRANDE DO SUL,-31.4044,-52.6733,True,9497,0,9497,0.0,0,0.0,,,,,1994-01-01,2020-01-01
2092,3152005,VILA FREIRE,CERRITO,RIO GRANDE DO SUL,-31.6694,-52.7728,True,9497,0,9497,0.0,0,0.0,,,,,1994-01-01,2020-01-01
2093,3152008,GRANJA SÃO PEDRO,PELOTAS,RIO GRANDE DO SUL,-31.6728,-52.1778,True,9497,0,9497,0.0,0,0.0,,,,,1994-01-01,2020-01-01
2094,3152011,PASSO DO MENDONÇA,CRISTAL,RIO GRANDE DO SUL,-31.0006,-52.0492,True,9497,0,9497,0.0,0,0.0,,,,,1994-01-01,2020-01-01
2095,3152013,PEDRO OSÓRIO,PEDRO OSÓRIO,RIO GRANDE DO SUL,-31.8797,-52.8103,True,9497,0,9497,0.0,0,0.0,,,,,1994-01-01,2020-01-01
2096,3152016,PONTE CORDEIRO DE FARIAS,PELOTAS,RIO GRANDE DO SUL,-31.5739,-52.4631,True,9497,0,9497,0.0,0,0.0,,,,,1994-01-01,2020-01-01
2097,3153003,PARAÍSO,BAGÉ,RIO GRANDE DO SUL,-31.2267,-53.9014,True,9497,0,9497,0.0,0,0.0,,,,,1994-01-01,2020-01-01
2098,3153004,FERRARIA,PIRATINI,RIO GRANDE DO SUL,-31.7375,-53.0539,True,9497,0,9497,0.0,0,0.0,,,,,1994-01-01,2020-01-01
2099,3153006,PASSO DA CAPELA,PIRATINI,RIO GRANDE DO SUL,-31.1342,-53.0539,True,9497,0,9497,0.0,0,0.0,,,,,1994-01-01,2020-01-01
2100,3153007,PEDRAS ALTAS,PEDRAS ALTAS,RIO GRANDE DO SUL,-31.7333,-53.5881,True,9497,0,9497,0.0,0,0.0,,,,,1994-01-01,2020-01-01
2101,3153008,PINHEIRO MACHADO,PINHEIRO MACHADO,RIO GRANDE DO SUL,-31.5775,-53.3769,True,9497,0,9497,0.0,0,0.0,,,,,1994-01-01,2020-01-01
2102,3153017,TORRINHAS,PINHEIRO MACHADO,RIO GRANDE DO SUL,-31.3142,-53.4994,True,9497,0,9497,0.0,0,0.0,,,,,1994-01-01,2020-01-01
2103,3153021,ESTAÇÃO EXPERIMENTAL DE PIRATINI,PIRATINI,RIO GRANDE DO SUL,-31.4308,-53.1078,True,9497,0,9497,0.0,0,0.0,,,,,1994-01-01,2020-01-01
2104,3154003,TORQUATO SEVERO,DOM PEDRITO,RIO GRANDE DO SUL,-31.0283,-54.1789,True,9497,0,9497,0.0,0,0.0,,,,,1994-01-01,2020-01-01
2105,3154006,ESTÂNCIA DO ESPANTOSO,BAGÉ,RIO GRANDE DO SUL,-31.5339,-54.2947,True,9497,0,9497,0.0,0,0.0,,,,,1994-01-01,2020-01-01
2106,3155001,TRÊS VENDAS,DOM PEDRITO,RIO GRANDE DO SUL,-31.2753,-55.0372,True,9497,0,9497,0.0,0,0.0,,,,,1994-01-01,2020-01-01
2107,3252005,GRANJA CORONEL PEDRO OSÓRIO,ARROIO GRANDE,RIO GRANDE DO SUL,-32.0061,-52.6528,True,9497,0,9497,0.0,0,0.0,,,,,1994-01-01,2020-01-01
2108,3252006,GRANJA CERRITO,RIO GRANDE,RIO GRANDE DO SUL,-32.3506,-52.54,True,9497,0,9497,0.0,0,0.0,,,,,1994-01-01,2020-01-01
2109,3252008,GRANJA SANTA MARIA,RIO GRANDE,RIO GRANDE DO SUL,-32.5381,-52.5386,True,9497,0,9497,0.0,0,0.0,,,,,1994-01-01,2020-01-01
2110,3252024,RIO GRANDE/REGATAS,RIO GRANDE,RIO GRANDE DO SUL,-32.03,-52.0792,True,9497,0,9497,0.0,0,0.0,,,,,1994-01-01,2020-01-01
2111,3253001,ARROIO GRANDE,ARROIO GRANDE,RIO GRANDE DO SUL,-32.2372,-53.0897,True,9497,0,9497,0.0,0,0.0,,,,,1994-01-01,2020-01-01
2112,3253003,GRANJA OSÓRIO,SANTA VITÓRIA DO PA,RIO GRANDE DO SUL,-32.9539,-53.1189,True,9497,0,9497,0.0,0,0.0,,,,,1994-01-01,2020-01-01
2113,3253004,HERVAL,HERVAL,RIO GRANDE DO SUL,-32.0286,-53.3978,True,9497,0,9497,0.0,0,0.0,,,,,1994-01-01,2020-01-01
2114,8050000,CARMO,MACAPÁ,AMAPÁ,0.5081,-50.7483,True,9497,0,9497,0.0,0,0.0,,,,,1994-01-01,2020-01-01
2115,8050001,BAILIQUE (VILA PROGRESSO),MACAPÁ,AMAPÁ,0.8731,-50.0522,True,9497,0,9497,0.0,0,0.0,,,,,1994-01-01,2020-01-01
2116,8051010,PORTO ARIRI,MACAPÁ,AMAPÁ,0.3031,-51.1267,True,9497,0,9497,0.0,0,0.0,,,,,1994-01-01,2020-01-01
2117,8051012,CUPIXI,PORTO GRANDE,AMAPÁ,0.615,-51.765,True,9497,0,9497,0.0,0,0.0,,,,,1994-01-01,2020-01-01
2118,8052000,SERRA DO NAVIO,SERRA DO NAVIO,AMAPÁ,0.8803,-52.0094,True,9497,0,9497,0.0,0,0.0,,,,,1994-01-01,2020-01-01
2119,8059001,SÍTIO SANTA MARIA,CAROEBE,RORAIMA,0.8069,-59.4283,True,9497,0,9497,0.0,0,0.0,,,,,1994-01-01,2020-01-01
2120,8059002,SÃO JOÃO DA BALIZA,SÃO JOÃO DA BALIZA,RORAIMA,0.9578,-59.9139,True,9497,0,9497,0.0,0,0.0,,,,,1994-01-01,2020-01-01
2121,8059003,PCH JATAPU,CAROEBE,RORAIMA,0.9333,-59.3167,True,9497,0,9497,0.0,0,0.0,,,,,1994-01-01,2020-01-01
2122,8060000,FAZENDA SÃO JOSÉ,RORAINÓPOLIS,RORAIMA,0.5211,-60.465,True,9497,0,9497,0.0,0,0.0,,,,,1994-01-01,2020-01-01
2123,8062000,POSTO AJURICABA,BARCELOS,AMAZONAS,0.8842,-62.6222,True,9497,0,9497,0.0,0,0.0,,,,,1994-01-01,2020-01-01
2124,8066001,MISSÃO MATURACÁ,SÃO GABRIEL DA CACH,AMAZONAS,0.6194,-66.1372,True,9497,0,9497,0.0,0,0.0,,,,,1994-01-01,2020-01-01
2125,8066002,BALAIO,SÃO GABRIEL DA CACH,AMAZONAS,0.3875,-66.6492,True,9497,0,9497,0.0,0,0.0,,,,,1994-01-01,2020-01-01
2126,8067001,SÃO FELIPE,SÃO GABRIEL DA CACH,AMAZONAS,0.3711,-67.3136,True,9497,0,9497,0.0,0,0.0,,,,,1994-01-01,2020-01-01
2127,8067002,MALOCA SÃO TOMÉ (Com. Curiri),SÃO GABRIEL DA CACH,AMAZONAS,0.1758,-67.9458,True,9497,0,9497,0.0,0,0.0,,,,,1994-01-01,2020-01-01
2128,8067003,NAZARÉ,SÃO GABRIEL DA CACH,AMAZONAS,0.5878,-67.8064,True,9497,0,9497,0.0,0,0.0,,,,,1994-01-01,2020-01-01
2129,8068000,TARAQUÁ,SÃO GABRIEL DA CACH,AMAZONAS,0.1314,-68.5406,True,9497,0,9497,0.0,0,0.0,,,,,1994-01-01,2020-01-01
2130,8069003,PARI CACHOEIRA,SÃO GABRIEL DA CACH,AMAZONAS,0.2517,-69.7844,True,9497,0,9497,0.0,0,0.0,,,,,1994-01-01,2020-01-01
2131,8069004,PIRARARA POÇO,SÃO GABRIEL DA CACH,AMAZONAS,0.1428,-69.2133,True,9497,0,9497,0.0,0,0.0,,,,,1994-01-01,2020-01-01
2132,8150000,APOREMA,TARTARUGALZINHO,AMAPÁ,1.2261,-50.8972,True,9497,0,9497,0.0,0,0.0,,,,,1994-01-01,2020-01-01
2133,8150001,TARTARUGAL GRANDE,TARTARUGALZINHO,AMAPÁ,1.3978,-50.9236,True,9497,0,9497,0.0,0,0.0,,,,,1994-01-01,2020-01-01
2134,8151000,ITAUBAL DO AMAPÁ,TARTARUGALZINHO,AMAPÁ,1.5803,-50.9028,True,9497,0,9497,0.0,0,0.0,,,,,1994-01-01,2020-01-01
2135,8160001,FAZENDA PARANÁ,RORAINÓPOLIS,RORAIMA,1.1264,-60.3994,True,9497,3801,5696,0.40023165210066336,1666,0.17542381804780457,5.694896079978952,114.0,1994-01-01,2005-11-30,1994-01-01,2020-01-01
2136,8160003,AGROPECUÁRIA BOA VISTA,CARACARAÍ,RORAIMA,1.4608,-60.7675,True,9497,0,9497,0.0,0,0.0,,,,,1994-01-01,2020-01-01
2137,8161001,CARACARAÍ,CARACARAÍ,RORAIMA,1.8214,-61.1236,True,9497,0,9497,0.0,0,0.0,,,,,1994-01-01,2020-01-01
2138,8162000,MISSÃO CATRIMANI,CARACARAÍ,RORAIMA,1.75,-62.2833,True,9497,0,9497,0.0,0,0.0,,,,,1994-01-01,2020-01-01
2139,8166000,CUCUÍ,SÃO GABRIEL DA CACH,AMAZONAS,1.2147,-66.8522,True,9497,0,9497,0.0,0,0.0,,,,,1994-01-01,2020-01-01
2140,8167000,MISSÃO IÇANA,SÃO GABRIEL DA CACH,AMAZONAS,1.0742,-67.5933,True,9497,0,9497,0.0,0,0.0,,,,,1994-01-01,2020-01-01
2141,8168000,TUNUI,SÃO GABRIEL DA CACH,AMAZONAS,1.3889,-68.1536,True,9497,0,9497,0.0,0,0.0,,,,,1994-01-01,2020-01-01
2142,8250002,CALÇOENE,CALÇOENE,AMAPÁ,2.4956,-50.9508,True,9497,0,9497,0.0,0,0.0,,,,,1994-01-01,2020-01-01
2143,8250003,AMAPÁ,AMAPÁ,AMAPÁ,2.0547,-50.7881,True,9497,0,9497,0.0,0,0.0,,,,,1994-01-01,2020-01-01
2144,8251001,CUNANI,CALÇOENE,AMAPÁ,2.6983,-51.3614,True,9497,0,9497,0.0,0,0.0,,,,,1994-01-01,2020-01-01
2145,8251003,LOURENÇO,CALÇOENE,AMAPÁ,2.3083,-51.6381,True,9497,0,9497,0.0,0,0.0,,,,,1994-01-01,2020-01-01
2146,8251004,PONTE CASSIPORE,OIAPOQUE,AMAPÁ,2.9578,-51.4231,True,9497,0,9497,0.0,0,0.0,,,,,1994-01-01,2020-01-01
2147,8260002,BOA ESPERANÇA,CANTA,RORAIMA,2.4697,-60.7175,True,9497,0,9497,0.0,0,0.0,,,,,1994-01-01,2020-01-01
2148,8260003,FAZENDA CASTELÃO,BONFIM,RORAIMA,2.7606,-60.325,True,9497,0,9497,0.0,0,0.0,,,,,1994-01-01,2020-01-01
2149,8260004,MUCAJAÍ,MUCAJAÍ,RORAIMA,2.4714,-60.9178,True,9497,0,9497,0.0,0,0.0,,,,,1994-01-01,2020-01-01
2150,8261000,FÉ E ESPERANÇA,MUCAJAÍ,RORAIMA,2.8708,-61.4406,True,9497,0,9497,0.0,0,0.0,,,,,1994-01-01,2020-01-01
2151,8261001,FAZENDA TRÊS PODERES,MUCAJAÍ,RORAIMA,2.2628,-60.9728,True,9497,0,9497,0.0,0,0.0,,,,,1994-01-01,2020-01-01
2152,8262000,POSTO FUNAI,ALTO ALEGRE,RORAIMA,2.7275,-62.0178,True,9497,0,9497,0.0,0,0.0,,,,,1994-01-01,2020-01-01
2153,8263000,MISSÃO SURUCUCU,ALTO ALEGRE,RORAIMA,2.8358,-63.6417,True,9497,0,9497,0.0,0,0.0,,,,,1994-01-01,2020-01-01
2154,8351002,OIAPOQUE,OIAPOQUE,AMAPÁ,3.8436,-51.8375,True,9497,0,9497,0.0,0,0.0,,,,,1994-01-01,2020-01-01
2155,8359000,BONFIM,BONFIM,RORAIMA,3.3783,-59.8156,True,9497,0,9497,0.0,0,0.0,,,,,1994-01-01,2020-01-01
2156,8360000,MALOCA DO CONTÃO,PACARAIMA,RORAIMA,4.1667,-60.5289,True,9497,0,9497,0.0,0,0.0,,,,,1994-01-01,2020-01-01
2157,8360002,FAZENDA PASSARÃO,BOA VISTA,RORAIMA,3.2078,-60.5711,True,9497,0,9497,0.0,0,0.0,,,,,1994-01-01,2020-01-01
2158,8360003,MOCIDADE,BOA VISTA,RORAIMA,3.4636,-60.9097,True,9497,0,9497,0.0,0,0.0,,,,,1994-01-01,2020-01-01
2159,8361000,FAZENDA SÃO JOÃO,AMAJARI,RORAIMA,3.6608,-61.3839,True,9497,0,9497,0.0,0,0.0,,,,,1994-01-01,2020-01-01
2160,8361001,BOQUEIRÃO,ALTO ALEGRE,RORAIMA,3.2906,-61.2881,True,9497,0,9497,0.0,0,0.0,,,,,1994-01-01,2020-01-01
2161,8361004,COLÔNIA DO TAIANO,ALTO ALEGRE,RORAIMA,3.2872,-61.0883,True,9497,0,9497,0.0,0,0.0,,,,,1994-01-01,2020-01-01
2162,8361005,TEPEQUEM,AMAJARI,RORAIMA,3.7592,-61.7181,True,9497,0,9497,0.0,0,0.0,,,,,1994-01-01,2020-01-01
2163,8362000,MALOCA DO ERICÓ,ALTO ALEGRE,RORAIMA,3.6319,-62.3989,True,9497,0,9497,0.0,0,0.0,,,,,1994-01-01,2020-01-01
2164,8363000,UAICÁS,ALTO ALEGRE,RORAIMA,3.5497,-63.1692,True,9497,0,9497,0.0,0,0.0,,,,,1994-01-01,2020-01-01
2165,8459000,MUTUM,UIRAMUTA,RORAIMA,4.4517,-59.8589,True,9497,0,9497,0.0,0,0.0,,,,,1994-01-01,2020-01-01
2166,8460001,VILA SURUMU,PACARAIMA,RORAIMA,4.1961,-60.7939,True,9497,0,9497,0.0,0,0.0,,,,,1994-01-01,2020-01-01
2167,8460003,ÁGUA FRIA,UIRAMUTA,RORAIMA,4.6428,-60.4964,True,9497,0,9497,0.0,0,0.0,,,,,1994-01-01,2020-01-01
2168,8461000,NOVA ESPERANÇA/MARCO BV-8,PACARAIMA,RORAIMA,4.4883,-61.1297,True,9497,0,9497,0.0,0,0.0,,,,,1994-01-01,2020-01-01
2169,8464001,MISSÃO AUARIS - JUSANTE,BOA VISTA,RORAIMA,4.0031,-64.4431,True,9497,0,9497,0.0,0,0.0,,,,,1994-01-01,2020-01-01
