reference_key,source_sheet,source_row,station_code,station_name,latitude,longitude,K,a,b,c,K_r,a_r,b_r,c_r,flag_K_r_implausible,flag_a_r_implausible,flag_b_r_implausible,flag_c_r_implausible,any_gridf_coeff_implausible
standard,Standard,2,936113,União dos Palmares,-9.1544,-36.0358,1120.3,0.1926,11.9,0.8242,1525.0401611328125,0.2743936777114868,16.527114868164062,0.8711838722229004,False,False,False,False,False
standard,Standard,3,-,Maceió,-9.66666667,-35.7,274.09,0.28,6.0,0.56,,,,,True,True,True,True,True
standard,Standard,4,-,Manaus,-3.13333333,-60.01666667,1387.98,0.1,12.0,0.78,25965.560546875,0.21227268874645233,142.6098175048828,1.1960078477859497,False,False,False,False,False
standard,Standard,5,-,Parintins,-2.63333333,-56.73333333,5775.73,0.18,30.0,1.02,20362.369140625,0.18525338172912598,123.57829284667969,1.1481413841247559,False,False,False,False,False
standard,Standard,6,-,Uapés,-0.13333333,-67.08333333,2235.25,0.15,19.0,0.85,5544.478515625,0.18337902426719666,56.09709548950195,0.97422194480896,False,False,False,False,False
standard,Standard,7,940024,Juazeiro,-9.4053,-40.5036,5592.554,0.242,40.039,1.093,2174.059326171875,0.27414238452911377,21.71158790588379,0.9391328692436218,False,False,False,False,False
standard,Standard,8,940024,Juazeiro,-9.4053,-40.5036,1519.0,0.188,9.3,0.8795,2174.059326171875,0.27414238452911377,21.71158790588379,0.9391328692436218,False,False,False,False,False
standard,Standard,9,1142020,Fazenda Refrigério - Jusante,-11.3561,-42.2736,3950.0,0.222,33.862,1.028,3550.623046875,0.20672066509723663,50.53281784057617,1.0009666681289673,False,False,False,False,False
standard,Standard,10,1143020,Morpará,-11.5667,-43.3,1121.26,0.233,19.746,0.783,4051.318115234375,0.1778896003961563,54.50652313232422,0.9990552067756653,False,False,False,False,False
standard,Standard,11,1145012,Formosa do Rio Preto (Codevasf),-11.05,-45.1833,1719.054,0.174,20.021,0.865,2613.105712890625,0.271980881690979,22.719398498535156,0.94825279712677,False,False,False,False,False
standard,Standard,12,1145013,Ponte Serafim - Montante,-11.8961,-45.6119,4073.933,0.181,27.902,1.073,2911.638671875,0.1548042595386505,25.803476333618164,0.9770388007164001,False,False,False,False,False
standard,Standard,13,1238051,Teodoro Sampaio,-12.3003,-38.6439,5850.0,0.212,51.82,1.021,2765.769775390625,0.257331907749176,40.65764236450195,0.9335120916366577,False,False,False,False,False
standard,Standard,14,1238051,Teodoro Sampaio,-12.3003,-38.6439,1406.4,0.1516,18.5,0.8222,2765.769775390625,0.257331907749176,40.65764236450195,0.9335120916366577,False,False,False,False,False
standard,Standard,15,1239007,Argoim,-12.585,-39.5183,8999.0,0.245,56.068,1.119,2999.572021484375,0.20469525456428528,58.3213005065918,0.9888505935668945,False,False,False,False,False
standard,Standard,16,1242015,Brotas de Macaúbas,-12.0036,-42.6283,4210.017,0.192,32.453,1.042,3302.261962890625,0.1730673611164093,49.46657180786133,0.9999018907546997,False,False,False,False,False
standard,Standard,17,1245009,Barreiras,-12.15,-45.0,1525.758,0.178,19.457,0.82,3282.0068359375,0.15392160415649414,27.416133880615234,0.9749591946601868,False,False,False,False,False
standard,Standard,18,1339012,Ituberá,-13.8106,-39.1692,3228.481,0.207,45.386,0.948,3754.056640625,0.2016228288412094,28.592838287353516,0.9469082355499268,False,False,False,False,False
standard,Standard,19,1344017,Santa Maria da Vitória,-13.4006,-44.1975,2873.405,0.216,29.656,0.946,3213.10791015625,0.17063426971435547,32.37983703613281,0.961515486240387,False,False,False,False,False
standard,Standard,20,1439014,Ipiaú,-14.1708,-39.6897,2194.929,0.232,32.891,0.882,1896.2408447265625,0.2280472218990326,20.25067710876465,0.8944910168647766,False,False,False,False,False
standard,Standard,21,1439044,Santa Cruz da Vitória,-14.9589,-39.8075,3450.0,0.239,34.012,0.989,3722.564208984375,0.22860145568847656,37.72262954711914,0.9754822850227356,False,False,False,False,False
standard,Standard,22,1439044,Santa Cruz da Vitória,-14.9589,-39.8075,1098.6,0.1895,12.7,0.8331,3722.564208984375,0.22860145568847656,37.72262954711914,0.9754822850227356,False,False,False,False,False
standard,Standard,23,1443002,Carinhanha,-14.3044,-43.7681,2718.147,0.214,21.193,0.978,1728.5223388671875,0.1981184333562851,14.75418472290039,0.868203341960907,False,False,False,False,False
standard,Standard,24,1444017,Fazenda Porto Alegre,-14.2683,-44.5217,2500.0,0.184,34.478,0.902,16436.580078125,0.1895201951265335,79.89994049072266,1.1907278299331665,False,False,False,False,False
standard,Standard,25,1539006,Itapebi,-15.9608,-39.5261,3586.593,0.204,39.135,0.987,2687.95849609375,0.24763357639312744,20.82658576965332,0.9102713465690613,False,False,False,False,False
standard,Standard,26,1541001,Cândido Sales,-15.505,-41.2292,2828.391,0.204,34.463,0.956,5492.10595703125,0.16462136805057526,94.01820373535156,1.0318903923034668,False,False,False,False,False
standard,Standard,27,1739005,Itamaraju,-17.045,-39.5447,4032.86,0.211,28.605,1.06,469.126220703125,0.2110234498977661,15.83702564239502,0.6715766191482544,False,False,False,False,False
standard,Standard,28,1740005,Medeiros Neto,-17.3722,-40.2258,6899.271,0.227,40.913,1.107,513.4883422851562,0.23396264016628265,10.863990783691406,0.7040454149246216,False,False,False,False,False
standard,Standard,29,-,Salvador,-13.0,-38.51666667,1288.5,0.2,22.0,0.81,5183.28466796875,0.23009327054023743,55.022525787353516,0.9858611226081848,False,False,False,False,False
standard,Standard,30,339036,Paracuru,-3.41666667,-39.03333333,1888.0,0.1493,27.0,0.8525,,,,,True,True,True,True,True
standard,Standard,31,340036,Fazenda Pocinhos,-3.8833,-40.1667,1229.7,0.2015,13.0,0.8413,1241.6072998046875,0.2255222499370575,11.615191459655762,0.870042622089386,False,False,False,False,False
standard,Standard,32,539016,Quixeramobim,-5.2,-39.3,2847.22,0.3,43.0,0.97,1231.5386962890625,0.1865469217300415,11.811263084411621,0.8573797941207886,False,False,False,False,False
standard,Standard,33,639034,Várzea Alegre,-6.8,-39.3,2977.1,0.1711,36.0,0.9059,1642.6619873046875,0.168391615152359,15.016633987426758,0.8714619874954224,False,False,False,False,False
standard,Standard,34,-,Fortaleza,-3.76666667,-38.55,491.78,0.21,5.0,0.64,,,,,True,True,True,True,True
standard,Standard,35,83550,São Mateus,-18.7,-39.85,4999.205,0.191,49.999,0.983,993.89453125,0.1825610101222992,4.607863426208496,0.775938093662262,False,False,False,False,False
standard,Standard,36,83557,Boa Esperança,-18.51666667,-40.31666667,596.38,0.23,8.534,0.67,1344.4107666015625,0.17920584976673126,3.4210076332092285,0.8064990639686584,False,False,False,False,False
standard,Standard,37,83597,Linhares,-19.4,-40.06666667,3647.235,0.223,20.665,1.0,1155.788818359375,0.20242592692375183,5.064797878265381,0.7956604361534119,False,False,False,False,False
standard,Standard,38,83647,Santa Teresa,-19.85,-40.6,632.265,0.247,13.543,0.714,1264.7286376953125,0.15983904898166656,7.432067394256592,0.8235318064689636,False,False,False,False,False
standard,Standard,39,83648,Vitória,-20.31666667,-40.33333333,1082.42,0.19,14.0,0.78,1911.0224609375,0.18590304255485535,17.654542922973633,0.8616514205932617,False,False,False,False,False
standard,Standard,40,83648,Vitória,-20.31666667,-40.33333333,4003.611,0.203,49.997,0.931,1911.0224609375,0.18590304255485535,17.654542922973633,0.8616514205932617,False,False,False,False,False
standard,Standard,41,1840010,Cedrolândia,-18.8097,-40.6906,4000.0,0.178,51.492,0.92,1190.593505859375,0.17505526542663574,3.6030240058898926,0.8097259998321533,False,False,False,False,False
standard,Standard,42,1840013,Ecoporanga,-18.3658,-40.8406,5666.17,0.197,43.631,1.055,1143.19482421875,0.16767270863056183,4.498879432678223,0.7977545261383057,False,False,False,False,False
standard,Standard,43,1840015,Patrimônio Santa Luzia do Norte,-18.2056,-40.6033,2407.091,0.187,34.383,0.877,1096.1199951171875,0.20787547528743744,4.9627604484558105,0.7883475422859192,False,False,False,False,False
standard,Standard,44,1840019,Córrego da Boa Esperança,-18.7006,-40.4419,4350.786,0.202,40.254,1.003,1253.55859375,0.16168437898159027,3.417752981185913,0.8075334429740906,False,False,False,False,False
standard,Standard,45,1840020,São João da Cachoeira Grande,-18.5647,-40.3367,5829.147,0.192,33.421,1.089,1344.4107666015625,0.17920584976673126,3.4210076332092285,0.8064990639686584,False,False,False,False,False
standard,Standard,46,1940006,Colatina - Corpo de Bombeiros,-19.5308,-40.6231,709.931,0.201,7.331,0.687,1393.1318359375,0.19544263184070587,5.537199020385742,0.8236542344093323,False,False,False,False,False
standard,Standard,47,1940009,Pancas,-19.2203,-40.8533,1227.888,0.185,20.628,0.758,1290.6812744140625,0.1763598620891571,4.824907302856445,0.8159006237983704,False,False,False,False,False
standard,Standard,48,1940020,Caldeirão (Santa Teresa),-19.955,-40.7417,3777.338,0.196,46.751,0.947,1549.0736083984375,0.20507599413394928,11.51025390625,0.837714433670044,False,False,False,False,False
standard,Standard,49,1941012,Alto Rio Novo,-19.0592,-41.0275,1908.138,0.208,18.432,0.926,1214.555908203125,0.17863334715366364,4.892755508422852,0.8136298656463623,False,False,False,False,False
standard,Standard,50,2041017,Santa Cruz - Caparaó,-20.3228,-41.7042,3873.672,0.18,35.418,0.986,18167.69921875,0.16025836765766144,106.11090087890625,1.1999303102493286,False,False,False,False,False
standard,Standard,51,2041020,Aracê (Fazenda Modelo),-20.3667,-41.0611,880.474,0.175,9.722,0.729,3223.54736328125,0.17312660813331604,37.703956604003906,0.9508199691772461,False,False,False,False,False
standard,Standard,52,1950007,UHE São Simão,-19.0167,-50.4667,3354.992,0.172,30.197,0.96,1846.6705322265625,0.1425527185201645,14.133382797241211,0.8841195702552795,False,False,False,False,False
standard,Standard,53,-,Catalão,-18.18333333,-47.95,1317.3,0.16,12.0,0.82,1310.8038330078125,0.17862606048583984,2.8891637325286865,0.8336613774299622,False,False,False,False,False
standard,Standard,54,-,Formosa,-15.533333,-47.33333333,1276.25,0.16,10.0,0.82,1780.2802734375,0.16524331271648407,11.021158218383789,0.8754264712333679,False,False,False,False,False
standard,Standard,55,-,Goiânia,-16.68333333,-49.26666667,2209.74,0.21,21.0,0.88,2086.0009765625,0.16122221946716309,31.84463119506836,0.912724494934082,False,False,False,False,False
standard,Standard,56,-,Barra do Corda,-5.5,-45.26666667,1530.67,0.2,17.0,0.83,2027.5794677734375,0.21321257948875427,11.044638633728027,0.8679878115653992,False,False,False,False,False
standard,Standard,57,-,São Luiz,-2.53333333,-44.28333333,1131.57,0.18,24.0,0.74,,,,,True,True,True,True,True
standard,Standard,58,-,Turiaçu,-1.71666667,-45.4,1185.74,0.19,13.0,0.79,1730.1788330078125,0.16188688576221466,9.396025657653809,0.8542829155921936,False,False,False,False,False
standard,Standard,59,83587,Raja Gabaglia,-19.93,-43.95,2481.99,0.1245,20.0,0.8975,8781.9638671875,0.16496968269348145,74.3571548461914,1.0982824563980103,False,False,False,False,False
standard,Standard,60,1442025,Espinosa,-14.9333,-42.8167,679.357,0.188,8.715,0.731,1017.0270385742188,0.1863185614347458,4.7641401290893555,0.8195157051086426,False,False,False,False,False
standard,Standard,61,1443000,Boca da Caatinga,-14.7864,-43.5514,1616.744,0.179,20.467,0.877,1275.0787353515625,0.19805149734020233,7.681555271148682,0.831322968006134,False,False,False,False,False
standard,Standard,62,1443001,Manga,-14.7567,-43.9322,1828.318,0.188,28.731,0.899,1604.684326171875,0.20516909658908844,16.93619155883789,0.8708208203315735,False,False,False,False,False
standard,Standard,63,1444000,São Gonçalo,-14.3136,-44.4603,765.111,0.155,11.514,0.698,10460.8251953125,0.21194542944431305,67.87371826171875,1.1390525102615356,False,False,False,False,False
standard,Standard,64,1444001,Capitânea,-14.4311,-44.4817,6040.241,0.21,37.64,1.1,6353.37060546875,0.20878159999847412,51.991363525390625,1.0641798973083496,False,False,False,False,False
standard,Standard,65,1444004,Juvenilia (Montalvânia),-14.2658,-44.1572,1070.596,0.199,19.542,0.776,3654.10986328125,0.214133620262146,34.259952545166016,0.9751413464546204,False,False,False,False,False
standard,Standard,66,1446003,Formoso,-14.93329999,-46.25,3500.0,0.195,27.406,0.972,3077.912109375,0.17390677332878113,22.161787033081055,0.9748883247375488,False,False,False,False,False
standard,Standard,67,1541010,Itamarati,-15.5808,-41.4086,2210.5,0.153,33.4,0.8938,5001.54150390625,0.1486530750989914,92.286865234375,1.0240110158920288,False,False,False,False,False
standard,Standard,68,1543002,Colônia do Jaíba,-15.3411,-43.6753,6527.477,0.226,32.114,1.141,1000.1412963867188,0.2003398984670639,2.9934303760528564,0.8188679218292236,False,False,False,False,False
standard,Standard,69,1543013,Janaúba,-15.7756,-43.27969999,4323.837,0.224,45.869,1.03,1010.4324951171875,0.15747857093811035,3.415837049484253,0.8174521923065186,False,False,False,False,False
standard,Standard,70,1544006,Januária,-15.4833,-44.3667,1513.706,0.155,19.554,0.813,2010.276123046875,0.20936861634254456,16.99675178527832,0.8877454996109009,False,False,False,False,False
standard,Standard,71,1544012,São Francisco,-15.9494,-44.8681,3666.006,0.235,32.782,1.038,2125.08935546875,0.17386828362941742,18.492128372192383,0.9074640870094299,False,False,False,False,False
standard,Standard,72,1544017,Pedras de Maria da Cruz,-15.5978,-44.3903,574.945,0.198,7.787,0.71,2244.60107421875,0.22171060740947723,18.702133178710938,0.8986064195632935,False,False,False,False,False
standard,Standard,73,1544029,Mocambinho (Ruralminas),-15.05,-44.0167,1088.655,0.218,12.278,0.814,1802.559814453125,0.16627736389636993,21.19211196899414,0.8890112638473511,False,False,False,False,False
standard,Standard,74,1546000,Arinos - Montante,-15.9178,-46.1192,2495.194,0.205,22.795,0.975,3172.724609375,0.19619368016719818,13.808040618896484,0.9700239896774292,False,False,False,False,False
standard,Standard,75,1546001,Buritis - Jusante,-15.6158,-46.415,2450.458,0.225,29.391,0.944,3426.84326171875,0.17490136623382568,33.199127197265625,0.9740221500396729,False,False,False,False,False
standard,Standard,76,1546008,Arinos (INMET),-15.9153,-46.1072,3500.0,0.166,41.086,0.942,3172.724609375,0.19619368016719818,13.808040618896484,0.9700239896774292,False,False,False,False,False
standard,Standard,77,1640000,Jacinto,-16.1386,-40.2903,3038.921,0.225,25.041,0.993,2944.379150390625,0.1944442242383957,22.601308822631836,0.9433574080467224,False,False,False,False,False
standard,Standard,78,1641001,Itaobim,-16.5683,-41.5031,1718.688,0.175,17.525,0.9,1344.670654296875,0.18993599712848663,10.907817840576172,0.8294752836227417,False,False,False,False,False
standard,Standard,79,1641008,Pedra Azul (Fortaleza),-16.0,-41.28329999,4451.964,0.176,37.326,1.013,2573.56640625,0.1991649866104126,40.93955993652344,0.921431839466095,False,False,False,False,False
standard,Standard,80,1641010,Itinga,-16.61809999,-41.76749999,6482.993,0.216,35.23,1.154,1163.81103515625,0.1984715610742569,7.605316162109375,0.8250823020935059,False,False,False,False,False
standard,Standard,81,1642000,Araçuaí,-16.8667,-42.0667,3450.0,0.225,58.409,0.947,1338.8568115234375,0.20417284965515137,5.429431438446045,0.8404014110565186,False,False,False,False,False
standard,Standard,82,1642019,Salinas,-16.2667,-42.05,4600.0,0.203,34.952,1.033,1184.3291015625,0.17691759765148163,9.197699546813965,0.829639196395874,False,False,False,False,False
standard,Standard,83,1642029,UHE Irapé Rio Itacambiruçu,-16.5925,-42.9164,5618.979,0.199,37.915,1.074,1261.4376220703125,0.20126989483833313,6.720371246337891,0.8295471668243408,False,False,False,False,False
standard,Standard,84,1643009,Montes Claros,-16.71669999,-43.8667,4050.0,0.167,34.789,0.992,1964.26171875,0.20629596710205078,21.454504013061523,0.8952948451042175,False,False,False,False,False
standard,Standard,85,1643020,Capitão Enéas,-16.32219999,-43.715,8561.537,0.212,48.442,1.125,1575.494140625,0.17362944781780243,15.303503036499023,0.8699681758880615,False,False,False,False,False
standard,Standard,86,1643024,Juramento,-16.7833,-43.7167,1464.55,0.194,22.467,0.817,1599.43994140625,0.2199750393629074,17.230562210083008,0.8754384517669678,False,False,False,False,False
standard,Standard,87,1645000,São Romão,-16.3717,-45.0828,1119.829,0.184,15.2,0.777,11505.5517578125,0.16433855891227722,67.43244934082031,1.134583592414856,False,False,False,False,False
standard,Standard,88,1645009,Cachoeira da Manteiga,-16.6569,-45.0808,3794.292,0.232,34.584,1.013,25891.693359375,0.20242148637771606,152.72885131835938,1.2412197589874268,False,False,False,False,False
standard,Standard,89,1645010,Barra do Escuro,-16.2833,-45.2333,3000.0,0.234,31.843,0.954,2394.182861328125,0.20209801197052002,19.619659423828125,0.9171772003173828,False,False,False,False,False
standard,Standard,90,1646000,Porto dos Poções,-16.8297,-46.3222,5240.505,0.187,30.472,1.065,3071.6611328125,0.18497072160243988,20.150096893310547,0.9629566073417664,False,False,False,False,False
standard,Standard,91,1646001,Unaí,-16.3514,-46.8897,3348.439,0.206,28.386,0.986,5828.34130859375,0.18443596363067627,29.883750915527344,1.0477721691131592,False,False,False,False,False
standard,Standard,92,1646003,Santo Antonio do Boqueirão,-16.52969999,-46.7211,1433.047,0.221,16.329,0.963,4179.05859375,0.18199189007282257,22.19153594970703,1.0004816055297852,False,False,False,False,False
standard,Standard,93,1646003,Santo Antonio do Boqueirão,-16.52969999,-46.7211,2980.0,0.1598,26.0,0.9306,4179.05859375,0.18199189007282257,22.19153594970703,1.0004816055297852,False,False,False,False,False
standard,Standard,94,1646004,Fazenda O Resfriado,-16.5028,-46.66279999,2500.0,0.202,43.912,0.853,4337.3896484375,0.18955683708190918,22.191513061523438,1.000481367111206,False,False,False,False,False
standard,Standard,95,1646010,Unaí,-16.3667,-46.8833,2000.0,0.233,22.382,0.859,5828.34130859375,0.18443596363067627,29.883750915527344,1.0477721691131592,False,False,False,False,False
standard,Standard,96,1647008,Fazenda Limeira,-16.2089,-47.2325,522.749,0.193,8.503,0.61,3130.845947265625,0.17280061542987823,20.68952751159668,0.9576214551925659,False,False,False,False,False
standard,Standard,97,1741001,Mucuri,-17.59499999,-41.4928,2042.521,0.208,24.596,0.886,1072.9837646484375,0.1931636482477188,6.4302077293396,0.80976402759552,False,False,False,False,False
standard,Standard,98,1741012,Teófilo Otoni,-17.85,-41.5167,1715.786,0.201,26.962,0.815,983.6267700195312,0.18846848607063293,5.777225494384766,0.8056806921958923,False,False,False,False,False
standard,Standard,99,1742008,Carbonita,-17.5794,-42.99499999,1542.323,0.208,16.364,0.878,1152.642333984375,0.14685210585594177,1.6108356714248657,0.8111111521720886,False,False,False,False,False
standard,Standard,100,1742016,Itamarandiba,-17.85,-42.85,3220.0,0.209,35.476,0.918,1029.7572021484375,0.16923260688781738,3.5008771419525146,0.8097432851791382,False,False,False,False,False
standard,Standard,101,1743002,Vila Terra Branca - Jusante (Bocaiúva),-17.3128,-43.20779999,716.71,0.213,5.25,0.752,1144.7152099609375,0.2040979415178299,2.2119264602661133,0.8094902038574219,False,False,False,False,False
standard,Standard,102,1744020,Montante Barra do Jequitaí,-17.0667,-44.79999999,11285.14,0.212,45.875,1.225,3869.642578125,0.18223120272159576,43.79561996459961,0.9950112700462341,False,False,False,False,False
standard,Standard,103,1744025,Pirapora,-17.35,-44.95,3210.188,0.181,33.293,0.948,4379.9140625,0.1936149150133133,39.0955924987793,1.0146563053131104,False,False,False,False,False
standard,Standard,104,1745001,Cachoeira do Paredão,-17.1111,-45.4378,3352.251,0.2,27.381,1.009,4745.84130859375,0.13792288303375244,32.64716720581055,1.0240238904953003,False,False,False,False,False
standard,Standard,105,1745007,Porto do Cavalo,-17.0269,-45.5406,1446.429,0.226,14.002,0.873,4085.887451171875,0.17540837824344635,30.031536102294922,0.9984341263771057,False,False,False,False,False
standard,Standard,106,1746001,Porto da Extrema,-17.03079999,-46.0136,5212.471,0.181,33.706,1.061,2618.369384765625,0.16509582102298737,18.488431930541992,0.9451329708099365,False,False,False,False,False
standard,Standard,107,1746002,Santa Rosa,-17.25529999,-46.4739,2144.847,0.171,19.378,0.909,2616.468994140625,0.16070325672626495,14.830531120300293,0.9314379096031189,False,False,False,False,False
standard,Standard,108,1746006,Ponte da BR-040 - Prata,-17.66359999,-46.35499999,2404.064,0.231,22.736,0.918,1865.4398193359375,0.1439935266971588,8.076704025268555,0.8979387879371643,False,False,False,False,False
standard,Standard,109,1746007,Ponte da BR-040 - Paracatu,-17.4972,-46.5817,1421.988,0.194,7.5,0.867,1888.7708740234375,0.1593831330537796,8.139421463012695,0.8857401609420776,False,False,False,False,False
standard,Standard,110,1746012,João Pinheiro,-17.6999999,-46.16669999,4741.682,0.202,42.383,0.993,2280.87451171875,0.13837186992168427,13.904707908630371,0.9281467795372009,False,False,False,False,False
standard,Standard,111,1746013,Paracatu,-17.21669999,-46.8667,9099.043,0.184,49.164,1.125,1847.474609375,0.18588736653327942,7.668337345123291,0.8814682960510254,False,False,False,False,False
standard,Standard,112,1747002,Fazenda Buriti II (Faz. Angical),-17.41669999,-47.5167,10030.56,0.138,45.209,1.155,2292.6064453125,0.18366193771362305,12.484432220458984,0.9022473692893982,False,False,False,False,False
standard,Standard,113,1841001,Vila Matias - Montante,-18.5747,-41.9178,3600.0,0.194,46.187,0.91,1323.376708984375,0.16574040055274963,8.021615028381348,0.8153939247131348,False,False,False,False,False
standard,Standard,114,1841011,Tumiritinga,-18.9764,-41.6403,2077.822,0.178,31.713,0.842,1343.141845703125,0.19681905210018158,9.837173461914062,0.8238859176635742,False,False,False,False,False
standard,Standard,115,1841015,Governador Valadares,-18.85,-41.9333,4980.581,0.202,52.547,0.969,1372.4365234375,0.1902896612882614,11.477168083190918,0.8370805978775024,False,False,False,False,False
standard,Standard,116,1841018,Central de Minas,-18.7631,-41.3083,3157.322,0.188,32.251,0.959,1164.592529296875,0.19008392095565796,5.953763484954834,0.8078963160514832,False,False,False,False,False
standard,Standard,117,1843002,Gouveia,-18.46559999,-43.7431,2817.621,0.189,31.104,0.955,1623.81103515625,0.12673351168632507,16.037504196166992,0.8747021555900574,False,False,False,False,False
standard,Standard,118,1843003,Mendanha - Montante,-18.11329999,-43.52029999,640.852,0.184,7.15,0.7,1426.498046875,0.12495462596416473,11.81890869140625,0.8485623598098755,False,False,False,False,False
standard,Standard,119,1843009,Diamantina,-18.25,-43.6,523.6,0.193,5.055,0.637,1420.8536376953125,0.1712677776813507,12.638063430786133,0.8527910113334656,False,False,False,False,False
standard,Standard,120,1844001,Santo Hipólito,-18.3061,-44.2258,520.911,0.179,1.979,0.737,1904.840576171875,0.1732727587223053,19.236011505126953,0.8949080109596252,False,False,False,False,False
standard,Standard,121,1844009,Presidente Juscelino - Jusante,-18.64389999,-44.04809999,3574.346,0.188,21.695,1.033,1788.640380859375,0.1502591371536255,18.562786102294922,0.8878961205482483,False,False,False,False,False
standard,Standard,122,1844010,Ponte do Licínio - Jusante,-18.67139999,-44.1914,2302.718,0.192,30.652,0.922,1849.4603271484375,0.14578655362129211,18.369384765625,0.8873264193534851,False,False,False,False,False
standard,Standard,123,1845004,Lagoa do Gouveia,-18.8414,-45.85139999,1020.878,0.168,15.154,0.732,2107.130615234375,0.15059393644332886,11.434833526611328,0.8989066481590271,False,False,False,False,False
standard,Standard,124,1845004,Lagoa do Gouveia,-18.8414,-45.85139999,2147.37,0.147,19.64,0.878,2107.130615234375,0.15059393644332886,11.434833526611328,0.8989066481590271,False,False,False,False,False
standard,Standard,125,1845009,UHE Três Marias Barramento,-18.215,-45.2592,6168.218,0.155,37.065,1.089,3225.46826171875,0.13712626695632935,23.39934730529785,0.9674959182739258,False,False,False,False,False
standard,Standard,126,1845011,São Gonçalo do Abaeté,-18.35,-45.8333,3600.0,0.195,32.524,0.962,1960.35986328125,0.13489733636379242,10.458210945129395,0.8982680439949036,False,False,False,False,False
standard,Standard,127,1845021,Canoeiros,-18.0383,-45.5236,1664.16,0.191,24.171,0.828,4123.76513671875,0.1795269250869751,28.03790283203125,1.020583987236023,False,False,False,False,False
standard,Standard,128,1845022,UHE Três Marias Porto Indaiá,-18.6999999,-45.5833,4000.0,0.153,43.614,0.947,2123.47119140625,0.1563495546579361,14.323216438293457,0.9033459424972534,False,False,False,False,False
standard,Standard,129,1845026,Fazenda das Pedras,-18.0167,-45.1058,4782.164,0.167,33.788,1.037,3892.650390625,0.1701490432024002,28.142465591430664,1.0016168355941772,False,False,False,False,False
standard,Standard,130,1845028,São José dos Buritis,-18.71669999,-45.1833,2960.921,0.162,18.136,1.003,2039.327880859375,0.1451387256383896,16.89307975769043,0.9018548130989075,False,False,False,False,False
standard,Standard,131,1846005,Presidente Olegário,-18.4125,-46.42219999,2727.363,0.189,25.419,0.935,2062.630615234375,0.16757871210575104,6.302427768707275,0.882152259349823,False,False,False,False,False
standard,Standard,132,1846018,Patos de Minas,-18.6,-46.5167,2837.142,0.208,29.438,0.943,1887.065673828125,0.17632539570331573,6.074585437774658,0.8740910291671753,False,False,False,False,False
standard,Standard,133,1846019,Rocinha,-18.3736,-46.91499999,523.763,0.168,5.128,0.661,1579.585693359375,0.13442949950695038,4.0088276863098145,0.864875078201294,False,False,False,False,False
standard,Standard,134,1847010,Iraí de Minas,-18.9819,-47.4575,2891.439,0.178,23.854,0.958,1205.838623046875,0.16511127352714539,3.1415653228759766,0.8393886089324951,False,False,False,False,False
standard,Standard,135,1847014,Coromandel,-18.46669999,-47.2,2587.15,0.166,26.069,0.927,1392.9039306640625,0.14279763400554657,2.1541004180908203,0.8494536876678467,False,False,False,False,False
standard,Standard,136,1847041,UHE Emborcação Barrament (Araguari),-18.45189999,-47.9844,6000.0,0.173,58.696,0.997,1705.19580078125,0.1657327115535736,1.0759778022766113,0.8732106685638428,False,False,False,False,False
standard,Standard,137,1848000,Monte Alegre de Minas,-18.87219999,-48.86939999,5942.282,0.177,40.081,1.061,970.2612915039062,0.15561732649803162,11.343729972839355,0.8122053146362305,False,False,False,False,False
standard,Standard,138,1848010,Araguari,-18.6511,-48.2092,10246.18,0.186,53.003,1.146,968.23388671875,0.18063442409038544,2.7837350368499756,0.8109947443008423,False,False,False,False,False
standard,Standard,139,1848013,Capim Branco,-18.75,-48.2667,4061.385,0.169,35.786,0.973,1044.47998046875,0.1571284830570221,3.5803298950195312,0.8131150007247925,False,False,False,False,False
standard,Standard,140,1848049,Uberlândia,-18.9231,-48.2886,6050.0,0.19,54.122,0.999,1184.390625,0.17403779923915863,7.67958927154541,0.8218936324119568,False,False,False,False,False
standard,Standard,141,1849017,Capinópolis,-18.68329999,-49.56669999,2737.464,0.184,26.848,0.938,2515.951171875,0.17219500243663788,20.803068161010742,0.9097194075584412,False,False,False,False,False
standard,Standard,142,1849020,Ituiutaba,-18.96669999,-49.35,4020.0,0.158,38.215,0.952,1843.68310546875,0.12556219100952148,18.80377960205078,0.8866387009620667,False,False,False,False,False
standard,Standard,143,1941005,Barra do Cuieté - Jusante,-19.06169999,-41.5328,5400.428,0.17,47.595,1.041,1327.017822265625,0.20359835028648376,9.222265243530273,0.8229851722717285,False,False,False,False,False
standard,Standard,144,1941006,Assaraí - Montante,-19.5947,-41.4581,3447.244,0.193,29.506,0.985,1668.7705078125,0.20800314843654633,18.223037719726562,0.8658260703086853,False,False,False,False,False
standard,Standard,145,1941017,Aimorés,-19.4833,-41.06669999,5695.919,0.179,36.719,1.033,1217.064208984375,0.16861288249492645,5.428380012512207,0.815954864025116,False,False,False,False,False
standard,Standard,146,1942001,Cachoeira Escura,-19.38333333,-42.3667,815.784,0.189,11.694,0.702,4279.314453125,0.20370043814182281,40.39669418334961,0.9752623438835144,False,False,False,False,False
standard,Standard,147,1942008,Dom Cavati,-19.3736,-42.105,4296.27,0.201,39.781,0.994,3725.376708984375,0.1883513182401657,37.14516830444336,0.9618586897850037,False,False,False,False,False
standard,Standard,148,1942009,Acesita,-19.5333,-42.63329999,6010.412,0.204,44.788,1.03,7619.43505859375,0.17921209335327148,67.89214324951172,1.081885814666748,False,False,False,False,False
standard,Standard,149,1942021,Caratinga,-19.7356,-42.1375,5069.841,0.176,35.87,1.048,15874.513671875,0.2027977705001831,94.56169128417969,1.1684194803237915,False,False,False,False,False
standard,Standard,150,1942025,UHE Salto Grande Barramento Guanhães,-19.1464,-42.7486,2600.0,0.2,25.779,0.912,2435.98828125,0.14554964005947113,23.767196655273438,0.9082492589950562,False,False,False,False,False
standard,Standard,151,1942030,Belo Oriente,-19.3164,-42.39609999,1860.584,0.179,22.109,0.83,4279.314453125,0.20370043814182281,40.39669418334961,0.9752623438835144,False,False,False,False,False
standard,Standard,152,1942031,Cachoeira dos Óculos - Montante,-19.7769,-42.4769,2710.218,0.186,28.981,0.917,14077.955078125,0.20316021144390106,90.78829193115234,1.1538735628128052,False,False,False,False,False
standard,Standard,153,1942032,Naque Velho,-19.1886,-42.4228,842.329,0.209,11.609,0.709,2387.547119140625,0.17989593744277954,22.53094482421875,0.8992574214935303,False,False,False,False,False
standard,Standard,154,1943002,Conceição do Mato Dentro (ANEEL),-19.0167,-43.4442,9459.772,0.23,34.548,1.221,2301.668701171875,0.15907706320285797,23.045703887939453,0.9013510942459106,False,False,False,False,False
standard,Standard,155,1943003,Ferros,-19.2503,-43.0144,1365.299,0.171,16.667,0.807,2670.252197265625,0.17175224423408508,27.373693466186523,0.9207915663719177,False,False,False,False,False
standard,Standard,156,1943009,Vespasiano,-19.6872,-43.9208,1463.173,0.184,17.791,0.843,11200.53515625,0.19991269707679749,86.029052734375,1.1334935426712036,False,False,False,False,False
standard,Standard,157,1943010,Caeté,-19.90279999,-43.6664,902.136,0.189,15.774,0.716,6662.32470703125,0.21375904977321625,60.72111892700195,1.0547442436218262,False,False,False,False,False
standard,Standard,158,1943022,Caixa de Areia,-19.945,-43.9125,1591.192,0.196,23.239,0.856,8781.9638671875,0.16496968269348145,74.3571548461914,1.0982824563980103,False,False,False,False,False
standard,Standard,159,1943025,Morro do Pilar,-19.2175,-43.3742,1645.627,0.188,25.051,0.819,2669.497802734375,0.1489519327878952,27.911592483520508,0.9245250821113586,False,False,False,False,False
standard,Standard,160,1943035,Vau da Lagoa,-19.2189,-43.58809999,837.596,0.186,5.391,0.763,2984.866455078125,0.15979789197444916,31.558034896850586,0.943733274936676,False,False,False,False,False
standard,Standard,161,1943049,Ponte Raul Soares,-19.5614,-43.9178,3316.813,0.235,32.054,1.006,8220.974609375,0.20624570548534393,71.79740142822266,1.0895850658416748,False,False,False,False,False
standard,Standard,162,1943059,Conceição do Mato Dentro (INMET),-19.0333,-43.4333,1206.628,0.182,18.394,0.756,2301.668701171875,0.15907706320285797,23.045703887939453,0.9013510942459106,False,False,False,False,False
standard,Standard,163,1943063,Belo Horizonte (Gameleira),-19.93329999,-43.9333,682.874,0.169,3.993,0.671,8781.9638671875,0.16496968269348145,74.3571548461914,1.0982824563980103,False,False,False,False,False
standard,Standard,164,1944004,Ponte Nova do Paraopeba (Betim),-19.9489,-44.4722,3317.441,0.175,30.14,0.951,5090.3779296875,0.13206030428409576,49.79966354370117,1.0152931213378906,False,False,False,False,False
standard,Standard,165,1944009,Pedro Leopoldo,-19.63439999,-44.0533,925.109,0.196,11.264,0.761,16001.896484375,0.1598019152879715,103.90484619140625,1.184004306793213,False,False,False,False,False
standard,Standard,166,1944016,Sete Lagoas,-19.46666667,-44.25,1590.06,0.16,15.0,0.86,4364.92724609375,0.2203066349029541,50.51649856567383,1.0145384073257446,False,False,False,False,False
standard,Standard,167,1944021,Velho da Taipa,-19.6961,-44.9294,1958.651,0.22,16.239,0.919,2122.432861328125,0.14534328877925873,20.112653732299805,0.8993950486183167,False,False,False,False,False
standard,Standard,168,1944027,Juatuba,-19.9556,-44.3344,6985.577,0.226,46.471,1.092,7383.05712890625,0.13343751430511475,66.12059783935547,1.0713016986846924,False,False,False,False,False
standard,Standard,169,1944027,Juatuba,-19.9556,-44.3344,1513.0,0.1745,14.06,0.8458,7383.05712890625,0.13343751430511475,66.12059783935547,1.0713016986846924,False,False,False,False,False
standard,Standard,170,1944032,SE Pitangui,-19.6844,-44.8789,909.652,0.178,9.89,0.754,2379.151123046875,0.1492663472890854,22.23996353149414,0.907212495803833,False,False,False,False,False
standard,Standard,171,1944048,Mateus Leme,-19.9917,-44.4239,1593.056,0.184,28.502,0.82,5090.3779296875,0.13206030428409576,49.79966354370117,1.0152931213378906,False,False,False,False,False
standard,Standard,172,1944049,Papagaios,-19.4283,-44.7197,1272.181,0.2,18.22,0.791,2139.177734375,0.16081738471984863,21.010419845581055,0.9037006497383118,False,False,False,False,False
standard,Standard,173,1944051,Florestal (Esc. Agron.),-19.8667,-44.4167,1127.442,0.139,12.655,0.787,5693.837890625,0.12432228773832321,56.968666076660156,1.0398950576782227,False,False,False,False,False
standard,Standard,174,1944052,Sete Lagoas,-19.4667,-44.25,3938.758,0.161,32.827,1.004,4364.92724609375,0.2203066349029541,50.51649856567383,1.0145384073257446,False,False,False,False,False
standard,Standard,175,1944062,Fazenda Santa Rita,-19.9828,-44.4922,1172.479,0.198,10.527,0.777,5090.3779296875,0.13206030428409576,49.79966354370117,1.0152931213378906,False,False,False,False,False
standard,Standard,176,1945012,Luz,-19.8167,-45.7,1084.147,0.171,12.327,0.76,1825.8907470703125,0.14300107955932617,14.334526062011719,0.8737366795539856,False,False,False,False,False
standard,Standard,177,1945017,PCH Gafanhoto Porto Pará,-19.28689999,-45.09329999,777.016,0.162,12.738,0.69,1842.5704345703125,0.1620880663394928,16.059772491455078,0.8897035121917725,False,False,False,False,False
standard,Standard,178,1945022,Pompéu,-19.2167,-45.0,4988.645,0.155,32.167,1.039,1797.31591796875,0.13589730858802795,16.801517486572266,0.8889936208724976,False,False,False,False,False
standard,Standard,179,1946007,Fazenda São Mateus,-19.5167,-46.5711,1197.97,0.187,11.112,0.819,1613.583984375,0.12870122492313385,9.503377914428711,0.8675535917282104,False,False,False,False,False
standard,Standard,180,1946008,Serra do Salitre,-19.1128,-46.6883,5786.512,0.192,35.268,1.077,1598.689453125,0.15635448694229126,7.665452480316162,0.8675797581672668,False,False,False,False,False
standard,Standard,181,1946009,São Gotardo,-19.3153,-46.0444,5154.329,0.21,28.923,1.072,1744.714111328125,0.17307855188846588,8.710588455200195,0.870964765548706,False,False,False,False,False
standard,Standard,182,1946015,Araxá,-19.60559999,-46.9497,2500.0,0.154,27.096,0.912,1775.8870849609375,0.13603715598583221,11.146272659301758,0.8732293248176575,False,False,False,False,False
standard,Standard,183,1946022,Carmo do Paranaíba,-19.0033,-46.3061,809.788,0.169,13.193,0.71,1770.7315673828125,0.1780768483877182,8.646888732910156,0.8749966621398926,False,False,False,False,False
standard,Standard,184,1947001,Santa Juliana,-19.3158,-47.5261,853.403,0.161,12.747,0.706,1726.794189453125,0.1657666712999344,18.229812622070312,0.874133288860321,False,False,False,False,False
standard,Standard,185,1947013,PCH Pai Joaquim Barramento,-19.4858,-47.5417,2150.903,0.177,19.901,0.896,1861.393310546875,0.17643356323242188,18.366241455078125,0.8788657784461975,False,False,False,False,False
standard,Standard,186,1947016,Uberaba,-19.7667,-47.9333,2400.0,0.164,31.194,0.867,6449.47998046875,0.14703521132469177,47.033363342285156,1.052391767501831,False,False,False,False,False
standard,Standard,187,1947021,UHE Nova Ponte,-19.1167,-47.6667,3865.965,0.147,35.838,0.971,1724.1038818359375,0.16355425119400024,18.765426635742188,0.8693467378616333,False,False,False,False,False
standard,Standard,188,2041044,Caparaó,-20.5167,-41.8667,1088.097,0.14,13.969,0.782,21976.595703125,0.17495135962963104,112.95697021484375,1.2184638977050781,False,False,False,False,False
standard,Standard,189,2042008,Raul Soares,-20.1036,-42.43999999,1289.065,0.189,12.647,0.832,32706.107421875,0.1931702345609665,129.6274871826172,1.2738193273544312,False,False,False,False,False
standard,Standard,190,2042018,Ponte Nova Jusante,-20.38469999,-42.9028,9920.044,0.197,46.664,1.147,10873.806640625,0.17469453811645508,81.65743255615234,1.1228723526000977,False,False,False,False,False
standard,Standard,191,2042024,Viçosa,-20.75,-42.85,3510.725,0.223,29.319,0.995,13751.884765625,0.20388421416282654,94.82267761230469,1.156064748764038,False,False,False,False,False
standard,Standard,192,2042033,Fazenda Três Marias,-20.0167,-42.5667,731.981,0.228,3.999,0.711,22043.8125,0.15397363901138306,112.4771957397461,1.2234631776809692,False,False,False,False,False
standard,Standard,193,2043002,Lagoa Grande (MMV),-20.1792,-43.9428,1200.0,0.215,23.151,0.765,6239.01513671875,0.20791195333003998,58.07391357421875,1.0473086833953857,False,False,False,False,False
standard,Standard,194,2043009,Acaiaca - Jusante,-20.3625,-43.1439,766.466,0.191,8.951,0.701,7630.685546875,0.1536380499601364,69.72247314453125,1.083365797996521,False,False,False,False,False
standard,Standard,195,2043009,Acaiaca - Jusante,-20.3625,-43.1439,810.0,0.1603,10.3,0.7355,7630.685546875,0.1536380499601364,69.72247314453125,1.083365797996521,False,False,False,False,False
standard,Standard,196,2043010,Piranga,-20.6906,-43.2994,1031.255,0.172,13.92,0.745,10917.02734375,0.15610036253929138,79.60093688964844,1.1147674322128296,False,False,False,False,False
standard,Standard,197,2043013,Congonhas - Linigrafo,-20.52189999,-43.82999999,3359.638,0.221,25.101,1.026,4132.75439453125,0.19683152437210083,37.758522033691406,0.9772493839263916,False,False,False,False,False
standard,Standard,198,2043018,Carandaí,-20.9558,-43.8008,2413.956,0.181,24.472,0.939,4884.646484375,0.1976650059223175,43.618553161621094,1.002563238143921,False,False,False,False,False
standard,Standard,199,2043026,Braz Pires,-20.8475,-43.2419,4645.625,0.185,34.958,1.046,9913.7783203125,0.1923384964466095,76.66050720214844,1.1021260023117065,False,False,False,False,False
standard,Standard,200,2043063,UHE Peti São Gonçalo do Rio Acima,-20.0253,-43.5392,801.119,0.167,6.251,0.706,5880.4169921875,0.1879637986421585,55.97037124633789,1.0393342971801758,False,False,False,False,False
standard,Standard,201,2044007,Entre Rios de Minas,-20.6611,-44.0722,3655.166,0.172,27.646,1.004,2917.66162109375,0.19010235369205475,23.000200271606445,0.9215751886367798,False,False,False,False,False
standard,Standard,202,2044021,Alto da Boa Vista,-20.1056,-44.4011,2591.287,0.202,21.507,0.914,3525.81689453125,0.18208962678909302,33.67690658569336,0.9571368098258972,False,False,False,False,False
standard,Standard,203,2044021,Alto da Boa Vista,-20.1056,-44.4011,1123.0,0.103,13.0,0.7594,3525.81689453125,0.18208962678909302,33.67690658569336,0.9571368098258972,False,False,False,False,False
standard,Standard,204,2044024,Fazenda Curralinho,-20.0075,-44.33109999,4784.31,0.211,34.152,1.066,5128.21728515625,0.11805907636880875,50.8386116027832,1.0198653936386108,False,False,False,False,False
standard,Standard,205,2044041,Fazenda Laranjeiras - Jusante,-20.1022,-44.48469999,1829.0,0.1277,20.4,0.8351,3525.81689453125,0.18208962678909302,33.67690658569336,0.9571368098258972,False,False,False,False,False
standard,Standard,206,2044042,Carmo da Mata,-20.5625,-44.8675,692.012,0.204,9.714,0.688,2499.29736328125,0.1710393726825714,20.377561569213867,0.9112697839736938,False,False,False,False,False
standard,Standard,207,2044046,Bonfim,-20.3333,-44.25,2004.267,0.168,16.731,0.907,3153.40576171875,0.1829519122838974,28.77513885498047,0.9399908185005188,False,False,False,False,False
standard,Standard,208,2044052,Jardim,-20.045,-44.4078,908.858,0.18,9.307,0.767,4067.73388671875,0.150318905711174,41.182533264160156,0.9845474362373352,False,False,False,False,False
standard,Standard,209,2044054,Serra Azul,-20.0867,-44.4272,8376.905,0.17,52.204,1.119,4067.73388671875,0.150318905711174,41.182533264160156,0.9845474362373352,False,False,False,False,False
standard,Standard,210,2044054,Serra Azul,-20.0867,-44.4272,2326.0,0.1423,28.2,0.8882,4067.73388671875,0.150318905711174,41.182533264160156,0.9845474362373352,False,False,False,False,False
standard,Standard,211,2045002,Iguatama,-20.1789,-45.7003,819.687,0.194,10.121,0.741,2295.811279296875,0.1485467404127121,28.558883666992188,0.9296291470527649,False,False,False,False,False
standard,Standard,212,2045004,Santana do Jacaré,-20.905,-45.125,3628.1,0.171,29.525,1.011,7593.7041015625,0.1850583851337433,81.27422332763672,1.1086206436157227,False,False,False,False,False
standard,Standard,213,2045012,Piumhi,-20.4619,-45.945,2049.118,0.168,16.674,0.913,2367.746826171875,0.19733309745788574,25.97037696838379,0.9178776144981384,False,False,False,False,False
standard,Standard,214,2045013,Santo Antonio do Monte,-20.0844,-45.2967,1727.084,0.189,19.21,0.87,2224.368408203125,0.1562298685312271,22.489259719848633,0.9089437127113342,False,False,False,False,False
standard,Standard,215,2045013,Santo Antonio do Monte,-20.0844,-45.2967,1496.37,0.119,16.33,0.8085,2224.368408203125,0.1562298685312271,22.489259719848633,0.9089437127113342,False,False,False,False,False
standard,Standard,216,2045023,Bambuí,-20.0,-45.9833,978.205,0.187,17.83,0.722,1805.0682373046875,0.15408076345920563,14.65885066986084,0.8743897080421448,False,False,False,False,False
standard,Standard,217,2048042,UHE Volta Grande Barramento,-20.03389999,-48.2222,2618.624,0.165,31.915,0.888,23929.109375,0.14521096646785736,81.76927947998047,1.2343671321868896,False,False,False,False,False
standard,Standard,218,2142006,Usina Maurício,-21.47139999,-42.81309999,1450.4,0.1848,12.9,0.8231,11367.6103515625,0.1543278694152832,94.40728759765625,1.1153125762939453,False,False,False,False,False
standard,Standard,219,2142009,Jussara,-20.9114,-42.3481,2025.9,0.157,22.0,0.8914,18636.466796875,0.14170588552951813,110.43000793457031,1.1956874132156372,False,False,False,False,False
standard,Standard,220,2143003,Desterro de Melo,-21.1492,-43.52,3077.737,0.16,34.357,0.908,56916.64453125,0.16810713708400726,168.1245574951172,1.344786286354065,False,False,False,False,False
standard,Standard,221,2143018,Rio Novo,-21.4725,-43.1211,2066.0,0.179,13.2,0.9057,11027.291015625,0.16331975162029266,93.25924682617188,1.1232210397720337,False,False,False,False,False
standard,Standard,222,2143055,Barbacena,-21.25,-43.7667,3000.0,0.208,23.08,1.003,34253.38671875,0.1751365214586258,143.4142608642578,1.2897530794143677,False,False,False,False,False
standard,Standard,223,2143056,Juiz de Fora,-21.76719999,-43.3136,3000.0,0.173,23.965,0.96,6602.4345703125,0.1783464550971985,69.58770751953125,1.0735729932785034,False,False,False,False,False
standard,Standard,224,2144001,Bom Jardim de Minas,-21.94719999,-44.19389999,3195.314,0.203,30.111,1.011,1937.2208251953125,0.15808309614658356,14.163846015930176,0.8939251899719238,False,False,False,False,False
standard,Standard,225,2144005,Itumirim,-21.32079999,-44.8728,4159.341,0.179,33.817,1.005,2272.389892578125,0.14775364100933075,9.93862533569336,0.8987783789634705,False,False,False,False,False
standard,Standard,226,2144007,Madre de Deus de Minas,-21.4922,-44.32609999,1193.646,0.18,11.303,0.8,2085.693115234375,0.1605166494846344,10.665592193603516,0.8985800743103027,False,False,False,False,False
standard,Standard,227,2144018,Aiuruoca,-21.9772,-44.6033,8394.51,0.205,40.691,1.165,1934.46923828125,0.17407910525798798,10.64963150024414,0.8871259093284607,False,False,False,False,False
standard,Standard,228,2144019,Andrelândia,-21.7347,-44.31219999,3306.25,0.178,33.972,0.944,1948.364990234375,0.13239149749279022,11.775331497192383,0.8910096883773804,False,False,False,False,False
standard,Standard,229,2144023,Ibituruna,-21.1431,-44.7378,2808.539,0.174,26.892,0.933,2237.694091796875,0.16044510900974274,8.785675048828125,0.9055346846580505,False,False,False,False,False
standard,Standard,230,2144026,Macaia,-21.145,-44.9136,2579.574,0.205,21.318,0.995,1986.455078125,0.14530444145202637,15.378388404846191,0.9025437235832214,False,False,False,False,False
standard,Standard,231,2144032,São João Del Rei,-21.13329999,-44.2667,1050.322,0.174,16.061,0.777,2275.654052734375,0.16153652966022491,10.82111644744873,0.9011512398719788,False,False,False,False,False
standard,Standard,232,2144036,Caxambu,-21.9833,-44.95,2534.108,0.215,25.804,0.97,1848.48681640625,0.13375484943389893,10.703357696533203,0.8845772743225098,False,False,False,False,False
standard,Standard,233,2145008,Fazenda Juca Casimiro,-21.87419999,-45.25829999,6058.805,0.22,32.869,1.09,1761.0595703125,0.16247232258319855,12.463719367980957,0.885333240032196,False,False,False,False,False
standard,Standard,234,2145033,Machado,-21.66669999,-45.91669999,3811.29,0.207,20.34,1.075,2064.5908203125,0.17256268858909607,20.897300720214844,0.9008018374443054,False,False,False,False,False
standard,Standard,235,2145036,Lavras,-21.2333,-45.0,10224.81,0.187,56.281,1.149,1994.1802978515625,0.13905102014541626,12.73800277709961,0.8966293931007385,False,False,False,False,False
standard,Standard,236,2146103,Caldas,-21.92579999,-46.3889,3600.0,0.194,46.187,0.91,2812.982177734375,0.1610013097524643,28.915616989135742,0.9476133584976196,False,False,False,False,False
standard,Standard,237,2245064,Delfim Moreira,-22.50969999,-45.2867,1005.939,0.158,16.605,0.824,1372.4366455078125,0.17502544820308685,5.201801776885986,0.8505090475082397,False,False,False,False,False
standard,Standard,238,2245065,Cristina - Montante,-22.2103,-45.26579999,1961.391,0.181,24.802,0.882,1580.2052001953125,0.13387562334537506,9.321854591369629,0.8655454516410828,False,False,False,False,False
standard,Standard,239,2245088,Maria da Fé,-22.31469999,-45.3731,1198.222,0.172,11.101,0.851,1515.59619140625,0.17643992602825165,8.47928237915039,0.8602886199951172,False,False,False,False,False
standard,Standard,240,2245089,Silvianópolis,-22.03419999,-45.83529999,666.894,0.184,20.877,0.635,1945.5811767578125,0.12526552379131317,18.469261169433594,0.8992601037025452,False,False,False,False,False
standard,Standard,241,2245107,São Lourenço,-22.1,-45.0167,1125.279,0.175,7.1,0.845,1702.6956787109375,0.16669297218322754,10.012561798095703,0.874859094619751,False,False,False,False,False
standard,Standard,242,-,Barbacena,-21.25,-43.76666667,1282.08,0.17,7.0,0.84,34253.38671875,0.1751365214586258,143.4142608642578,1.2897530794143677,False,False,False,False,False
standard,Standard,243,-,Belo Horizonte,-19.93333333,-43.93333333,1729.16,0.15,9.0,0.89,8781.9638671875,0.16496968269348145,74.3571548461914,1.0982824563980103,False,False,False,False,False
standard,Standard,244,-,Passa Quatro,-22.38333333,-44.96666667,530.52,0.2,3.0,0.72,1620.8280029296875,0.18248163163661957,8.129955291748047,0.8653998970985413,False,False,False,False,False
standard,Standard,245,2053000,Ribas do Rio Prado,-20.4447,-53.7581,3217.5,0.1515,22.14,0.9418,1266.2742919921875,0.17837098240852356,15.470662117004395,0.8264947533607483,False,False,False,False,False
standard,Standard,246,2054000,Campo Grande (INMET),-20.45,-54.63333333,2575.12,0.16,19.87,0.93,1810.2532958984375,0.15577393770217896,19.163721084594727,0.8488733172416687,False,False,False,False,False
standard,Standard,247,-,Dourados (Embrapa),-22.26666667,-54.81666667,2455.13,0.18,28.14,0.88,12379.794921875,0.17126460373401642,85.0672378540039,1.1083086729049683,False,False,False,False,False
standard,Standard,248,956000,Alta Floresta,-9.8703,-56.1022,4766.289,0.098,29.239,1.036,3888.23291015625,0.22853803634643555,24.596786499023438,0.9366915822029114,False,False,False,False,False
standard,Standard,249,956001,Jusante Foz Peixoto de Azevedo,-9.6433,-56.01859999,3407.41,0.163,19.952,1.029,3345.394775390625,0.19295115768909454,21.31430435180664,0.9201629757881165,False,False,False,False,False
standard,Standard,250,1059000,Humboldt,-10.1753,-59.4517,470.837,0.112,4.347,0.58,5495.71826171875,0.23973269760608673,40.49723815917969,0.9987353086471558,False,False,False,False,False
standard,Standard,251,1157000,Porto dos Gaúchos,-11.5358,-57.4172,5979.295,0.131,48.214,1.022,7677.84814453125,0.23109285533428192,44.091583251953125,1.0423678159713745,False,False,False,False,False
standard,Standard,252,1454000,Paranatinga,-14.4178,-54.04939999,9895.483,0.124,46.84,1.174,1595.35986328125,0.1899460256099701,10.231026649475098,0.8415994048118591,False,False,False,False,False
standard,Standard,253,1556003,Várzea Grande,-15.6,-56.1,1016.453,0.133,7.5,0.739,982.3318481445312,0.12182091921567917,16.046751022338867,0.780393660068512,False,False,False,False,False
standard,Standard,254,1556009,Cuiabá,-15.6067,-56.06029999,1382.435,0.3002,27.7109,0.9315,982.3318481445312,0.12182091921567917,16.046751022338867,0.780393660068512,False,False,False,False,False
standard,Standard,255,1559006,Mato Grosso,-15.0081,-59.94919999,987.684,0.207,13.729,0.832,2143.704833984375,0.2097282111644745,18.182527542114258,0.8788272738456726,False,False,False,False,False
standard,Standard,256,1652001,Ponte Branca,-16.7664,-52.8372,10828.492,0.086,47.69,1.19,1037.47802734375,0.17465385794639587,4.947380065917969,0.7897071242332458,False,False,False,False,False
standard,Standard,257,1653004,Alto Garças,-16.9442,-53.5336,6037.949,0.182,17.764,1.178,1041.01025390625,0.16140301525592804,2.1971800327301025,0.8141079545021057,False,False,False,False,False
standard,Standard,258,1654000,Rondonópolis,-16.4711,-54.6561,14615.726,0.207,39.234,1.331,1560.6866455078125,0.1706957370042801,17.966697692871094,0.8508358597755432,False,False,False,False,False
standard,Standard,259,1657003,Cáceres (DNPVN),-16.0817,-57.6942,5378.867,0.2151,93.244,1.0368,3845.719482421875,0.26902151107788086,33.305721282958984,0.9629811644554138,False,False,False,False,False
standard,Standard,260,1753000,Alto Araguaia,-17.3,-53.2194,7339.183,0.121,37.977,1.161,1042.923828125,0.16360996663570404,2.9438507556915283,0.7904951572418213,False,False,False,False,False
standard,Standard,261,1853000,Fazenda Taquari,-17.8111,-53.28889999,7964.394,0.228,21.612,1.351,943.5822143554688,0.2092873454093933,2.727005958557129,0.7691503763198853,False,False,False,False,False
standard,Standard,262,-,Cuiabá,-15.55,-56.11666667,2350.99,0.2,19.0,0.9,983.9317626953125,0.17770706117153168,16.005949020385742,0.7853977680206299,False,False,False,False,False
standard,Standard,263,82246,Belterra,-2.633333,-54.95,1310.41,0.1064,9.7941,0.7244,4396.96923828125,0.18265308439731598,54.23564529418945,0.9496349096298218,False,False,False,False,False
standard,Standard,264,254000,Santarém,-2.4433,-54.7025,2980.0,0.0931,27.0,0.8835,4993.98486328125,0.15776056051254272,56.11842727661133,0.9691934585571289,False,False,False,False,False
standard,Standard,265,254001,Santarém - Taperinha,-2.41666667,-54.33333333,1712.51,0.19,15.0,0.84,6817.22705078125,0.1873820424079895,64.77063751220703,1.0090012550354004,False,False,False,False,False
standard,Standard,266,651002,Projeto Tucumã,-6.7444,-51.1492,3171.5,0.1708,3.1,0.9353,1516.44580078125,0.15919765830039978,11.487279891967773,0.8386160731315613,False,False,False,False,False
standard,Standard,267,-,Alto Tapajós,-7.33333333,-57.5,1562.35,0.2,11.0,0.82,2821.4482421875,0.17123742401599884,25.382783889770508,0.8830859661102295,False,False,False,False,False
standard,Standard,268,-,Belém,-1.45,-48.46666667,1373.85,0.15,15.0,0.8,1974.7491455078125,0.16574189066886902,31.010839462280273,0.888970136642456,False,False,False,False,False
standard,Standard,269,734006,João Pessoa,-7.1,-34.86666667,342.76,0.21,3.0,0.59,,,,,True,True,True,True,True
standard,Standard,270,-,São Gonçalo,-6.76666667,-38.23333333,3077.38,0.14,30.0,0.93,1386.638427734375,0.2015373408794403,13.38701343536377,0.861144483089447,False,False,False,False,False
standard,Standard,271,82899,Aeroporto de Recife,-8.11333,-35.01528,1423.97,0.1124,21.0,0.7721,1218.466552734375,0.25577104091644287,14.502005577087402,0.8608615398406982,False,False,False,False,False
standard,Standard,272,735086,Vertentes,-7.9167,-35.9833,2282.3,0.17,17.913,0.909,1277.3292236328125,0.30241501331329346,14.50129508972168,0.860855221748352,False,False,False,False,False
standard,Standard,273,737037,Tabira,-7.5833,-37.55,599.973,0.103,7.628,0.632,1470.56884765625,0.19403807818889618,13.356571197509766,0.8555589318275452,False,False,False,False,False
standard,Standard,274,738030,Serra Talhada,-7.98333,-38.3,764.167,0.76,12.879,0.66,1467.1331787109375,0.20831164717674255,15.213725090026855,0.8612566590309143,False,False,False,False,False
standard,Standard,275,740014,Araripina,-7.55,-40.5667,387.23,0.143,0.725,0.609,1701.4757080078125,0.1574590802192688,20.895559310913086,0.898543655872345,False,False,False,False,False
standard,Standard,276,740024,Serrolândia,-7.4167,-40.1833,947.444,0.116,11.767,0.749,1658.3260498046875,0.21276743710041046,20.404897689819336,0.8896556496620178,False,False,False,False,False
standard,Standard,277,835007,Bezerros,-8.2333,-35.75,768.7,0.24,9.0,0.824,1367.4803466796875,0.28716838359832764,14.500842094421387,0.8608511686325073,False,False,False,False,False
standard,Standard,278,835027,Glória do Goita,-8.0,-35.29999999,565.2,0.2333,17.0,0.7533,1367.4803466796875,0.28716838359832764,14.500842094421387,0.8608511686325073,False,False,False,False,False
standard,Standard,279,836004,Belo Jardim,-8.33333,-36.45,2178.87,0.123,22.834,0.875,1328.4400634765625,0.28485482931137085,14.501096725463867,0.8608534336090088,False,False,False,False,False
standard,Standard,280,837003,Arcoverde (Rio Branco),-8.43329999,-37.06669999,1116.5,0.257,19.0,0.8837,1277.3292236328125,0.30241501331329346,14.50129508972168,0.860855221748352,False,False,False,False,False
standard,Standard,281,837011,Custódia,-8.1,-37.65,3112.238,0.122,26.796,0.935,1329.3912353515625,0.22459863126277924,13.360357284545898,0.8555938005447388,False,False,False,False,False
standard,Standard,282,839017,Salgueiro,-8.0667,-39.1167,1719.692,0.11,16.676,0.795,1435.4581298828125,0.22610406577587128,16.400192260742188,0.8660032153129578,False,False,False,False,False
standard,Standard,283,840013,Jutaí,-8.6333,-40.2333,395.531,0.133,1.34,0.565,4676.60498046875,0.2930990755558014,47.650550842285156,1.0237711668014526,False,False,False,False,False
standard,Standard,284,3878358,Catende,-8.66694,-35.71694,743.4,0.267,12.0,0.8155,1218.466552734375,0.25577104091644287,14.502005577087402,0.8608615398406982,False,False,False,False,False
standard,Standard,285,-,Nazaré,-7.73333333,-35.25,421.19,0.23,4.0,0.68,1328.4400634765625,0.28485482931137085,14.501096725463867,0.8608534336090088,False,False,False,False,False
standard,Standard,286,-,Olinda,-8.01666667,-34.85,666.64,0.2,10.0,0.66,,,,,True,True,True,True,True
standard,Standard,287,342004,Luzilândia (Porto Alegre),-3.4667,-42.3667,3480.4,0.1546,32.7,0.9615,1633.8245849609375,0.18241308629512787,12.876516342163086,0.85650235414505,False,False,False,False,False
standard,Standard,288,442004,Campo Maior,-4.8167,-42.1833,1738.6,0.1363,22.3,0.838,1549.2652587890625,0.21739080548286438,11.214983940124512,0.8465719223022461,False,False,False,False,False
standard,Standard,289,542011,Teresina,-5.08333333,-42.81666667,3977.07,0.2,28.0,0.96,1706.7640380859375,0.16634929180145264,11.208197593688965,0.8483017086982727,False,False,False,False,False
standard,Standard,290,542012,Teresina,-5.0878,-42.79919999,2491.6,0.142,20.0,0.8943,1655.255859375,0.18431510031223297,11.203535079956055,0.8482558131217957,False,False,False,False,False
standard,Standard,291,742002,Oeiras,-7.0167,-42.13329999,2521.4,0.1654,31.3,0.9304,5819.1484375,0.24535633623600006,74.00759887695312,1.0296635627746582,False,False,False,False,False
standard,Standard,292,2349033,Tomazina,-23.76666667,-49.95,2676.7,0.149,29.0,0.931,4215.806640625,0.1472453773021698,30.214319229125977,0.9724686741828918,False,False,False,False,False
standard,Standard,293,2350018,Bandeirantes,-23.1,-50.35,1077.21,0.157,10.0,0.781,2559.167236328125,0.14347080886363983,24.477392196655273,0.9156466126441956,False,False,False,False,False
standard,Standard,294,2350068,Cambará,-23.0,-50.03333333,1772.96,0.126,17.0,0.867,2232.26318359375,0.145784392952919,21.30010986328125,0.9028833508491516,False,False,False,False,False
standard,Standard,295,2352017,Paranavaí,-23.08333333,-52.43333333,2808.67,0.104,33.0,0.93,7968.84033203125,0.14295898377895355,73.80764770507812,1.0583058595657349,False,False,False,False,False
standard,Standard,296,2352019,Cianorte,-23.66666667,-52.58333333,2115.81,0.145,22.0,0.849,26957.31640625,0.15749624371528625,114.98115539550781,1.216653823852539,False,False,False,False,False
standard,Standard,297,2353053,Umuarama,-23.73333333,-53.28333333,1752.27,0.148,17.0,0.84,35474.50390625,0.187183678150177,127.7520751953125,1.2540041208267212,False,False,False,False,False
standard,Standard,298,2449013,Cerro Azul,-24.81666667,-49.25,1625.55,0.138,18.0,0.86,5599.05810546875,0.16038572788238525,41.212806701660156,1.0257830619812012,False,False,False,False,False
standard,Standard,299,2450011,Telêmaco Borba,-24.33333333,-50.61666667,3235.19,0.163,24.0,0.968,7700.33935546875,0.18254803121089935,34.62080383300781,1.0541878938674927,False,False,False,False,False
standard,Standard,300,2451014,Ivaiporã,-24.25,-51.65,676.71,0.158,1.0,0.726,11018.1669921875,0.1712227612733841,60.07423782348633,1.0891460180282593,False,False,False,False,False
standard,Standard,301,2452013,Nova Cantu,-24.66666667,-52.56666667,2778.43,0.149,24.0,0.94,42566.265625,0.12855497002601624,120.17325592041016,1.2714011669158936,False,False,False,False,False
standard,Standard,302,2452061,Palmital,-24.88333333,-52.21666667,1548.46,0.13,16.0,0.834,50228.51171875,0.13529616594314575,130.9312286376953,1.2879092693328857,False,False,False,False,False
standard,Standard,303,2453023,Cascavel,-24.93333333,-53.43333333,1062.92,0.141,5.0,0.776,49845.484375,0.1407756507396698,123.81343841552734,1.2986454963684082,False,False,False,False,False
standard,Standard,304,2548000,Morretes,-25.46669999,-48.8333,2160.23,0.155,24.0,0.89,5508.49609375,0.15670685470104218,43.47389602661133,1.00734281539917,False,False,False,False,False
standard,Standard,305,2549001,Porto Amazonas,-25.55,-49.88333333,2543.31,0.196,27.0,0.952,5439.66650390625,0.16012927889823914,36.948509216308594,1.0146886110305786,False,False,False,False,False
standard,Standard,306,2549003,Rio da Várzea dos Lima,-25.95,-49.39305556,454.6,0.1423,0.0,0.6766,4811.796875,0.15582238137722015,41.366943359375,0.9977396726608276,False,False,False,False,False
standard,Standard,307,2550008,Ponta Grossa,-25.1,-50.16666667,1421.85,0.19,17.0,0.86,6694.03076171875,0.13156162202358246,33.9700813293457,1.0314730405807495,False,False,False,False,False
standard,Standard,308,2550025,Teixeiras Soares (Est. Exper.),-25.45,-50.58333333,959.18,0.177,9.0,0.789,6814.00390625,0.17957866191864014,34.45094680786133,1.0251538753509521,False,False,False,False,False
standard,Standard,309,2550071,Ponta Grossa,-25.21666667,-50.01666667,1902.39,0.152,21.0,0.893,6135.51171875,0.14323142170906067,34.78103256225586,1.025044560432434,False,False,False,False,False
standard,Standard,310,2553015,Planalto,-25.7,-53.76666667,1659.59,0.156,14.0,0.84,62502.1796875,0.14149072766304016,132.004638671875,1.319636344909668,False,False,False,False,False
standard,Standard,311,2554026,São Miguel do Iguaçu,-25.18333333,-54.13333333,2886.0,0.124,26.0,0.927,114506.875,0.1580764204263687,162.12176513671875,1.4083281755447388,True,False,False,False,True
standard,Standard,312,2651006,Palmas,-26.48333333,-51.98333333,1303.47,0.126,12.0,0.815,9024.6552734375,0.12739300727844238,56.102294921875,1.041414737701416,False,False,False,False,False
standard,Standard,313,2652003,Clevelândia,-26.41666667,-52.35,2553.88,0.166,24.0,0.917,7853.025390625,0.13713008165359497,49.61195755004883,1.0197067260742188,False,False,False,False,False
standard,Standard,314,2652035,Pato Branco,-26.11666667,-52.68333333,879.43,0.152,9.0,0.732,6244.5068359375,0.13509482145309448,41.136024475097656,0.9887486696243286,False,False,False,False,False
standard,Standard,315,-,Curitiba,-25.41666667,-49.28333333,1790.34,0.2,13.0,0.9,5559.216796875,0.11138355731964111,42.97759246826172,1.0153061151504517,False,False,False,False,False
standard,Standard,316,-,Jacarezinho,-23.15,-50.01666667,1667.47,0.14,19.0,0.86,2353.0556640625,0.14910145103931427,21.96998405456543,0.9083491563796997,False,False,False,False,False
standard,Standard,317,-,Paranaguá,-25.51666667,-48.5,637.22,0.2,6.0,0.65,6549.9130859375,0.1925046145915985,49.66339874267578,1.022524118423462,False,False,False,False,False
standard,Standard,318,-,Apucarana,-23.5,-51.53333333,1301.07,0.177,15.0,0.836,8819.41796875,0.1759481430053711,63.875816345214844,1.068961501121521,False,False,False,False,False
standard,Standard,319,-,Curitiba,-25.43333333,-49.26666667,5950.0,0.217,26.0,1.15,5559.216796875,0.11138355731964111,42.97759246826172,1.0153061151504517,False,False,False,False,False
standard,Standard,320,-,Francisco Beltrão,-26.08333333,-53.05,1012.28,0.182,9.0,0.76,13931.2470703125,0.13937348127365112,65.9646987915039,1.1050344705581665,False,False,False,False,False
standard,Standard,321,-,Guarapuava,-25.36472222,-51.51361111,1039.68,0.171,10.0,0.799,15828.8291015625,0.20672860741615295,77.00112915039062,1.138044834136963,False,False,False,False,False
standard,Standard,322,-,Guaraqueçaba,-25.21666667,-48.33333333,1479.78,0.172,19.0,0.802,10445.95703125,0.17767886817455292,64.83393859863281,1.0778017044067383,False,False,False,False,False
standard,Standard,323,-,Laranjeiras do Sul,-25.41666667,-52.41666667,771.97,0.148,8.0,0.726,51995.4296875,0.15970247983932495,143.6551055908203,1.3080388307571411,False,False,False,False,False
standard,Standard,324,-,Londrina,-23.3,-51.15,3132.56,0.093,30.0,0.939,5535.89599609375,0.17214441299438477,48.0186653137207,1.0093923807144165,False,False,False,False,False
standard,Standard,325,-,Piraquara,-25.41666667,-49.13333333,1537.8,0.12,17.0,0.859,5563.6455078125,0.13028371334075928,43.027320861816406,1.0114078521728516,False,False,False,False,False
standard,Standard,326,-,Santa Isabel do Ivaí,-23.0,-53.18333333,1824.73,0.166,17.0,0.892,14374.7236328125,0.2200581282377243,94.24422454833984,1.1440781354904175,False,False,False,False,False
standard,Standard,327,-,UHE Tibagi Montante Jusante,-24.5,-50.4,1592.58,0.136,11.0,0.882,7729.79833984375,0.18523992598056793,32.433502197265625,1.0507198572158813,False,False,False,False,False
standard,Standard,328,11,Irajá,-22.82694444,-43.33694444,1642.0,0.1915,25.3,0.8445,6218.9853515625,0.15876851975917816,47.484676361083984,1.0420860052108765,False,False,False,False,False
standard,Standard,329,24,Anchieta,-22.82694444,-43.40333333,1675.5,0.1691,21.0,0.8383,5274.2158203125,0.17666183412075043,44.170623779296875,1.025661826133728,False,False,False,False,False
standard,Standard,330,83057,Macaé,-22.38222222,-41.775,444.258,0.263,6.266,0.655,,,,,True,True,True,True,True
standard,Standard,331,83695,Itaperuna,-21.2,-41.9,4999.882,0.196,34.462,0.986,70149.1015625,0.17299845814704895,169.22134399414062,1.3695427179336548,False,False,False,False,False
standard,Standard,332,83738,Resende,-22.46666667,-44.45,1652.972,0.182,21.41,0.767,1952.502685546875,0.21794407069683075,9.121169090270996,0.8813864588737488,False,False,False,False,False
standard,Standard,333,83758,Ilha Guaíba,-23.01666667,-44.03666667,1045.123,0.244,49.945,0.679,,,,,True,True,True,True,True
standard,Standard,334,83788,Angra dos Reis,-23.05638889,-44.32138889,721.802,0.211,10.566,0.72,,,,,True,True,True,True,True
standard,Standard,335,83789,Santa Cruz (Rio de Janeiro),-22.91666667,-43.66666667,2474.281,0.2113,37.4228,0.9491,,,,,True,True,True,True,True
standard,Standard,336,2141044,Campos,-21.75,-41.33333333,1467.4,0.17,10.0,0.84,14433.947265625,0.1866936832666397,98.98664093017578,1.1572471857070923,False,False,False,False,False
standard,Standard,337,2141044,Campos,-21.75,-41.33333333,1133.836,0.183,20.667,0.807,14433.947265625,0.1866936832666397,98.98664093017578,1.1572471857070923,False,False,False,False,False
standard,Standard,338,2142052,Niterói,-22.9,-43.11666667,962.78,0.26,11.0,0.77,,,,,True,True,True,True,True
standard,Standard,339,2242019,Vargem Alta,-22.29939999,-42.4011,1172.5,0.1652,9.0,0.7729,4047.72216796875,0.19012154638767242,41.217350006103516,0.9796631932258606,False,False,False,False,False
standard,Standard,340,2242070,Nova Friburgo,-22.28333333,-42.53333333,2063.87,0.18,28.0,0.88,4187.31591796875,0.15788808465003967,45.657596588134766,0.9938531517982483,False,False,False,False,False
standard,Standard,341,2242070,Nova Friburgo,-22.28333333,-42.53333333,2629.477,0.236,24.664,0.975,4187.31591796875,0.15788808465003967,45.657596588134766,0.9938531517982483,False,False,False,False,False
standard,Standard,342,2242074,Cordeiro,-22.03333333,-42.38333333,612.197,0.185,5.0,0.695,6037.63427734375,0.18213187158107758,60.49760818481445,1.035099983215332,False,False,False,False,False
standard,Standard,343,2243004,Conservatória,-22.2875,-43.9294,1970.4,0.1468,19.0,0.8742,1998.8388671875,0.17125999927520752,12.750835418701172,0.8882384896278381,False,False,False,False,False
standard,Standard,344,2243008,Manuel Duarte,-22.08579999,-43.55669999,1994.9,0.1437,17.0,0.9011,3508.436279296875,0.12327113002538681,36.82843017578125,0.9799665808677673,False,False,False,False,False
standard,Standard,345,2243011,Rio da Cidade,-22.4381,-43.1703,2655.6,0.1644,30.6,0.8862,4758.68115234375,0.18325160443782806,44.70616149902344,1.0141929388046265,False,False,False,False,False
standard,Standard,346,2243141,Bangu,-22.86666667,-43.45,2396.68,0.22,24.0,0.9,5274.2158203125,0.17666183412075043,44.170623779296875,1.025661826133728,False,False,False,False,False
standard,Standard,347,2243149,Alto da Boa Vista (Rio de Janeiro),-22.95,-43.26666667,4378.133,0.227,49.157,0.999,,,,,True,True,True,True,True
standard,Standard,348,2243151,Vassouras,-22.41666667,-43.66666667,3086.29,0.2,22.081,1.0,2838.440185546875,0.19636499881744385,26.54088592529297,0.9424203634262085,False,False,False,False,False
standard,Standard,349,2243186,Ecologia Agric. (Km 47),-22.76666667,-43.68333333,3117.56,0.23,32.0,0.95,4017.389404296875,0.15530771017074585,38.07168960571289,0.9942547082901001,False,False,False,False,False
standard,Standard,350,2243186,Ecologia Agric. (Km 47),-22.76666667,-43.68333333,3812.02,0.218,34.565,0.999,4017.389404296875,0.15530771017074585,38.07168960571289,0.9942547082901001,False,False,False,False,False
standard,Standard,351,2244085,Volta Redonda,-22.48333333,-44.08333333,1707.29,0.15,12.0,0.84,1843.837646484375,0.19972315430641174,9.147148132324219,0.8834930658340454,False,False,False,False,False
standard,Standard,352,2244087,Resende,-22.48333333,-44.46666667,2393.05,0.17,18.0,0.9,1952.502685546875,0.21794407069683075,9.121169090270996,0.8813864588737488,False,False,False,False,False
standard,Standard,353,2244091,Alto do Itatiaia,-22.41666667,-44.83333333,893.45,0.23,7.0,0.72,1646.1591796875,0.19451847672462463,7.678500175476074,0.8657546043395996,False,False,False,False,False
standard,Standard,354,2244093,Pinheiral,-22.51666667,-44.0,2313.3,0.21,16.0,0.93,1883.3966064453125,0.14557136595249176,11.332072257995605,0.8870483040809631,False,False,False,False,False
standard,Standard,355,-,Cabo Frio,-22.86666667,-42.0,987.69,0.26,11.0,0.83,,,,,True,True,True,True,True
standard,Standard,356,-,Jardim Botânico,-22.96666667,-43.23333333,693.06,0.24,11.0,0.68,,,,,True,True,True,True,True
standard,Standard,357,-,Petrópolis,-22.51666667,-43.18333333,2187.74,0.15,29.0,0.85,5226.80615234375,0.1852264404296875,45.05126190185547,1.0249457359313965,False,False,False,False,False
standard,Standard,358,-,Teresópolis,-22.45,-42.91666667,934.49,0.25,17.0,0.76,4504.89990234375,0.17238278687000275,42.61961364746094,1.0046967267990112,False,False,False,False,False
standard,Standard,359,-,Vassouras,-22.4,-43.65,1366.08,0.2,11.0,0.85,2974.263427734375,0.14007581770420074,27.182037353515625,0.9432879686355591,False,False,False,False,False
standard,Standard,360,-,Anchieta,-22.83,-43.4,2355.79,0.19,31.6,0.89,6218.9853515625,0.15876851975917816,47.484676361083984,1.0420860052108765,False,False,False,False,False
standard,Standard,361,-,Bangu,-22.88,-43.47,8398.17,0.18,40.71,1.15,5274.2158203125,0.17666183412075043,44.170623779296875,1.025661826133728,False,False,False,False,False
standard,Standard,362,-,Campo Grande,-22.9,-43.56,3763.91,0.22,72.8,0.9,4425.716796875,0.1678178459405899,40.70405197143555,1.0056787729263306,False,False,False,False,False
standard,Standard,363,-,Cidade de Deus,-22.95,-43.36,1306.84,0.19,19.46,0.79,6206.6982421875,0.1889442354440689,49.12890625,1.0490037202835083,False,False,False,False,False
standard,Standard,364,-,Copacabana,-22.99,-43.19,2140.17,0.19,59.06,0.8,,,,,True,True,True,True,True
standard,Standard,365,-,Gericinó,-22.52,-43.35,11547.76,0.2,61.63,1.15,4569.8681640625,0.1742878258228302,40.72590255737305,1.0058929920196533,False,False,False,False,False
standard,Standard,366,-,Grajaú,-22.92,-43.27,5274.55,0.2,52.18,0.98,,,,,True,True,True,True,True
standard,Standard,367,-,Grande Méier,-22.89,-43.28,1080.84,0.2,13.79,0.74,7560.57080078125,0.16763770580291748,53.023399353027344,1.066365361213684,False,False,False,False,False
standard,Standard,368,-,Grota Funda,-23.01,-43.52,478.0,0.2,15.35,0.58,,,,,True,True,True,True,True
standard,Standard,369,-,Guaratiba,-23.05,-43.59,1107.14,0.22,14.35,0.8,,,,,True,True,True,True,True
standard,Standard,370,-,Ilha do Governador,-22.82,-43.21,1125.79,0.23,11.24,0.77,7560.57080078125,0.16763770580291748,53.023399353027344,1.066365361213684,False,False,False,False,False
standard,Standard,371,-,Irajá,-22.83,-43.34,2181.48,0.18,40.07,0.85,6218.9853515625,0.15876851975917816,47.484676361083984,1.0420860052108765,False,False,False,False,False
standard,Standard,372,-,Itanhangá,-23.0,-43.3,1949.98,0.17,40.71,0.8,,,,,True,True,True,True,True
standard,Standard,373,-,Jardim Botânico,-22.97,-43.22,1217.8,0.19,22.66,0.75,,,,,True,True,True,True,True
standard,Standard,374,-,Laranjeiras,-22.94,-43.19,8518.56,0.21,60.99,1.1,,,,,True,True,True,True,True
standard,Standard,375,-,Madureira,-22.87,-43.34,2037.43,0.19,30.02,0.84,6218.9853515625,0.15876851975917816,47.484676361083984,1.0420860052108765,False,False,False,False,False
standard,Standard,376,-,Mendanha,-22.49,-43.31,531.79,0.17,7.06,0.63,4115.30517578125,0.1272512823343277,38.95183181762695,0.9889199137687683,False,False,False,False,False
standard,Standard,377,-,Penha,-22.84,-43.28,825.89,0.19,14.85,0.71,7560.57080078125,0.16763770580291748,53.023399353027344,1.066365361213684,False,False,False,False,False
standard,Standard,378,-,Piedade,-22.89,-43.31,2028.23,0.17,35.82,0.82,6218.9853515625,0.15876851975917816,47.484676361083984,1.0420860052108765,False,False,False,False,False
standard,Standard,379,-,Recreio,-23.01,-43.44,6396.55,0.19,50.25,1.07,,,,,True,True,True,True,True
standard,Standard,380,-,Riocentro,-22.98,-43.41,1886.83,0.18,37.42,0.78,5656.30419921875,0.17578965425491333,46.742515563964844,1.035269021987915,False,False,False,False,False
standard,Standard,381,-,Rocinha,-22.99,-43.25,10591.31,0.19,77.35,1.09,,,,,True,True,True,True,True
standard,Standard,382,-,Santa Cruz,-22.91,-43.68,6455.6,0.17,45.89,1.05,,,,,True,True,True,True,True
standard,Standard,383,-,Santa Teresa,-22.93,-43.2,2076.52,0.2,40.21,0.85,,,,,True,True,True,True,True
standard,Standard,384,-,São Cristóvão,-22.9,-43.22,1914.43,0.24,26.59,0.84,7560.57080078125,0.16763770580291748,53.023399353027344,1.066365361213684,False,False,False,False,False
standard,Standard,385,-,Saúde,-22.9,-43.19,1222.52,0.18,25.0,0.75,,,,,True,True,True,True,True
standard,Standard,386,-,Sepetiba,-22.97,-43.71,1041.34,0.2,19.14,0.76,,,,,True,True,True,True,True
standard,Standard,387,-,Sumaré,-22.57,-43.14,1168.19,0.21,19.94,0.7,5226.80615234375,0.1852264404296875,45.05126190185547,1.0249457359313965,False,False,False,False,False
standard,Standard,388,-,Tanque,-22.91,-43.36,1896.25,0.22,19.49,0.86,6206.6982421875,0.1889442354440689,49.12890625,1.0490037202835083,False,False,False,False,False
standard,Standard,389,-,Tijuca,-22.93,-43.22,712.39,0.21,15.48,0.64,,,,,True,True,True,True,True
standard,Standard,390,-,Urca,-22.96,-43.17,1999.11,0.19,31.01,0.87,,,,,True,True,True,True,True
standard,Standard,391,-,Vidigal,-22.99,-43.23,2018.31,0.2,26.65,0.85,,,,,True,True,True,True,True
standard,Standard,392,-,Natal,-5.76666667,-35.2,586.66,0.26,15.0,0.68,,,,,True,True,True,True,True
standard,Standard,393,863000,Porto Velho,-8.7667,-63.91669999,2362.74,0.12,24.0,0.86,3970.080810546875,0.20227932929992676,36.146419525146484,0.9619765281677246,False,False,False,False,False
standard,Standard,394,964005,Jaciparaná,-9.25,-64.4,1012.9,0.1658,12.1,0.7118,3371.324462890625,0.21700698137283325,31.625625610351562,0.9363735318183899,False,False,False,False,False
standard,Standard,395,8161001,Caracaraí,1.8214,-61.1236,860.7,0.1635,0.0,0.7595,4237.98779296875,0.20026789605617523,47.57821273803711,0.9550676345825195,False,False,False,False,False
standard,Standard,396,2755001,Porto Lucena,-27.85439999,-55.0236,872.0,0.1478,11.6,0.7127,,,,,True,True,True,True,True
standard,Standard,397,2854011,São Luiz Gonzaga,-28.4,-54.96666667,1038.51,0.15,6.0,0.76,2359.435546875,0.13238558173179626,30.095888137817383,0.8482619524002075,False,False,False,False,False
standard,Standard,398,2950061,Morungava,-29.8508,-50.91029999,1138.7,0.1776,18.4,0.8037,2600.45654296875,0.15949200093746185,12.408121109008789,0.8791001439094543,False,False,False,False,False
standard,Standard,399,2951003,Bento Gonçalves,-29.15,-51.5167,704.7,0.1696,7.1,0.7278,2487.527099609375,0.1641341596841812,1.342369556427002,0.8780661225318909,False,False,False,False,False
standard,Standard,400,2957001,Uruguaiana,-29.75,-57.0833,739.67,0.16,8.0,0.69,,,,,True,True,True,True,True
standard,Standard,401,3050006,Viamão,-30.08333333,-50.78333333,505.02,0.19,5.3,0.71,2339.472412109375,0.1312590092420578,13.228622436523438,0.8698296546936035,False,False,False,False,False
standard,Standard,402,3051011,Porto Alegre,-30.05359999,-51.17329999,573.1,0.1889,0.0,0.7256,2196.0498046875,0.13537947833538055,11.548555374145508,0.8606334924697876,False,False,False,False,False
standard,Standard,403,3051020,Porto Alegre (Salgado Filho),-30.0,-51.1833,826.806,0.143,13.326,0.793,2196.0498046875,0.13537947833538055,11.548555374145508,0.8606334924697876,False,False,False,False,False
standard,Standard,404,3051028,Porto Alegre (Central),-30.0667,-51.13329999,1297.9,0.171,11.619,0.85,2196.0498046875,0.13537947833538055,11.548555374145508,0.8606334924697876,False,False,False,False,False
standard,Standard,405,3054016,Granja Umbu,-30.51439999,-54.77029999,1595.2,0.1767,22.0,0.8278,1297.0904541015625,0.18856020271778107,10.990283012390137,0.7911509871482849,False,False,False,False,False
standard,Standard,406,3152011,Passo do Mendonça,-31.0006,-52.0492,880.1,0.1783,0.0,0.7595,3219.41064453125,0.14101693034172058,40.78389358520508,0.9305896162986755,False,False,False,False,False
standard,Standard,407,3152013,Pedro Osório,-31.8797,-52.8103,813.4,0.1742,10.5,0.7474,6053.4814453125,0.17224857211112976,58.13676834106445,1.011267900466919,False,False,False,False,False
standard,Standard,408,-,Alegrete,-29.76666667,-55.78333333,777.44,0.13,3.5,0.67,2799.68408203125,0.17895358800888062,35.49435043334961,0.8817640542984009,False,False,False,False,False
standard,Standard,409,-,Bagé,-31.33333333,-54.08333333,604.9,0.21,3.25,0.72,1756.2862548828125,0.18801060318946838,15.31047248840332,0.8401623964309692,False,False,False,False,False
standard,Standard,410,-,Caxias do Sul,-29.16666667,-51.2,702.71,0.24,8.85,0.74,2526.979248046875,0.1546059548854828,6.01505184173584,0.8709874153137207,False,False,False,False,False
standard,Standard,411,-,Cruz Alta,-28.63333333,-53.61666667,863.25,0.14,3.6,0.7,2155.6337890625,0.15360529720783234,21.676483154296875,0.8453637361526489,False,False,False,False,False
standard,Standard,412,-,Encruzilhada do Sul,-30.55,-52.51666667,431.09,0.19,3.7,0.64,1768.392822265625,0.15128076076507568,13.339659690856934,0.8300992846488953,False,False,False,False,False
standard,Standard,413,-,Iraí,-27.18333333,-53.28333333,598.65,0.2,4.4,0.67,2338.413818359375,0.14287760853767395,8.762128829956055,0.8524249792098999,False,False,False,False,False
standard,Standard,414,-,Passo Fundo,-28.26666667,-52.41666667,670.74,0.21,7.9,0.74,1610.8018798828125,0.17339688539505005,5.258862495422363,0.7957806587219238,False,False,False,False,False
standard,Standard,415,-,Porto Alegre,-30.03333333,-51.21666667,627.54,0.31,7.9,0.74,2124.734619140625,0.13688910007476807,11.033360481262207,0.8558033108711243,False,False,False,False,False
standard,Standard,416,-,Rio Grande,-32.03333333,-52.1,774.14,0.23,6.9,0.74,60156.29296875,0.19948558509349823,176.82530212402344,1.3172248601913452,False,False,False,False,False
standard,Standard,417,-,Santa Maria,-29.68333333,-53.81666667,870.38,0.24,15.2,0.73,1637.68701171875,0.17371581494808197,9.942747116088867,0.8160983920097351,False,False,False,False,False
standard,Standard,418,-,Santa Vitória do Palmar,-33.51666667,-53.36666667,1036.5,0.28,22.8,0.77,4148.25439453125,0.2135607749223709,42.08156967163086,0.9557402729988098,False,False,False,False,False
standard,Standard,419,-,Pelotas,-31.77611111,-52.35944444,1100.0,0.163,16.47,0.766,11953.9619140625,0.16961941123008728,95.1345443725586,1.115509271621704,False,False,False,False,False
standard,Standard,420,2649020,Blumenau,-26.91666667,-49.05,6649.15,0.21,43.0,1.1,3531.921630859375,0.19754056632518768,33.32818603515625,0.9453481435775757,False,False,False,False,False
standard,Standard,421,2649060,Primeiro Salto do Cubatão,-26.2158,-49.0806,608.2,0.161,12.0,0.6552,3827.0,0.18311317265033722,35.457420349121094,0.9603301286697388,False,False,False,False,False
standard,Standard,422,2652031,São Lourenço do Oeste,-26.4003,-52.8956,1092.8,0.1237,10.1,0.7499,5525.58447265625,0.1694709062576294,35.749080657958984,0.9651600122451782,False,False,False,False,False
standard,Standard,423,2653005,São José do Cedro,-26.465,-53.4536,835.5,0.1672,11.0,0.7116,9728.57421875,0.15180885791778564,50.45624923706055,1.040719985961914,False,False,False,False,False
standard,Standard,424,2749016,Neisse Central,-27.0403,-49.3814,1251.6,0.1495,18.9,0.8083,3718.95654296875,0.175108402967453,30.353605270385742,0.9418445825576782,False,False,False,False,False
standard,Standard,425,2749035,Bocaina do Sul,-27.7536,-49.9639,9763.0,0.1743,9.1,0.7887,2219.0205078125,0.1723424643278122,15.301889419555664,0.8743029236793518,False,False,False,False,False
standard,Standard,426,2751011,Irani,-27.0511,-51.9122,730.6,0.1387,6.4,0.7065,5266.95947265625,0.17757290601730347,39.24714279174805,0.9686578512191772,False,False,False,False,False
standard,Standard,427,-,Florianópolis,-27.58333333,-48.55,1625.5,0.23,33.0,0.82,4075.907470703125,0.1957734376192093,38.72847366333008,0.9609528183937073,False,False,False,False,False
standard,Standard,428,-,São Francisco do Sul,-26.25,-48.63333333,1234.41,0.25,22.0,0.79,3209.2373046875,0.16663406789302826,28.76251792907715,0.9287952780723572,False,False,False,False,False
standard,Standard,429,-,Lages (CAV Weather Station),-27.81666667,-50.33333333,2050.0,0.2,30.0,0.89,3321.143310546875,0.18172267079353333,22.507265090942383,0.9322957992553711,False,False,False,False,False
standard,Standard,430,2048077,Fazenda Continental,-20.25,-48.65,1680.649,0.183,24.999,0.814,2149.197509765625,0.22036391496658325,16.032699584960938,0.8945987820625305,False,False,False,False,False
standard,Standard,431,2049028,Nipoã,-20.9167,-49.7833,1999.898,0.165,20.137,0.875,1223.63330078125,0.1539171189069748,7.664872646331787,0.8288635611534119,False,False,False,False,False
standard,Standard,432,2050015,Auriflama,-20.7,-50.55,1999.979,0.137,19.24,0.895,1180.920654296875,0.1556408405303955,6.461026668548584,0.8152133822441101,False,False,False,False,False
standard,Standard,434,2147048,Mococa (IAC),-21.46666667,-47.01666667,2667.0,0.1366,20.0,0.96,2654.1455078125,0.15447264909744263,26.618478775024414,0.945708692073822,False,False,False,False,False
standard,Standard,435,2147049,São Simão,-21.4833,-47.55,874.46,0.2,12.0,0.75,1918.3289794921875,0.14666754007339478,15.469221115112305,0.887416422367096,False,False,False,False,False
standard,Standard,436,2148030,São Lourenço do Turvo,-21.53333333,-48.51666667,2000.0,0.129,19.5,0.867,967.218017578125,0.19448550045490265,6.177481174468994,0.7899011373519897,False,False,False,False,False
standard,Standard,437,2148071,Itaju,-21.9833,-48.8,2000.0,0.151,21.057,0.864,685.0214233398438,0.13901637494564056,21.18122100830078,0.7371869087219238,False,False,False,False,False
standard,Standard,438,2148087,Chibarro,-21.88333333,-48.05,1999.924,0.125,24.998,0.841,1544.91943359375,0.17663869261741638,14.749984741210938,0.8603933453559875,False,False,False,False,False
standard,Standard,439,2149030,Fazenda Chantebled,-21.9167,-49.7833,1500.353,0.128,25.0,0.75,1710.4158935546875,0.14700114727020264,16.6335506439209,0.8628807663917542,False,False,False,False,False
standard,Standard,440,2149030,Fazenda Chantebled,-21.9167,-49.7833,3746.8,0.1622,29.5,0.9674,1710.4158935546875,0.14700114727020264,16.6335506439209,0.8628807663917542,False,False,False,False,False
standard,Standard,441,2150025,Piacatu,-21.6,-50.6,1995.396,0.099,25.0,0.818,1415.948486328125,0.15816451609134674,16.138826370239258,0.8341604471206665,False,False,False,False,False
standard,Standard,442,2150034,Queiroz,-21.8,-50.2333,915.365,0.132,10.85,0.723,1361.0540771484375,0.16237090528011322,13.43354320526123,0.839445173740387,False,False,False,False,False
standard,Standard,443,2150040,Usina Quatiara,-21.95,-50.9333,1106.774,0.138,25.0,0.707,2124.73193359375,0.20683418214321136,32.22477722167969,0.8759947419166565,False,False,False,False,False
standard,Standard,444,2151007,Tabajara,-21.28333333,-51.13333333,1999.658,0.144,21.307,0.857,1170.992919921875,0.1836727261543274,14.944528579711914,0.8045825958251953,False,False,False,False,False
standard,Standard,445,2151008,Panorama,-21.35,-51.85,2000.0,0.101,23.017,0.867,5458.64013671875,0.17496441304683685,85.64077758789062,1.0102933645248413,False,False,False,False,False
standard,Standard,446,2151017,Emilianópolis,-20.8333,-51.4833,2000.0,0.11,22.913,0.852,1107.982421875,0.16566875576972961,5.212427139282227,0.8049521446228027,False,False,False,False,False
standard,Standard,447,2244002,Queluz,-22.5333,-44.7667,2000.0,0.152,24.051,0.834,1585.6776123046875,0.1615888625383377,7.7101149559021,0.8673828840255737,False,False,False,False,False
standard,Standard,448,2244015,Campos de Cunha,-22.91666667,-44.8167,1999.897,0.138,13.449,0.925,1525.19970703125,0.18447427451610565,4.002968788146973,0.8482400178909302,False,False,False,False,False
standard,Standard,449,2245012,São Bento do Sapucai (Fazenda Est.),-22.68333333,-45.75,629.16,0.113,5.0,0.704,1900.424560546875,0.15234743058681488,22.39617347717285,0.90666663646698,False,False,False,False,False
standard,Standard,450,2245050,São Francisco Xavier,-22.9167,-45.9667,1326.828,0.104,13.697,0.8,3342.703369140625,0.20953357219696045,44.92728042602539,0.9920280575752258,False,False,False,False,False
standard,Standard,451,2245050,São Francisco Xavier,-22.9167,-45.9667,895.17,0.1389,8.6,0.7526,3342.703369140625,0.20953357219696045,44.92728042602539,0.9920280575752258,False,False,False,False,False
standard,Standard,452,2246024,Arcadas,-22.7167,-46.8333,2000.0,0.142,20.721,0.848,6541.55712890625,0.1464424729347229,44.81930923461914,1.0646069049835205,False,False,False,False,False
standard,Standard,453,2246095,Pedra Bela,-22.8,-46.45,2000.0,0.174,19.501,0.865,6845.72119140625,0.15865476429462433,60.7322998046875,1.0677584409713745,False,False,False,False,False
standard,Standard,454,2246095,Pedra Bela,-22.8,-46.45,2065.3,0.1467,16.7,0.8878,6845.72119140625,0.15865476429462433,60.7322998046875,1.0677584409713745,False,False,False,False,False
standard,Standard,455,2247015,Grauna,-22.3,-47.75,1999.611,0.152,24.344,0.85,4694.84716796875,0.1878032237291336,37.64653778076172,1.019187569618225,False,False,False,False,False
standard,Standard,456,2247015,Grauna,-22.3,-47.75,3257.6,0.1754,31.0,0.9625,4694.84716796875,0.1878032237291336,37.64653778076172,1.019187569618225,False,False,False,False,False
standard,Standard,457,2247031,Usina Ester,-22.6667,-47.2167,2000.0,0.139,17.162,0.882,7549.01123046875,0.17481818795204163,40.790504455566406,1.0828927755355835,False,False,False,False,False
standard,Standard,458,2247031,Usina Ester,-22.6667,-47.2167,1811.9,0.1739,15.1,0.8801,7549.01123046875,0.17481818795204163,40.790504455566406,1.0828927755355835,False,False,False,False,False
standard,Standard,459,2247067,Piracicaba,-22.71666667,-47.63333333,2017.05,0.16,21.0,0.91,7846.57861328125,0.17364928126335144,46.32915115356445,1.1015007495880127,False,False,False,False,False
standard,Standard,460,2248023,Santa Maria da Serra,-22.5667,-48.15,2000.0,0.136,24.598,0.877,6143.07470703125,0.1823309361934662,50.23006057739258,1.0555181503295898,False,False,False,False,False
standard,Standard,461,2248048,Bairro Anhumas,-22.93333333,-48.3,1405.75,0.139,18.368,0.787,13649.314453125,0.22751222550868988,81.69126892089844,1.164157509803772,False,False,False,False,False
standard,Standard,462,2249012,Bauru (PDV),-22.31666667,-49.03333333,1057.97,0.183,10.76,0.7881,1626.3997802734375,0.16581474244594574,19.02130699157715,0.87434983253479,False,False,False,False,False
standard,Standard,463,2249014,Mundo Novo,-22.3167,-49.7667,576.243,0.148,5.0,0.611,1620.5257568359375,0.16637153923511505,16.56658935546875,0.8707855343818665,False,False,False,False,False
standard,Standard,464,2249024,Ubirajara,-22.5333,-49.65,1600.105,0.144,25.0,0.82,1636.8133544921875,0.19799254834651947,16.672868728637695,0.8738340735435486,False,False,False,False,False
standard,Standard,465,2249029,Águas de Santa Bárbara,-22.8833,-49.2333,822.899,0.145,11.156,0.772,1720.171142578125,0.1778152734041214,12.506691932678223,0.8762644529342651,False,False,False,False,False
standard,Standard,466,2250011,Agropecuária Santo Antônio,-22.36666667,-50.38333333,1467.047,0.142,25.0,0.78,2089.449951171875,0.15319420397281647,20.37848472595215,0.8811090588569641,False,False,False,False,False
standard,Standard,467,2251002,Marabá Paulista,-22.1,-51.9667,2000.0,0.146,23.925,0.856,26174.796875,0.18047858774662018,187.3885498046875,1.2184298038482666,False,False,False,False,False
standard,Standard,468,2251010,Usina Laranja Doce,-22.25,-51.1667,2000.0,0.136,24.661,0.856,2602.1669921875,0.16855576634407043,44.27784729003906,0.9172777533531189,False,False,False,False,False
standard,Standard,469,2251015,Fazenda Vista Bonita,-22.51666667,-51.81666667,1633.205,0.111,21.157,0.831,8071.47216796875,0.1859721690416336,94.84415435791016,1.0620208978652954,False,False,False,False,False
standard,Standard,470,2252036,Fazenda Guana,-22.31666667,-52.65,1533.476,0.12,25.0,0.763,8199.2392578125,0.16232214868068695,89.0621337890625,1.0604536533355713,False,False,False,False,False
standard,Standard,471,2345040,Ubatuba,-23.4331,-45.0683,675.631,0.151,17.851,0.635,,,,,True,True,True,True,True
standard,Standard,472,2345049,Ponte Nova,-23.56666667,-45.96666667,1838.304,0.132,20.919,0.861,2022.7681884765625,0.22466522455215454,16.278823852539062,0.8879584670066833,False,False,False,False,False
standard,Standard,473,2345053,Casa Grande,-23.63333333,-45.95,1194.852,0.124,20.373,0.756,2308.3916015625,0.1699654757976532,16.933734893798828,0.8915558457374573,False,False,False,False,False
standard,Standard,474,2345059,Boraceia,-23.75,-45.85,582.081,0.113,12.978,0.624,,,,,True,True,True,True,True
standard,Standard,475,2346003,Vinhedo,-23.0333,-46.9667,1999.873,0.151,23.164,0.856,8033.58349609375,0.18539346754550934,44.526668548583984,1.0811619758605957,False,False,False,False,False
standard,Standard,476,2346003,Vinhedo,-23.0333,-46.9667,572.5,0.2378,8.0,0.7577,8033.58349609375,0.18539346754550934,44.526668548583984,1.0811619758605957,False,False,False,False,False
standard,Standard,477,2346004,Piracaia,-23.05,-46.35,1158.201,0.139,5.0,0.818,4993.08349609375,0.16784316301345825,47.73321533203125,1.0173132419586182,False,False,False,False,False
standard,Standard,478,2346015,Rio Acima,-23.2167,-46.6667,1515.722,0.147,10.084,0.849,7766.40478515625,0.1780390739440918,51.72788619995117,1.0737425088882446,False,False,False,False,False
standard,Standard,479,2346015,Rio Acima,-23.2167,-46.6667,2144.7,0.1566,19.0,0.9165,7766.40478515625,0.1780390739440918,51.72788619995117,1.0737425088882446,False,False,False,False,False
standard,Standard,480,2346021,Franco da Rocha (Hosp. Juqueri),-23.3333,-46.6833,1373.212,0.135,7.304,0.811,7201.072265625,0.19637010991573334,48.69011306762695,1.0608266592025757,False,False,False,False,False
standard,Standard,481,2346021,Franco da Rocha (Hosp. Juqueri),-23.3333,-46.6833,2034.4,0.1516,18.0,0.8944,7201.072265625,0.19637010991573334,48.69011306762695,1.0608266592025757,False,False,False,False,False
standard,Standard,482,2346044,Ponte Pequena,-23.51666667,-46.65,2000.0,0.108,20.206,0.838,6589.7392578125,0.20810198783874512,46.23164749145508,1.0452277660369873,False,False,False,False,False
standard,Standard,483,2346049,Fazenda Santo Angelo,-23.58333333,-46.23333333,919.028,0.147,6.853,0.752,3457.748291015625,0.16937322914600372,29.49860954284668,0.9508454203605652,False,False,False,False,False
standard,Standard,484,2346051,Vila Prosperidade (GM),-23.61666667,-46.55,2000.0,0.128,22.469,0.849,5431.17236328125,0.211747407913208,41.962562561035156,1.0183137655258179,False,False,False,False,False
standard,Standard,485,2346052,Cachoeira da Graça,-23.65,-46.95,1999.91,0.197,17.527,0.894,6920.9267578125,0.20241719484329224,47.44631576538086,1.068985939025879,False,False,False,False,False
standard,Standard,486,2346055,Mauá,-23.6667,-46.4833,1527.287,0.13,25.0,0.803,4896.30615234375,0.20045271515846252,37.42474365234375,0.9910023212432861,False,False,False,False,False
standard,Standard,487,2346055,Mauá,-23.6667,-46.4833,2093.1,0.1639,26.5,0.8942,4896.30615234375,0.20045271515846252,37.42474365234375,0.9910023212432861,False,False,False,False,False
standard,Standard,488,2346056,Rudge Ramos,-23.6667,-46.5667,2000.0,0.135,24.929,0.87,5431.17236328125,0.211747407913208,41.962562561035156,1.0183137655258179,False,False,False,False,False
standard,Standard,489,2346066,Usina Itatinga,-23.7667,-46.1167,913.343,0.138,25.0,0.615,2980.72607421875,0.18099986016750336,26.01226806640625,0.9290098547935486,False,False,False,False,False
standard,Standard,490,2346067,Campo Grande,-23.7667,-46.35,577.176,0.163,5.0,0.602,3748.965087890625,0.1932632476091385,32.85963821411133,0.9654838442802429,False,False,False,False,False
standard,Standard,491,2346068,Recalque ABC,-23.75,-46.5333,1535.589,0.127,17.996,0.843,5244.18359375,0.2223571389913559,40.91737365722656,1.0093915462493896,False,False,False,False,False
standard,Standard,492,2346070,Mombaca,-23.7667,-46.8333,2000.0,0.153,20.035,0.855,7561.2216796875,0.21683572232723236,47.78408432006836,1.0580768585205078,False,False,False,False,False
standard,Standard,493,2346070,Mombaca,-23.7667,-46.8333,1778.2,0.1695,16.0,0.8541,7561.2216796875,0.21683572232723236,47.78408432006836,1.0580768585205078,False,False,False,False,False
standard,Standard,494,2346076,Piacaguera (EFSJ),-23.8667,-46.3833,1231.232,0.125,25.0,0.689,3984.26513671875,0.21810096502304077,33.072410583496094,0.9649298191070557,False,False,False,False,False
standard,Standard,495,2346079,Curva da Onça,-23.88333333,-46.48333333,599.148,0.166,5.702,0.589,4683.5322265625,0.1697399616241455,36.85129165649414,0.9848374128341675,False,False,False,False,False
standard,Standard,496,2346089,Vicente de Carvalho,-23.93333333,-46.28333333,1349.325,0.155,23.948,0.757,,,,,True,True,True,True,True
standard,Standard,497,2346140,Terceiro Plano da Serra Nova,-23.8,-46.31666667,695.205,0.126,8.726,0.607,3984.26513671875,0.21810096502304077,33.072410583496094,0.9649298191070557,False,False,False,False,False
standard,Standard,498,2346168,Pilões,-23.9,-46.5,613.854,0.136,10.342,0.594,4683.5322265625,0.1697399616241455,36.85129165649414,0.9848374128341675,False,False,False,False,False
standard,Standard,499,2346353,Cidade Universitária,-23.5667,-46.7333,1646.12,0.128,15.722,0.856,7750.4462890625,0.18721288442611694,51.08844757080078,1.0771619081497192,False,False,False,False,False
standard,Standard,500,2347004,Elias Fausto,-23.0333,-47.3667,1164.95,0.123,14.507,0.815,17748.765625,0.15435060858726501,60.23988723754883,1.2060483694076538,False,False,False,False,False
standard,Standard,501,2347006,Pereiras,-23.0667,-47.9667,1382.363,0.152,11.96,0.813,14655.5654296875,0.1894950121641159,81.96401977539062,1.1757910251617432,False,False,False,False,False
standard,Standard,502,2347020,Fazenda Pinhal,-23.26666667,-47.11666667,516.072,0.104,5.004,0.632,10012.13671875,0.2010895311832428,50.35707092285156,1.1182754039764404,False,False,False,False,False
standard,Standard,503,2347021,Boituva,-23.2833,-47.6667,1999.559,0.186,17.789,0.881,13327.9189453125,0.15302573144435883,63.144168853759766,1.159860372543335,False,False,False,False,False
standard,Standard,504,2347024,Pirapitingui,-23.33333333,-47.33333333,1868.668,0.121,25.0,0.827,10889.6611328125,0.13706594705581665,53.93140411376953,1.1336889266967773,False,False,False,False,False
standard,Standard,505,2347042,Salto de Pirapora,-23.65,-47.5667,761.717,0.138,8.919,0.671,11956.095703125,0.18413157761096954,65.70122528076172,1.1442903280258179,False,False,False,False,False
standard,Standard,506,2347043,Ibiuna,-23.65,-47.2167,2000.0,0.157,19.726,0.906,9371.015625,0.19557811319828033,55.239505767822266,1.1047639846801758,False,False,False,False,False
standard,Standard,507,2347043,Ibiuna,-23.65,-47.2167,953.1,0.1761,11.5,0.7912,9371.015625,0.19557811319828033,55.239505767822266,1.1047639846801758,False,False,False,False,False
standard,Standard,508,2347049,Usina Batista,-23.8333,-47.65,1985.607,0.143,24.251,0.857,11246.13671875,0.18033139407634735,64.18940734863281,1.1256717443466187,False,False,False,False,False
standard,Standard,509,2347051,Juquitiba,-23.9333,-47.0667,1720.211,0.122,25.0,0.816,5117.31982421875,0.16243089735507965,39.77046203613281,1.0149561166763306,False,False,False,False,False
standard,Standard,510,2347051,Juquitiba,-23.9333,-47.0667,938.2,0.2007,14.6,0.7582,5117.31982421875,0.16243089735507965,39.77046203613281,1.0149561166763306,False,False,False,False,False
standard,Standard,511,2347053,Tapiraí,-23.9667,-47.5,940.296,0.118,13.848,0.739,10241.0830078125,0.18406106531620026,61.41600036621094,1.1016331911087036,False,False,False,False,False
standard,Standard,512,2348008,Avaré,-23.1,-48.9167,1964.22,0.25,21.0,0.91,2874.226318359375,0.19198453426361084,28.297943115234375,0.9386547803878784,False,False,False,False,False
standard,Standard,513,2348014,Guarei,-23.3667,-48.1833,1358.1,0.116,15.474,0.809,7627.22265625,0.18009372055530548,56.08344268798828,1.0828869342803955,False,False,False,False,False
standard,Standard,514,2348018,Campo do Paiol,-23.3833,-48.0333,500.0,0.096,5.077,0.598,8498.521484375,0.17958371341228485,59.11634063720703,1.099583625793457,False,False,False,False,False
standard,Standard,515,2348027,Buri,-23.8,-48.5833,2000.0,0.103,16.252,0.9,4457.8154296875,0.17783552408218384,35.95964431762695,0.9908497333526611,False,False,False,False,False
standard,Standard,516,2349010,Timburi,-23.2,-49.6167,1999.891,0.161,22.353,0.847,2228.41357421875,0.18642936646938324,17.68570327758789,0.8952835202217102,False,False,False,False,False
standard,Standard,517,2349010,Timburi,-23.2,-49.6167,1763.6,0.1692,17.1,0.8631,2228.41357421875,0.18642936646938324,17.68570327758789,0.8952835202217102,False,False,False,False,False
standard,Standard,518,2349022,Mosteiro Itaporanga,-23.7,-49.48333333,1991.073,0.127,24.999,0.82,3077.095458984375,0.19730211794376373,24.015932083129883,0.931527853012085,False,False,False,False,False
standard,Standard,519,2446003,Itanhaém,-24.1833,-46.8,500.02,0.155,16.91,0.525,,,,,True,True,True,True,True
standard,Standard,520,2447003,Ilha dos Paulistas,-24.06666667,-47.01666667,1215.568,0.166,25.0,0.709,5761.0888671875,0.1498076468706131,42.66707992553711,1.0194354057312012,False,False,False,False,False
standard,Standard,521,2447012,Ribeirão da Serra,-24.28333333,-47.95,1999.51,0.16,25.0,0.824,8903.26171875,0.17822781205177307,58.321533203125,1.0773036479949951,False,False,False,False,False
standard,Standard,522,2447014,Ana Dias,-24.3,-47.06666667,597.803,0.146,13.628,0.564,6937.33056640625,0.24246855080127716,46.5373420715332,1.017000675201416,False,False,False,False,False
standard,Standard,523,2447027,Jurumirim,-24.5,-47.7333,1466.107,0.133,25.0,0.747,7869.4150390625,0.16021375358104706,51.969078063964844,1.0342649221420288,False,False,False,False,False
standard,Standard,524,2447033,Momuna,-24.7,-47.66666667,745.325,0.17,25.0,0.558,8464.38671875,0.17181406915187836,56.420772552490234,1.0444904565811157,False,False,False,False,False
standard,Standard,525,2447040,Itapitangui,-24.93333333,-47.95,668.325,0.186,10.358,0.628,8562.5966796875,0.21376413106918335,57.45015335083008,1.0512272119522095,False,False,False,False,False
standard,Standard,526,2448006,Barreiro,-24.1667,-48.3333,1662.659,0.129,19.72,0.87,5299.99609375,0.18465197086334229,44.603816986083984,1.0206128358840942,False,False,False,False,False
standard,Standard,527,2448014,Eldorado,-24.5167,-48.1,1677.46,0.131,25.0,0.799,6470.56201171875,0.15700432658195496,45.767738342285156,1.0259191989898682,False,False,False,False,False
standard,Standard,528,2448014,Eldorado,-24.5167,-48.1,3543.4,0.1908,37.9,0.9604,6470.56201171875,0.15700432658195496,45.767738342285156,1.0259191989898682,False,False,False,False,False
standard,Standard,529,2448015,Barra dos Pilões,-24.55,-48.4333,1939.411,0.128,25.0,0.848,6199.208984375,0.18063315749168396,43.4490966796875,1.0197474956512451,False,False,False,False,False
standard,Standard,530,2448029,Faxinal,-24.8833,-48.3,1999.359,0.127,23.88,0.888,6761.705078125,0.17397761344909668,51.68651580810547,1.0416884422302246,False,False,False,False,False
standard,Standard,531,2449002,Itararé,-24.1167,-49.333,1439.516,0.164,5.0,0.869,3851.804931640625,0.18051265180110931,29.886598587036133,0.967658281326294,False,False,False,False,False
standard,Standard,532,2449015,Barra do Chapeu,-24.4667,-49.0167,2000.0,0.17,23.241,0.888,4388.06787109375,0.18912021815776825,33.017391204833984,0.9797465205192566,False,False,False,False,False
standard,Standard,533,2548069,Rio Pardinho,-25.0608,-48.5583,1819.733,0.134,25.0,0.843,6388.92529296875,0.15932412445545197,51.36945343017578,1.0367786884307861,False,False,False,False,False
standard,Standard,534,-,Lins,-21.68333333,-49.75,1084.98,0.29,17.0,0.86,1403.791259765625,0.13346457481384277,14.459071159362793,0.8489029407501221,False,False,False,False,False
standard,Standard,535,-,Santos,-23.93333333,-46.31666667,748.69,0.27,10.0,0.66,,,,,True,True,True,True,True
standard,Standard,536,-,São Carlos,-22.01666667,-47.95,2081.48,0.21,23.0,0.88,2464.54296875,0.19462919235229492,23.315378189086914,0.9179162383079529,False,False,False,False,False
standard,Standard,537,-,Andradina,-20.87055556,-51.35388889,1844.723,0.126,25.0,0.829,1170.228271484375,0.17986918985843658,5.10427188873291,0.8069769144058228,False,False,False,False,False
standard,Standard,538,-,Botucatu,-22.95,-48.42166667,1280.215,0.113,25.0,0.718,5017.07275390625,0.21824043989181519,47.20543670654297,1.0357774496078491,False,False,False,False,False
standard,Standard,539,-,Bragança Paulista,-22.93333333,-46.52472222,2000.0,0.151,19.787,0.904,7766.1572265625,0.1659126579761505,58.25300216674805,1.0733972787857056,False,False,False,False,False
standard,Standard,540,-,Caraguatatuba,-23.61305556,-45.38694444,702.441,0.163,25.0,0.581,,,,,True,True,True,True,True
standard,Standard,541,-,Paraíso,-20.98361111,-48.75972222,816.959,0.127,7.139,0.697,1241.55615234375,0.1683514416217804,8.544571876525879,0.836331844329834,False,False,False,False,False
standard,Standard,542,-,Piracicaba,-22.70805556,-47.6175,1773.932,0.173,24.999,0.798,7846.57861328125,0.17364928126335144,46.32915115356445,1.1015007495880127,False,False,False,False,False
standard,Standard,543,-,Salto Grande,-22.87388889,-49.98111111,2000.0,0.132,21.831,0.88,2057.4716796875,0.2304885983467102,18.89765167236328,0.8875689506530762,False,False,False,False,False
standard,Standard,544,-,São José do Rio Pardo,-21.57111111,-46.87805556,701.377,0.119,11.497,0.642,3219.799072265625,0.16664674878120422,31.78158950805664,0.9623861908912659,False,False,False,False,False
standard,Standard,545,-,Socorro,-22.57527778,-46.50444444,1900.574,0.166,25.0,0.849,5349.3935546875,0.18995489180088043,46.41075897216797,1.0260828733444214,False,False,False,False,False
standard,Standard,546,1249000,Alvorada,-12.4836,-49.1244,9989.56,0.211,56.638,1.087,2177.7578125,0.19414322078227997,14.984938621520996,0.8847444653511047,False,False,False,False,False
standard,Standard,547,1146000,Dianópolis,-11.6253,-46.8106,4642.242,0.162,35.878,1.051,1423.7525634765625,0.13442683219909668,11.945415496826172,0.8600978255271912,False,False,False,False,False
standard,Standard,548,1149001,Formoso do Araguaia,-11.7972,-49.525,8740.42,0.176,54.663,1.078,2036.356201171875,0.16123445332050323,11.312982559204102,0.8926393985748291,False,False,False,False,False
standard,Standard,549,848001,Guarai,-8.8319,-48.8172,8650.36,0.178,41.365,1.098,2711.018798828125,0.16214267909526825,29.516048431396484,0.9097713828086853,False,False,False,False,False
standard,Standard,550,948000,Miracema do Tocantins,-9.5642,-48.3875,5958.095,0.173,35.298,1.043,2314.420166015625,0.1880086213350296,22.663719177246094,0.8932176828384399,False,False,False,False,False
standard,Standard,551,1249002,Projeto Rio Formoso,-11.8394,-49.7717,8950.25,0.194,71.072,1.027,2289.672607421875,0.16022787988185883,11.547247886657715,0.8843600153923035,False,False,False,False,False
standard,Standard,552,647000,Tocantinópolis,-6.2886,-47.3919,9862.0,0.187,69.638,1.072,3247.032958984375,0.1826597899198532,24.278106689453125,0.924220085144043,False,False,False,False,False
standard,Standard,553,848003,Tupiratins,-8.3992,-48.1303,2300.09,0.155,31.686,0.869,4512.78564453125,0.15098442137241364,45.69477844238281,0.9884128570556641,False,False,False,False,False
disaggregation,Disaggregation,2,,,-7.6111,-72.6811,1019.1,0.1471,12.4,0.7615,3301.968505859375,0.2154870331287384,18.796215057373047,0.9235436320304871,False,False,False,False,False
disaggregation,Disaggregation,3,,,-8.93527778,-72.785,668.49,0.2501,9.19,0.7062,3087.90576171875,0.1894587129354477,12.93111801147461,0.8980020880699158,False,False,False,False,False
disaggregation,Disaggregation,4,,,-9.9758,-67.8,883.77,0.1037,9.19,0.706,3439.93408203125,0.17981626093387604,25.465503692626953,0.933853268623352,False,False,False,False,False
disaggregation,Disaggregation,5,,,-10.64972222,-68.50666667,909.46,0.1106,9.19,0.7061,3316.94921875,0.1717977225780487,21.602394104003906,0.9214662909507751,False,False,False,False,False
disaggregation,Disaggregation,6,,,-0.3992,-51.4203,759.9,0.235,9.19,0.706,981.7618408203125,0.15796354413032532,26.630144119262695,0.7892937064170837,False,False,False,False,False
disaggregation,Disaggregation,7,,,-0.5711,-52.575,706.0,0.178,9.19,0.706,1685.7049560546875,0.15407727658748627,33.76015853881836,0.8598856925964355,False,False,False,False,False
disaggregation,Disaggregation,8,,,0.50805556,-50.74833333,658.9,0.25,9.19,0.706,972.0833740234375,0.16318340599536896,4.785908222198486,0.7537208795547485,False,False,False,False,False
disaggregation,Disaggregation,9,,,0.045,-51.11,918.8,0.171,9.19,0.706,712.3983154296875,0.12938779592514038,15.827957153320312,0.7454387545585632,False,False,False,False,False
disaggregation,Disaggregation,10,,,0.3031,-51.1267,624.0,0.234,9.2,0.706,550.1107788085938,0.16388599574565887,6.832488536834717,0.6988836526870728,False,False,False,False,False
disaggregation,Disaggregation,11,,,0.3031,-51.1267,849.0,0.2192,12.6,0.7688,550.1107788085938,0.16388599574565887,6.832488536834717,0.6988836526870728,False,False,False,False,False
disaggregation,Disaggregation,12,,,0.8803,-52.0094,615.4,0.161,9.19,0.706,3183.7119140625,0.1712351143360138,100.04833221435547,0.9782998561859131,False,False,False,False,False
disaggregation,Disaggregation,13,,,0.8803,-52.0094,878.3,0.1732,12.4,0.7703,3183.7119140625,0.1712351143360138,100.04833221435547,0.9782998561859131,False,False,False,False,False
disaggregation,Disaggregation,14,,,1.22611111,-50.89722222,786.5,0.157,9.19,0.706,3177.363037109375,0.21648961305618286,32.10988998413086,0.9284177422523499,False,False,False,False,False
disaggregation,Disaggregation,15,,,1.58027778,-50.90277778,998.1,0.164,9.19,0.706,2575.737548828125,0.19262927770614624,17.496809005737305,0.8988176584243774,False,False,False,False,False
disaggregation,Disaggregation,16,,,2.4956,-50.9508,1158.5,0.244,9.19,0.706,3377.9716796875,0.1678299754858017,21.47727394104004,0.894416332244873,False,False,False,False,False
disaggregation,Disaggregation,17,,,2.0547,-50.7881,1337.0,0.157,9.19,0.706,3324.59326171875,0.173899307847023,22.69553565979004,0.8980098962783813,False,False,False,False,False
disaggregation,Disaggregation,18,,,2.6983,-51.3614,853.6,0.157,9.19,0.706,2810.243896484375,0.18817098438739777,24.298025131225586,0.8807128667831421,False,False,False,False,False
disaggregation,Disaggregation,19,,,3.8436,-51.8375,986.6,0.118,9.19,0.706,,,,,True,True,True,True,True
disaggregation,Disaggregation,20,,,-13.3672,-39.0772,1172.9,0.1826,32.7,0.7706,4466.36181640625,0.25530433654785156,55.327972412109375,0.985005795955658,False,False,False,False,False
disaggregation,Disaggregation,21,,,-3.9,-38.6667,3000.3,0.137,26.1,0.9097,1708.4798583984375,0.24560928344726562,10.327884674072266,0.8508434295654297,False,False,False,False,False
disaggregation,Disaggregation,22,,,-4.15,-38.83333333,2552.6,0.1704,26.3,0.9097,1388.26171875,0.23397530615329742,11.573325157165527,0.858016848564148,False,False,False,False,False
disaggregation,Disaggregation,23,,,-5.9,-38.6167,450.37,0.0745,0.0,0.6616,1230.736572265625,0.18027013540267944,13.30311393737793,0.860744833946228,False,False,False,False,False
disaggregation,Disaggregation,24,,,-5.7,-39.0167,449.96,0.0699,0.0,0.6575,1211.83154296875,0.19541151821613312,13.303112030029297,0.860744833946228,False,False,False,False,False
disaggregation,Disaggregation,25,,,-6.25,-38.9167,413.33,0.0762,0.0,0.6567,1630.19970703125,0.22955913841724396,14.1178617477417,0.8688985109329224,False,False,False,False,False
disaggregation,Disaggregation,26,,,-6.4,-38.85,438.86,0.0743,0.0,0.6567,1665.9591064453125,0.21040727198123932,14.117833137512207,0.8688982725143433,False,False,False,False,False
disaggregation,Disaggregation,27,,,-6.1167,-39.45,407.99,0.0765,0.0,0.6567,1502.483154296875,0.16111554205417633,14.448298454284668,0.8697778582572937,False,False,False,False,False
disaggregation,Disaggregation,28,,,-6.6,-39.06666667,498.58,0.0705,0.0,0.6566,1746.463134765625,0.1855425238609314,14.448246002197266,0.8697773814201355,False,False,False,False,False
disaggregation,Disaggregation,29,,,-6.5333,-39.5,464.89,0.0727,0.0,0.6567,1653.7242431640625,0.16182272136211395,15.016632080078125,0.8714619874954224,False,False,False,False,False
disaggregation,Disaggregation,30,,,-6.3667,-39.3,490.95,0.071,0.0,0.6567,1636.536865234375,0.18658608198165894,14.448380470275879,0.869778573513031,False,False,False,False,False
disaggregation,Disaggregation,31,,,-7.23333333,-39.4,1188.875,0.178,11.5,0.7602,1532.79443359375,0.224686861038208,15.213719367980957,0.8612565994262695,False,False,False,False,False
disaggregation,Disaggregation,32,,,-6.77897222,-39.29522222,457.58,0.0719,0.0,0.6573,1642.6619873046875,0.168391615152359,15.016633987426758,0.8714619874954224,False,False,False,False,False
disaggregation,Disaggregation,33,,,-15.79,-47.9228,1926.2,0.1349,9.8,0.8678,1462.65771484375,0.1281069666147232,4.7315239906311035,0.8487939238548279,False,False,False,False,False
disaggregation,Disaggregation,34,,,-18.9856,-40.7461,3267.4,0.1649,52.2,0.9207,1218.066650390625,0.15050700306892395,3.994204044342041,0.811866819858551,False,False,False,False,False
disaggregation,Disaggregation,35,,,-18.9817,-39.9933,3091.8,0.1607,38.5,0.924,1235.2432861328125,0.1669921725988388,3.6642394065856934,0.805018424987793,False,False,False,False,False
disaggregation,Disaggregation,36,,,-20.6806,-41.3483,2263.8,0.1423,19.3,0.8536,13419.2236328125,0.11837660521268845,89.13558197021484,1.1371794939041138,False,False,False,False,False
disaggregation,Disaggregation,37,,,-15.93939999,-50.14059999,1174.71,0.164,13.454,0.79,2122.88720703125,0.1871127337217331,28.60651206970215,0.9072218537330627,False,False,False,False,False
disaggregation,Disaggregation,38,,,-16.6736,-49.2639,903.0,0.197,13.8,0.7682,2086.0009765625,0.16122221946716309,31.84463119506836,0.912724494934082,False,False,False,False,False
disaggregation,Disaggregation,39,,,-17.72416667,-48.17111111,881.7487,0.1333,10.5332,0.7519,1647.0068359375,0.13539744913578033,13.044564247131348,0.8650323152542114,False,False,False,False,False
disaggregation,Disaggregation,40,,,-20.76471778,-42.87062194,4985.9,0.1572,28.0,0.9811,13751.884765625,0.20388421416282654,94.82267761230469,1.156064748764038,False,False,False,False,False
disaggregation,Disaggregation,41,,,-16.7025,-44.11719999,4361.2,0.2009,34.8,0.9851,2853.02978515625,0.19239772856235504,35.501644134521484,0.9554051160812378,False,False,False,False,False
disaggregation,Disaggregation,42,,,-17.7725,-47.0986,778.7,0.1834,10.0,0.7399,1751.545654296875,0.15208683907985687,5.6525092124938965,0.8735418915748596,False,False,False,False,False
disaggregation,Disaggregation,43,,,-18.5928,-43.4125,4022.58,0.1536,31.91,0.9588,1668.4127197265625,0.1486794650554657,15.324563026428223,0.8676673769950867,False,False,False,False,False
disaggregation,Disaggregation,44,,,-18.3061,-44.2258,2518.4,0.1577,29.6,0.9121,1904.840576171875,0.1732727587223053,19.236011505126953,0.8949080109596252,False,False,False,False,False
disaggregation,Disaggregation,45,,,-18.9231,-48.2886,330.4083,0.1452,0.0,0.6164,1184.390625,0.17403779923915863,7.67958927154541,0.8218936324119568,False,False,False,False,False
disaggregation,Disaggregation,46,,,-19.6783,-41.8361,5121.4,0.1701,29.2,0.9876,5998.52197265625,0.22316479682922363,55.469303131103516,1.0323528051376343,False,False,False,False,False
disaggregation,Disaggregation,47,,,-19.9228,-43.1778,583.2,0.1802,6.1,0.7048,7771.0361328125,0.16460295021533966,67.27530670166016,1.0778536796569824,False,False,False,False,False
disaggregation,Disaggregation,48,,,-19.2372,-44.1231,679.1,0.2645,10.4,0.7438,2252.70849609375,0.15128834545612335,26.349769592285156,0.9167670011520386,False,False,False,False,False
disaggregation,Disaggregation,49,,,-20.73999999,-42.02389999,2047.2,0.1635,20.9,0.8972,21732.537109375,0.11844974011182785,118.05643463134766,1.2324315309524536,False,False,False,False,False
disaggregation,Disaggregation,50,,,-20.6825,-42.80669999,4843.2,0.1501,28.702,0.9943,11417.2705078125,0.18650764226913452,84.21450805664062,1.1271575689315796,False,False,False,False,False
disaggregation,Disaggregation,51,,,-20.2772,-42.3256,975.8,0.183,13.9,0.7831,42737.30859375,0.1859188973903656,141.43594360351562,1.3063418865203857,False,False,False,False,False
disaggregation,Disaggregation,52,,,-20.62529999,-44.4333,1488.24,0.135,8.95,0.8209,2529.749267578125,0.20808087289333344,15.028253555297852,0.898359477519989,False,False,False,False,False
disaggregation,Disaggregation,53,,,-20.0211,-45.96609999,1405.17,0.1604,7.85,0.8133,1873.648193359375,0.1307099163532257,18.11831283569336,0.8882191181182861,False,False,False,False,False
disaggregation,Disaggregation,54,,,-20.4722,-45.03609999,654.72,0.1517,9.66,0.6925,2673.728271484375,0.16776646673679352,24.478973388671875,0.9232260584831238,False,False,False,False,False
disaggregation,Disaggregation,55,,,-20.0367,-45.53529999,1507.21,0.156,16.98,0.8087,2237.84521484375,0.13091163337230682,25.293018341064453,0.9174954891204834,False,False,False,False,False
disaggregation,Disaggregation,56,,,-21.7692,-42.5397,1210.6,0.221,13.9,0.8215,10129.630859375,0.13431772589683533,92.45323181152344,1.115724802017212,False,False,False,False,False
disaggregation,Disaggregation,57,,,-21.35559999,-43.0503,2121.1,0.1637,11.6,0.8965,10779.5185546875,0.13547122478485107,91.87175750732422,1.1199676990509033,False,False,False,False,False
disaggregation,Disaggregation,58,,,-21.8964,-43.0414,2211.0,0.1699,12.6,0.9062,8173.5693359375,0.17830906808376312,92.57542419433594,1.08345627784729,False,False,False,False,False
disaggregation,Disaggregation,59,,,-21.9664,-43.3725,3162.2,0.1447,22.5,0.6469,5231.59130859375,0.19893424212932587,59.222740173339844,1.0396995544433594,False,False,False,False,False
disaggregation,Disaggregation,60,,,-21.34359999,-45.17029999,655.9,0.2113,4.0,0.7317,2079.26953125,0.16689179837703705,17.323450088500977,0.9081956744194031,False,False,False,False,False
disaggregation,Disaggregation,61,,,-22.35419999,-45.8539,1747.1,0.1703,15.2,0.8814,2470.86279296875,0.15921534597873688,25.116046905517578,0.9234262108802795,False,False,False,False,False
disaggregation,Disaggregation,62,,,-17.8308,-54.31309999,5690.78,0.163,32.38,1.05,2044.4697265625,0.25006216764450073,0.3006170094013214,0.8952919244766235,False,False,False,False,False
disaggregation,Disaggregation,63,,,-17.79029999,-55.7736,7766.55,0.263,32.54,1.05,1472.887451171875,0.20784181356430054,5.974650859832764,0.8310225009918213,False,False,False,False,False
disaggregation,Disaggregation,64,,,-17.6233,-56.965,6993.54,0.263,32.62,1.05,1522.6929931640625,0.16219523549079895,10.857540130615234,0.8331040143966675,False,False,False,False,False
disaggregation,Disaggregation,65,,,-18.9978,-52.58809999,6127.41,0.133,32.63,1.05,772.3010864257812,0.13978497684001923,7.4947967529296875,0.7562702894210815,False,False,False,False,False
disaggregation,Disaggregation,66,,,-18.6917,-52.59309999,7140.0,0.273,32.62,1.05,624.6704711914062,0.1720217615365982,8.578306198120117,0.7310470342636108,False,False,False,False,False
disaggregation,Disaggregation,67,,,-18.1906,-54.2578,5519.45,0.163,32.92,1.06,1188.513427734375,0.1431981921195984,1.5361663103103638,0.8178234100341797,False,False,False,False,False
disaggregation,Disaggregation,68,,,-18.5472,-53.1353,5701.19,0.173,32.7,1.06,827.3921508789062,0.17902609705924988,4.909572124481201,0.764726459980011,False,False,False,False,False
disaggregation,Disaggregation,69,,,-18.0986,-54.54719999,6401.78,0.183,32.8,1.06,1856.8662109375,0.1858854740858078,0.32893285155296326,0.8914605379104614,False,False,False,False,False
disaggregation,Disaggregation,70,,,-18.91,-54.8322,6552.89,0.163,32.83,1.06,1209.510986328125,0.15735936164855957,5.9023518562316895,0.8023370504379272,False,False,False,False,False
disaggregation,Disaggregation,71,,,-18.6492,-54.35719999,5770.01,0.183,32.3,1.05,1255.7027587890625,0.18592236936092377,2.103764057159424,0.8092197775840759,False,False,False,False,False
disaggregation,Disaggregation,72,,,-19.39079999,-51.6089,5856.28,0.183,32.49,1.05,1166.462158203125,0.15747538208961487,6.7589640617370605,0.8093859553337097,False,False,False,False,False
disaggregation,Disaggregation,73,,,-19.2292,-51.875,9048.45,0.313,32.6,1.05,1037.5791015625,0.1569308489561081,7.998789310455322,0.7971636652946472,False,False,False,False,False
disaggregation,Disaggregation,74,,,-19.7364,-51.9336,5946.47,0.213,32.78,1.06,1255.5733642578125,0.17853307723999023,4.54561710357666,0.8208938837051392,False,False,False,False,False
disaggregation,Disaggregation,75,,,-19.4442,-52.5583,5993.0,0.223,32.76,1.06,970.6466064453125,0.17644304037094116,6.01671028137207,0.7838640809059143,False,False,False,False,False
disaggregation,Disaggregation,76,,,-19.6781,-52.8964,5936.06,0.203,32.9,1.06,1032.8612060546875,0.12920507788658142,6.61771821975708,0.7913164496421814,False,False,False,False,False
disaggregation,Disaggregation,77,,,-19.5536,-52.1664,5834.67,0.163,32.63,1.05,1175.4896240234375,0.19545981287956238,6.474230766296387,0.8010943531990051,False,False,False,False,False
disaggregation,Disaggregation,78,,,-19.3769,-53.5697,6013.69,0.203,32.37,1.05,1019.3038330078125,0.15087267756462097,6.797842502593994,0.7931687831878662,False,False,False,False,False
disaggregation,Disaggregation,79,,,-19.7847,-53.9639,5471.1,0.183,32.67,1.06,1238.59619140625,0.156539186835289,9.246437072753906,0.8097564578056335,False,False,False,False,False
disaggregation,Disaggregation,80,,,-19.2719,-53.4908,5963.15,0.173,32.34,1.05,984.3114624023438,0.14703384041786194,6.424803256988525,0.7899730801582336,False,False,False,False,False
disaggregation,Disaggregation,81,,,-19.9533,-54.8786,5418.41,0.163,32.36,1.05,1218.97509765625,0.18049356341362,5.8966546058654785,0.8022693395614624,False,False,False,False,False
disaggregation,Disaggregation,82,,,-19.4397,-54.9833,6018.5,0.213,32.81,1.06,1223.2691650390625,0.1950082778930664,5.8966450691223145,0.8022692203521729,False,False,False,False,False
disaggregation,Disaggregation,83,,,-19.4967,-53.9967,6234.04,0.183,32.29,1.05,1176.6566162109375,0.14588315784931183,7.134271144866943,0.7999730706214905,False,False,False,False,False
disaggregation,Disaggregation,84,,,-19.9178,-54.3586,6327.62,0.183,32.63,1.05,1312.271240234375,0.14750686287879944,9.223404884338379,0.8112635016441345,False,False,False,False,False
disaggregation,Disaggregation,85,,,-19.3222,-54.1611,7003.09,0.193,33.37,1.07,1120.5618896484375,0.16496646404266357,5.895601272583008,0.7972990870475769,False,False,False,False,False
disaggregation,Disaggregation,86,,,-19.9447,-55.7944,7152.43,0.213,32.28,1.05,2258.17724609375,0.23957295715808868,20.850744247436523,0.8608001470565796,False,False,False,False,False
disaggregation,Disaggregation,87,,,-19.1733,-56.7122,5984.28,0.233,32.4,1.05,1503.70703125,0.15841829776763916,5.5315375328063965,0.8274163603782654,False,False,False,False,False
disaggregation,Disaggregation,88,,,-19.6967,-56.2828,6252.52,0.163,32.96,1.06,1454.85400390625,0.2448670119047165,5.8946452140808105,0.802245557308197,False,False,False,False,False
disaggregation,Disaggregation,89,,,-19.0033,-56.0889,6481.44,0.183,32.45,1.05,1525.9166259765625,0.17111140489578247,5.530121326446533,0.8273986577987671,False,False,False,False,False
disaggregation,Disaggregation,90,,,-19.8708,-56.9836,6665.92,0.223,32.46,1.05,2151.495361328125,0.1990039050579071,22.103981018066406,0.8606106638908386,False,False,False,False,False
disaggregation,Disaggregation,91,,,-19.3592,-56.4092,6002.67,0.213,32.84,1.06,1554.2315673828125,0.1819642037153244,5.530942440032959,0.8274089097976685,False,False,False,False,False
disaggregation,Disaggregation,92,,,-19.0,-57.64999999,1421.6,0.2247,23.3,0.8333,,,,,True,True,True,True,True
disaggregation,Disaggregation,93,,,-19.2583,-57.2353,5944.54,0.183,32.56,1.05,1503.70703125,0.15841829776763916,5.5315375328063965,0.8274163603782654,False,False,False,False,False
disaggregation,Disaggregation,94,,,-19.9186,-57.7894,7430.45,0.193,32.57,1.05,2151.495361328125,0.1990039050579071,22.103981018066406,0.8606106638908386,False,False,False,False,False
disaggregation,Disaggregation,95,,,-19.3053,-57.5933,5994.5,0.243,32.79,1.06,1503.70703125,0.15841829776763916,5.5315375328063965,0.8274163603782654,False,False,False,False,False
disaggregation,Disaggregation,96,,,-19.6008,-57.4381,6132.64,0.223,32.41,1.05,2151.495361328125,0.1990039050579071,22.103981018066406,0.8606106638908386,False,False,False,False,False
disaggregation,Disaggregation,97,,,-20.8,-51.6333,5618.3,0.203,32.93,1.06,1032.4112548828125,0.16322362422943115,6.067332744598389,0.8016024231910706,False,False,False,False,False
disaggregation,Disaggregation,98,,,-20.3636,-51.4239,5294.07,0.143,32.7,1.06,1699.4512939453125,0.20085278153419495,2.375734329223633,0.8789082765579224,False,False,False,False,False
disaggregation,Disaggregation,99,,,-20.0683,-51.1036,5921.58,0.173,33.07,1.06,1774.663818359375,0.17876476049423218,2.7935588359832764,0.8622169494628906,False,False,False,False,False
disaggregation,Disaggregation,100,,,-20.4453,-52.9019,6324.52,0.193,32.48,1.05,1233.5860595703125,0.1524205356836319,10.218493461608887,0.7986011505126953,False,False,False,False,False
disaggregation,Disaggregation,101,,,-20.1019,-52.9258,5496.57,0.193,32.85,1.06,1105.2506103515625,0.1474672555923462,8.492426872253418,0.7980931997299194,False,False,False,False,False
disaggregation,Disaggregation,102,,,-20.6028,-52.2183,5325.19,0.193,32.61,1.05,1071.4315185546875,0.17629976570606232,7.678170204162598,0.7980067133903503,False,False,False,False,False
disaggregation,Disaggregation,103,,,-20.4447,-53.7581,5962.36,0.233,32.59,1.05,1266.2742919921875,0.17837098240852356,15.470662117004395,0.8264947533607483,False,False,False,False,False
disaggregation,Disaggregation,104,,,-20.6769,-53.5714,5475.24,0.173,32.57,1.05,1354.4234619140625,0.1999383270740509,15.163713455200195,0.8192612528800964,False,False,False,False,False
disaggregation,Disaggregation,105,,,-20.4931,-54.8114,6581.91,0.173,32.66,1.05,2012.58642578125,0.18289878964424133,20.16166877746582,0.8543264865875244,False,False,False,False,False
disaggregation,Disaggregation,106,,,-20.4517,-54.6275,1009.6,0.1834,15.3,0.7796,1810.2532958984375,0.15577393770217896,19.163721084594727,0.8488733172416687,False,False,False,False,False
disaggregation,Disaggregation,107,,,-20.1022,-54.4347,5249.12,0.213,32.51,1.05,1354.756591796875,0.18831965327262878,9.222376823425293,0.8112530708312988,False,False,False,False,False
disaggregation,Disaggregation,108,,,-20.1278,-55.3933,6686.77,0.213,32.63,1.06,2041.4366455078125,0.2031659185886383,20.852802276611328,0.8608156442642212,False,False,False,False,False
disaggregation,Disaggregation,109,,,-20.4489,-55.4308,6515.63,0.223,32.48,1.05,2330.034912109375,0.190923810005188,20.85053062438965,0.8607985377311707,False,False,False,False,False
disaggregation,Disaggregation,110,,,-20.0703,-55.6453,7107.71,0.213,32.37,1.05,2092.973388671875,0.21267858147621155,20.85224723815918,0.8608114719390869,False,False,False,False,False
disaggregation,Disaggregation,111,,,-20.2408,-56.3958,6408.84,0.223,32.63,1.05,2140.701416015625,0.18163900077342987,22.10430908203125,0.8606130480766296,False,False,False,False,False
disaggregation,Disaggregation,112,,,-20.7644,-56.0931,6249.01,0.183,32.48,1.06,2352.045166015625,0.23149532079696655,22.102294921875,0.8605983257293701,False,False,False,False,False
disaggregation,Disaggregation,113,,,-20.1019,-56.7953,7143.01,0.193,33.11,1.06,2151.495361328125,0.1990039050579071,22.103981018066406,0.8606106638908386,False,False,False,False,False
disaggregation,Disaggregation,114,,,-20.8006,-52.3883,5518.75,0.163,32.76,1.06,1127.2708740234375,0.18280544877052307,13.25243854522705,0.8006628751754761,False,False,False,False,False
disaggregation,Disaggregation,115,,,-21.7258,-52.3342,6326.17,0.183,32.66,1.05,14832.8828125,0.2182120829820633,140.55699157714844,1.1376385688781738,False,False,False,False,False
disaggregation,Disaggregation,116,,,-21.2953,-52.8106,5786.05,0.153,32.77,1.06,3012.00390625,0.1694851964712143,45.8814811706543,0.9255754351615906,False,False,False,False,False
disaggregation,Disaggregation,117,,,-21.6153,-53.0522,6424.37,0.223,32.1,1.06,4665.9970703125,0.20562785863876343,60.08536911010742,0.9777361750602722,False,False,False,False,False
disaggregation,Disaggregation,118,,,-21.6472,-54.4253,6120.84,0.213,32.72,1.06,3560.53173828125,0.15874773263931274,41.650634765625,0.9411484003067017,False,False,False,False,False
disaggregation,Disaggregation,119,,,-21.8061,-54.60309999,7146.46,0.223,32.55,1.06,4662.107421875,0.1646251529455185,50.08439636230469,0.9801666736602783,False,False,False,False,False
disaggregation,Disaggregation,120,,,-21.6889,-57.3597,6568.71,0.203,32.86,1.06,3142.78173828125,0.20704299211502075,24.918537139892578,0.8921826481819153,False,False,False,False,False
disaggregation,Disaggregation,121,,,-22.1864,-52.7133,5593.33,0.173,32.72,1.06,8720.5185546875,0.14501336216926575,87.69109344482422,1.0546023845672607,False,False,False,False,False
disaggregation,Disaggregation,122,,,-22.6244,-54.8247,6149.91,0.193,32.83,1.06,13630.2841796875,0.17745842039585114,94.51165008544922,1.1262034177780151,False,False,False,False,False
disaggregation,Disaggregation,123,,,-22.3981,-54.7917,6546.29,0.173,32.67,1.06,14988.552734375,0.1570890098810196,92.10688781738281,1.1258575916290283,False,False,False,False,False
disaggregation,Disaggregation,124,,,-22.11,-56.5275,7178.65,0.173,32.66,1.05,,,,,True,True,True,True,True
disaggregation,Disaggregation,125,,,-22.0142,-57.0322,6395.67,0.203,32.61,1.05,2849.513671875,0.2235739827156067,24.91872787475586,0.8921840190887451,False,False,False,False,False
disaggregation,Disaggregation,126,,,-23.0578,-54.1939,5813.08,0.183,32.43,1.05,16766.21875,0.18695758283138275,105.429443359375,1.1551933288574219,False,False,False,False,False
disaggregation,Disaggregation,127,,,-23.6819,-54.5617,5959.36,0.193,32.43,1.05,28821.6015625,0.1508590579032898,115.22936248779297,1.220501184463501,False,False,False,False,False
disaggregation,Disaggregation,128,,,-22.9703,-54.5633,7146.46,0.183,32.32,1.05,15749.7177734375,0.21965768933296204,107.26319885253906,1.146611213684082,False,False,False,False,False
disaggregation,Disaggregation,129,,,-23.0978,-55.2436,7848.9,0.173,33.17,1.05,10212.01171875,0.17122377455234528,70.47007751464844,1.0814145803451538,False,False,False,False,False
disaggregation,Disaggregation,130,,,-1.5656,-48.7669,2742.209,0.151,18.573,0.892,3007.95703125,0.19633547961711884,35.819358825683594,0.9373965859413147,False,False,False,False,False
disaggregation,Disaggregation,131,,,-1.5264,-52.57829999,6611.0,0.1621,63.0,1.0044,5516.8740234375,0.15378332138061523,61.04700469970703,0.9870313405990601,False,False,False,False,False
disaggregation,Disaggregation,132,,,-1.9014,-55.5186,3812.1,0.143,33.9,0.9321,15443.9150390625,0.20342318713665009,113.76622772216797,1.1270502805709839,False,False,False,False,False
disaggregation,Disaggregation,133,,,-4.8233,-56.0,3490.9,0.1785,33.5,0.931,3842.397705078125,0.18045158684253693,41.76813888549805,0.9363117218017578,False,False,False,False,False
disaggregation,Disaggregation,134,,,-5.3656,-49.125,2409.3,0.1677,17.5,0.8713,1776.810791015625,0.18954148888587952,10.659232139587402,0.8471776247024536,False,False,False,False,False
disaggregation,Disaggregation,135,,,-6.7947,-49.5486,2565.0,0.1511,24.6,0.8776,2608.076904296875,0.15569835901260376,42.05364227294922,0.9198941588401794,False,False,False,False,False
disaggregation,Disaggregation,136,,,-6.1053,-49.3775,2128.2,0.1707,24.4,0.8775,3070.741943359375,0.15708287060260773,49.198665618896484,0.9360744953155518,False,False,False,False,False
disaggregation,Disaggregation,137,,,-7.09540861,-34.8488925,1424.1,0.1305,23.6,0.7468,,,,,True,True,True,True,True
disaggregation,Disaggregation,138,,,-7.9681,-35.1567,304.281,0.2129,2.8307,0.558,1367.4803466796875,0.28716838359832764,14.500842094421387,0.8608511686325073,False,False,False,False,False
disaggregation,Disaggregation,139,,,-7.5667,-35.0,491.151,0.1987,2.8231,0.5573,1328.4400634765625,0.28485482931137085,14.501096725463867,0.8608534336090088,False,False,False,False,False
disaggregation,Disaggregation,140,,,-7.9833,-38.3,989.995,0.2075,14.4,0.7847,1467.1331787109375,0.20831164717674255,15.213725090026855,0.8612566590309143,False,False,False,False,False
disaggregation,Disaggregation,141,,,-8.03332999,-34.88329999,362.7199,0.2129,4.4122,0.5824,,,,,True,True,True,True,True
disaggregation,Disaggregation,142,,,-8.67939999,-35.57719999,1193.0,0.2613,12.1,0.8169,1218.466552734375,0.25577104091644287,14.502005577087402,0.8608615398406982,False,False,False,False,False
disaggregation,Disaggregation,143,,,-8.69999999,-36.45,960.2,0.2483,12.1,0.8173,1367.4803466796875,0.28716838359832764,14.500842094421387,0.8608511686325073,False,False,False,False,False
disaggregation,Disaggregation,144,,,-3.4622,-42.3733,4561.0,0.1594,35.0,0.9738,1633.8245849609375,0.18241308629512787,12.876516342163086,0.85650235414505,False,False,False,False,False
disaggregation,Disaggregation,145,,,-25.46669999,-48.8333,1254.6,0.2655,34.7,0.8131,5508.49609375,0.15670685470104218,43.47389602661133,1.00734281539917,False,False,False,False,False
disaggregation,Disaggregation,146,,,-20.9692,-42.0517,1775.2,0.1784,16.8,0.8644,30507.873046875,0.14882470667362213,138.00811767578125,1.2733172178268433,False,False,False,False,False
disaggregation,Disaggregation,147,,,-21.62529999,-41.9853,1694.1,0.1533,25.0,0.861,26039.314453125,0.20157775282859802,152.2355499267578,1.2429455518722534,False,False,False,False,False
disaggregation,Disaggregation,148,,,-21.9333,-42.6167,1743.0,0.1864,23.4,0.8394,7851.85107421875,0.1660434454679489,78.34195709228516,1.0757415294647217,False,False,False,False,False
disaggregation,Disaggregation,149,,,-21.54189999,-42.18249999,1266.9,0.1917,13.2,0.8156,25287.666015625,0.22223174571990967,154.77291870117188,1.2417466640472412,False,False,False,False,False
disaggregation,Disaggregation,150,,,-22.1403,-43.1542,2085.0,0.1877,17.3,0.8976,5615.12646484375,0.19050568342208862,60.90904235839844,1.0336731672286987,False,False,False,False,False
disaggregation,Disaggregation,151,,,-22.4819,-43.83919999,2055.6,0.1733,20.0,0.8908,2213.656494140625,0.20852446556091309,14.830716133117676,0.8964484333992004,False,False,False,False,False
disaggregation,Disaggregation,152,,,-22.30359999,-44.1869,1078.9,0.1597,12.5,0.7675,1932.93505859375,0.15118949115276337,9.103728294372559,0.883196234703064,False,False,False,False,False
disaggregation,Disaggregation,153,,,-22.4833,-44.4453,1020.1,0.1598,13.1,0.7734,1952.502685546875,0.21794407069683075,9.121169090270996,0.8813864588737488,False,False,False,False,False
disaggregation,Disaggregation,154,,,-4.9833,-37.15,507.354,0.209,9.778,0.741,,,,,True,True,True,True,True
disaggregation,Disaggregation,155,,,-5.9,-35.7667,620.735,0.221,9.778,0.741,1407.54833984375,0.17630480229854584,13.302977561950684,0.8607435822486877,False,False,False,False,False
disaggregation,Disaggregation,156,,,-5.6167,-35.6667,657.575,0.219,9.778,0.741,1484.6441650390625,0.20245027542114258,13.302708625793457,0.8607410192489624,False,False,False,False,False
disaggregation,Disaggregation,157,,,-5.6333,-35.4333,1037.366,0.186,9.778,0.741,1484.6441650390625,0.20245027542114258,13.302708625793457,0.8607410192489624,False,False,False,False,False
disaggregation,Disaggregation,158,,,-5.9833,-35.6167,756.019,0.235,9.778,0.741,1407.54833984375,0.17630480229854584,13.302977561950684,0.8607435822486877,False,False,False,False,False
disaggregation,Disaggregation,159,,,-5.95,-35.9333,674.097,0.195,9.778,0.741,1407.54833984375,0.17630480229854584,13.302977561950684,0.8607435822486877,False,False,False,False,False
disaggregation,Disaggregation,160,,,-5.7,-35.8167,584.125,0.208,9.778,0.741,1484.6441650390625,0.20245027542114258,13.302708625793457,0.8607410192489624,False,False,False,False,False
disaggregation,Disaggregation,161,,,-5.2167,-35.8333,576.418,0.198,9.778,0.741,1484.6441650390625,0.20245027542114258,13.302708625793457,0.8607410192489624,False,False,False,False,False
disaggregation,Disaggregation,162,,,-5.5167,-35.25,948.887,0.213,9.778,0.741,,,,,True,True,True,True,True
disaggregation,Disaggregation,163,,,-5.1167,-35.6333,685.195,0.185,9.778,0.741,,,,,True,True,True,True,True
disaggregation,Disaggregation,164,,,-5.8167,-35.8167,638.073,0.236,9.778,0.741,1407.54833984375,0.17630480229854584,13.302977561950684,0.8607435822486877,False,False,False,False,False
disaggregation,Disaggregation,165,,,-5.8,-35.3333,922.965,0.209,9.778,0.741,1407.54833984375,0.17630480229854584,13.302977561950684,0.8607435822486877,False,False,False,False,False
disaggregation,Disaggregation,166,,,-5.9167,-35.1833,964.868,0.216,9.778,0.741,,,,,True,True,True,True,True
disaggregation,Disaggregation,167,,,-5.3833,-35.4667,786.762,0.198,9.778,0.741,1484.6441650390625,0.20245027542114258,13.302708625793457,0.8607410192489624,False,False,False,False,False
disaggregation,Disaggregation,168,,,-5.6833,-35.3,793.552,0.179,9.778,0.741,1407.54833984375,0.17630480229854584,13.302977561950684,0.8607435822486877,False,False,False,False,False
disaggregation,Disaggregation,169,,,-5.8167,-35.55,810.512,0.231,9.778,0.741,1407.54833984375,0.17630480229854584,13.302977561950684,0.8607435822486877,False,False,False,False,False
disaggregation,Disaggregation,170,,,-5.8333,-35.7167,494.926,0.226,9.778,0.741,1407.54833984375,0.17630480229854584,13.302977561950684,0.8607435822486877,False,False,False,False,False
disaggregation,Disaggregation,171,,,-5.8667,-35.9333,529.629,0.242,9.778,0.741,1407.54833984375,0.17630480229854584,13.302977561950684,0.8607435822486877,False,False,False,False,False
disaggregation,Disaggregation,172,,,-5.15,-35.8667,518.113,0.19,9.778,0.741,1304.6552734375,0.20234856009483337,13.303031921386719,0.860744059085846,False,False,False,False,False
disaggregation,Disaggregation,173,,,-5.7,-36.25,643.977,0.217,9.778,0.741,1484.6441650390625,0.20245027542114258,13.302708625793457,0.8607410192489624,False,False,False,False,False
disaggregation,Disaggregation,174,,,-5.5833,-36.1167,615.241,0.218,9.778,0.741,1484.6441650390625,0.20245027542114258,13.302708625793457,0.8607410192489624,False,False,False,False,False
disaggregation,Disaggregation,175,,,-5.9667,-36.0667,660.815,0.237,9.778,0.741,1407.54833984375,0.17630480229854584,13.302977561950684,0.8607435822486877,False,False,False,False,False
disaggregation,Disaggregation,176,,,-5.6667,-36.6,659.133,0.184,9.778,0.741,1484.6441650390625,0.20245027542114258,13.302708625793457,0.8607410192489624,False,False,False,False,False
disaggregation,Disaggregation,177,,,-5.7667,-36.0167,631.163,0.203,9.778,0.741,1484.6441650390625,0.20245027542114258,13.302708625793457,0.8607410192489624,False,False,False,False,False
disaggregation,Disaggregation,178,,,-5.25,-36.7167,691.068,0.195,9.778,0.741,1299.1011962890625,0.2114195078611374,11.00456428527832,0.8493846654891968,False,False,False,False,False
disaggregation,Disaggregation,179,,,-5.5,-36.5,743.964,0.204,9.778,0.741,1484.6441650390625,0.20245027542114258,13.302708625793457,0.8607410192489624,False,False,False,False,False
disaggregation,Disaggregation,180,,,-5.0167,-36.9667,552.732,0.217,9.778,0.741,1299.1011962890625,0.2114195078611374,11.00456428527832,0.8493846654891968,False,False,False,False,False
disaggregation,Disaggregation,181,,,-5.5,-36.85,646.849,0.193,9.778,0.741,1304.6552734375,0.20234856009483337,13.303031921386719,0.860744059085846,False,False,False,False,False
disaggregation,Disaggregation,182,,,-5.7,-36.5333,479.85,0.199,9.778,0.741,1484.6441650390625,0.20245027542114258,13.302708625793457,0.8607410192489624,False,False,False,False,False
disaggregation,Disaggregation,183,,,-5.5667,-36.9167,703.015,0.2,9.778,0.741,1304.6552734375,0.20234856009483337,13.303031921386719,0.860744059085846,False,False,False,False,False
disaggregation,Disaggregation,184,,,-5.6333,-36.8667,504.731,0.195,9.778,0.741,1484.6441650390625,0.20245027542114258,13.302708625793457,0.8607410192489624,False,False,False,False,False
disaggregation,Disaggregation,185,,,-5.1167,-36.6333,613.623,0.216,9.778,0.741,1299.1011962890625,0.2114195078611374,11.00456428527832,0.8493846654891968,False,False,False,False,False
disaggregation,Disaggregation,186,,,-5.2833,-36.75,499.172,0.233,9.778,0.741,1299.1011962890625,0.2114195078611374,11.00456428527832,0.8493846654891968,False,False,False,False,False
disaggregation,Disaggregation,187,,,-5.9667,-37.7,768.007,0.195,9.778,0.741,1484.6441650390625,0.20245027542114258,13.302708625793457,0.8607410192489624,False,False,False,False,False
disaggregation,Disaggregation,188,,,-5.0833,-37.6333,734.552,0.198,9.778,0.741,1299.1011962890625,0.2114195078611374,11.00456428527832,0.8493846654891968,False,False,False,False,False
disaggregation,Disaggregation,189,,,-5.7833,-37.5667,775.538,0.186,9.778,0.741,1304.6552734375,0.20234856009483337,13.303031921386719,0.860744059085846,False,False,False,False,False
disaggregation,Disaggregation,190,,,-5.9333,-37.9667,827.463,0.201,9.778,0.741,1484.6441650390625,0.20245027542114258,13.302708625793457,0.8607410192489624,False,False,False,False,False
disaggregation,Disaggregation,191,,,-5.8333,-37.9833,764.248,0.185,9.778,0.741,1304.6552734375,0.20234856009483337,13.303031921386719,0.860744059085846,False,False,False,False,False
disaggregation,Disaggregation,192,,,-5.9833,-37.8167,784.141,0.188,9.778,0.741,1484.6441650390625,0.20245027542114258,13.302708625793457,0.8607410192489624,False,False,False,False,False
disaggregation,Disaggregation,193,,,-5.1833,-37.3333,836.167,0.159,9.786,0.724,1299.1011962890625,0.2114195078611374,11.00456428527832,0.8493846654891968,False,False,False,False,False
disaggregation,Disaggregation,194,,,-5.6,-37.7,515.586,0.191,9.778,0.741,1304.6552734375,0.20234856009483337,13.303031921386719,0.860744059085846,False,False,False,False,False
disaggregation,Disaggregation,195,,,-5.7833,-37.95,741.668,0.165,9.778,0.741,1304.6552734375,0.20234856009483337,13.303031921386719,0.860744059085846,False,False,False,False,False
disaggregation,Disaggregation,196,,,-5.8667,-37.1833,527.186,0.203,9.778,0.741,1484.6441650390625,0.20245027542114258,13.302708625793457,0.8607410192489624,False,False,False,False,False
disaggregation,Disaggregation,197,,,-5.9833,-36.4167,598.44,0.2,9.778,0.741,1407.54833984375,0.17630480229854584,13.302977561950684,0.8607435822486877,False,False,False,False,False
disaggregation,Disaggregation,198,,,-5.9833,-37.95,688.725,0.194,9.778,0.741,1484.6441650390625,0.20245027542114258,13.302708625793457,0.8607410192489624,False,False,False,False,False
disaggregation,Disaggregation,199,,,-5.7833,-38.0667,625.561,0.179,9.778,0.741,1304.6552734375,0.20234856009483337,13.303031921386719,0.860744059085846,False,False,False,False,False
disaggregation,Disaggregation,200,,,-5.9667,-38.15,611.383,0.194,9.778,0.741,1382.9998779296875,0.195174440741539,13.302973747253418,0.860743522644043,False,False,False,False,False
disaggregation,Disaggregation,201,,,-6.2667,-35.2,744.633,0.196,9.778,0.741,1371.48974609375,0.27311673760414124,14.500917434692383,0.8608518242835999,False,False,False,False,False
disaggregation,Disaggregation,202,,,-6.3,-35.4667,827.864,0.22,9.778,0.741,1371.48974609375,0.27311673760414124,14.500917434692383,0.8608518242835999,False,False,False,False,False
disaggregation,Disaggregation,203,,,-6.4667,-35.4333,779.682,0.194,9.778,0.741,1371.48974609375,0.27311673760414124,14.500917434692383,0.8608518242835999,False,False,False,False,False
disaggregation,Disaggregation,204,,,-6.1167,-35.4833,627.782,0.203,9.778,0.741,1371.48974609375,0.27311673760414124,14.500917434692383,0.8608518242835999,False,False,False,False,False
disaggregation,Disaggregation,205,,,-6.3,-35.7,677.535,0.247,9.778,0.741,1371.48974609375,0.27311673760414124,14.500917434692383,0.8608518242835999,False,False,False,False,False
disaggregation,Disaggregation,206,,,-6.1833,-35.35,623.318,0.203,9.778,0.741,1371.48974609375,0.27311673760414124,14.500917434692383,0.8608518242835999,False,False,False,False,False
disaggregation,Disaggregation,207,,,-6.0667,-35.3333,826.882,0.201,9.778,0.741,1407.54833984375,0.17630480229854584,13.302977561950684,0.8607435822486877,False,False,False,False,False
disaggregation,Disaggregation,208,,,-6.0833,-35.2,922.668,0.204,9.778,0.741,1371.48974609375,0.27311673760414124,14.500917434692383,0.8608518242835999,False,False,False,False,False
disaggregation,Disaggregation,209,,,-6.3333,-35.3167,787.594,0.207,9.778,0.741,1371.48974609375,0.27311673760414124,14.500917434692383,0.8608518242835999,False,False,False,False,False
disaggregation,Disaggregation,210,,,-6.2,-35.0833,900.717,0.209,9.778,0.741,,,,,True,True,True,True,True
disaggregation,Disaggregation,211,,,-6.0,-35.8667,454.995,0.245,9.778,0.741,1407.54833984375,0.17630480229854584,13.302977561950684,0.8607435822486877,False,False,False,False,False
disaggregation,Disaggregation,212,,,-6.0333,-35.4167,616.279,0.211,9.778,0.741,1407.54833984375,0.17630480229854584,13.302977561950684,0.8607435822486877,False,False,False,False,False
disaggregation,Disaggregation,213,,,-6.1,-35.9167,513.928,0.257,9.778,0.741,1407.54833984375,0.17630480229854584,13.302977561950684,0.8607435822486877,False,False,False,False,False
disaggregation,Disaggregation,214,,,-6.2667,-35.3667,696.862,0.214,9.778,0.741,1371.48974609375,0.27311673760414124,14.500917434692383,0.8608518242835999,False,False,False,False,False
disaggregation,Disaggregation,215,,,-6.2667,-35.3833,671.772,0.198,9.778,0.741,1371.48974609375,0.27311673760414124,14.500917434692383,0.8608518242835999,False,False,False,False,False
disaggregation,Disaggregation,216,,,-6.3167,-35.0833,834.169,0.204,9.778,0.741,1371.48974609375,0.27311673760414124,14.500917434692383,0.8608518242835999,False,False,False,False,False
disaggregation,Disaggregation,217,,,-6.3333,-35.3667,757.362,0.219,9.778,0.741,1371.48974609375,0.27311673760414124,14.500917434692383,0.8608518242835999,False,False,False,False,False
disaggregation,Disaggregation,218,,,-6.15,-35.4333,538.014,0.197,9.778,0.741,1371.48974609375,0.27311673760414124,14.500917434692383,0.8608518242835999,False,False,False,False,False
disaggregation,Disaggregation,219,,,-6.2667,-35.5,551.223,0.203,9.778,0.741,1371.48974609375,0.27311673760414124,14.500917434692383,0.8608518242835999,False,False,False,False,False
disaggregation,Disaggregation,220,,,-6.35,-36.0833,609.998,0.228,9.778,0.741,1407.54833984375,0.17630480229854584,13.302977561950684,0.8607435822486877,False,False,False,False,False
disaggregation,Disaggregation,221,,,-6.4,-35.6,526.109,0.211,9.778,0.741,1371.48974609375,0.27311673760414124,14.500917434692383,0.8608518242835999,False,False,False,False,False
disaggregation,Disaggregation,222,,,-6.4333,-35.7833,540.312,0.231,9.778,0.741,1371.48974609375,0.27311673760414124,14.500917434692383,0.8608518242835999,False,False,False,False,False
disaggregation,Disaggregation,223,,,-6.4667,-35.2833,585.87,0.222,9.778,0.741,1371.48974609375,0.27311673760414124,14.500917434692383,0.8608518242835999,False,False,False,False,False
disaggregation,Disaggregation,224,,,-6.4333,-35.6333,551.904,0.214,9.778,0.741,1371.48974609375,0.27311673760414124,14.500917434692383,0.8608518242835999,False,False,False,False,False
disaggregation,Disaggregation,225,,,-6.4,-35.05,954.191,0.22,9.778,0.741,1371.48974609375,0.27311673760414124,14.500917434692383,0.8608518242835999,False,False,False,False,False
disaggregation,Disaggregation,226,,,-6.0333,-35.7,511.958,0.213,9.778,0.741,1407.54833984375,0.17630480229854584,13.302977561950684,0.8607435822486877,False,False,False,False,False
disaggregation,Disaggregation,227,,,-6.1167,-36.8167,615.021,0.199,9.778,0.741,1407.54833984375,0.17630480229854584,13.302977561950684,0.8607435822486877,False,False,False,False,False
disaggregation,Disaggregation,228,,,-6.2167,-36.6833,723.817,0.172,9.778,0.741,1407.54833984375,0.17630480229854584,13.302977561950684,0.8607435822486877,False,False,False,False,False
disaggregation,Disaggregation,229,,,-6.2333,-36.0167,638.232,0.228,9.778,0.741,1407.54833984375,0.17630480229854584,13.302977561950684,0.8607435822486877,False,False,False,False,False
disaggregation,Disaggregation,230,,,-6.3833,-36.2167,800.972,0.213,9.778,0.741,1407.54833984375,0.17630480229854584,13.302977561950684,0.8607435822486877,False,False,False,False,False
disaggregation,Disaggregation,231,,,-6.05,-36.35,858.941,0.204,9.778,0.741,1407.54833984375,0.17630480229854584,13.302977561950684,0.8607435822486877,False,False,False,False,False
disaggregation,Disaggregation,232,,,-6.7,-36.95,792.436,0.18,9.778,0.741,1543.3258056640625,0.18687322735786438,14.448325157165527,0.8697780966758728,False,False,False,False,False
disaggregation,Disaggregation,233,,,-6.15,-36.1167,447.795,0.207,9.778,0.741,1407.54833984375,0.17630480229854584,13.302977561950684,0.8607435822486877,False,False,False,False,False
disaggregation,Disaggregation,234,,,-6.4333,-36.2,582.904,0.21,9.778,0.741,1543.3258056640625,0.18687322735786438,14.448325157165527,0.8697780966758728,False,False,False,False,False
disaggregation,Disaggregation,235,,,-6.55,-36.5833,515.277,0.195,9.778,0.741,1543.3258056640625,0.18687322735786438,14.448325157165527,0.8697780966758728,False,False,False,False,False
disaggregation,Disaggregation,236,,,-6.55,-36.5833,552.109,0.239,9.778,0.741,1543.3258056640625,0.18687322735786438,14.448325157165527,0.8697780966758728,False,False,False,False,False
disaggregation,Disaggregation,237,,,-6.4333,-36.6333,731.885,0.188,9.778,0.741,1407.54833984375,0.17630480229854584,13.302977561950684,0.8607435822486877,False,False,False,False,False
disaggregation,Disaggregation,238,,,-6.2333,-36.1667,709.795,0.231,9.778,0.741,1407.54833984375,0.17630480229854584,13.302977561950684,0.8607435822486877,False,False,False,False,False
disaggregation,Disaggregation,239,,,-6.1333,-36.7167,469.664,0.182,9.778,0.741,1407.54833984375,0.17630480229854584,13.302977561950684,0.8607435822486877,False,False,False,False,False
disaggregation,Disaggregation,240,,,-6.1,-37.6333,900.224,0.17,9.778,0.741,1484.6441650390625,0.20245027542114258,13.302708625793457,0.8607410192489624,False,False,False,False,False
disaggregation,Disaggregation,241,,,-6.6667,-37.4,881.58,0.171,9.778,0.741,1405.0697021484375,0.17645470798015594,13.302978515625,0.8607435822486877,False,False,False,False,False
disaggregation,Disaggregation,242,,,-6.7167,-37.2,786.021,0.183,9.778,0.741,1543.3258056640625,0.18687322735786438,14.448325157165527,0.8697780966758728,False,False,False,False,False
disaggregation,Disaggregation,243,,,-6.0833,-37.9167,1044.798,0.157,9.778,0.741,1484.6441650390625,0.20245027542114258,13.302708625793457,0.8607410192489624,False,False,False,False,False
disaggregation,Disaggregation,244,,,-6.3833,-37.1833,840.964,0.218,9.778,0.741,1407.54833984375,0.17630480229854584,13.302977561950684,0.8607435822486877,False,False,False,False,False
disaggregation,Disaggregation,245,,,-6.15,-37.7833,817.712,0.187,9.778,0.741,1484.6441650390625,0.20245027542114258,13.302708625793457,0.8607410192489624,False,False,False,False,False
disaggregation,Disaggregation,246,,,-6.0167,-37.4,619.027,0.189,9.778,0.741,1484.6441650390625,0.20245027542114258,13.302708625793457,0.8607410192489624,False,False,False,False,False
disaggregation,Disaggregation,247,,,-6.0333,-37.9833,776.239,0.192,9.778,0.741,1484.6441650390625,0.20245027542114258,13.302708625793457,0.8607410192489624,False,False,False,False,False
disaggregation,Disaggregation,248,,,-6.35,-37.15,665.917,0.188,9.778,0.741,1407.54833984375,0.17630480229854584,13.302977561950684,0.8607435822486877,False,False,False,False,False
disaggregation,Disaggregation,249,,,-6.0667,-37.5,553.941,0.163,9.778,0.741,1484.6441650390625,0.20245027542114258,13.302708625793457,0.8607410192489624,False,False,False,False,False
disaggregation,Disaggregation,250,,,-6.0833,-37.7167,602.454,0.189,9.778,0.741,1484.6441650390625,0.20245027542114258,13.302708625793457,0.8607410192489624,False,False,False,False,False
disaggregation,Disaggregation,251,,,-6.1667,-37.85,636.527,0.21,9.778,0.741,1484.6441650390625,0.20245027542114258,13.302708625793457,0.8607410192489624,False,False,False,False,False
disaggregation,Disaggregation,252,,,-6.1167,-37.95,675.184,0.209,9.778,0.741,1484.6441650390625,0.20245027542114258,13.302708625793457,0.8607410192489624,False,False,False,False,False
disaggregation,Disaggregation,253,,,-6.2167,-37.8833,706.118,0.167,9.778,0.741,1458.333740234375,0.185271754860878,13.303224563598633,0.8607458472251892,False,False,False,False,False
disaggregation,Disaggregation,254,,,-6.4667,-37.2667,642.164,0.203,9.778,0.741,1407.54833984375,0.17630480229854584,13.302977561950684,0.8607435822486877,False,False,False,False,False
disaggregation,Disaggregation,255,,,-6.4167,-38.0167,743.495,0.164,9.778,0.741,1367.031005859375,0.1794188916683197,13.303008079528809,0.8607438206672668,False,False,False,False,False
disaggregation,Disaggregation,256,,,-6.4167,-38.4,805.748,0.188,9.778,0.741,1453.867919921875,0.1645171195268631,13.303227424621582,0.860745906829834,False,False,False,False,False
disaggregation,Disaggregation,257,,,-6.1167,-38.2167,760.427,0.185,9.778,0.741,1403.4490966796875,0.20157308876514435,13.30294418334961,0.8607432246208191,False,False,False,False,False
disaggregation,Disaggregation,258,,,-6.0833,-38.3667,567.114,0.187,9.778,0.741,1358.1702880859375,0.19221745431423187,13.302998542785645,0.8607437610626221,False,False,False,False,False
disaggregation,Disaggregation,259,,,-6.2667,-38.3167,651.469,0.164,9.778,0.741,1459.847900390625,0.18714967370033264,13.303223609924316,0.8607458472251892,False,False,False,False,False
disaggregation,Disaggregation,260,,,-6.0833,-38.1167,637.165,0.184,9.778,0.741,1366.1705322265625,0.20403145253658295,13.302974700927734,0.860743522644043,False,False,False,False,False
disaggregation,Disaggregation,261,,,-6.1167,-38.3167,618.882,0.179,9.778,0.741,1363.3629150390625,0.21724000573158264,13.302956581115723,0.8607433438301086,False,False,False,False,False
disaggregation,Disaggregation,262,,,-6.2,-38.2833,607.934,0.157,9.778,0.741,1403.4490966796875,0.20157308876514435,13.30294418334961,0.8607432246208191,False,False,False,False,False
disaggregation,Disaggregation,263,,,-6.25,-38.4333,594.226,0.167,9.778,0.741,1403.72509765625,0.20514795184135437,13.302936553955078,0.8607431650161743,False,False,False,False,False
disaggregation,Disaggregation,264,,,-6.3167,-38.2833,767.01,0.159,9.778,0.741,1348.250732421875,0.17709596455097198,13.303028106689453,0.8607439994812012,False,False,False,False,False
disaggregation,Disaggregation,265,,,-6.2667,-38.05,563.409,0.16,9.778,0.741,1458.333740234375,0.185271754860878,13.303224563598633,0.8607458472251892,False,False,False,False,False
disaggregation,Disaggregation,266,,,-6.1833,-38.2167,588.429,0.156,9.778,0.741,1403.4490966796875,0.20157308876514435,13.30294418334961,0.8607432246208191,False,False,False,False,False
disaggregation,Disaggregation,267,,,-6.3167,-38.4833,628.381,0.182,9.778,0.741,1498.71923828125,0.17739297449588776,13.302791595458984,0.8607418537139893,False,False,False,False,False
disaggregation,Disaggregation,268,,,-6.4,-38.3167,633.868,0.17,9.778,0.741,1449.423828125,0.18179400265216827,13.303227424621582,0.8607458472251892,False,False,False,False,False
disaggregation,Disaggregation,269,,,-6.4667,-38.2667,629.153,0.159,9.778,0.741,1446.6705322265625,0.17853239178657532,13.303229331970215,0.860745906829834,False,False,False,False,False
disaggregation,Disaggregation,270,,,-5.067,-36.061,438.444,0.189,9.778,0.741,,,,,True,True,True,True,True
disaggregation,Disaggregation,271,,,-5.05,-36.8,459.989,0.21,9.778,0.741,,,,,True,True,True,True,True
disaggregation,Disaggregation,272,,,-6.4833,-36.85,536.956,0.165,9.778,0.741,1407.54833984375,0.17630480229854584,13.302977561950684,0.8607435822486877,False,False,False,False,False
disaggregation,Disaggregation,273,,,-8.9322,-62.05559999,918.0142,0.2085,13.8681,0.7137,6542.49755859375,0.22226378321647644,50.47597122192383,1.0373433828353882,False,False,False,False,False
disaggregation,Disaggregation,274,,,-8.9322,-62.05559999,826.299,0.191,13.868,0.714,6542.49755859375,0.22226378321647644,50.47597122192383,1.0373433828353882,False,False,False,False,False
disaggregation,Disaggregation,275,,,-8.7667,-63.91669999,1774.359,0.332,13.867,0.714,3970.080810546875,0.20227932929992676,36.146419525146484,0.9619765281677246,False,False,False,False,False
disaggregation,Disaggregation,276,,,-9.58639999,-62.3939,945.329,0.174,13.868,0.714,6173.271484375,0.18738560378551483,50.87190246582031,1.0355331897735596,False,False,False,False,False
disaggregation,Disaggregation,277,,,-9.9317,-63.0569,1053.185,0.206,13.868,0.714,4391.85107421875,0.18464703857898712,38.02507781982422,0.974966824054718,False,False,False,False,False
disaggregation,Disaggregation,278,,,-9.2606,-63.1619,981.296,0.182,13.868,0.714,4912.07373046875,0.18432863056659698,46.15353012084961,1.004659652709961,False,False,False,False,False
disaggregation,Disaggregation,279,,,-9.8872,-62.9878,945.314,0.188,13.868,0.714,4541.33251953125,0.21273472905158997,38.06217956542969,0.9755096435546875,False,False,False,False,False
disaggregation,Disaggregation,280,,,-9.7031,-65.3647,930.547,0.314,13.868,0.714,,,,,True,True,True,True,True
disaggregation,Disaggregation,281,,,-9.75559999,-66.61169999,918.097,0.19,13.868,0.714,2505.998046875,0.20854206383228302,17.931425094604492,0.8940940499305725,False,False,False,False,False
disaggregation,Disaggregation,282,,,-10.5169,-62.00139999,1223.7,0.1361,12.7,0.7775,4535.5810546875,0.2611050605773926,42.75963592529297,0.9898045063018799,False,False,False,False,False
disaggregation,Disaggregation,283,,,-10.4458,-62.4656,826.2986,0.1914,13.8681,0.7137,4733.84130859375,0.16556836664676666,43.53779983520508,0.9924378991127014,False,False,False,False,False
disaggregation,Disaggregation,284,,,-10.4458,-62.4656,918.014,0.204,13.868,0.714,4733.84130859375,0.16556836664676666,43.53779983520508,0.9924378991127014,False,False,False,False,False
disaggregation,Disaggregation,285,,,-10.2364,-62.6272,926.701,0.173,13.868,0.714,4098.4755859375,0.235788956284523,37.40974426269531,0.9721235632896423,False,False,False,False,False
disaggregation,Disaggregation,286,,,-10.7925,-65.3478,935.889,0.239,13.868,0.714,,,,,True,True,True,True,True
disaggregation,Disaggregation,287,,,-12.0153,-60.855,940.299,0.226,13.868,0.714,1995.9920654296875,0.20621757209300995,19.84235382080078,0.8793677091598511,False,False,False,False,False
disaggregation,Disaggregation,288,,,-11.44079999,-61.48389999,941.599,0.231,13.868,0.714,2331.0830078125,0.1861848682165146,22.78788185119629,0.8942084908485413,False,False,False,False,False
disaggregation,Disaggregation,289,,,-11.6836,-61.1922,867.613,0.183,13.868,0.714,2384.4619140625,0.2897605299949646,21.9288330078125,0.8903408646583557,False,False,False,False,False
disaggregation,Disaggregation,290,,,-12.7,-60.0833,734.652,0.233,13.868,0.714,1514.953857421875,0.15424753725528717,11.997745513916016,0.8451073169708252,False,False,False,False,False
disaggregation,Disaggregation,291,,,-12.8514,-62.8992,829.215,0.206,13.868,0.714,,,,,True,True,True,True,True
disaggregation,Disaggregation,292,,,-8.79277778,-63.84611111,1173.0054,0.1287,13.0,0.7679,4121.78125,0.21749454736709595,36.15422439575195,0.9621512293815613,False,False,False,False,False
disaggregation,Disaggregation,293,,,2.81666667,-60.65,951.57,0.161,12.0,0.76,3082.7958984375,0.201120987534523,41.32445526123047,0.9264764785766602,False,False,False,False,False
disaggregation,Disaggregation,294,,,-27.3889,-52.4544,1571.4,0.1488,16.2,0.8169,2364.762939453125,0.16002975404262543,9.332470893859863,0.8601449728012085,False,False,False,False,False
disaggregation,Disaggregation,295,,,-28.66639999,-55.9797,743.8,0.1834,9.6,0.6811,,,,,True,True,True,True,True
disaggregation,Disaggregation,296,,,-29.82,-51.1611,1685.6,0.1594,23.3,0.838,2603.15625,0.15329915285110474,11.556527137756348,0.8738589882850647,False,False,False,False,False
disaggregation,Disaggregation,297,,,-29.75,-57.0833,1456.4,0.1759,29.7,0.7894,,,,,True,True,True,True,True
disaggregation,Disaggregation,298,,,-30.9781,-54.6758,1362.4,0.1543,12.1859,0.8011,1467.4114990234375,0.17850695550441742,12.465563774108887,0.8108970522880554,False,False,False,False,False
disaggregation,Disaggregation,299,,,-31.3675,-51.9867,1731.3,0.1795,21.7,0.8455,7351.12841796875,0.16879525780677795,84.40196228027344,1.0478925704956055,False,False,False,False,False
disaggregation,Disaggregation,300,,,-31.40439999,-52.67329999,838.44,0.1341,9.3677,0.7271,4205.5703125,0.12305668741464615,45.090003967285156,0.9595311284065247,False,False,False,False,False
disaggregation,Disaggregation,301,,,-31.67279999,-52.17779999,1543.18,0.1513,13.4694,0.8341,13142.0888671875,0.16660232841968536,101.77735900878906,1.119593858718872,False,False,False,False,False
disaggregation,Disaggregation,302,,,-32.5381,-52.5386,1218.48,0.0768,9.3661,0.7271,19633.396484375,0.26344168186187744,109.66665649414062,1.1677324771881104,False,False,False,False,False
disaggregation,Disaggregation,303,,,-32.5381,-52.5386,1218.48,0.08,9.37,0.73,19633.396484375,0.26344168186187744,109.66665649414062,1.1677324771881104,False,False,False,False,False
disaggregation,Disaggregation,304,,,-26.3217,-48.8464,1218.2,0.1997,33.7,0.7948,3837.9267578125,0.1992298662662506,33.134986877441406,0.9463295936584473,False,False,False,False,False
disaggregation,Disaggregation,305,,,-26.4239,-49.2925,1214.9,0.1704,35.0,0.7993,5352.06005859375,0.14908479154109955,45.7426872253418,1.0033338069915771,False,False,False,False,False
disaggregation,Disaggregation,306,,,-26.5561,-52.3308,1082.8,0.1791,14.5,0.7828,10124.5595703125,0.149028018116951,58.16667938232422,1.0518468618392944,False,False,False,False,False
disaggregation,Disaggregation,307,,,-26.5836,-52.6403,1188.2,0.1805,14.7,0.7815,3769.45947265625,0.15934297442436218,22.93426513671875,0.9084793925285339,False,False,False,False,False
disaggregation,Disaggregation,308,,,-26.6828,-53.2867,785.8,0.165,11.5,0.7122,6291.248046875,0.15659098327159882,39.346893310546875,0.9854781627655029,False,False,False,False,False
disaggregation,Disaggregation,309,,,-28.2767,-48.7003,1235.0,0.1854,35.0,0.7772,3114.05322265625,0.19156984984874725,28.925203323364258,0.9297353029251099,False,False,False,False,False
disaggregation,Disaggregation,310,,,-28.9583,-49.6014,913.3,0.1756,29.4,0.7703,2618.98681640625,0.20241861045360565,15.140118598937988,0.8840456008911133,False,False,False,False,False
disaggregation,Disaggregation,311,,,-9.91666667,-37.26666667,873.7,0.125,10.52,0.753,1268.6158447265625,0.285828560590744,13.360265731811523,0.8555929660797119,False,False,False,False,False
disaggregation,Disaggregation,312,,,-9.7,-37.66666667,899.94,0.109,10.52,0.753,1197.9874267578125,0.2828627824783325,12.955493927001953,0.8554027676582336,False,False,False,False,False
disaggregation,Disaggregation,313,,,-10.6,-36.95,1027.8,0.153,10.52,0.753,2034.9493408203125,0.2460433691740036,15.150237083435059,0.8655295372009277,False,False,False,False,False
disaggregation,Disaggregation,314,,,-10.45,-36.65,893.6,0.149,10.52,0.753,2076.777099609375,0.2499266415834427,15.147960662841797,0.8614490628242493,False,False,False,False,False
disaggregation,Disaggregation,315,,,-10.2,-36.86666667,984.38,0.14,10.52,0.753,1882.34765625,0.2714747190475464,14.498388290405273,0.86082923412323,False,False,False,False,False
disaggregation,Disaggregation,316,,,-10.26666667,-37.03333333,957.79,0.168,10.52,0.753,1650.135009765625,0.2344064861536026,14.052773475646973,0.8584575057029724,False,False,False,False,False
disaggregation,Disaggregation,317,,,-10.91666667,-37.05,1250.88,0.188,10.52,0.753,,,,,True,True,True,True,True
disaggregation,Disaggregation,318,,,-10.9417,-37.34499999,1188.81,0.168,10.52,0.753,1644.43896484375,0.22205515205860138,16.292219161987305,0.8650621175765991,False,False,False,False,False
disaggregation,Disaggregation,319,,,-10.75,-37.5,953.39,0.183,10.52,0.753,1501.9075927734375,0.23660816252231598,15.46662712097168,0.8660542964935303,False,False,False,False,False
disaggregation,Disaggregation,320,,,-10.55,-37.53333333,795.3,0.135,10.52,0.753,1280.440673828125,0.1945137083530426,12.310888290405273,0.8474902510643005,False,False,False,False,False
disaggregation,Disaggregation,321,,,-10.11666667,-37.1,853.3,0.71,10.52,0.753,1588.4620361328125,0.2627584934234619,14.05373764038086,0.8584662079811096,False,False,False,False,False
disaggregation,Disaggregation,322,,,-10.96666667,-37.3,1021.8,0.168,10.52,0.753,1788.233642578125,0.19572441279888153,16.457340240478516,0.8658658266067505,False,False,False,False,False
disaggregation,Disaggregation,323,,,-10.55,-37.63333333,913.6,0.131,10.52,0.753,1230.7509765625,0.1715567409992218,12.00117015838623,0.8463233709335327,False,False,False,False,False
disaggregation,Disaggregation,324,,,-10.21666667,-37.41666667,905.2,0.118,10.52,0.753,1250.1375732421875,0.25430744886398315,13.325580596923828,0.8568857312202454,False,False,False,False,False
disaggregation,Disaggregation,325,,,-10.5,-37.21666667,838.7,0.161,10.52,0.753,1528.28076171875,0.23271869122982025,14.02023983001709,0.8597051501274109,False,False,False,False,False
disaggregation,Disaggregation,326,,,-10.73333333,-37.8,862.5,0.117,10.52,0.753,1312.59912109375,0.2074192762374878,14.484621047973633,0.861509382724762,False,False,False,False,False
disaggregation,Disaggregation,327,,,-10.91666667,-37.66666667,851.6,0.134,10.52,0.753,1392.0574951171875,0.21701966226100922,15.748903274536133,0.8624728322029114,False,False,False,False,False
disaggregation,Disaggregation,328,,,-10.7086,-38.1775,949.6,0.109,10.52,0.753,1081.7049560546875,0.21397830545902252,11.181953430175781,0.8426216244697571,False,False,False,False,False
disaggregation,Disaggregation,329,,,-11.0303,-37.47829999,1053.3,0.173,10.52,0.753,1799.673583984375,0.23769041895866394,17.44321632385254,0.8708769083023071,False,False,False,False,False
disaggregation,Disaggregation,330,,,-11.05,-37.85,778.4,0.16,10.52,0.753,1524.4892578125,0.24698925018310547,16.980985641479492,0.869071900844574,False,False,False,False,False
disaggregation,Disaggregation,331,,,-11.26666667,-37.45,1047.5,0.166,10.52,0.753,1948.152587890625,0.18095079064369202,18.480409622192383,0.8700035810470581,False,False,False,False,False
disaggregation,Disaggregation,332,,,-11.18333333,-38.0,872.87,0.137,10.52,0.753,1383.1644287109375,0.2290767878293991,17.069528579711914,0.8641400337219238,False,False,False,False,False
disaggregation,Disaggregation,333,,,-20.08333,-47.4333,715.6,0.2024,18.8,0.7296,3443.868896484375,0.17824138700962067,24.398286819458008,0.9578417539596558,False,False,False,False,False
disaggregation,Disaggregation,334,,,-20.1786,-47.8867,2314.0,0.2198,33.8,0.8805,27120.759765625,0.1542997807264328,86.11432647705078,1.2517311573028564,False,False,False,False,False
disaggregation,Disaggregation,335,,,-20.7333,-47.8833,3545.1,0.148,44.55,0.9364,2700.87841796875,0.13438110053539276,22.3192081451416,0.9369810819625854,False,False,False,False,False
disaggregation,Disaggregation,336,,,-20.8,-47.7667,1372.4,0.1585,17.7,0.821,2272.45361328125,0.1426987200975418,18.38807487487793,0.9101573824882507,False,False,False,False,False
disaggregation,Disaggregation,337,,,-20.4,-47.4,2544.9,0.1611,36.3,0.8836,2788.169189453125,0.16564057767391205,22.482812881469727,0.9403467178344727,False,False,False,False,False
disaggregation,Disaggregation,338,,,-20.2833,-47.6833,2051.4,0.2462,34.2,0.8726,6541.68798828125,0.17582251131534576,41.29238510131836,1.0537972450256348,False,False,False,False,False
disaggregation,Disaggregation,339,,,-20.7333,-47.75,3881.7,0.1328,44.33,0.9346,2837.635009765625,0.1640380322933197,22.71187400817871,0.937339186668396,False,False,False,False,False
disaggregation,Disaggregation,340,,,-20.7333,-48.05,3514.8,0.1394,44.77,0.9373,2265.583251953125,0.1516430824995041,19.803119659423828,0.9243682622909546,False,False,False,False,False
disaggregation,Disaggregation,341,,,-20.99919999,-48.0244,1551.1,0.1555,13.73,0.8081,1474.100830078125,0.17618617415428162,9.074624061584473,0.8552986979484558,False,False,False,False,False
disaggregation,Disaggregation,342,,,-20.7333,-48.9,1787.8,0.1791,29.6,0.8536,1398.187744140625,0.15090537071228027,8.640974998474121,0.842435359954834,False,False,False,False,False
disaggregation,Disaggregation,343,,,-21.4203,-46.9628,4082.7,0.1477,20.05,0.9622,2834.12890625,0.14180617034435272,28.842390060424805,0.9536457657814026,False,False,False,False,False
disaggregation,Disaggregation,344,,,-21.5333,-46.6333,1111.3,0.1591,15.7,0.8018,3034.48583984375,0.13342969119548798,29.725435256958008,0.9528387784957886,False,False,False,False,False
disaggregation,Disaggregation,345,,,-21.0167,-47.4,1218.1,0.2148,15.0,0.8149,2282.076904296875,0.15721824765205383,20.091732025146484,0.9159272313117981,False,False,False,False,False
disaggregation,Disaggregation,346,,,-21.1,-47.15,4743.0,0.1932,35.2,0.9937,2375.60595703125,0.17513027787208557,22.158613204956055,0.925914466381073,False,False,False,False,False
disaggregation,Disaggregation,347,,,-21.1,-47.75,1372.4,0.1585,17.7,0.8167,1509.565185546875,0.12901167571544647,11.148929595947266,0.8635050058364868,False,False,False,False,False
disaggregation,Disaggregation,348,,,-21.3183,-47.4767,1842.2,0.1532,21.2,0.855,2001.7957763671875,0.15036047995090485,17.599491119384766,0.9010682702064514,False,False,False,False,False
disaggregation,Disaggregation,349,,,-21.3,-47.9333,1353.8,0.1523,13.62,0.8074,1254.5634765625,0.13298647105693817,4.988048553466797,0.8333523869514465,False,False,False,False,False
disaggregation,Disaggregation,350,,,-21.3667,-47.7167,1392.4,0.1617,13.67,0.8076,1435.8570556640625,0.14432094991207123,9.839101791381836,0.8552897572517395,False,False,False,False,False
disaggregation,Disaggregation,351,,,-21.45,-47.9,1164.8,0.1862,13.63,0.8075,1345.9112548828125,0.11899030208587646,7.36029577255249,0.8413161635398865,False,False,False,False,False
disaggregation,Disaggregation,352,,,-21.8342,-47.2939,1340.0,0.1474,15.6,0.815,3600.95361328125,0.16579636931419373,31.269140243530273,0.9743205904960632,False,False,False,False,False
disaggregation,Disaggregation,353,,,-21.0167,-47.7667,1348.06,0.1504,13.68,0.8076,1747.38330078125,0.1363813728094101,13.046887397766113,0.8760301470756531,False,False,False,False,False
disaggregation,Disaggregation,354,,,-21.4333,-47.3333,1212.9,0.161,18.2,0.8129,2575.1865234375,0.164760559797287,22.0269718170166,0.9243579506874084,False,False,False,False,False
disaggregation,Disaggregation,355,,,-21.7,-47.4667,1311.8,0.1556,13.8,0.8,2568.65478515625,0.16699016094207764,21.038721084594727,0.9191246032714844,False,False,False,False,False
disaggregation,Disaggregation,356,,,-21.05,-48.2667,1373.5,0.1376,13.57,0.8073,1285.1053466796875,0.1849820613861084,4.880517959594727,0.8331805467605591,False,False,False,False,False
disaggregation,Disaggregation,357,,,-21.1833,-48.1167,1541.47,0.1499,13.6,0.8076,1278.9891357421875,0.1420009583234787,3.723590612411499,0.8313755393028259,False,False,False,False,False
disaggregation,Disaggregation,358,,,-21.2667,-48.5,1473.3,0.1466,19.66,0.8094,1114.636474609375,0.17403264343738556,3.6178619861602783,0.8255490064620972,False,False,False,False,False
disaggregation,Disaggregation,359,,,-21.3667,-48.0667,1065.2,0.1622,11.4,0.79,1240.310546875,0.1592252552509308,3.4122345447540283,0.8299465179443359,False,False,False,False,False
disaggregation,Disaggregation,360,,,-21.35,-48.2,1389.4,0.1372,13.72,0.808,1270.2611083984375,0.14941133558750153,2.5452792644500732,0.8325981497764587,False,False,False,False,False
disaggregation,Disaggregation,361,,,-21.5,-48.0333,1321.0,0.1764,13.61,0.8075,1241.1593017578125,0.204656183719635,5.004716873168945,0.8268507719039917,False,False,False,False,False
disaggregation,Disaggregation,362,,,-21.1167,-48.4167,1831.5,0.1667,21.6,0.8543,1184.12646484375,0.1879352331161499,4.295192718505859,0.827238917350769,False,False,False,False,False
disaggregation,Disaggregation,363,,,-22.45,-46.8167,1319.3,0.1681,17.8,0.8177,5558.869140625,0.16170281171798706,42.69098663330078,1.0456997156143188,False,False,False,False,False
disaggregation,Disaggregation,364,,,-22.6,-46.7,2668.6,0.1564,24.9,0.9045,6160.89501953125,0.1498335748910904,50.750423431396484,1.0537164211273193,False,False,False,False,False
disaggregation,Disaggregation,365,,,-22.7,-46.6667,2574.5,0.1424,24.8,0.9031,6160.89501953125,0.1498335748910904,50.750423431396484,1.0537164211273193,False,False,False,False,False
disaggregation,Disaggregation,366,,,-22.1333,-47.6667,3781.1,0.1757,34.4,0.9808,3756.978271484375,0.18674689531326294,31.455507278442383,0.9818553924560547,False,False,False,False,False
disaggregation,Disaggregation,367,,,-22.1667,-47.2833,1277.8,0.1957,17.6,0.8559,4366.09423828125,0.19155023992061615,35.03874969482422,1.0087488889694214,False,False,False,False,False
disaggregation,Disaggregation,368,,,-22.4167,-47.55,4595.3,0.1466,35.3,0.9957,6232.8095703125,0.20052173733711243,40.53337860107422,1.060221552848816,False,False,False,False,False
disaggregation,Disaggregation,369,,,-22.4333,-47.7167,4373.4,0.1727,35.7,0.9989,5664.6962890625,0.18786431849002838,41.214988708496094,1.0423046350479126,False,False,False,False,False
disaggregation,Disaggregation,370,,,-22.6333,-47.05,1821.2,0.1635,15.4,0.8838,7715.32275390625,0.18315917253494263,42.4945182800293,1.0768626928329468,False,False,False,False,False
disaggregation,Disaggregation,371,,,-22.6667,-47.2167,1680.1,0.1683,13.7,0.1683,7549.01123046875,0.17481818795204163,40.790504455566406,1.0828927755355835,False,False,False,False,False
disaggregation,Disaggregation,372,,,-22.8833,-47.0833,1887.4,0.1972,14.9,0.8768,8461.7216796875,0.18302366137504578,46.06982421875,1.1018717288970947,False,False,False,False,False
disaggregation,Disaggregation,373,,,-22.9333,-47.25,3096.5,0.1393,19.4,0.9302,12392.2998046875,0.18500758707523346,51.72797775268555,1.1575403213500977,False,False,False,False,False
disaggregation,Disaggregation,374,,,-22.5667,-47.1667,1796.9,0.1502,14.9,0.8763,7313.19091796875,0.18647760152816772,40.68745803833008,1.070280909538269,False,False,False,False,False
disaggregation,Disaggregation,375,,,-22.1333,-48.3167,2958.3,0.1554,25.0,0.9175,3317.037109375,0.17747847735881805,28.267091751098633,0.9681483507156372,False,False,False,False,False
disaggregation,Disaggregation,376,,,-22.6833,-48.1167,4373.4,0.1509,35.4,0.9939,9038.068359375,0.21779979765415192,63.90458297729492,1.107146143913269,False,False,False,False,False
disaggregation,Disaggregation,377,,,-22.05,-49.6167,4062.5,0.1681,30.2,0.9729,1590.8489990234375,0.14637888967990875,16.6411075592041,0.8634675145149231,False,False,False,False,False
disaggregation,Disaggregation,378,,,-22.9997,-49.8333,1375.6,0.1746,20.1,0.8082,2027.6405029296875,0.1673593521118164,18.838279724121094,0.8907452821731567,False,False,False,False,False
disaggregation,Disaggregation,379,,,-23.25,-45.6833,2569.9,0.172,33.4,0.9376,1542.438720703125,0.1791159063577652,6.583115100860596,0.8477388024330139,False,False,False,False,False
disaggregation,Disaggregation,380,,,-23.2833,-45.5333,883.1,0.1644,13.9,0.7703,1367.1348876953125,0.1708657443523407,4.8493266105651855,0.8476383090019226,False,False,False,False,False
disaggregation,Disaggregation,381,,,-23.2833,-45.95,2594.3,0.2255,23.7,0.9644,2142.9521484375,0.2393590658903122,18.64345932006836,0.8969588279724121,False,False,False,False,False
disaggregation,Disaggregation,382,,,-23.3692,-45.9003,3671.3,0.1383,26.4,0.9689,2062.28515625,0.21642501652240753,18.19134521484375,0.895155131816864,False,False,False,False,False
disaggregation,Disaggregation,383,,,-23.3333,-46.23333,3177.7,0.2047,25.7,0.9718,3208.29833984375,0.19132918119430542,28.346403121948242,0.9459409713745117,False,False,False,False,False
disaggregation,Disaggregation,384,,,-23.3833,-46.35,3494.3,0.1733,25.5,0.9703,3772.067626953125,0.2292744666337967,33.18165588378906,0.970964789390564,False,False,False,False,False
disaggregation,Disaggregation,385,,,-23.65,-46.95,1432.0,0.1681,15.7,0.8531,6920.9267578125,0.20241719484329224,47.44631576538086,1.068985939025879,False,False,False,False,False
disaggregation,Disaggregation,386,,,-23.7833,-46.9167,883.5,0.2656,17.3,0.7893,6601.15185546875,0.1969735473394394,45.68407440185547,1.0534182786941528,False,False,False,False,False
disaggregation,Disaggregation,387,,,-23.1953,-46.8967,3091.8,0.1681,23.2,0.9301,6583.02490234375,0.1823762208223343,44.01845932006836,1.0638692378997803,False,False,False,False,False
disaggregation,Disaggregation,388,,,-23.0,-46.7167,3118.3,0.1411,23.5,0.9329,6575.1357421875,0.1846988946199417,45.706233978271484,1.057560682296753,False,False,False,False,False
disaggregation,Disaggregation,389,,,-23.2,-46.15,3124.0,0.2044,25.9,0.9733,3291.05126953125,0.18584398925304413,34.88074493408203,0.9633606672286987,False,False,False,False,False
disaggregation,Disaggregation,390,,,-23.0333,-47.85,1175.2,0.155,14.8,0.7966,13579.603515625,0.18799518048763275,72.29646301269531,1.1597951650619507,False,False,False,False,False
disaggregation,Disaggregation,391,,,-23.2,-47.5167,2464.0,0.174,27.6,0.9108,17623.123046875,0.18650175631046295,64.36553192138672,1.1924011707305908,False,False,False,False,False
disaggregation,Disaggregation,392,,,-23.3333,-47.6833,2539.9,0.1637,27.6,0.906,12531.5126953125,0.19261595606803894,60.96807098388672,1.1431270837783813,False,False,False,False,False
disaggregation,Disaggregation,393,,,-23.4167,-47.4,2595.1,0.1702,27.5,0.903,9391.8408203125,0.1548285037279129,51.522857666015625,1.1132160425186157,False,False,False,False,False
disaggregation,Disaggregation,394,,,-23.55,-47.1833,965.3,0.2242,11.8,0.7967,9019.361328125,0.16211628913879395,54.958099365234375,1.1098408699035645,False,False,False,False,False
disaggregation,Disaggregation,395,,,-23.65,-47.2167,513.8,0.2132,0.0,0.7182,9371.015625,0.19557811319828033,55.239505767822266,1.1047639846801758,False,False,False,False,False
disaggregation,Disaggregation,396,,,-23.7333,-47.4167,864.3,0.2272,12.0,0.7891,12153.0478515625,0.21541999280452728,65.06953430175781,1.1348187923431396,False,False,False,False,False
disaggregation,Disaggregation,397,,,-23.8333,-47.65,921.7,0.1804,32.5,0.7728,11246.13671875,0.18033139407634735,64.18940734863281,1.1256717443466187,False,False,False,False,False
disaggregation,Disaggregation,398,,,-23.9667,-47.5,1135.8,0.1692,17.2,0.7937,10241.0830078125,0.18406106531620026,61.41600036621094,1.1016331911087036,False,False,False,False,False
disaggregation,Disaggregation,399,,,-23.0897,-47.7267,1045.5,0.1903,14.9,0.8004,13535.7099609375,0.17835664749145508,65.30658721923828,1.1584177017211914,False,False,False,False,False
disaggregation,Disaggregation,400,,,-23.3278,-47.7642,808.8,0.2248,19.6,0.7777,11828.8955078125,0.17207838594913483,60.85288619995117,1.1318867206573486,False,False,False,False,False
disaggregation,Disaggregation,401,,,-23.9328,-47.0728,364.3,0.2431,12.9,0.6565,5117.31982421875,0.16243089735507965,39.77046203613281,1.0149561166763306,False,False,False,False,False
disaggregation,Disaggregation,402,,,-23.7333,-47.9333,887.2,0.2254,19.3,0.7722,7825.56494140625,0.18609951436519623,53.745052337646484,1.0820516347885132,False,False,False,False,False
disaggregation,Disaggregation,403,,,-23.0,-48.0167,1337.1,0.1514,0.0,0.8373,16068.0146484375,0.22688789665699005,88.73017120361328,1.189409852027893,False,False,False,False,False
disaggregation,Disaggregation,404,,,-24.93333333,-47.95,909.3,0.2864,80.9,0.6971,8562.5966796875,0.21376413106918335,57.45015335083008,1.0512272119522095,False,False,False,False,False
disaggregation,Disaggregation,405,,,-24.2483,-47.3733,861.4,0.1926,17.7,0.746,5302.1259765625,0.17906703054904938,39.48930358886719,0.9954094290733337,False,False,False,False,False
disaggregation,Disaggregation,406,,,-24.3211,-47.6247,870.0,0.183,17.2,0.742,9063.5,0.1916045993566513,57.747982025146484,1.0642979145050049,False,False,False,False,False
disaggregation,Disaggregation,407,,,-24.55,-48.4333,1634.6,0.1571,1.0,0.8559,6199.208984375,0.18063315749168396,43.4490966796875,1.0197474956512451,False,False,False,False,False
disaggregation,Disaggregation,408,,,-20.584475,-47.382549,877.38,0.155,12.0,0.759,2443.135498046875,0.14429201185703278,21.693273544311523,0.924201250076294,False,False,False,False,False
disaggregation,Disaggregation,409,,,-12.4836,-49.1244,3423.8,0.1636,33.3,0.9448,2177.7578125,0.19414322078227997,14.984938621520996,0.8847444653511047,False,False,False,False,False
disaggregation,Disaggregation,410,,,-11.3389,-49.2653,5750.9,0.1215,39.2,0.9795,1738.903564453125,0.14657609164714813,10.126907348632812,0.8731825947761536,False,False,False,False,False
disaggregation,Disaggregation,411,,,-11.5314,-48.2947,12470.27,0.129,54.796,1.128,1845.5618896484375,0.17394424974918365,10.753792762756348,0.8734553456306458,False,False,False,False,False
disaggregation,Disaggregation,412,,,-11.7972,-49.525,3050.6,0.1706,32.08,0.9201,2036.356201171875,0.16123445332050323,11.312982559204102,0.8926393985748291,False,False,False,False,False
disaggregation,Disaggregation,413,,,-9.5642,-48.3875,5063.8,0.1492,36.3,0.9903,2314.420166015625,0.1880086213350296,22.663719177246094,0.8932176828384399,False,False,False,False,False
disaggregation,Disaggregation,414,,,-9.9606,-47.6747,4275.0,0.1743,36.7,0.9652,1678.6163330078125,0.16930724680423737,14.118656158447266,0.8541894555091858,False,False,False,False,False
disaggregation,Disaggregation,415,,,-11.1403,-47.5767,11107.23,0.146,54.576,1.126,2065.25,0.17404820024967194,17.89825439453125,0.9097976088523865,False,False,False,False,False
