station_id,reference_key,source_sheet,source_row,station_code,station_name,latitude,longitude,return_period_yr,duration_min,existing_value,gridf_value,bias_pct,K,a,b,c,K_r,a_r,b_r,c_r,abs_bias_pct
standard_row261,standard,Standard,261,1853000,Fazenda Taquari,-17.8111,-53.28889999,2,10080,0.036295748945350384,0.9087155984592565,2403.6419549503917,7964.394,0.228,21.612,1.351,943.5822143554688,0.2092873454093933,2.727005958557129,0.7691503763198853,2403.6419549503917
standard_row261,standard,Standard,261,1853000,Fazenda Taquari,-17.8111,-53.28889999,5,10080,0.04472868025599119,1.1008085421954525,2361.0798617247474,7964.394,0.228,21.612,1.351,943.5822143554688,0.2092873454093933,2.727005958557129,0.7691503763198853,2361.0798617247474
standard_row261,standard,Standard,261,1853000,Fazenda Taquari,-17.8111,-53.28889999,10,10080,0.05238668570829765,1.2726634149023466,2329.3642510405393,7964.394,0.228,21.612,1.351,943.5822143554688,0.2092873454093933,2.727005958557129,0.7691503763198853,2329.3642510405393
standard_row261,standard,Standard,261,1853000,Fazenda Taquari,-17.8111,-53.28889999,25,10080,0.06455817507018877,1.5416911086807454,2288.0648841213247,7964.394,0.228,21.612,1.351,943.5822143554688,0.2092873454093933,2.727005958557129,0.7691503763198853,2288.0648841213247
standard_row261,standard,Standard,261,1853000,Fazenda Taquari,-17.8111,-53.28889999,50,10080,0.07561119192311143,1.78237522320194,2257.2902077967856,7964.394,0.228,21.612,1.351,943.5822143554688,0.2092873454093933,2.727005958557129,0.7691503763198853,2257.2902077967856
standard_row261,standard,Standard,261,1853000,Fazenda Taquari,-17.8111,-53.28889999,75,10080,0.08293443519218968,1.9402281824525893,2239.4723530176157,7964.394,0.228,21.612,1.351,943.5822143554688,0.2092873454093933,2.727005958557129,0.7691503763198853,2239.4723530176157
standard_row261,standard,Standard,261,1853000,Fazenda Taquari,-17.8111,-53.28889999,100,10080,0.08855659779443756,2.0606342077192545,2226.9121206558902,7964.394,0.228,21.612,1.351,943.5822143554688,0.2092873454093933,2.727005958557129,0.7691503763198853,2226.9121206558902
standard_row261,standard,Standard,261,1853000,Fazenda Taquari,-17.8111,-53.28889999,500,10080,0.12781625371716213,2.885934578549177,2157.8776130736155,7964.394,0.228,21.612,1.351,943.5822143554688,0.2092873454093933,2.727005958557129,0.7691503763198853,2157.8776130736155
standard_row261,standard,Standard,261,1853000,Fazenda Taquari,-17.8111,-53.28889999,2,2880,0.19577707199638775,2.380522759955936,1115.9354186274984,7964.394,0.228,21.612,1.351,943.5822143554688,0.2092873454093933,2.727005958557129,0.7691503763198853,1115.9354186274984
standard_row261,standard,Standard,261,1853000,Fazenda Taquari,-17.8111,-53.28889999,5,2880,0.2412637928470788,2.8837402961864997,1095.2644290949668,7964.394,0.228,21.612,1.351,943.5822143554688,0.2092873454093933,2.727005958557129,0.7691503763198853,1095.2644290949668
standard_row261,standard,Standard,261,1853000,Fazenda Taquari,-17.8111,-53.28889999,10,2880,0.28257061054196464,3.3339410373003706,1079.8612144787244,7964.394,0.228,21.612,1.351,943.5822143554688,0.2092873454093933,2.727005958557129,0.7691503763198853,1079.8612144787244
standard_row261,standard,Standard,261,1853000,Fazenda Taquari,-17.8111,-53.28889999,25,2880,0.3482228871403645,4.0387011945858715,1059.8034890101635,7964.394,0.228,21.612,1.351,943.5822143554688,0.2092873454093933,2.727005958557129,0.7691503763198853,1059.8034890101635
standard_row261,standard,Standard,261,1853000,Fazenda Taquari,-17.8111,-53.28889999,50,2880,0.4078421907522034,4.669210909120319,1044.8572548388543,7964.394,0.228,21.612,1.351,943.5822143554688,0.2092873454093933,2.727005958557129,0.7691503763198853,1044.8572548388543
standard_row261,standard,Standard,261,1853000,Fazenda Taquari,-17.8111,-53.28889999,75,2880,0.4473433215015955,5.082731446084465,1036.2037168730453,7964.394,0.228,21.612,1.351,943.5822143554688,0.2092873454093933,2.727005958557129,0.7691503763198853,1036.2037168730453
standard_row261,standard,Standard,261,1853000,Fazenda Taquari,-17.8111,-53.28889999,100,2880,0.47766892613956463,5.398153877557096,1030.1036308105733,7964.394,0.228,21.612,1.351,943.5822143554688,0.2092873454093933,2.727005958557129,0.7691503763198853,1030.1036308105733
standard_row261,standard,Standard,261,1853000,Fazenda Taquari,-17.8111,-53.28889999,500,2880,0.6894331328985847,7.56015739096855,996.5758722942963,7964.394,0.228,21.612,1.351,943.5822143554688,0.2092873454093933,2.727005958557129,0.7691503763198853,996.5758722942963
standard_row258,standard,Standard,258,1654000,Rondonópolis,-16.4711,-54.6561,2,10080,0.07875571789058171,0.6882630094744483,773.9213201391651,14615.726,0.207,39.234,1.331,1560.6866455078125,0.1706957370042801,17.966697692871094,0.8508358597755432,773.9213201391651
standard_row258,standard,Standard,258,1654000,Rondonópolis,-16.4711,-54.6561,5,10080,0.09520410538906408,0.8047872589397012,745.328313995318,14615.726,0.207,39.234,1.331,1560.6866455078125,0.1706957370042801,17.966697692871094,0.8508358597755432,745.328313995318
standard_row258,standard,Standard,258,1654000,Rondonópolis,-16.4711,-54.6561,10,10080,0.1098927105383329,0.9058694825962232,724.3217208481146,14615.726,0.207,39.234,1.331,1560.6866455078125,0.1706957370042801,17.966697692871094,0.8508358597755432,724.3217208481146
standard_row261,standard,Standard,261,1853000,Fazenda Taquari,-17.8111,-53.28889999,2,1440,0.49442384590423494,4.054094132440852,719.9633100273425,7964.394,0.228,21.612,1.351,943.5822143554688,0.2092873454093933,2.727005958557129,0.7691503763198853,719.9633100273425
standard_row261,standard,Standard,261,1853000,Fazenda Taquari,-17.8111,-53.28889999,5,1440,0.6092979689628635,4.911087098562056,706.0238748081869,7964.394,0.228,21.612,1.351,943.5822143554688,0.2092873454093933,2.727005958557129,0.7691503763198853,706.0238748081869
standard_row258,standard,Standard,258,1654000,Rondonópolis,-16.4711,-54.6561,25,10080,0.13284416009154967,1.0592349259223197,697.3515171403449,14615.726,0.207,39.234,1.331,1560.6866455078125,0.1706957370042801,17.966697692871094,0.8508358597755432,697.3515171403449
standard_row261,standard,Standard,261,1853000,Fazenda Taquari,-17.8111,-53.28889999,10,1440,0.7136159846452482,5.67779104009633,695.6367517354402,7964.394,0.228,21.612,1.351,943.5822143554688,0.2092873454093933,2.727005958557129,0.7691503763198853,695.6367517354402
standard_row261,standard,Standard,261,1853000,Fazenda Taquari,-17.8111,-53.28889999,25,1440,0.8794170703247214,6.878016497500539,682.1108697561282,7964.394,0.228,21.612,1.351,943.5822143554688,0.2092873454093933,2.727005958557129,0.7691503763198853,682.1108697561282
standard_row258,standard,Standard,258,1654000,Rondonópolis,-16.4711,-54.6561,50,10080,0.1533400767959481,1.1922760749931225,677.5371578688472,14615.726,0.207,39.234,1.331,1560.6866455078125,0.1706957370042801,17.966697692871094,0.8508358597755432,677.5371578688472
standard_row261,standard,Standard,261,1853000,Fazenda Taquari,-17.8111,-53.28889999,50,1440,1.0299822263019316,7.95179145867267,672.0319104168368,7964.394,0.228,21.612,1.351,943.5822143554688,0.2092873454093933,2.727005958557129,0.7691503763198853,672.0319104168368
standard_row261,standard,Standard,261,1853000,Fazenda Taquari,-17.8111,-53.28889999,75,1440,1.1297400824365909,8.656028028366784,666.1964165861684,7964.394,0.228,21.612,1.351,943.5822143554688,0.2092873454093933,2.727005958557129,0.7691503763198853,666.1964165861684
standard_row258,standard,Standard,258,1654000,Rondonópolis,-16.4711,-54.6561,75,10080,0.16676563713654974,1.277717539373101,666.17555109803,14615.726,0.207,39.234,1.331,1560.6866455078125,0.1706957370042801,17.966697692871094,0.8508358597755432,666.17555109803
standard_row261,standard,Standard,261,1853000,Fazenda Taquari,-17.8111,-53.28889999,100,1440,1.2063256699192386,9.193200892320874,662.082837293543,7964.394,0.228,21.612,1.351,943.5822143554688,0.2092873454093933,2.727005958557129,0.7691503763198853,662.082837293543
standard_row258,standard,Standard,258,1654000,Rondonópolis,-16.4711,-54.6561,100,10080,0.17699821456647502,1.3420273484309702,658.2151897509375,14615.726,0.207,39.234,1.331,1560.6866455078125,0.1706957370042801,17.966697692871094,0.8508358597755432,658.2151897509375
standard_row261,standard,Standard,261,1853000,Fazenda Taquari,-17.8111,-53.28889999,500,1440,1.7411241142058407,12.875150884767121,639.4734688767273,7964.394,0.228,21.612,1.351,943.5822143554688,0.2092873454093933,2.727005958557129,0.7691503763198853,639.4734688767273
standard_row258,standard,Standard,258,1654000,Rondonópolis,-16.4711,-54.6561,500,10080,0.2469765253892946,1.7663329323501546,615.1825176769281,14615.726,0.207,39.234,1.331,1560.6866455078125,0.1706957370042801,17.966697692871094,0.8508358597755432,615.1825176769281
standard_row256,standard,Standard,256,1652001,Ponte Branca,-16.7664,-52.8372,500,10080,0.3163166299434847,2.1165807279996955,569.1335603752033,10828.492,0.086,47.69,1.19,1037.47802734375,0.17465385794639587,4.947380065917969,0.7897071242332458,569.1335603752033
disaggregation_row62,disaggregation,Disaggregation,62,,,-17.8308,-54.31309999,500,5,349.8103422193545,2172.7380703685153,521.1188773275501,5690.78,0.163,32.38,1.05,2044.4697265625,0.25006216764450073,0.3006170094013214,0.8952919244766235,521.1188773275501
standard_row256,standard,Standard,256,1652001,Ponte Branca,-16.7664,-52.8372,100,10080,0.2754295957036236,1.5979273479285394,480.15818664890014,10828.492,0.086,47.69,1.19,1037.47802734375,0.17465385794639587,4.947380065917969,0.7897071242332458,480.15818664890014
standard_row260,standard,Standard,260,1753000,Alto Araguaia,-17.3,-53.2194,500,10080,0.3485854982469635,1.972488917008106,465.85512791775704,7339.183,0.121,37.977,1.161,1042.923828125,0.16360996663570404,2.9438507556915283,0.7904951572418213,465.85512791775704
standard_row256,standard,Standard,256,1652001,Ponte Branca,-16.7664,-52.8372,75,10080,0.268698890566033,1.5196234867974998,465.54885046094034,10828.492,0.086,47.69,1.19,1037.47802734375,0.17465385794639587,4.947380065917969,0.7897071242332458,465.54885046094034
standard_row261,standard,Standard,261,1853000,Fazenda Taquari,-17.8111,-53.28889999,2,720,1.2364563471977232,6.8992259622727365,457.9837879363057,7964.394,0.228,21.612,1.351,943.5822143554688,0.2092873454093933,2.727005958557129,0.7691503763198853,457.9837879363057
standard_row261,standard,Standard,261,1853000,Fazenda Taquari,-17.8111,-53.28889999,5,720,1.5237338314073434,8.357649947556158,448.4980234268939,7964.394,0.228,21.612,1.351,943.5822143554688,0.2092873454093933,2.727005958557129,0.7691503763198853,448.4980234268939
standard_row256,standard,Standard,256,1652001,Ponte Branca,-16.7664,-52.8372,50,10080,0.2594908358713413,1.4157317747629046,445.58064449907647,10828.492,0.086,47.69,1.19,1037.47802734375,0.17465385794639587,4.947380065917969,0.7897071242332458,445.58064449907647
standard_row261,standard,Standard,261,1853000,Fazenda Taquari,-17.8111,-53.28889999,10,720,1.7846125768118266,9.662420770828916,441.42960194142705,7964.394,0.228,21.612,1.351,943.5822143554688,0.2092873454093933,2.727005958557129,0.7691503763198853,441.42960194142705
disaggregation_row62,disaggregation,Disaggregation,62,,,-17.8308,-54.31309999,100,5,269.09184391273794,1452.85214747034,439.9093953741222,5690.78,0.163,32.38,1.05,2044.4697265625,0.25006216764450073,0.3006170094013214,0.8952919244766235,439.9093953741222
standard_row261,standard,Standard,261,1853000,Fazenda Taquari,-17.8111,-53.28889999,25,720,2.199248332062931,11.704955148618081,432.22525978403917,7964.394,0.228,21.612,1.351,943.5822143554688,0.2092873454093933,2.727005958557129,0.7691503763198853,432.22525978403917
standard_row260,standard,Standard,260,1753000,Alto Araguaia,-17.3,-53.2194,100,10080,0.2869022440971823,1.5158495969035584,428.3505542710552,7339.183,0.121,37.977,1.161,1042.923828125,0.16360996663570404,2.9438507556915283,0.7904951572418213,428.3505542710552
disaggregation_row62,disaggregation,Disaggregation,62,,,-17.8308,-54.31309999,75,5,256.7648205243827,1352.0070877831056,426.554644449323,5690.78,0.163,32.38,1.05,2044.4697265625,0.25006216764450073,0.3006170094013214,0.8952919244766235,426.554644449323
standard_row261,standard,Standard,261,1853000,Fazenda Taquari,-17.8111,-53.28889999,50,720,2.5757820375405904,13.532297052318993,425.36654325145884,7964.394,0.228,21.612,1.351,943.5822143554688,0.2092873454093933,2.727005958557129,0.7691503763198853,425.36654325145884
standard_row252,standard,Standard,252,1454000,Paranatinga,-14.4178,-54.04939999,500,10080,0.4243096043193002,2.217361467088339,422.58102209247585,9895.483,0.124,46.84,1.174,1595.35986328125,0.1899460256099701,10.231026649475098,0.8415994048118591,422.58102209247585
standard_row260,standard,Standard,260,1753000,Alto Araguaia,-17.3,-53.2194,75,10080,0.27708713238452415,1.4461551551591347,421.9135016173365,7339.183,0.121,37.977,1.161,1042.923828125,0.16360996663570404,2.9438507556915283,0.7904951572418213,421.9135016173365
standard_row261,standard,Standard,261,1853000,Fazenda Taquari,-17.8111,-53.28889999,75,720,2.825256724941545,14.730761386517928,421.3954985567802,7964.394,0.228,21.612,1.351,943.5822143554688,0.2092873454093933,2.727005958557129,0.7691503763198853,421.3954985567802
standard_row261,standard,Standard,261,1853000,Fazenda Taquari,-17.8111,-53.28889999,100,720,3.0167821469680702,15.644918001571444,418.5962140917241,7964.394,0.228,21.612,1.351,943.5822143554688,0.2092873454093933,2.727005958557129,0.7691503763198853,418.5962140917241
standard_row256,standard,Standard,256,1652001,Ponte Branca,-16.7664,-52.8372,25,10080,0.24447443176609043,1.254310129100411,413.06393066924744,10828.492,0.086,47.69,1.19,1037.47802734375,0.17465385794639587,4.947380065917969,0.7897071242332458,413.06393066924744
standard_row260,standard,Standard,260,1753000,Alto Araguaia,-17.3,-53.2194,50,10080,0.2638209718005783,1.3533327917052687,412.973924123155,7339.183,0.121,37.977,1.161,1042.923828125,0.16360996663570404,2.9438507556915283,0.7904951572418213,412.973924123155
disaggregation_row62,disaggregation,Disaggregation,62,,,-17.8308,-54.31309999,50,5,240.34364612949656,1221.6455192400717,408.29116513521313,5690.78,0.163,32.38,1.05,2044.4697265625,0.25006216764450073,0.3006170094013214,0.8952919244766235,408.29116513521313
standard_row261,standard,Standard,261,1853000,Fazenda Taquari,-17.8111,-53.28889999,500,720,4.354207387250101,21.910831951719636,403.2105732004975,7964.394,0.228,21.612,1.351,943.5822143554688,0.2092873454093933,2.727005958557129,0.7691503763198853,403.2105732004975
standard_row260,standard,Standard,260,1753000,Alto Araguaia,-17.3,-53.2194,25,10080,0.242596586794997,1.2082396887171523,398.0448013220232,7339.183,0.121,37.977,1.161,1042.923828125,0.16360996663570404,2.9438507556915283,0.7904951572418213,398.0448013220232
standard_row257,standard,Standard,257,1653004,Alto Garças,-16.9442,-53.5336,2,10080,0.13143153943366387,0.6407904526731368,387.54694302013905,6037.949,0.182,17.764,1.178,1041.01025390625,0.16140301525592804,2.1971800327301025,0.8141079545021057,387.54694302013905
standard_row258,standard,Standard,258,1654000,Rondonópolis,-16.4711,-54.6561,2,2880,0.41196534529958334,1.9907973076140346,383.2438772650444,14615.726,0.207,39.234,1.331,1560.6866455078125,0.1706957370042801,17.966697692871094,0.8508358597755432,383.2438772650444
standard_row260,standard,Standard,260,1753000,Alto Araguaia,-17.3,-53.2194,10,10080,0.21713705598808472,1.0400306684077396,378.9742882324105,7339.183,0.121,37.977,1.161,1042.923828125,0.16360996663570404,2.9438507556915283,0.7904951572418213,378.9742882324105
disaggregation_row62,disaggregation,Disaggregation,62,,,-17.8308,-54.31309999,25,5,214.666737552822,1027.2330720492757,378.52456498832726,5690.78,0.163,32.38,1.05,2044.4697265625,0.25006216764450073,0.3006170094013214,0.8952919244766235,378.52456498832726
standard_row257,standard,Standard,257,1653004,Alto Garças,-16.9442,-53.5336,5,10080,0.1552832729829439,0.7429246181723682,378.4318387299642,6037.949,0.182,17.764,1.178,1041.01025390625,0.16140301525592804,2.1971800327301025,0.8141079545021057,378.4318387299642
standard_row256,standard,Standard,256,1652001,Ponte Branca,-16.7664,-52.8372,10,10080,0.22594909418960507,1.0688165541235983,373.03422833229035,10828.492,0.086,47.69,1.19,1037.47802734375,0.17465385794639587,4.947380065917969,0.7897071242332458,373.03422833229035
standard_row257,standard,Standard,257,1653004,Alto Garças,-16.9442,-53.5336,10,10080,0.17616196075430773,0.8308677432866766,371.6499179101917,6037.949,0.182,17.764,1.178,1041.01025390625,0.16140301525592804,2.1971800327301025,0.8141079545021057,371.6499179101917
standard_row252,standard,Standard,252,1454000,Paranatinga,-14.4178,-54.04939999,100,10080,0.3475446293320311,1.6333148919678357,369.95831732661526,9895.483,0.124,46.84,1.174,1595.35986328125,0.1899460256099701,10.231026649475098,0.8415994048118591,369.95831732661526
standard_row258,standard,Standard,258,1654000,Rondonópolis,-16.4711,-54.6561,5,2880,0.49800564582541973,2.327843115559324,367.4330773300851,14615.726,0.207,39.234,1.331,1560.6866455078125,0.1706957370042801,17.966697692871094,0.8508358597755432,367.4330773300851
standard_row260,standard,Standard,260,1753000,Alto Araguaia,-17.3,-53.2194,5,10080,0.19966838985507848,0.9285272172189597,365.0346596639032,7339.183,0.121,37.977,1.161,1042.923828125,0.16360996663570404,2.9438507556915283,0.7904951572418213,365.0346596639032
standard_row257,standard,Standard,257,1653004,Alto Garças,-16.9442,-53.5336,25,10080,0.20813121385395042,0.9632979055133615,362.8320220095991,6037.949,0.182,17.764,1.178,1041.01025390625,0.16140301525592804,2.1971800327301025,0.8141079545021057,362.8320220095991
standard_row252,standard,Standard,252,1454000,Paranatinga,-14.4178,-54.04939999,75,10080,0.3353653415943351,1.5464586259693225,361.1265489204758,9895.483,0.124,46.84,1.174,1595.35986328125,0.1899460256099701,10.231026649475098,0.8415994048118591,361.1265489204758
standard_row248,standard,Standard,248,956000,Alta Floresta,-9.8703,-56.1022,500,10080,0.6220010294408919,2.8547649096451098,358.96465994778475,4766.289,0.098,29.239,1.036,3888.23291015625,0.22853803634643555,24.596786499023438,0.9366915822029114,358.96465994778475
standard_row257,standard,Standard,257,1653004,Alto Garças,-16.9442,-53.5336,50,10080,0.23611559714299205,1.0773275474914625,356.2712334666443,6037.949,0.182,17.764,1.178,1041.01025390625,0.16140301525592804,2.1971800327301025,0.8141079545021057,356.2712334666443
standard_row258,standard,Standard,258,1654000,Rondonópolis,-16.4711,-54.6561,10,2880,0.5748406548173374,2.6202229411970617,355.8172633126774,14615.726,0.207,39.234,1.331,1560.6866455078125,0.1706957370042801,17.966697692871094,0.8508358597755432,355.8172633126774
standard_row257,standard,Standard,257,1653004,Alto Garças,-16.9442,-53.5336,75,10080,0.25419867674667973,1.150189570248765,352.4766159168405,6037.949,0.182,17.764,1.178,1041.01025390625,0.16140301525592804,2.1971800327301025,0.8141079545021057,352.4766159168405
standard_row257,standard,Standard,257,1653004,Alto Garças,-16.9442,-53.5336,100,10080,0.26786263425779544,1.2048553598436855,349.80344615147504,6037.949,0.182,17.764,1.178,1041.01025390625,0.16140301525592804,2.1971800327301025,0.8141079545021057,349.80344615147504
standard_row252,standard,Standard,252,1454000,Paranatinga,-14.4178,-54.04939999,50,10080,0.31892081275819206,1.4318267457908953,348.9599576169762,9895.483,0.124,46.84,1.174,1595.35986328125,0.1899460256099701,10.231026649475098,0.8415994048118591,348.9599576169762
standard_row261,standard,Standard,261,1853000,Fazenda Taquari,-17.8111,-53.28889999,2,480,2.096961799462357,9.410472339333491,348.76698954393237,7964.394,0.228,21.612,1.351,943.5822143554688,0.2092873454093933,2.727005958557129,0.7691503763198853,348.76698954393237
standard_row260,standard,Standard,260,1753000,Alto Araguaia,-17.3,-53.2194,2,10080,0.17871399973013555,0.7992592789137237,347.2281299286197,7339.183,0.121,37.977,1.161,1042.923828125,0.16360996663570404,2.9438507556915283,0.7904951572418213,347.2281299286197
standard_row256,standard,Standard,256,1652001,Ponte Branca,-16.7664,-52.8372,5,10080,0.21287370794649024,0.9469501595469557,344.8412951894412,10828.492,0.086,47.69,1.19,1037.47802734375,0.17465385794639587,4.947380065917969,0.7897071242332458,344.8412951894412
standard_row154,standard,Standard,154,1943002,Conceição do Mato Dentro (ANEEL),-19.0167,-43.4442,2,10080,0.142915033805872,0.6317020719530202,342.0123307748644,9459.772,0.23,34.548,1.221,2301.668701171875,0.15907706320285797,23.045703887939453,0.9013510942459106,342.0123307748644
disaggregation_row62,disaggregation,Disaggregation,62,,,-17.8308,-54.31309999,10,5,184.88451341767814,816.8818599355714,341.833577531791,5690.78,0.163,32.38,1.05,2044.4697265625,0.25006216764450073,0.3006170094013214,0.8952919244766235,341.833577531791
standard_row261,standard,Standard,261,1853000,Fazenda Taquari,-17.8111,-53.28889999,5,480,2.5841685751795205,11.399747462018277,341.13791845899004,7964.394,0.228,21.612,1.351,943.5822143554688,0.2092873454093933,2.727005958557129,0.7691503763198853,341.13791845899004
standard_row258,standard,Standard,258,1654000,Rondonópolis,-16.4711,-54.6561,25,2880,0.6948979927931448,3.0638317178590024,340.9038088517022,14615.726,0.207,39.234,1.331,1560.6866455078125,0.1706957370042801,17.966697692871094,0.8508358597755432,340.9038088517022
standard_row261,standard,Standard,261,1853000,Fazenda Taquari,-17.8111,-53.28889999,10,480,3.0266045452359607,13.179441272413914,335.4530324471715,7964.394,0.228,21.612,1.351,943.5822143554688,0.2092873454093933,2.727005958557129,0.7691503763198853,335.4530324471715
standard_row257,standard,Standard,257,1653004,Alto Garças,-16.9442,-53.5336,500,10080,0.35902498796708976,1.562250888171116,335.1370908796801,6037.949,0.182,17.764,1.178,1041.01025390625,0.16140301525592804,2.1971800327301025,0.8141079545021057,335.1370908796801
standard_row258,standard,Standard,258,1654000,Rondonópolis,-16.4711,-54.6561,50,2880,0.802110619742848,3.44865257518544,329.9472529476119,14615.726,0.207,39.234,1.331,1560.6866455078125,0.1706957370042801,17.966697692871094,0.8508358597755432,329.9472529476119
standard_row252,standard,Standard,252,1454000,Paranatinga,-14.4178,-54.04939999,25,10080,0.2926544570860723,1.2551944759972946,328.899832415035,9895.483,0.124,46.84,1.174,1595.35986328125,0.1899460256099701,10.231026649475098,0.8415994048118591,328.899832415035
standard_row261,standard,Standard,261,1853000,Fazenda Taquari,-17.8111,-53.28889999,25,480,3.729803927424704,15.965436885462491,328.0502995900391,7964.394,0.228,21.612,1.351,943.5822143554688,0.2092873454093933,2.727005958557129,0.7691503763198853,328.0502995900391
standard_row399,standard,Standard,399,2951003,Bento Gonçalves,-29.15,-51.5167,2,5,129.12423639728186,550.4871981705754,326.3236813860945,704.7,0.1696,7.1,0.7278,2487.527099609375,0.1641341596841812,1.342369556427002,0.8780661225318909,326.3236813860945
standard_row399,standard,Standard,399,2951003,Bento Gonçalves,-29.15,-51.5167,5,5,150.83370248414292,639.8273090170168,324.1938628300141,704.7,0.1696,7.1,0.7278,2487.527099609375,0.1641341596841812,1.342369556427002,0.8780661225318909,324.1938628300141
standard_row258,standard,Standard,258,1654000,Rondonópolis,-16.4711,-54.6561,75,2880,0.8723387345984649,3.695791582955372,323.6647343943215,14615.726,0.207,39.234,1.331,1560.6866455078125,0.1706957370042801,17.966697692871094,0.8508358597755432,323.6647343943215
standard_row399,standard,Standard,399,2951003,Bento Gonçalves,-29.15,-51.5167,10,5,169.6496933528612,716.9222811982638,322.5897890113532,704.7,0.1696,7.1,0.7278,2487.527099609375,0.1641341596841812,1.342369556427002,0.8780661225318909,322.5897890113532
standard_row261,standard,Standard,261,1853000,Fazenda Taquari,-17.8111,-53.28889999,50,480,4.368384333749716,18.45791220563851,322.5340719916621,7964.394,0.228,21.612,1.351,943.5822143554688,0.2092873454093933,2.727005958557129,0.7691503763198853,322.5340719916621
standard_row399,standard,Standard,399,2951003,Bento Gonçalves,-29.15,-51.5167,25,5,198.1726443282201,833.2736083197526,320.47862415342115,704.7,0.1696,7.1,0.7278,2487.527099609375,0.1641341596841812,1.342369556427002,0.8780661225318909,320.47862415342115
standard_row261,standard,Standard,261,1853000,Fazenda Taquari,-17.8111,-53.28889999,75,480,4.791479650133707,20.092605072393315,319.340298603431,7964.394,0.228,21.612,1.351,943.5822143554688,0.2092873454093933,2.727005958557129,0.7691503763198853,319.340298603431
standard_row258,standard,Standard,258,1654000,Rondonópolis,-16.4711,-54.6561,100,2880,0.9258645916045632,3.88180738354785,319.26296984967433,14615.726,0.207,39.234,1.331,1560.6866455078125,0.1706957370042801,17.966697692871094,0.8508358597755432,319.26296984967433
standard_row399,standard,Standard,399,2951003,Bento Gonçalves,-29.15,-51.5167,50,5,222.8940070256686,933.6775841229645,318.88859937604406,704.7,0.1696,7.1,0.7278,2487.527099609375,0.1641341596841812,1.342369556427002,0.8780661225318909,318.88859937604406
standard_row27,standard,Standard,27,1739005,Itamaraju,-17.045,-39.5447,500,10080,0.8513793584805056,3.562437875795607,318.4313185785532,4032.86,0.211,28.605,1.06,469.126220703125,0.2110234498977661,15.83702564239502,0.6715766191482544,318.4313185785532
standard_row27,standard,Standard,27,1739005,Itamaraju,-17.045,-39.5447,100,10080,0.6062342177694588,2.5365780958947197,318.4155267955099,4032.86,0.211,28.605,1.06,469.126220703125,0.2110234498977661,15.83702564239502,0.6715766191482544,318.4155267955099
standard_row27,standard,Standard,27,1739005,Itamaraju,-17.045,-39.5447,75,10080,0.570529850925876,2.38716937710323,318.4127041256907,4032.86,0.211,28.605,1.06,469.126220703125,0.2110234498977661,15.83702564239502,0.6715766191482544,318.4127041256907
standard_row27,standard,Standard,27,1739005,Itamaraju,-17.045,-39.5447,50,10080,0.5237488912397712,2.1914110623764698,318.4087258283562,4032.86,0.211,28.605,1.06,469.126220703125,0.2110234498977661,15.83702564239502,0.6715766191482544,318.4087258283562
standard_row27,standard,Standard,27,1739005,Itamaraju,-17.045,-39.5447,25,10080,0.4524866677505929,1.8932129281089896,318.4019249717461,4032.86,0.211,28.605,1.06,469.126220703125,0.2110234498977661,15.83702564239502,0.6715766191482544,318.4019249717461
standard_row27,standard,Standard,27,1739005,Itamaraju,-17.045,-39.5447,10,10080,0.3729412702171289,1.5603599259072265,318.3929348979732,4032.86,0.211,28.605,1.06,469.126220703125,0.2110234498977661,15.83702564239502,0.6715766191482544,318.3929348979732
standard_row27,standard,Standard,27,1739005,Itamaraju,-17.045,-39.5447,5,10080,0.32219820499814333,1.3480326146693753,318.3861342980304,4032.86,0.211,28.605,1.06,469.126220703125,0.2110234498977661,15.83702564239502,0.6715766191482544,318.3861342980304
standard_row27,standard,Standard,27,1739005,Itamaraju,-17.045,-39.5447,2,10080,0.26555701283096866,1.1110298474704587,318.377144563547,4032.86,0.211,28.605,1.06,469.126220703125,0.2110234498977661,15.83702564239502,0.6715766191482544,318.377144563547
standard_row399,standard,Standard,399,2951003,Bento Gonçalves,-29.15,-51.5167,75,5,238.76104402432503,997.9287235004174,317.96128324801106,704.7,0.1696,7.1,0.7278,2487.527099609375,0.1641341596841812,1.342369556427002,0.8780661225318909,317.96128324801106
disaggregation_row88,disaggregation,Disaggregation,88,,,-19.6967,-56.2828,500,10080,0.9790755684577577,4.090213913931569,317.7628413682597,6252.52,0.163,32.96,1.06,1454.85400390625,0.2448670119047165,5.8946452140808105,0.802245557308197,317.7628413682597
standard_row399,standard,Standard,399,2951003,Bento Gonçalves,-29.15,-51.5167,100,5,250.6992755552793,1046.1795770197689,317.3045872201118,704.7,0.1696,7.1,0.7278,2487.527099609375,0.1641341596841812,1.342369556427002,0.8780661225318909,317.3045872201118
standard_row261,standard,Standard,261,1853000,Fazenda Taquari,-17.8111,-53.28889999,100,480,5.116296207164415,21.339505172030865,317.0889312887883,7964.394,0.228,21.612,1.351,943.5822143554688,0.2092873454093933,2.727005958557129,0.7691503763198853,317.0889312887883
disaggregation_row62,disaggregation,Disaggregation,62,,,-17.8308,-54.31309999,5,5,165.13253401352586,686.8834283491051,315.9588735511338,5690.78,0.163,32.38,1.05,2044.4697265625,0.25006216764450073,0.3006170094013214,0.8952919244766235,315.9588735511338
standard_row154,standard,Standard,154,1943002,Conceição do Mato Dentro (ANEEL),-19.0167,-43.4442,5,10080,0.1764428720388935,0.7308284228450042,314.20116006947944,9459.772,0.23,34.548,1.221,2301.668701171875,0.15907706320285797,23.045703887939453,0.9013510942459106,314.20116006947944
standard_row399,standard,Standard,399,2951003,Bento Gonçalves,-29.15,-51.5167,500,5,329.38088470765894,1362.4829994096274,313.64968723637236,704.7,0.1696,7.1,0.7278,2487.527099609375,0.1641341596841812,1.342369556427002,0.8780661225318909,313.64968723637236
standard_row256,standard,Standard,256,1652001,Ponte Branca,-16.7664,-52.8372,500,2880,1.3852065743613227,5.686812165744449,310.5389240132987,10828.492,0.086,47.69,1.19,1037.47802734375,0.17465385794639587,4.947380065917969,0.7897071242332458,310.5389240132987
standard_row256,standard,Standard,256,1652001,Ponte Branca,-16.7664,-52.8372,2,10080,0.1967429523808529,0.8069104944402041,310.1343833034463,10828.492,0.086,47.69,1.19,1037.47802734375,0.17465385794639587,4.947380065917969,0.7897071242332458,310.1343833034463
standard_row248,standard,Standard,248,956000,Alta Floresta,-9.8703,-56.1022,500,2880,2.260497197716425,9.177538398605018,305.9964510407821,4766.289,0.098,29.239,1.036,3888.23291015625,0.22853803634643555,24.596786499023438,0.9366915822029114,305.9964510407821
standard_row261,standard,Standard,261,1853000,Fazenda Taquari,-17.8111,-53.28889999,500,480,7.3844956829197095,29.8861465244021,304.7147944514148,7964.394,0.228,21.612,1.351,943.5822143554688,0.2092873454093933,2.727005958557129,0.7691503763198853,304.7147944514148
standard_row252,standard,Standard,252,1454000,Paranatinga,-14.4178,-54.04939999,10,10080,0.2612225000990257,1.0546877364514713,303.750724402245,9895.483,0.124,46.84,1.174,1595.35986328125,0.1899460256099701,10.231026649475098,0.8415994048118591,303.750724402245
standard_row258,standard,Standard,258,1654000,Rondonópolis,-16.4711,-54.6561,500,2880,1.2919159686189554,5.109109159822191,295.46760655677747,14615.726,0.207,39.234,1.331,1560.6866455078125,0.1706957370042801,17.966697692871094,0.8508358597755432,295.46760655677747
standard_row154,standard,Standard,154,1943002,Conceição do Mato Dentro (ANEEL),-19.0167,-43.4442,10,10080,0.20693836687006256,0.8160229947275626,294.33141716052427,9459.772,0.23,34.548,1.221,2301.668701171875,0.15907706320285797,23.045703887939453,0.9013510942459106,294.33141716052427
disaggregation_row62,disaggregation,Disaggregation,62,,,-17.8308,-54.31309999,500,10,306.6090060318583,1198.6232418458997,290.92890889230966,5690.78,0.163,32.38,1.05,2044.4697265625,0.25006216764450073,0.3006170094013214,0.8952919244766235,290.92890889230966
standard_row261,standard,Standard,261,1853000,Fazenda Taquari,-17.8111,-53.28889999,2,360,3.0340045141557352,11.724104437436296,286.42343420173626,7964.394,0.228,21.612,1.351,943.5822143554688,0.2092873454093933,2.727005958557129,0.7691503763198853,286.42343420173626
standard_row252,standard,Standard,252,1454000,Paranatinga,-14.4178,-54.04939999,5,10080,0.23970818424795054,0.9245798938926311,285.7106075845369,9895.483,0.124,46.84,1.174,1595.35986328125,0.1899460256099701,10.231026649475098,0.8415994048118591,285.7106075845369
disaggregation_row62,disaggregation,Disaggregation,62,,,-17.8308,-54.31309999,2,5,142.22253782100933,546.2271686691013,284.0651257092192,5690.78,0.163,32.38,1.05,2044.4697265625,0.25006216764450073,0.3006170094013214,0.8952919244766235,284.0651257092192
standard_row248,standard,Standard,248,956000,Alta Floresta,-9.8703,-56.1022,500,1440,4.587453301199856,17.42882472993631,279.9237525835472,4766.289,0.098,29.239,1.036,3888.23291015625,0.22853803634643555,24.596786499023438,0.9366915822029114,279.9237525835472
standard_row261,standard,Standard,261,1853000,Fazenda Taquari,-17.8111,-53.28889999,5,360,3.7389232004342023,14.202457112218417,279.8542080396056,7964.394,0.228,21.612,1.351,943.5822143554688,0.2092873454093933,2.727005958557129,0.7691503763198853,279.8542080396056
standard_row261,standard,Standard,261,1853000,Fazenda Taquari,-17.8111,-53.28889999,10,360,4.379064919143755,16.419701406378387,274.959077098792,7964.394,0.228,21.612,1.351,943.5822143554688,0.2092873454093933,2.727005958557129,0.7691503763198853,274.959077098792
disaggregation_row98,disaggregation,Disaggregation,98,,,-20.3636,-51.4239,500,5,274.67590164466634,1022.5466373419694,272.27388031469314,5294.07,0.143,32.7,1.06,1699.4512939453125,0.20085278153419495,2.375734329223633,0.8789082765579224,272.27388031469314
standard_row248,standard,Standard,248,956000,Alta Floresta,-9.8703,-56.1022,100,10080,0.5312415596362754,1.97619191227557,271.99497600086244,4766.289,0.098,29.239,1.036,3888.23291015625,0.22853803634643555,24.596786499023438,0.9366915822029114,271.99497600086244
standard_row154,standard,Standard,154,1943002,Conceição do Mato Dentro (ANEEL),-19.0167,-43.4442,25,10080,0.2554860661838351,0.9440728861284376,269.52030309517136,9459.772,0.23,34.548,1.221,2301.668701171875,0.15907706320285797,23.045703887939453,0.9013510942459106,269.52030309517136
standard_row80,standard,Standard,80,1641010,Itinga,-16.61809999,-41.76749999,2,10080,0.1799102894003042,0.6640085573237833,269.077588356467,6482.993,0.216,35.23,1.154,1163.81103515625,0.1984715610742569,7.605316162109375,0.8250823020935059,269.077588356467
standard_row261,standard,Standard,261,1853000,Fazenda Taquari,-17.8111,-53.28889999,25,360,5.396494087600322,19.890654016599257,268.5847458316053,7964.394,0.228,21.612,1.351,943.5822143554688,0.2092873454093933,2.727005958557129,0.7691503763198853,268.5847458316053
standard_row136,standard,Standard,136,1847041,UHE Emborcação Barrament (Araguari),-18.45189999,-47.9844,2,5,107.52999258961763,395.7334531837202,268.0214642011698,6000.0,0.173,58.696,0.997,1705.19580078125,0.1657327115535736,1.0759778022766113,0.8732106685638428,268.0214642011698
disaggregation_row88,disaggregation,Disaggregation,88,,,-19.6967,-56.2828,100,10080,0.7531545476176984,2.7579813519750402,266.1906259078971,6252.52,0.163,32.96,1.06,1454.85400390625,0.2448670119047165,5.8946452140808105,0.802245557308197,266.1906259078971
standard_row136,standard,Standard,136,1847041,UHE Emborcação Barrament (Araguari),-18.45189999,-47.9844,5,5,126.00078109539994,460.63235680320804,265.57896927198084,6000.0,0.173,58.696,0.997,1705.19580078125,0.1657327115535736,1.0759778022766113,0.8732106685638428,265.57896927198084
standard_row261,standard,Standard,261,1853000,Fazenda Taquari,-17.8111,-53.28889999,50,360,6.320428818284609,22.995922265392153,263.8348429598064,7964.394,0.228,21.612,1.351,943.5822143554688,0.2092873454093933,2.727005958557129,0.7691503763198853,263.8348429598064
standard_row136,standard,Standard,136,1847041,UHE Emborcação Barrament (Araguari),-18.45189999,-47.9844,10,5,142.05333253759892,516.7077302066045,263.74206854305334,6000.0,0.173,58.696,0.997,1705.19580078125,0.1657327115535736,1.0759778022766113,0.8732106685638428,263.74206854305334
disaggregation_row310,disaggregation,Disaggregation,310,,,-28.9583,-49.6014,500,5,178.21391960349337,648.0444191390794,263.632886017494,913.3,0.1756,29.4,0.7703,2618.98681640625,0.20241861045360565,15.140118598937988,0.8840456008911133,263.632886017494
standard_row80,standard,Standard,80,1641010,Itinga,-16.61809999,-41.76749999,5,10080,0.21928606986871474,0.7964407103740727,263.19712914317677,6482.993,0.216,35.23,1.154,1163.81103515625,0.1984715610742569,7.605316162109375,0.8250823020935059,263.19712914317677
standard_row252,standard,Standard,252,1454000,Paranatinga,-14.4178,-54.04939999,2,10080,0.21396281405354192,0.776886047624912,263.0939567987288,9895.483,0.124,46.84,1.174,1595.35986328125,0.1899460256099701,10.231026649475098,0.8415994048118591,263.0939567987288
standard_row136,standard,Standard,136,1847041,UHE Emborcação Barrament (Araguari),-18.45189999,-47.9844,25,5,166.45431126599223,601.4459925706777,261.32797522412824,6000.0,0.173,58.696,0.997,1705.19580078125,0.1657327115535736,1.0759778022766113,0.8732106685638428,261.32797522412824
standard_row261,standard,Standard,261,1853000,Fazenda Taquari,-17.8111,-53.28889999,75,360,6.932587370794387,25.0325160942544,261.08475458544405,7964.394,0.228,21.612,1.351,943.5822143554688,0.2092873454093933,2.727005958557129,0.7691503763198853,261.08475458544405
standard_row136,standard,Standard,136,1847041,UHE Emborcação Barrament (Araguari),-18.45189999,-47.9844,50,5,187.66065912466195,674.6634036302004,259.51243418687193,6000.0,0.173,58.696,0.997,1705.19580078125,0.1657327115535736,1.0759778022766113,0.8732106685638428,259.51243418687193
standard_row260,standard,Standard,260,1753000,Alto Araguaia,-17.3,-53.2194,500,2880,1.4766006075908324,5.306977350786671,259.4050634616317,7339.183,0.121,37.977,1.161,1042.923828125,0.16360996663570404,2.9438507556915283,0.7904951572418213,259.4050634616317
standard_row261,standard,Standard,261,1853000,Fazenda Taquari,-17.8111,-53.28889999,100,360,7.402550581643705,26.585975523713365,259.1461514581108,7964.394,0.228,21.612,1.351,943.5822143554688,0.2092873454093933,2.727005958557129,0.7691503763198853,259.1461514581108
standard_row80,standard,Standard,80,1641010,Itinga,-16.61809999,-41.76749999,10,10080,0.2547026849421861,0.9139014033712416,258.81105987503986,6482.993,0.216,35.23,1.154,1163.81103515625,0.1984715610742569,7.605316162109375,0.8250823020935059,258.81105987503986
standard_row136,standard,Standard,136,1847041,UHE Emborcação Barrament (Araguari),-18.45189999,-47.9844,75,5,201.29687146944073,721.5579812068871,258.45464260800907,6000.0,0.173,58.696,0.997,1705.19580078125,0.1657327115535736,1.0759778022766113,0.8732106685638428,258.45464260800907
standard_row248,standard,Standard,248,956000,Alta Floresta,-9.8703,-56.1022,75,10080,0.5164735045957843,1.8504436483815951,258.2843324808765,4766.289,0.098,29.239,1.036,3888.23291015625,0.22853803634643555,24.596786499023438,0.9366915822029114,258.2843324808765
standard_row136,standard,Standard,136,1847041,UHE Emborcação Barrament (Araguari),-18.45189999,-47.9844,100,5,211.56870444062537,756.7939828685421,257.70601557988397,6000.0,0.173,58.696,0.997,1705.19580078125,0.1657327115535736,1.0759778022766113,0.8732106685638428,257.70601557988397
disaggregation_row88,disaggregation,Disaggregation,88,,,-19.6967,-56.2828,75,10080,0.718652744855738,2.5703836513789113,257.6669914333784,6252.52,0.163,32.96,1.06,1454.85400390625,0.2448670119047165,5.8946452140808105,0.802245557308197,257.6669914333784
disaggregation_row25,disaggregation,Disaggregation,25,,,-6.25,-38.9167,500,60,45.1072671859316,161.07970741430694,257.10367189911636,413.33,0.0762,0.0,0.6567,1630.19970703125,0.22955913841724396,14.1178617477417,0.8688985109329224,257.10367189911636
standard_row248,standard,Standard,248,956000,Alta Floresta,-9.8703,-56.1022,500,720,9.216642098616466,32.84469276295531,256.36289672011577,4766.289,0.098,29.239,1.036,3888.23291015625,0.22853803634643555,24.596786499023438,0.9366915822029114,256.36289672011577
standard_row256,standard,Standard,256,1652001,Ponte Branca,-16.7664,-52.8372,100,2880,1.20615500617374,4.293298413788206,255.94914350252094,10828.492,0.086,47.69,1.19,1037.47802734375,0.17465385794639587,4.947380065917969,0.7897071242332458,255.94914350252094
disaggregation_row25,disaggregation,Disaggregation,25,,,-6.25,-38.9167,500,30,71.11036607871611,252.81974456185503,255.53149069995573,413.33,0.0762,0.0,0.6567,1630.19970703125,0.22955913841724396,14.1178617477417,0.8688985109329224,255.53149069995573
standard_row136,standard,Standard,136,1847041,UHE Emborcação Barrament (Araguari),-18.45189999,-47.9844,500,5,279.49448151784725,988.1431503352799,253.54656913760266,6000.0,0.173,58.696,0.997,1705.19580078125,0.1657327115535736,1.0759778022766113,0.8732106685638428,253.54656913760266
standard_row80,standard,Standard,80,1641010,Itinga,-16.61809999,-41.76749999,25,10080,0.31044778457172006,1.0961730460921322,253.09417575788586,6482.993,0.216,35.23,1.154,1163.81103515625,0.1984715610742569,7.605316162109375,0.8250823020935059,253.09417575788586
standard_row154,standard,Standard,154,1943002,Conceição do Mato Dentro (ANEEL),-19.0167,-43.4442,50,10080,0.2996429874621708,1.0541259202544808,251.7939562618871,9459.772,0.23,34.548,1.221,2301.668701171875,0.15907706320285797,23.045703887939453,0.9013510942459106,251.7939562618871
standard_row258,standard,Standard,258,1654000,Rondonópolis,-16.4711,-54.6561,2,1440,1.018156443153591,3.5716618775765,250.7969626468992,14615.726,0.207,39.234,1.331,1560.6866455078125,0.1706957370042801,17.966697692871094,0.8508358597755432,250.7969626468992
disaggregation_row25,disaggregation,Disaggregation,25,,,-6.25,-38.9167,500,25,80.15511447340589,280.67367418514476,250.1631505725908,413.33,0.0762,0.0,0.6567,1630.19970703125,0.22955913841724396,14.1178617477417,0.8688985109329224,250.1631505725908
standard_row80,standard,Standard,80,1641010,Itinga,-16.61809999,-41.76749999,50,10080,0.36058781258704836,1.2578388725141951,248.83011255699174,6482.993,0.216,35.23,1.154,1163.81103515625,0.1984715610742569,7.605316162109375,0.8250823020935059,248.83011255699174
standard_row252,standard,Standard,252,1454000,Paranatinga,-14.4178,-54.04939999,500,2880,1.8220356620716316,6.350362333699094,248.53117674320444,9895.483,0.124,46.84,1.174,1595.35986328125,0.1899460256099701,10.231026649475098,0.8415994048118591,248.53117674320444
standard_row261,standard,Standard,261,1853000,Fazenda Taquari,-17.8111,-53.28889999,500,360,10.68431157996597,37.23386993233866,248.49105301417327,7964.394,0.228,21.612,1.351,943.5822143554688,0.2092873454093933,2.727005958557129,0.7691503763198853,248.49105301417327
disaggregation_row310,disaggregation,Disaggregation,310,,,-28.9583,-49.6014,100,5,134.33911698299337,467.8646553916738,248.27134932776357,913.3,0.1756,29.4,0.7703,2618.98681640625,0.20241861045360565,15.140118598937988,0.8840456008911133,248.27134932776357
standard_row259,standard,Standard,259,1657003,Cáceres (DNPVN),-16.0817,-57.6942,500,5,176.04202485836907,611.5127597918539,247.367488123267,5378.867,0.2151,93.244,1.0368,3845.719482421875,0.26902151107788086,33.305721282958984,0.9629811644554138,247.367488123267
standard_row256,standard,Standard,256,1652001,Ponte Branca,-16.7664,-52.8372,75,2880,1.1766800556839612,4.082912226191386,246.98575933779537,10828.492,0.086,47.69,1.19,1037.47802734375,0.17465385794639587,4.947380065917969,0.7897071242332458,246.98575933779537
standard_row80,standard,Standard,80,1641010,Itinga,-16.61809999,-41.76749999,75,10080,0.3935924471938176,1.3632456457267232,246.35970670834982,6482.993,0.216,35.23,1.154,1163.81103515625,0.1984715610742569,7.605316162109375,0.8250823020935059,246.35970670834982
disaggregation_row88,disaggregation,Disaggregation,88,,,-19.6967,-56.2828,50,10080,0.6726919234763191,2.327442764766982,245.98940221242535,6252.52,0.163,32.96,1.06,1454.85400390625,0.2448670119047165,5.8946452140808105,0.802245557308197,245.98940221242535
disaggregation_row310,disaggregation,Disaggregation,310,,,-28.9583,-49.6014,75,5,127.72127555196289,441.39795059784274,245.59469335886936,913.3,0.1756,29.4,0.7703,2618.98681640625,0.20241861045360565,15.140118598937988,0.8840456008911133,245.59469335886936
standard_row80,standard,Standard,80,1641010,Itinga,-16.61809999,-41.76749999,100,10080,0.41882589294585243,1.4433475032506897,244.61754336599523,6482.993,0.216,35.23,1.154,1163.81103515625,0.1984715610742569,7.605316162109375,0.8250823020935059,244.61754336599523
standard_row248,standard,Standard,248,956000,Alta Floresta,-9.8703,-56.1022,500,480,13.750186731249949,47.28726922435058,243.90274218517447,4766.289,0.098,29.239,1.036,3888.23291015625,0.22853803634643555,24.596786499023438,0.9366915822029114,243.90274218517447
disaggregation_row310,disaggregation,Disaggregation,310,,,-28.9583,-49.6014,50,5,118.94374876610134,406.6175922905545,241.8570513446264,913.3,0.1756,29.4,0.7703,2618.98681640625,0.20241861045360565,15.140118598937988,0.8840456008911133,241.8570513446264
standard_row154,standard,Standard,154,1943002,Conceição do Mato Dentro (ANEEL),-19.0167,-43.4442,75,10080,0.3289312291795841,1.1243578925642554,241.82157023175148,9459.772,0.23,34.548,1.221,2301.668701171875,0.15907706320285797,23.045703887939453,0.9013510942459106,241.82157023175148
disaggregation_row25,disaggregation,Disaggregation,25,,,-6.25,-38.9167,500,20,92.80514299295247,316.08830811855006,240.59352523442962,413.33,0.0762,0.0,0.6567,1630.19970703125,0.22955913841724396,14.1178617477417,0.8688985109329224,240.59352523442962
disaggregation_row62,disaggregation,Disaggregation,62,,,-17.8308,-54.31309999,100,10,235.859186637849,801.4874754913812,239.8160940502303,5690.78,0.163,32.38,1.05,2044.4697265625,0.25006216764450073,0.3006170094013214,0.8952919244766235,239.8160940502303
standard_row248,standard,Standard,248,956000,Alta Floresta,-9.8703,-56.1022,50,10080,0.49635351696904406,1.6866785172807952,239.81395509805319,4766.289,0.098,29.239,1.036,3888.23291015625,0.22853803634643555,24.596786499023438,0.9366915822029114,239.81395509805319
standard_row258,standard,Standard,258,1654000,Rondonópolis,-16.4711,-54.6561,5,1440,1.2308017235170319,4.176351093616242,239.3195681983825,14615.726,0.207,39.234,1.331,1560.6866455078125,0.1706957370042801,17.966697692871094,0.8508358597755432,239.3195681983825
disaggregation_row98,disaggregation,Disaggregation,98,,,-20.3636,-51.4239,100,5,218.20658282056849,740.1045178408523,239.17607263454605,5294.07,0.143,32.7,1.06,1699.4512939453125,0.20085278153419495,2.375734329223633,0.8789082765579224,239.17607263454605
disaggregation_row25,disaggregation,Disaggregation,25,,,-6.25,-38.9167,500,120,28.61278411547951,96.2152876763959,236.2667795209186,413.33,0.0762,0.0,0.6567,1630.19970703125,0.22955913841724396,14.1178617477417,0.8688985109329224,236.2667795209186
standard_row248,standard,Standard,248,956000,Alta Floresta,-9.8703,-56.1022,500,360,18.16415903395722,60.984089395282645,235.73857882038556,4766.289,0.098,29.239,1.036,3888.23291015625,0.22853803634643555,24.596786499023438,0.9366915822029114,235.73857882038556
standard_row260,standard,Standard,260,1753000,Alto Araguaia,-17.3,-53.2194,100,2880,1.215311681305041,4.0783902046802885,235.58388908932244,7339.183,0.121,37.977,1.161,1042.923828125,0.16360996663570404,2.9438507556915283,0.7904951572418213,235.58388908932244
disaggregation_row310,disaggregation,Disaggregation,310,,,-28.9583,-49.6014,25,5,105.31270182700729,353.3882383608454,235.560888886263,913.3,0.1756,29.4,0.7703,2618.98681640625,0.20241861045360565,15.140118598937988,0.8840456008911133,235.560888886263
standard_row80,standard,Standard,80,1641010,Itinga,-16.61809999,-41.76749999,500,10080,0.5929404027540675,1.9865366104460846,235.03141314356273,6482.993,0.216,35.23,1.154,1163.81103515625,0.1984715610742569,7.605316162109375,0.8250823020935059,235.03141314356273
standard_row154,standard,Standard,154,1943002,Conceição do Mato Dentro (ANEEL),-19.0167,-43.4442,100,10080,0.35143176798788345,1.1770081230795815,234.91796425192896,9459.772,0.23,34.548,1.221,2301.668701171875,0.15907706320285797,23.045703887939453,0.9013510942459106,234.91796425192896
standard_row256,standard,Standard,256,1652001,Ponte Branca,-16.7664,-52.8372,50,2880,1.1363563524931282,3.803776805509033,234.73450446804583,10828.492,0.086,47.69,1.19,1037.47802734375,0.17465385794639587,4.947380065917969,0.7897071242332458,234.73450446804583
disaggregation_row98,disaggregation,Disaggregation,98,,,-20.3636,-51.4239,75,5,209.41202134859964,698.5520355806402,233.5778104246409,5294.07,0.143,32.7,1.06,1699.4512939453125,0.20085278153419495,2.375734329223633,0.8789082765579224,233.5778104246409
disaggregation_row310,disaggregation,Disaggregation,310,,,-28.9583,-49.6014,500,10,160.52469400778918,532.6801328856584,231.83687791973674,913.3,0.1756,29.4,0.7703,2618.98681640625,0.20241861045360565,15.140118598937988,0.8840456008911133,231.83687791973674
standard_row260,standard,Standard,260,1753000,Alto Araguaia,-17.3,-53.2194,75,2880,1.1737350810409217,3.8908774533415404,231.4953703088548,7339.183,0.121,37.977,1.161,1042.923828125,0.16360996663570404,2.9438507556915283,0.7904951572418213,231.4953703088548
disaggregation_row62,disaggregation,Disaggregation,62,,,-17.8308,-54.31309999,75,10,225.0545421426184,745.8547998297655,231.410685040568,5690.78,0.163,32.38,1.05,2044.4697265625,0.25006216764450073,0.3006170094013214,0.8952919244766235,231.410685040568
standard_row258,standard,Standard,258,1654000,Rondonópolis,-16.4711,-54.6561,10,1440,1.4206964813103014,4.700905689409995,230.8874028514784,14615.726,0.207,39.234,1.331,1560.6866455078125,0.1706957370042801,17.966697692871094,0.8508358597755432,230.8874028514784
standard_row399,standard,Standard,399,2951003,Bento Gonçalves,-29.15,-51.5167,2,10,100.38859813480921,330.4284672837688,229.14939885906668,704.7,0.1696,7.1,0.7278,2487.527099609375,0.1641341596841812,1.342369556427002,0.8780661225318909,229.14939885906668
standard_row248,standard,Standard,248,956000,Alta Floresta,-9.8703,-56.1022,100,2880,1.9306560600836131,6.353089564974502,229.06376730298408,4766.289,0.098,29.239,1.036,3888.23291015625,0.22853803634643555,24.596786499023438,0.9366915822029114,229.06376730298408
standard_row399,standard,Standard,399,2951003,Bento Gonçalves,-29.15,-51.5167,5,10,117.26678403950464,384.05462969418744,227.50504146579794,704.7,0.1696,7.1,0.7278,2487.527099609375,0.1641341596841812,1.342369556427002,0.8780661225318909,227.50504146579794
disaggregation_row310,disaggregation,Disaggregation,310,,,-28.9583,-49.6014,10,5,89.66077518207418,293.56320967310705,227.41542673144204,913.3,0.1756,29.4,0.7703,2618.98681640625,0.20241861045360565,15.140118598937988,0.8840456008911133,227.41542673144204
disaggregation_row88,disaggregation,Disaggregation,88,,,-19.6967,-56.2828,25,10080,0.6008254552025445,1.9641140138191906,226.90259655477936,6252.52,0.163,32.96,1.06,1454.85400390625,0.2448670119047165,5.8946452140808105,0.802245557308197,226.90259655477936
standard_row399,standard,Standard,399,2951003,Bento Gonçalves,-29.15,-51.5167,10,10,131.8954161114598,430.3306803958074,226.26659294372388,704.7,0.1696,7.1,0.7278,2487.527099609375,0.1641341596841812,1.342369556427002,0.8780661225318909,226.26659294372388
disaggregation_row98,disaggregation,Disaggregation,98,,,-20.3636,-51.4239,50,5,197.61529672049988,643.9176706472371,225.84404210265745,5294.07,0.143,32.7,1.06,1699.4512939453125,0.20085278153419495,2.375734329223633,0.8789082765579224,225.84404210265745
standard_row260,standard,Standard,260,1753000,Alto Araguaia,-17.3,-53.2194,50,2880,1.1175399126327,3.6411390764875162,225.81736323937844,7339.183,0.121,37.977,1.161,1042.923828125,0.16360996663570404,2.9438507556915283,0.7904951572418213,225.81736323937844
standard_row248,standard,Standard,248,956000,Alta Floresta,-9.8703,-56.1022,500,240,26.610712113221187,86.56752622253946,225.3108216503891,4766.289,0.098,29.239,1.036,3888.23291015625,0.22853803634643555,24.596786499023438,0.9366915822029114,225.3108216503891
standard_row259,standard,Standard,259,1657003,Cáceres (DNPVN),-16.0817,-57.6942,500,10,167.21075437544187,543.3708237902499,224.96164844170718,5378.867,0.2151,93.244,1.0368,3845.719482421875,0.26902151107788086,33.305721282958984,0.9629811644554138,224.96164844170718
standard_row399,standard,Standard,399,2951003,Bento Gonçalves,-29.15,-51.5167,25,10,154.07079652783872,500.17025307788276,224.63663740941848,704.7,0.1696,7.1,0.7278,2487.527099609375,0.1641341596841812,1.342369556427002,0.8780661225318909,224.63663740941848
disaggregation_row25,disaggregation,Disaggregation,25,,,-6.25,-38.9167,500,15,112.10353628840846,362.7505235466442,223.58526372745007,413.33,0.0762,0.0,0.6567,1630.19970703125,0.22955913841724396,14.1178617477417,0.8688985109329224,223.58526372745007
standard_row399,standard,Standard,399,2951003,Bento Gonçalves,-29.15,-51.5167,50,10,173.29060385776046,560.4374708153819,223.40903565400313,704.7,0.1696,7.1,0.7278,2487.527099609375,0.1641341596841812,1.342369556427002,0.8780661225318909,223.40903565400313
standard_row399,standard,Standard,399,2951003,Bento Gonçalves,-29.15,-51.5167,75,10,185.6265498063384,599.004045253956,222.693087750049,704.7,0.1696,7.1,0.7278,2487.527099609375,0.1641341596841812,1.342369556427002,0.8780661225318909,222.693087750049
standard_row249,standard,Standard,249,956001,Jusante Foz Peixoto de Azevedo,-9.6433,-56.01859999,500,10080,0.7110693096779289,2.2936993465867612,222.57043235710276,3407.41,0.163,19.952,1.029,3345.394775390625,0.19295115768909454,21.31430435180664,0.9201629757881165,222.57043235710276
standard_row399,standard,Standard,399,2951003,Bento Gonçalves,-29.15,-51.5167,100,10,194.90801671789416,627.9664909321071,222.1860760304246,704.7,0.1696,7.1,0.7278,2487.527099609375,0.1641341596841812,1.342369556427002,0.8780661225318909,222.1860760304246
disaggregation_row310,disaggregation,Disaggregation,310,,,-28.9583,-49.6014,5,5,79.38557999291156,255.13353942591982,221.38524332593025,913.3,0.1756,29.4,0.7703,2618.98681640625,0.20241861045360565,15.140118598937988,0.8840456008911133,221.38524332593025
disaggregation_row112,disaggregation,Disaggregation,112,,,-20.7644,-56.0931,500,10080,1.1080863223668733,3.5485793938828434,220.24394871178222,6249.01,0.183,32.48,1.06,2352.045166015625,0.23149532079696655,22.102294921875,0.8605983257293701,220.24394871178222
standard_row28,standard,Standard,28,1740005,Medeiros Neto,-17.3722,-40.2258,500,10080,1.0415765567920297,3.334581511279292,220.14751959755407,6899.271,0.227,40.913,1.107,513.4883422851562,0.23396264016628265,10.863990783691406,0.7040454149246216,220.14751959755407
standard_row258,standard,Standard,258,1654000,Rondonópolis,-16.4711,-54.6561,25,1440,1.7174135561871824,5.4967780517554745,220.0614104827979,14615.726,0.207,39.234,1.331,1560.6866455078125,0.1706957370042801,17.966697692871094,0.8508358597755432,220.0614104827979
disaggregation_row62,disaggregation,Disaggregation,62,,,-17.8308,-54.31309999,50,10,210.6613714686232,673.9389034637275,219.91574856148068,5690.78,0.163,32.38,1.05,2044.4697265625,0.25006216764450073,0.3006170094013214,0.8952919244766235,219.91574856148068
standard_row399,standard,Standard,399,2951003,Bento Gonçalves,-29.15,-51.5167,500,10,256.0796190613612,817.8267736130242,219.364257339456,704.7,0.1696,7.1,0.7278,2487.527099609375,0.1641341596841812,1.342369556427002,0.8780661225318909,219.364257339456
standard_row248,standard,Standard,248,956000,Alta Floresta,-9.8703,-56.1022,500,180,34.553628659141545,110.14635143137451,218.76927461924925,4766.289,0.098,29.239,1.036,3888.23291015625,0.22853803634643555,24.596786499023438,0.9366915822029114,218.76927461924925
standard_row259,standard,Standard,259,1657003,Cáceres (DNPVN),-16.0817,-57.6942,100,5,124.52825639819565,396.6135584055282,218.49282233367472,5378.867,0.2151,93.244,1.0368,3845.719482421875,0.26902151107788086,33.305721282958984,0.9629811644554138,218.49282233367472
disaggregation_row25,disaggregation,Disaggregation,25,,,-6.25,-38.9167,500,180,21.924060319992527,69.77780997993113,218.2704707134053,413.33,0.0762,0.0,0.6567,1630.19970703125,0.22955913841724396,14.1178617477417,0.8688985109329224,218.2704707134053
disaggregation_row310,disaggregation,Disaggregation,310,,,-28.9583,-49.6014,100,10,121.00483337637613,384.5758090743668,217.81855182443303,913.3,0.1756,29.4,0.7703,2618.98681640625,0.20241861045360565,15.140118598937988,0.8840456008911133,217.81855182443303
standard_row248,standard,Standard,248,956000,Alta Floresta,-9.8703,-56.1022,75,2880,1.8769854945143576,5.948832276906484,216.93544219134503,4766.289,0.098,29.239,1.036,3888.23291015625,0.22853803634643555,24.596786499023438,0.9366915822029114,216.93544219134503
standard_row256,standard,Standard,256,1652001,Ponte Branca,-16.7664,-52.8372,500,1440,3.1001991460758953,9.817632476305857,216.67747824305457,10828.492,0.086,47.69,1.19,1037.47802734375,0.17465385794639587,4.947380065917969,0.7897071242332458,216.67747824305457
standard_row28,standard,Standard,28,1740005,Medeiros Neto,-17.3722,-40.2258,100,10080,0.7228114199256712,2.2882763405634923,216.5799927177136,6899.271,0.227,40.913,1.107,513.4883422851562,0.23396264016628265,10.863990783691406,0.7040454149246216,216.5799927177136
standard_row260,standard,Standard,260,1753000,Alto Araguaia,-17.3,-53.2194,25,2880,1.027633878237719,3.25076638304737,216.3350734039717,7339.183,0.121,37.977,1.161,1042.923828125,0.16360996663570404,2.9438507556915283,0.7904951572418213,216.3350734039717
standard_row261,standard,Standard,261,1853000,Fazenda Taquari,-17.8111,-53.28889999,2,240,5.052799618833187,15.968606959487705,216.03483542011585,7964.394,0.228,21.612,1.351,943.5822143554688,0.2092873454093933,2.727005958557129,0.7691503763198853,216.03483542011585
standard_row28,standard,Standard,28,1740005,Medeiros Neto,-17.3722,-40.2258,75,10080,0.677117303660717,2.139328483949111,215.94650917694813,6899.271,0.227,40.913,1.107,513.4883422851562,0.23396264016628265,10.863990783691406,0.7040454149246216,215.94650917694813
disaggregation_row310,disaggregation,Disaggregation,310,,,-28.9583,-49.6014,75,10,115.04386818874207,362.8206833295099,215.37594227470066,913.3,0.1756,29.4,0.7703,2618.98681640625,0.20241861045360565,15.140118598937988,0.8840456008911133,215.37594227470066
standard_row28,standard,Standard,28,1740005,Medeiros Neto,-17.3722,-40.2258,50,10080,0.6175771180108327,1.9457126287234705,215.05581602350455,6899.271,0.227,40.913,1.107,513.4883422851562,0.23396264016628265,10.863990783691406,0.7040454149246216,215.05581602350455
standard_row256,standard,Standard,256,1652001,Ponte Branca,-16.7664,-52.8372,25,2880,1.0705968579841727,3.3700704194381825,214.7842620969101,10828.492,0.086,47.69,1.19,1037.47802734375,0.17465385794639587,4.947380065917969,0.7897071242332458,214.7842620969101
standard_row259,standard,Standard,259,1657003,Cáceres (DNPVN),-16.0817,-57.6942,75,5,117.05597455464257,367.07630290245464,213.59040347923528,5378.867,0.2151,93.244,1.0368,3845.719482421875,0.26902151107788086,33.305721282958984,0.9629811644554138,213.59040347923528
disaggregation_row310,disaggregation,Disaggregation,310,,,-28.9583,-49.6014,2,5,67.58702907589506,211.942030319229,213.5838832052143,913.3,0.1756,29.4,0.7703,2618.98681640625,0.20241861045360565,15.140118598937988,0.8840456008911133,213.5838832052143
standard_row28,standard,Standard,28,1740005,Medeiros Neto,-17.3722,-40.2258,25,10080,0.5276639053790637,1.6544320135048631,213.53897748915585,6899.271,0.227,40.913,1.107,513.4883422851562,0.23396264016628265,10.863990783691406,0.7040454149246216,213.53897748915585
standard_row252,standard,Standard,252,1454000,Paranatinga,-14.4178,-54.04939999,100,2880,1.4923977736028435,4.677695325265218,213.4348903491493,9895.483,0.124,46.84,1.174,1595.35986328125,0.1899460256099701,10.231026649475098,0.8415994048118591,213.4348903491493
standard_row112,standard,Standard,112,1747002,Fazenda Buriti II (Faz. Angical),-17.41669999,-47.5167,500,10080,0.5591668605970669,1.751583430186796,213.2487909452451,10030.56,0.138,45.209,1.155,2292.6064453125,0.18366193771362305,12.484432220458984,0.9022473692893982,213.2487909452451
disaggregation_row98,disaggregation,Disaggregation,98,,,-20.3636,-51.4239,25,5,178.96712827423522,560.2316383385775,213.0360551352885,5294.07,0.143,32.7,1.06,1699.4512939453125,0.20085278153419495,2.375734329223633,0.8789082765579224,213.0360551352885
disaggregation_row69,disaggregation,Disaggregation,69,,,-18.0986,-54.54719999,500,5,424.6889373831391,1326.5048008323618,212.3473874798949,6401.78,0.183,32.8,1.06,1856.8662109375,0.1858854740858078,0.32893285155296326,0.8914605379104614,212.3473874798949
standard_row258,standard,Standard,258,1654000,Rondonópolis,-16.4711,-54.6561,50,1440,1.9823854237526,6.1871798222181935,212.10781455939258,14615.726,0.207,39.234,1.331,1560.6866455078125,0.1706957370042801,17.966697692871094,0.8508358597755432,212.10781455939258
disaggregation_row310,disaggregation,Disaggregation,310,,,-28.9583,-49.6014,50,10,107.13758452369227,334.2318932130087,211.96511914929073,913.3,0.1756,29.4,0.7703,2618.98681640625,0.20241861045360565,15.140118598937988,0.8840456008911133,211.96511914929073
standard_row28,standard,Standard,28,1740005,Medeiros Neto,-17.3722,-40.2258,10,10080,0.42857319576955916,1.335198482563231,211.5450279539083,6899.271,0.227,40.913,1.107,513.4883422851562,0.23396264016628265,10.863990783691406,0.7040454149246216,211.5450279539083
standard_row248,standard,Standard,248,956000,Alta Floresta,-9.8703,-56.1022,500,120,49.038518144292006,152.4639478999796,210.90651526493184,4766.289,0.098,29.239,1.036,3888.23291015625,0.22853803634643555,24.596786499023438,0.9366915822029114,210.90651526493184
disaggregation_row69,disaggregation,Disaggregation,69,,,-18.0986,-54.54719999,100,5,316.3438803753764,983.5137942253339,210.90021183854984,6401.78,0.183,32.8,1.06,1856.8662109375,0.1858854740858078,0.32893285155296326,0.8914605379104614,210.90021183854984
standard_row261,standard,Standard,261,1853000,Fazenda Taquari,-17.8111,-53.28889999,5,240,6.22676388049394,19.344202936287516,210.66222049764042,7964.394,0.228,21.612,1.351,943.5822143554688,0.2092873454093933,2.727005958557129,0.7691503763198853,210.66222049764042
disaggregation_row69,disaggregation,Disaggregation,69,,,-18.0986,-54.54719999,75,5,300.12049129525667,932.3010196132076,210.6422409178371,6401.78,0.183,32.8,1.06,1856.8662109375,0.1858854740858078,0.32893285155296326,0.8914605379104614,210.6422409178371
standard_row257,standard,Standard,257,1653004,Alto Garças,-16.9442,-53.5336,2,2880,0.5719613342955028,1.7760434270874041,210.51809284888031,6037.949,0.182,17.764,1.178,1041.01025390625,0.16140301525592804,2.1971800327301025,0.8141079545021057,210.51809284888031
standard_row248,standard,Standard,248,956000,Alta Floresta,-9.8703,-56.1022,25,10080,0.4637566646258226,1.4395790221510822,210.41689143434564,4766.289,0.098,29.239,1.036,3888.23291015625,0.22853803634643555,24.596786499023438,0.9366915822029114,210.41689143434564
disaggregation_row302,disaggregation,Disaggregation,302,,,-32.5381,-52.5386,500,180,43.378331806865255,134.6411438850775,210.38801695866178,1218.48,0.0768,9.3661,0.7271,19633.396484375,0.26344168186187744,109.66665649414062,1.1677324771881104,210.38801695866178
disaggregation_row69,disaggregation,Disaggregation,69,,,-18.0986,-54.54719999,50,5,278.65763591515775,864.6161671994575,210.27901473430472,6401.78,0.183,32.8,1.06,1856.8662109375,0.1858854740858078,0.32893285155296326,0.8914605379104614,210.27901473430472
standard_row45,standard,Standard,45,1840020,São João da Cachoeira Grande,-18.5647,-40.3367,2,10080,0.2897802285767817,0.8986121654743168,210.1012687745243,5829.147,0.192,33.421,1.089,1344.4107666015625,0.17920584976673126,3.4210076332092285,0.8064990639686584,210.1012687745243
standard_row28,standard,Standard,28,1740005,Medeiros Neto,-17.3722,-40.2258,5,10080,0.36617711314975393,1.1353141678403897,210.04509213444067,6899.271,0.227,40.913,1.107,513.4883422851562,0.23396264016628265,10.863990783691406,0.7040454149246216,210.04509213444067
disaggregation_row310,disaggregation,Disaggregation,310,,,-28.9583,-49.6014,500,15,146.4109263780849,453.7571463928121,209.92027549982873,913.3,0.1756,29.4,0.7703,2618.98681640625,0.20241861045360565,15.140118598937988,0.8840456008911133,209.92027549982873
disaggregation_row69,disaggregation,Disaggregation,69,,,-18.0986,-54.54719999,25,5,245.46097734428864,760.0921522117522,209.65905881880008,6401.78,0.183,32.8,1.06,1856.8662109375,0.1858854740858078,0.32893285155296326,0.8914605379104614,209.65905881880008
disaggregation_row303,disaggregation,Disaggregation,303,,,-32.5381,-52.5386,500,180,43.581165918916085,134.6411438850775,208.94341866755218,1218.48,0.08,9.37,0.73,19633.396484375,0.26344168186187744,109.66665649414062,1.1677324771881104,208.94341866755218
disaggregation_row69,disaggregation,Disaggregation,69,,,-18.0986,-54.54719999,10,5,207.56753963219575,641.0545416928119,208.84142232872432,6401.78,0.183,32.8,1.06,1856.8662109375,0.1858854740858078,0.32893285155296326,0.8914605379104614,208.84142232872432
disaggregation_row26,disaggregation,Disaggregation,26,,,-6.4,-38.85,500,60,47.33120311507109,146.14186204661456,208.76430859219045,438.86,0.0743,0.0,0.6567,1665.9591064453125,0.21040727198123932,14.117833137512207,0.8688982725143433,208.76430859219045
disaggregation_row302,disaggregation,Disaggregation,302,,,-32.5381,-52.5386,500,120,57.2261628380753,176.55738123121222,208.52563316326385,1218.48,0.0768,9.3661,0.7271,19633.396484375,0.26344168186187744,109.66665649414062,1.1677324771881104,208.52563316326385
disaggregation_row62,disaggregation,Disaggregation,62,,,-17.8308,-54.31309999,500,15,272.72760459572174,841.0670573806419,208.39087910715867,5690.78,0.163,32.38,1.05,2044.4697265625,0.25006216764450073,0.3006170094013214,0.8952919244766235,208.39087910715867
disaggregation_row69,disaggregation,Disaggregation,69,,,-18.0986,-54.54719999,5,5,182.83988872488925,563.5570381001238,208.22433880830135,6401.78,0.183,32.8,1.06,1856.8662109375,0.1858854740858078,0.32893285155296326,0.8914605379104614,208.22433880830135
standard_row28,standard,Standard,28,1740005,Medeiros Neto,-17.3722,-40.2258,2,10080,0.29741222395631417,0.9162478371786957,208.07336194536515,6899.271,0.227,40.913,1.107,513.4883422851562,0.23396264016628265,10.863990783691406,0.7040454149246216,208.07336194536515
standard_row248,standard,Standard,248,956000,Alta Floresta,-9.8703,-56.1022,100,1440,3.918073654441728,12.064987332372082,207.93161120630276,4766.289,0.098,29.239,1.036,3888.23291015625,0.22853803634643555,24.596786499023438,0.9366915822029114,207.93161120630276
standard_row258,standard,Standard,258,1654000,Rondonópolis,-16.4711,-54.6561,75,1440,2.155951497808609,6.630568493248624,207.5472013163648,14615.726,0.207,39.234,1.331,1560.6866455078125,0.1706957370042801,17.966697692871094,0.8508358597755432,207.5472013163648
standard_row252,standard,Standard,252,1454000,Paranatinga,-14.4178,-54.04939999,75,2880,1.440098470521279,4.428945282374384,207.5446139992926,9895.483,0.124,46.84,1.174,1595.35986328125,0.1899460256099701,10.231026649475098,0.8415994048118591,207.5446139992926
disaggregation_row69,disaggregation,Disaggregation,69,,,-18.0986,-54.54719999,2,5,154.61368344516114,475.29868283179945,207.41049061183503,6401.78,0.183,32.8,1.06,1856.8662109375,0.1858854740858078,0.32893285155296326,0.8914605379104614,207.41049061183503
disaggregation_row26,disaggregation,Disaggregation,26,,,-6.4,-38.85,500,30,74.61633990339601,229.37434318842315,207.40497789812343,438.86,0.0743,0.0,0.6567,1665.9591064453125,0.21040727198123932,14.117833137512207,0.8688982725143433,207.40497789812343
standard_row249,standard,Standard,249,956001,Jusante Foz Peixoto de Azevedo,-9.6433,-56.01859999,100,10080,0.5469905505852847,1.6813937135817236,207.389901303161,3407.41,0.163,19.952,1.029,3345.394775390625,0.19295115768909454,21.31430435180664,0.9201629757881165,207.389901303161
standard_row259,standard,Standard,259,1657003,Cáceres (DNPVN),-16.0817,-57.6942,500,15,159.20963993555893,489.1022787991183,207.2064474218304,5378.867,0.2151,93.244,1.0368,3845.719482421875,0.26902151107788086,33.305721282958984,0.9629811644554138,207.2064474218304
standard_row259,standard,Standard,259,1657003,Cáceres (DNPVN),-16.0817,-57.6942,50,5,107.27940477608409,329.1425370276191,206.8086905539908,5378.867,0.2151,93.244,1.0368,3845.719482421875,0.26902151107788086,33.305721282958984,0.9629811644554138,206.8086905539908
disaggregation_row303,disaggregation,Disaggregation,303,,,-32.5381,-52.5386,500,120,57.55691305554438,176.55738123121222,206.75269373954842,1218.48,0.08,9.37,0.73,19633.396484375,0.26344168186187744,109.66665649414062,1.1677324771881104,206.75269373954842
standard_row261,standard,Standard,261,1853000,Fazenda Taquari,-17.8111,-53.28889999,10,240,7.292849252880048,22.364160908817276,206.6587575491891,7964.394,0.228,21.612,1.351,943.5822143554688,0.2092873454093933,2.727005958557129,0.7691503763198853,206.6587575491891
standard_row45,standard,Standard,45,1840020,São João da Cachoeira Grande,-18.5647,-40.3367,5,10080,0.3455200328430084,1.058974423801614,206.48712755904754,5829.147,0.192,33.421,1.089,1344.4107666015625,0.17920584976673126,3.4210076332092285,0.8064990639686584,206.48712755904754
disaggregation_row310,disaggregation,Disaggregation,310,,,-28.9583,-49.6014,25,10,94.85953327061276,290.4783811275817,206.21949224535263,913.3,0.1756,29.4,0.7703,2618.98681640625,0.20241861045360565,15.140118598937988,0.8840456008911133,206.21949224535263
standard_row249,standard,Standard,249,956001,Jusante Foz Peixoto de Azevedo,-9.6433,-56.01859999,75,10080,0.5219330638468138,1.5906050079248653,204.75268154149825,3407.41,0.163,19.952,1.029,3345.394775390625,0.19295115768909454,21.31430435180664,0.9201629757881165,204.75268154149825
disaggregation_row88,disaggregation,Disaggregation,88,,,-19.6967,-56.2828,500,2880,3.662626286388967,11.161267009182133,204.73398420853297,6252.52,0.163,32.96,1.06,1454.85400390625,0.2448670119047165,5.8946452140808105,0.802245557308197,204.73398420853297
standard_row257,standard,Standard,257,1653004,Alto Garças,-16.9442,-53.5336,5,2880,0.6757588657319549,2.0591230400236715,204.71269330566784,6037.949,0.182,17.764,1.178,1041.01025390625,0.16140301525592804,2.1971800327301025,0.8141079545021057,204.71269330566784
standard_row258,standard,Standard,258,1654000,Rondonópolis,-16.4711,-54.6561,100,1440,2.2882385865355643,6.964296864822169,204.35186723104093,14615.726,0.207,39.234,1.331,1560.6866455078125,0.1706957370042801,17.966697692871094,0.8508358597755432,204.35186723104093
disaggregation_row302,disaggregation,Disaggregation,302,,,-32.5381,-52.5386,500,240,35.51066606774952,108.0709551384766,204.3337878605035,1218.48,0.0768,9.3661,0.7271,19633.396484375,0.26344168186187744,109.66665649414062,1.1677324771881104,204.3337878605035
disaggregation_row25,disaggregation,Disaggregation,25,,,-6.25,-38.9167,500,240,18.149878410155083,55.21823773225956,204.2347528971008,413.33,0.0762,0.0,0.6567,1630.19970703125,0.22955913841724396,14.1178617477417,0.8688985109329224,204.2347528971008
standard_row260,standard,Standard,260,1753000,Alto Araguaia,-17.3,-53.2194,10,2880,0.919787858114902,2.798200361873422,204.22236357939227,7339.183,0.121,37.977,1.161,1042.923828125,0.16360996663570404,2.9438507556915283,0.7904951572418213,204.22236357939227
standard_row45,standard,Standard,45,1840020,São João da Cachoeira Grande,-18.5647,-40.3367,10,10080,0.3947035127291968,1.1990348536556243,203.78114584408917,5829.147,0.192,33.421,1.089,1344.4107666015625,0.17920584976673126,3.4210076332092285,0.8064990639686584,203.78114584408917
disaggregation_row88,disaggregation,Disaggregation,88,,,-19.6967,-56.2828,10,10080,0.5174687201213167,1.569366267410326,203.2775134779933,6252.52,0.163,32.96,1.06,1454.85400390625,0.2448670119047165,5.8946452140808105,0.802245557308197,203.2775134779933
disaggregation_row303,disaggregation,Disaggregation,303,,,-32.5381,-52.5386,500,240,35.64837482765073,108.0709551384766,203.15815422432993,1218.48,0.08,9.37,0.73,19633.396484375,0.26344168186187744,109.66665649414062,1.1677324771881104,203.15815422432993
standard_row256,standard,Standard,256,1652001,Ponte Branca,-16.7664,-52.8372,500,5,165.12880730699098,500.572231217619,203.1404631216194,10828.492,0.086,47.69,1.19,1037.47802734375,0.17465385794639587,4.947380065917969,0.7897071242332458,203.1404631216194
disaggregation_row26,disaggregation,Disaggregation,26,,,-6.4,-38.85,500,25,84.10702400157375,254.6452317977428,202.76333614298142,438.86,0.0743,0.0,0.6567,1665.9591064453125,0.21040727198123932,14.117833137512207,0.8688982725143433,202.76333614298142
standard_row248,standard,Standard,248,956000,Alta Floresta,-9.8703,-56.1022,500,60,83.54198080603446,251.90305492237223,201.52870747371196,4766.289,0.098,29.239,1.036,3888.23291015625,0.22853803634643555,24.596786499023438,0.9366915822029114,201.52870747371196
standard_row261,standard,Standard,261,1853000,Fazenda Taquari,-17.8111,-53.28889999,25,240,8.987265227075671,27.091709891632807,201.44553662458304,7964.394,0.228,21.612,1.351,943.5822143554688,0.2092873454093933,2.727005958557129,0.7691503763198853,201.44553662458304
disaggregation_row62,disaggregation,Disaggregation,62,,,-17.8308,-54.31309999,25,10,188.15554340557432,566.6883881416006,201.18080917769646,5690.78,0.163,32.38,1.05,2044.4697265625,0.25006216764450073,0.3006170094013214,0.8952919244766235,201.18080917769646
standard_row249,standard,Standard,249,956001,Jusante Foz Peixoto de Azevedo,-9.6433,-56.01859999,50,10080,0.4885532813424115,1.4709074010446026,201.0741012736521,3407.41,0.163,19.952,1.029,3345.394775390625,0.19295115768909454,21.31430435180664,0.9201629757881165,201.0741012736521
standard_row248,standard,Standard,248,956000,Alta Floresta,-9.8703,-56.1022,50,2880,1.8038647543618564,5.4223578292375105,200.5966947425473,4766.289,0.098,29.239,1.036,3888.23291015625,0.22853803634643555,24.596786499023438,0.9366915822029114,200.5966947425473
standard_row257,standard,Standard,257,1653004,Alto Garças,-16.9442,-53.5336,10,2880,0.7666183517237151,2.302870131861921,200.39329565800196,6037.949,0.182,17.764,1.178,1041.01025390625,0.16140301525592804,2.1971800327301025,0.8141079545021057,200.39329565800196
standard_row45,standard,Standard,45,1840020,São João da Cachoeira Grande,-18.5647,-40.3367,25,10080,0.4706255197300579,1.4130091846662278,200.24066384600303,5829.147,0.192,33.421,1.089,1344.4107666015625,0.17920584976673126,3.4210076332092285,0.8064990639686584,200.24066384600303
standard_row319,standard,Standard,319,-,Curitiba,-25.43333333,-49.26666667,2,10080,0.171622524822457,0.5151449152209653,200.1615992736858,5950.0,0.217,26.0,1.15,5559.216796875,0.11138355731964111,42.97759246826172,1.0153061151504517,200.1615992736858
standard_row252,standard,Standard,252,1454000,Paranatinga,-14.4178,-54.04939999,50,2880,1.3694837173306567,4.100647896074944,199.43020454947535,9895.483,0.124,46.84,1.174,1595.35986328125,0.1899460256099701,10.231026649475098,0.8415994048118591,199.43020454947535
standard_row248,standard,Standard,248,956000,Alta Floresta,-9.8703,-56.1022,500,5,225.38011790187772,673.7009851009758,198.91766468694485,4766.289,0.098,29.239,1.036,3888.23291015625,0.22853803634643555,24.596786499023438,0.9366915822029114,198.91766468694485
standard_row154,standard,Standard,154,1943002,Conceição do Mato Dentro (ANEEL),-19.0167,-43.4442,500,10080,0.5088668014623056,1.5204409421115495,198.78957278060443,9459.772,0.23,34.548,1.221,2301.668701171875,0.15907706320285797,23.045703887939453,0.9013510942459106,198.78957278060443
disaggregation_row310,disaggregation,Disaggregation,310,,,-28.9583,-49.6014,10,10,80.76119156475534,241.30335038878056,198.78626814873144,913.3,0.1756,29.4,0.7703,2618.98681640625,0.20241861045360565,15.140118598937988,0.8840456008911133,198.78626814873144
standard_row259,standard,Standard,259,1657003,Cáceres (DNPVN),-16.0817,-57.6942,100,10,118.28120989947153,352.41821614736,197.9494515205619,5378.867,0.2151,93.244,1.0368,3845.719482421875,0.26902151107788086,33.305721282958984,0.9629811644554138,197.9494515205619
standard_row154,standard,Standard,154,1943002,Conceição do Mato Dentro (ANEEL),-19.0167,-43.4442,2,2880,0.6529442746239597,1.9439390855283172,197.71898783366476,9459.772,0.23,34.548,1.221,2301.668701171875,0.15907706320285797,23.045703887939453,0.9013510942459106,197.71898783366476
standard_row45,standard,Standard,45,1840020,São João da Cachoeira Grande,-18.5647,-40.3367,50,10080,0.5376172961347777,1.5998944099784225,197.58983229909657,5829.147,0.192,33.421,1.089,1344.4107666015625,0.17920584976673126,3.4210076332092285,0.8064990639686584,197.58983229909657
standard_row261,standard,Standard,261,1853000,Fazenda Taquari,-17.8111,-53.28889999,50,240,10.525976535264803,31.321185024114104,197.56084786223738,7964.394,0.228,21.612,1.351,943.5822143554688,0.2092873454093933,2.727005958557129,0.7691503763198853,197.56084786223738
standard_row248,standard,Standard,248,956000,Alta Floresta,-9.8703,-56.1022,500,10,195.6985716567118,582.0599722722632,197.42678617669947,4766.289,0.098,29.239,1.036,3888.23291015625,0.22853803634643555,24.596786499023438,0.9366915822029114,197.42678617669947
standard_row248,standard,Standard,248,956000,Alta Floresta,-9.8703,-56.1022,500,30,127.71968412121888,379.6468447014171,197.25006549585098,4766.289,0.098,29.239,1.036,3888.23291015625,0.22853803634643555,24.596786499023438,0.9366915822029114,197.25006549585098
disaggregation_row98,disaggregation,Disaggregation,98,,,-20.3636,-51.4239,10,5,156.9885030039376,466.058329038542,196.874178758716,5294.07,0.143,32.7,1.06,1699.4512939453125,0.20085278153419495,2.375734329223633,0.8789082765579224,196.874178758716
standard_row248,standard,Standard,248,956000,Alta Floresta,-9.8703,-56.1022,500,25,139.9369932349352,415.3866352967344,196.83833109044778,4766.289,0.098,29.239,1.036,3888.23291015625,0.22853803634643555,24.596786499023438,0.9366915822029114,196.83833109044778
disaggregation_row310,disaggregation,Disaggregation,310,,,-28.9583,-49.6014,100,15,110.36575936410989,327.59626448232774,196.82780816244676,913.3,0.1756,29.4,0.7703,2618.98681640625,0.20241861045360565,15.140118598937988,0.8840456008911133,196.82780816244676
standard_row248,standard,Standard,248,956000,Alta Floresta,-9.8703,-56.1022,500,15,172.83239177931105,512.9262883312982,196.77671126963958,4766.289,0.098,29.239,1.036,3888.23291015625,0.22853803634643555,24.596786499023438,0.9366915822029114,196.77671126963958
standard_row248,standard,Standard,248,956000,Alta Floresta,-9.8703,-56.1022,500,20,154.68459908111635,458.8606437120807,196.6427468784109,4766.289,0.098,29.239,1.036,3888.23291015625,0.22853803634643555,24.596786499023438,0.9366915822029114,196.6427468784109
standard_row248,standard,Standard,248,956000,Alta Floresta,-9.8703,-56.1022,75,1440,3.80915460183389,11.297272819664862,196.5821553744726,4766.289,0.098,29.239,1.036,3888.23291015625,0.22853803634643555,24.596786499023438,0.9366915822029114,196.5821553744726
disaggregation_row112,disaggregation,Disaggregation,112,,,-20.7644,-56.0931,100,10080,0.8253954745521793,2.444816348013278,196.1993884616002,6249.01,0.183,32.48,1.06,2352.045166015625,0.23149532079696655,22.102294921875,0.8605983257293701,196.1993884616002
standard_row45,standard,Standard,45,1840020,São João da Cachoeira Grande,-18.5647,-40.3367,75,10080,0.5811426561864723,1.7204731712456642,196.05005809341466,5829.147,0.192,33.421,1.089,1344.4107666015625,0.17920584976673126,3.4210076332092285,0.8064990639686584,196.05005809341466
standard_row259,standard,Standard,259,1657003,Cáceres (DNPVN),-16.0817,-57.6942,25,5,92.41975292988727,273.1495365829318,195.55319931460127,5378.867,0.2151,93.244,1.0368,3845.719482421875,0.26902151107788086,33.305721282958984,0.9629811644554138,195.55319931460127
standard_row260,standard,Standard,260,1753000,Alto Araguaia,-17.3,-53.2194,5,2880,0.8457909673792929,2.498200557113571,195.36855481612858,7339.183,0.121,37.977,1.161,1042.923828125,0.16360996663570404,2.9438507556915283,0.7904951572418213,195.36855481612858
standard_row261,standard,Standard,261,1853000,Fazenda Taquari,-17.8111,-53.28889999,75,240,11.545459033183104,34.0950912582973,195.31169926032143,7964.394,0.228,21.612,1.351,943.5822143554688,0.2092873454093933,2.727005958557129,0.7691503763198853,195.31169926032143
standard_row45,standard,Standard,45,1840020,São João da Cachoeira Grande,-18.5647,-40.3367,100,10080,0.6141451004804263,1.8114971585869997,194.96240500330015,5829.147,0.192,33.421,1.089,1344.4107666015625,0.17920584976673126,3.4210076332092285,0.8064990639686584,194.96240500330015
standard_row249,standard,Standard,249,956001,Jusante Foz Peixoto de Azevedo,-9.6433,-56.01859999,25,10080,0.436359107949933,1.2867709477983769,194.88806910523306,3407.41,0.163,19.952,1.029,3345.394775390625,0.19295115768909454,21.31430435180664,0.9201629757881165,194.88806910523306
standard_row257,standard,Standard,257,1653004,Alto Garças,-16.9442,-53.5336,25,2880,0.9057415541003498,2.6699194819102074,194.77718779968868,6037.949,0.182,17.764,1.178,1041.01025390625,0.16140301525592804,2.1971800327301025,0.8141079545021057,194.77718779968868
disaggregation_row310,disaggregation,Disaggregation,310,,,-28.9583,-49.6014,75,15,104.92889844608399,309.0644230112999,194.54652396842573,913.3,0.1756,29.4,0.7703,2618.98681640625,0.20241861045360565,15.140118598937988,0.8840456008911133,194.54652396842573
disaggregation_row26,disaggregation,Disaggregation,26,,,-6.4,-38.85,500,20,97.38074033650703,286.7756856604182,194.48912040454985,438.86,0.0743,0.0,0.6567,1665.9591064453125,0.21040727198123932,14.117833137512207,0.8688982725143433,194.48912040454985
standard_row68,standard,Standard,68,1543002,Colônia do Jaíba,-15.3411,-43.6753,2,10080,0.20570907734784177,0.6052832806901391,194.24237787360315,6527.477,0.226,32.114,1.141,1000.1412963867188,0.2003398984670639,2.9934303760528564,0.8188679218292236,194.24237787360315
disaggregation_row310,disaggregation,Disaggregation,310,,,-28.9583,-49.6014,500,20,134.85738114100258,396.18180940019715,193.77836500173623,913.3,0.1756,29.4,0.7703,2618.98681640625,0.20241861045360565,15.140118598937988,0.8840456008911133,193.77836500173623
standard_row261,standard,Standard,261,1853000,Fazenda Taquari,-17.8111,-53.28889999,100,240,12.328130885372431,36.21095291655157,193.7262205701967,7964.394,0.228,21.612,1.351,943.5822143554688,0.2092873454093933,2.727005958557129,0.7691503763198853,193.7262205701967
standard_row259,standard,Standard,259,1657003,Cáceres (DNPVN),-16.0817,-57.6942,75,10,111.18378026599827,326.1723486683705,193.3632476679866,5378.867,0.2151,93.244,1.0368,3845.719482421875,0.26902151107788086,33.305721282958984,0.9629811644554138,193.3632476679866
standard_row227,standard,Standard,227,2144018,Aiuruoca,-21.9772,-44.6033,2,10080,0.20875488989376997,0.612328486601162,193.32414053283267,8394.51,0.205,40.691,1.165,1934.46923828125,0.17407910525798798,10.64963150024414,0.8871259093284607,193.32414053283267
disaggregation_row310,disaggregation,Disaggregation,310,,,-28.9583,-49.6014,5,10,71.505895641292,209.71489557079312,193.28336312690075,913.3,0.1756,29.4,0.7703,2618.98681640625,0.20241861045360565,15.140118598937988,0.8840456008911133,193.28336312690075
standard_row410,standard,Standard,410,-,Caxias do Sul,-29.16666667,-51.2,2,5,118.67261176907168,348.0050429252229,193.24798513949918,702.71,0.24,8.85,0.74,2526.979248046875,0.1546059548854828,6.01505184173584,0.8709874153137207,193.24798513949918
standard_row259,standard,Standard,259,1657003,Cáceres (DNPVN),-16.0817,-57.6942,500,20,151.92746565581044,444.84419063496716,192.80037596543306,5378.867,0.2151,93.244,1.0368,3845.719482421875,0.26902151107788086,33.305721282958984,0.9629811644554138,192.80037596543306
disaggregation_row112,disaggregation,Disaggregation,112,,,-20.7644,-56.0931,75,10080,0.7830658681986742,2.287301991136117,192.09573345314013,6249.01,0.183,32.48,1.06,2352.045166015625,0.23149532079696655,22.102294921875,0.8605983257293701,192.09573345314013
disaggregation_row25,disaggregation,Disaggregation,25,,,-6.25,-38.9167,500,10,146.30475539592695,427.2695207126614,192.04076077800295,413.33,0.0762,0.0,0.6567,1630.19970703125,0.22955913841724396,14.1178617477417,0.8688985109329224,192.04076077800295
disaggregation_row310,disaggregation,Disaggregation,310,,,-28.9583,-49.6014,50,15,97.71775674129623,284.7114069680468,191.36097313593535,913.3,0.1756,29.4,0.7703,2618.98681640625,0.20241861045360565,15.140118598937988,0.8840456008911133,191.36097313593535
standard_row112,standard,Standard,112,1747002,Fazenda Buriti II (Faz. Angical),-17.41669999,-47.5167,100,10080,0.4477994585731815,1.3033367547547399,191.05366918208153,10030.56,0.138,45.209,1.155,2292.6064453125,0.18366193771362305,12.484432220458984,0.9022473692893982,191.05366918208153
disaggregation_row26,disaggregation,Disaggregation,26,,,-6.4,-38.85,500,120,30.023488035201186,87.29269131686952,190.74800108009697,438.86,0.0743,0.0,0.6567,1665.9591064453125,0.21040727198123932,14.117833137512207,0.8688982725143433,190.74800108009697
standard_row257,standard,Standard,257,1653004,Alto Garças,-16.9442,-53.5336,50,2880,1.027523473983557,2.9859691285357037,190.59862904732887,6037.949,0.182,17.764,1.178,1041.01025390625,0.16140301525592804,2.1971800327301025,0.8141079545021057,190.59862904732887
standard_row256,standard,Standard,256,1652001,Ponte Branca,-16.7664,-52.8372,10,2880,0.9894711220157691,2.871687766279243,190.22451513582195,10828.492,0.086,47.69,1.19,1037.47802734375,0.17465385794639587,4.947380065917969,0.7897071242332458,190.22451513582195
standard_row250,standard,Standard,250,1059000,Humboldt,-10.1753,-59.4517,500,60,84.3740329226041,244.02470737569044,189.21778291614098,470.837,0.112,4.347,0.58,5495.71826171875,0.23973269760608673,40.49723815917969,0.9987353086471558,189.21778291614098
standard_row45,standard,Standard,45,1840020,São João da Cachoeira Grande,-18.5647,-40.3367,500,10080,0.8365140357421618,2.4171142055454644,188.95082476422309,5829.147,0.192,33.421,1.089,1344.4107666015625,0.17920584976673126,3.4210076332092285,0.8064990639686584,188.95082476422309
standard_row248,standard,Standard,248,956000,Alta Floresta,-9.8703,-56.1022,100,720,7.871792957448237,22.736518856607777,188.83532607516864,4766.289,0.098,29.239,1.036,3888.23291015625,0.22853803634643555,24.596786499023438,0.9366915822029114,188.83532607516864
standard_row257,standard,Standard,257,1653004,Alto Garças,-16.9442,-53.5336,75,2880,1.1062170842301084,3.1879167637767813,188.1818414507193,6037.949,0.182,17.764,1.178,1041.01025390625,0.16140301525592804,2.1971800327301025,0.8141079545021057,188.1818414507193
standard_row399,standard,Standard,399,2951003,Bento Gonçalves,-29.15,-51.5167,2,15,83.29333705780564,239.77632789383185,187.86975809052635,704.7,0.1696,7.1,0.7278,2487.527099609375,0.1641341596841812,1.342369556427002,0.8780661225318909,187.86975809052635
standard_row68,standard,Standard,68,1543002,Colônia do Jaíba,-15.3411,-43.6753,5,10080,0.25303925382470094,0.7272470006850389,187.4048155346114,6527.477,0.226,32.114,1.141,1000.1412963867188,0.2003398984670639,2.9934303760528564,0.8188679218292236,187.4048155346114
standard_row112,standard,Standard,112,1747002,Fazenda Buriti II (Faz. Angical),-17.41669999,-47.5167,75,10080,0.43037002808930336,1.2362609527667037,187.25535517779483,10030.56,0.138,45.209,1.155,2292.6064453125,0.18366193771362305,12.484432220458984,0.9022473692893982,187.25535517779483
standard_row258,standard,Standard,258,1654000,Rondonópolis,-16.4711,-54.6561,500,1440,3.192920430008151,9.166181983832404,187.07830917693758,14615.726,0.207,39.234,1.331,1560.6866455078125,0.1706957370042801,17.966697692871094,0.8508358597755432,187.07830917693758
standard_row259,standard,Standard,259,1657003,Cáceres (DNPVN),-16.0817,-57.6942,50,10,101.89765890269247,292.46560864892786,187.01896765677307,5378.867,0.2151,93.244,1.0368,3845.719482421875,0.26902151107788086,33.305721282958984,0.9629811644554138,187.01896765677307
disaggregation_row302,disaggregation,Disaggregation,302,,,-32.5381,-52.5386,500,360,26.687094415877745,76.57394031961014,186.93247427510033,1218.48,0.0768,9.3661,0.7271,19633.396484375,0.26344168186187744,109.66665649414062,1.1677324771881104,186.93247427510033
standard_row249,standard,Standard,249,956001,Jusante Foz Peixoto de Azevedo,-9.6433,-56.01859999,10,10080,0.3758199442931575,1.078247007855472,186.90521198480826,3407.41,0.163,19.952,1.029,3345.394775390625,0.19295115768909454,21.31430435180664,0.9201629757881165,186.90521198480826
disaggregation_row88,disaggregation,Disaggregation,88,,,-19.6967,-56.2828,5,10080,0.4621853904730479,1.3243781223313305,186.5469462320793,6252.52,0.163,32.96,1.06,1454.85400390625,0.2448670119047165,5.8946452140808105,0.802245557308197,186.5469462320793
standard_row257,standard,Standard,257,1653004,Alto Garças,-16.9442,-53.5336,100,2880,1.1656796409610926,3.3394309068037,186.47930267104678,6037.949,0.182,17.764,1.178,1041.01025390625,0.16140301525592804,2.1971800327301025,0.8141079545021057,186.47930267104678
standard_row399,standard,Standard,399,2951003,Bento Gonçalves,-29.15,-51.5167,5,15,97.29732210794286,278.6903004322992,186.43162462695187,704.7,0.1696,7.1,0.7278,2487.527099609375,0.1641341596841812,1.342369556427002,0.8780661225318909,186.43162462695187
disaggregation_row112,disaggregation,Disaggregation,112,,,-20.7644,-56.0931,50,10080,0.7270655950760192,2.0823762674331547,186.4083077972393,6249.01,0.183,32.48,1.06,2352.045166015625,0.23149532079696655,22.102294921875,0.8605983257293701,186.4083077972393
standard_row250,standard,Standard,250,1059000,Humboldt,-10.1753,-59.4517,500,30,121.43383607031505,347.7131252954989,186.33957103534067,470.837,0.112,4.347,0.58,5495.71826171875,0.23973269760608673,40.49723815917969,0.9987353086471558,186.33957103534067
disaggregation_row310,disaggregation,Disaggregation,310,,,-28.9583,-49.6014,2,10,60.87844981717654,174.2123001760992,186.16415283121435,913.3,0.1756,29.4,0.7703,2618.98681640625,0.20241861045360565,15.140118598937988,0.8840456008911133,186.16415283121435
disaggregation_row303,disaggregation,Disaggregation,303,,,-32.5381,-52.5386,500,360,26.76017956521985,76.57394031961014,186.14882845978036,1218.48,0.08,9.37,0.73,19633.396484375,0.26344168186187744,109.66665649414062,1.1677324771881104,186.14882845978036
standard_row252,standard,Standard,252,1454000,Paranatinga,-14.4178,-54.04939999,25,2880,1.2566928771986345,3.5947858931215166,186.05126664956182,9895.483,0.124,46.84,1.174,1595.35986328125,0.1899460256099701,10.231026649475098,0.8415994048118591,186.05126664956182
disaggregation_row310,disaggregation,Disaggregation,310,,,-28.9583,-49.6014,25,15,86.51922514344905,247.4405054215677,185.99482370688233,913.3,0.1756,29.4,0.7703,2618.98681640625,0.20241861045360565,15.140118598937988,0.8840456008911133,185.99482370688233
standard_row399,standard,Standard,399,2951003,Bento Gonçalves,-29.15,-51.5167,10,15,109.43483179034463,312.27064415351424,185.34849375175418,704.7,0.1696,7.1,0.7278,2487.527099609375,0.1641341596841812,1.342369556427002,0.8780661225318909,185.34849375175418
disaggregation_row98,disaggregation,Disaggregation,98,,,-20.3636,-51.4239,5,5,142.17412326346147,405.4875850450813,185.20491333973357,5294.07,0.143,32.7,1.06,1699.4512939453125,0.20085278153419495,2.375734329223633,0.8789082765579224,185.20491333973357
standard_row227,standard,Standard,227,2144018,Aiuruoca,-21.9772,-44.6033,5,10080,0.25189199090966086,0.7182200167274178,185.13015206783686,8394.51,0.205,40.691,1.165,1934.46923828125,0.17407910525798798,10.64963150024414,0.8871259093284607,185.13015206783686
standard_row261,standard,Standard,261,1853000,Fazenda Taquari,-17.8111,-53.28889999,500,240,17.79354158072817,50.71372723631403,185.0119916050948,7964.394,0.228,21.612,1.351,943.5822143554688,0.2092873454093933,2.727005958557129,0.7691503763198853,185.0119916050948
standard_row260,standard,Standard,260,1753000,Alto Araguaia,-17.3,-53.2194,2,2880,0.757028625440831,2.1504054365157113,184.05866888633074,7339.183,0.121,37.977,1.161,1042.923828125,0.16360996663570404,2.9438507556915283,0.7904951572418213,184.05866888633074
standard_row399,standard,Standard,399,2951003,Bento Gonçalves,-29.15,-51.5167,25,15,127.83394752384798,362.9499225372414,183.92295596561428,704.7,0.1696,7.1,0.7278,2487.527099609375,0.1641341596841812,1.342369556427002,0.8780661225318909,183.92295596561428
disaggregation_row25,disaggregation,Disaggregation,25,,,-6.25,-38.9167,500,360,13.907036360348307,39.45761531290412,183.7241112377151,413.33,0.0762,0.0,0.6567,1630.19970703125,0.22955913841724396,14.1178617477417,0.8688985109329224,183.7241112377151
standard_row260,standard,Standard,260,1753000,Alto Araguaia,-17.3,-53.2194,500,5,197.7133430382813,560.2227941382762,183.35103009704596,7339.183,0.121,37.977,1.161,1042.923828125,0.16360996663570404,2.9438507556915283,0.7904951572418213,183.35103009704596
standard_row399,standard,Standard,399,2951003,Bento Gonçalves,-29.15,-51.5167,50,15,143.78079726436803,406.6829951755183,182.84931153063164,704.7,0.1696,7.1,0.7278,2487.527099609375,0.1641341596841812,1.342369556427002,0.8780661225318909,182.84931153063164
standard_row68,standard,Standard,68,1543002,Colônia do Jaíba,-15.3411,-43.6753,10,10080,0.29595158979427977,0.8355842735489744,182.33816014632697,6527.477,0.226,32.114,1.141,1000.1412963867188,0.2003398984670639,2.9934303760528564,0.8188679218292236,182.33816014632697
standard_row399,standard,Standard,399,2951003,Bento Gonçalves,-29.15,-51.5167,75,15,154.01604432342117,434.6689362003388,182.22315286034058,704.7,0.1696,7.1,0.7278,2487.527099609375,0.1641341596841812,1.342369556427002,0.8780661225318909,182.22315286034058
standard_row112,standard,Standard,112,1747002,Fazenda Buriti II (Faz. Angical),-17.41669999,-47.5167,50,10080,0.4069503485088029,1.1475427947476062,181.9859471683886,10030.56,0.138,45.209,1.155,2292.6064453125,0.18366193771362305,12.484432220458984,0.9022473692893982,181.9859471683886
standard_row260,standard,Standard,260,1753000,Alto Araguaia,-17.3,-53.2194,500,1440,3.25266184936371,9.171906232493416,181.98154795241433,7339.183,0.121,37.977,1.161,1042.923828125,0.16360996663570404,2.9438507556915283,0.7904951572418213,181.98154795241433
standard_row399,standard,Standard,399,2951003,Bento Gonçalves,-29.15,-51.5167,100,15,161.7169622186679,455.68561472267635,181.77972704342204,704.7,0.1696,7.1,0.7278,2487.527099609375,0.1641341596841812,1.342369556427002,0.8780661225318909,181.77972704342204
standard_row259,standard,Standard,259,1657003,Cáceres (DNPVN),-16.0817,-57.6942,100,15,112.62139752658699,317.220846356173,181.6701384666137,5378.867,0.2151,93.244,1.0368,3845.719482421875,0.26902151107788086,33.305721282958984,0.9629811644554138,181.6701384666137
standard_row249,standard,Standard,249,956001,Jusante Foz Peixoto de Azevedo,-9.6433,-56.01859999,500,2880,2.5677714236041838,7.228783954144901,181.51976019728465,3407.41,0.163,19.952,1.029,3345.394775390625,0.19295115768909454,21.31430435180664,0.9201629757881165,181.51976019728465
disaggregation_row310,disaggregation,Disaggregation,310,,,-28.9583,-49.6014,100,20,101.65660202877973,286.0289514933579,181.3678066992452,913.3,0.1756,29.4,0.7703,2618.98681640625,0.20241861045360565,15.140118598937988,0.8840456008911133,181.3678066992452
disaggregation_row310,disaggregation,Disaggregation,310,,,-28.9583,-49.6014,500,25,125.20473632980875,352.22357259230347,181.3180898081138,913.3,0.1756,29.4,0.7703,2618.98681640625,0.20241861045360565,15.140118598937988,0.8840456008911133,181.3180898081138
standard_row259,standard,Standard,259,1657003,Cáceres (DNPVN),-16.0817,-57.6942,10,5,75.88709136326949,213.47451993901348,181.3054448445212,5378.867,0.2151,93.244,1.0368,3845.719482421875,0.26902151107788086,33.305721282958984,0.9629811644554138,181.3054448445212
standard_row250,standard,Standard,250,1059000,Humboldt,-10.1753,-59.4517,500,25,133.03572213564038,374.222412783476,181.29468294382377,470.837,0.112,4.347,0.58,5495.71826171875,0.23973269760608673,40.49723815917969,0.9987353086471558,181.29468294382377
standard_row248,standard,Standard,248,956000,Alta Floresta,-9.8703,-56.1022,50,1440,3.6607633624474265,10.297458874499862,181.29266644581557,4766.289,0.098,29.239,1.036,3888.23291015625,0.22853803634643555,24.596786499023438,0.9366915822029114,181.29266644581557
standard_row252,standard,Standard,252,1454000,Paranatinga,-14.4178,-54.04939999,500,1440,4.035255742225175,11.34628342546865,181.17879386776934,9895.483,0.124,46.84,1.174,1595.35986328125,0.1899460256099701,10.231026649475098,0.8415994048118591,181.17879386776934
standard_row249,standard,Standard,249,956001,Jusante Foz Peixoto de Azevedo,-9.6433,-56.01859999,5,10080,0.33566954087576495,0.9432659889219481,181.01030151885644,3407.41,0.163,19.952,1.029,3345.394775390625,0.19295115768909454,21.31430435180664,0.9201629757881165,181.01030151885644
standard_row259,standard,Standard,259,1657003,Cáceres (DNPVN),-16.0817,-57.6942,500,25,145.27198463584912,408.048692479948,180.88601770175913,5378.867,0.2151,93.244,1.0368,3845.719482421875,0.26902151107788086,33.305721282958984,0.9629811644554138,180.88601770175913
standard_row102,standard,Standard,102,1744020,Montante Barra do Jequitaí,-17.0667,-44.79999999,2,10080,0.1620579802521534,0.45411528353773084,180.2177855303097,11285.14,0.212,45.875,1.225,3869.642578125,0.18223120272159576,43.79561996459961,0.9950112700462341,180.2177855303097
disaggregation_row26,disaggregation,Disaggregation,26,,,-6.4,-38.85,500,15,117.63060759396389,329.11068371477757,179.7832047682678,438.86,0.0743,0.0,0.6567,1665.9591064453125,0.21040727198123932,14.117833137512207,0.8688982725143433,179.7832047682678
standard_row399,standard,Standard,399,2951003,Bento Gonçalves,-29.15,-51.5167,500,15,212.471599568203,593.4582520754368,179.31180133321192,704.7,0.1696,7.1,0.7278,2487.527099609375,0.1641341596841812,1.342369556427002,0.8780661225318909,179.31180133321192
disaggregation_row302,disaggregation,Disaggregation,302,,,-32.5381,-52.5386,500,60,90.03287443317845,251.44580143520278,179.28220999077786,1218.48,0.0768,9.3661,0.7271,19633.396484375,0.26344168186187744,109.66665649414062,1.1677324771881104,179.28220999077786
disaggregation_row310,disaggregation,Disaggregation,310,,,-28.9583,-49.6014,75,20,96.64877342492638,269.8485374902392,179.20534107952105,913.3,0.1756,29.4,0.7703,2618.98681640625,0.20241861045360565,15.140118598937988,0.8840456008911133,179.20534107952105
standard_row227,standard,Standard,227,2144018,Aiuruoca,-21.9772,-44.6033,10,10080,0.29035245878954974,0.8103274239557599,179.08405781508915,8394.51,0.205,40.691,1.165,1934.46923828125,0.17407910525798798,10.64963150024414,0.8871259093284607,179.08405781508915
disaggregation_row310,disaggregation,Disaggregation,310,,,-28.9583,-49.6014,10,15,73.66044797954918,205.55134860068264,179.0525366581414,913.3,0.1756,29.4,0.7703,2618.98681640625,0.20241861045360565,15.140118598937988,0.8840456008911133,179.0525366581414
disaggregation_row25,disaggregation,Disaggregation,25,,,-6.25,-38.9167,100,60,39.90111225383944,111.32325085970417,178.99786389787218,413.33,0.0762,0.0,0.6567,1630.19970703125,0.22955913841724396,14.1178617477417,0.8688985109329224,178.99786389787218
standard_row154,standard,Standard,154,1943002,Conceição do Mato Dentro (ANEEL),-19.0167,-43.4442,5,2880,0.8061248703372584,2.248980965965672,178.98667423878956,9459.772,0.23,34.548,1.221,2301.668701171875,0.15907706320285797,23.045703887939453,0.9013510942459106,178.98667423878956
standard_row248,standard,Standard,248,956000,Alta Floresta,-9.8703,-56.1022,100,480,11.743824043129495,32.73429580104239,178.73625899728108,4766.289,0.098,29.239,1.036,3888.23291015625,0.22853803634643555,24.596786499023438,0.9366915822029114,178.73625899728108
standard_row248,standard,Standard,248,956000,Alta Floresta,-9.8703,-56.1022,75,720,7.652963934089186,21.28975766127486,178.1897032918482,4766.289,0.098,29.239,1.036,3888.23291015625,0.22853803634643555,24.596786499023438,0.9366915822029114,178.1897032918482
disaggregation_row62,disaggregation,Disaggregation,62,,,-17.8308,-54.31309999,10,10,162.05140342629255,450.6450163111531,178.08769734976372,5690.78,0.163,32.38,1.05,2044.4697265625,0.25006216764450073,0.3006170094013214,0.8952919244766235,178.08769734976372
disaggregation_row25,disaggregation,Disaggregation,25,,,-6.25,-38.9167,100,30,62.903006019469366,174.72539712128838,177.7695505795199,413.33,0.0762,0.0,0.6567,1630.19970703125,0.22955913841724396,14.1178617477417,0.8688985109329224,177.7695505795199
standard_row259,standard,Standard,259,1657003,Cáceres (DNPVN),-16.0817,-57.6942,75,15,105.86358329009309,293.59625513596296,177.33451486469593,5378.867,0.2151,93.244,1.0368,3845.719482421875,0.26902151107788086,33.305721282958984,0.9629811644554138,177.33451486469593
disaggregation_row303,disaggregation,Disaggregation,303,,,-32.5381,-52.5386,500,60,90.71532659807713,251.44580143520278,177.18116757629866,1218.48,0.08,9.37,0.73,19633.396484375,0.26344168186187744,109.66665649414062,1.1677324771881104,177.18116757629866
standard_row257,standard,Standard,257,1653004,Alto Garças,-16.9442,-53.5336,500,2880,1.56239828010785,4.3300043092450515,177.13831769874696,6037.949,0.182,17.764,1.178,1041.01025390625,0.16140301525592804,2.1971800327301025,0.8141079545021057,177.13831769874696
disaggregation_row112,disaggregation,Disaggregation,112,,,-20.7644,-56.0931,25,10080,0.6404498156838727,1.773667344253739,176.94087824193,6249.01,0.183,32.48,1.06,2352.045166015625,0.23149532079696655,22.102294921875,0.8605983257293701,176.94087824193
standard_row261,standard,Standard,261,1853000,Fazenda Taquari,-17.8111,-53.28889999,2,180,7.184324645679439,19.866213005274545,176.5216493553341,7964.394,0.228,21.612,1.351,943.5822143554688,0.2092873454093933,2.727005958557129,0.7691503763198853,176.5216493553341
standard_row259,standard,Standard,259,1657003,Cáceres (DNPVN),-16.0817,-57.6942,25,10,87.78345181516319,242.7120061427863,176.48947623276493,5378.867,0.2151,93.244,1.0368,3845.719482421875,0.26902151107788086,33.305721282958984,0.9629811644554138,176.48947623276493
disaggregation_row310,disaggregation,Disaggregation,310,,,-28.9583,-49.6014,50,20,90.00667567032939,248.58557328776317,176.18570671165133,913.3,0.1756,29.4,0.7703,2618.98681640625,0.20241861045360565,15.140118598937988,0.8840456008911133,176.18570671165133
standard_row68,standard,Standard,68,1543002,Colônia do Jaíba,-15.3411,-43.6753,25,10080,0.3640450407696324,1.0039533159832388,175.77722631814126,6527.477,0.226,32.114,1.141,1000.1412963867188,0.2003398984670639,2.9934303760528564,0.8188679218292236,175.77722631814126
standard_row248,standard,Standard,248,956000,Alta Floresta,-9.8703,-56.1022,10,10080,0.4239279422457017,1.1675919208610508,175.42226036714837,4766.289,0.098,29.239,1.036,3888.23291015625,0.22853803634643555,24.596786499023438,0.9366915822029114,175.42226036714837
disaggregation_row26,disaggregation,Disaggregation,26,,,-6.4,-38.85,500,180,23.00498826132123,63.30691475788444,175.18777248986336,438.86,0.0743,0.0,0.6567,1665.9591064453125,0.21040727198123932,14.117833137512207,0.8688982725143433,175.18777248986336
standard_row248,standard,Standard,248,956000,Alta Floresta,-9.8703,-56.1022,25,2880,1.6854001700789931,4.6279788955582495,174.59228839055714,4766.289,0.098,29.239,1.036,3888.23291015625,0.22853803634643555,24.596786499023438,0.9366915822029114,174.59228839055714
standard_row256,standard,Standard,256,1652001,Ponte Branca,-16.7664,-52.8372,100,1440,2.6994679273010846,7.411889949799624,174.56855015165888,10828.492,0.086,47.69,1.19,1037.47802734375,0.17465385794639587,4.947380065917969,0.7897071242332458,174.56855015165888
disaggregation_row310,disaggregation,Disaggregation,310,,,-28.9583,-49.6014,5,15,65.21890284262571,178.64310436127343,173.91307822571346,913.3,0.1756,29.4,0.7703,2618.98681640625,0.20241861045360565,15.140118598937988,0.8840456008911133,173.91307822571346
disaggregation_row25,disaggregation,Disaggregation,25,,,-6.25,-38.9167,100,25,70.90383478873717,193.9754320552767,173.5753752011295,413.33,0.0762,0.0,0.6567,1630.19970703125,0.22955913841724396,14.1178617477417,0.8688985109329224,173.5753752011295
standard_row249,standard,Standard,249,956001,Jusante Foz Peixoto de Azevedo,-9.6433,-56.01859999,2,10080,0.28909974801606325,0.7904077504291681,173.40312672470773,3407.41,0.163,19.952,1.029,3345.394775390625,0.19295115768909454,21.31430435180664,0.9201629757881165,173.40312672470773
standard_row250,standard,Standard,250,1059000,Humboldt,-10.1753,-59.4517,500,20,148.25756400572598,405.1106097381601,173.2478524485361,470.837,0.112,4.347,0.58,5495.71826171875,0.23973269760608673,40.49723815917969,0.9987353086471558,173.2478524485361
standard_row112,standard,Standard,112,1747002,Fazenda Buriti II (Faz. Angical),-17.41669999,-47.5167,25,10080,0.3698275712058987,1.0103716180588724,173.20072831896994,10030.56,0.138,45.209,1.155,2292.6064453125,0.18366193771362305,12.484432220458984,0.9022473692893982,173.20072831896994
standard_row256,standard,Standard,256,1652001,Ponte Branca,-16.7664,-52.8372,5,2880,0.9322116886767371,2.5442581123539596,172.9270768923207,10828.492,0.086,47.69,1.19,1037.47802734375,0.17465385794639587,4.947380065917969,0.7897071242332458,172.9270768923207
standard_row102,standard,Standard,102,1744020,Montante Barra do Jequitaí,-17.0667,-44.79999999,5,10080,0.19680390150631363,0.5366402027326501,172.67762408431435,11285.14,0.212,45.875,1.225,3869.642578125,0.18223120272159576,43.79561996459961,0.9950112700462341,172.67762408431435
standard_row319,standard,Standard,319,-,Curitiba,-25.43333333,-49.26666667,5,10080,0.20937617841000486,0.5704970344419917,172.47466200516487,5950.0,0.217,26.0,1.15,5559.216796875,0.11138355731964111,42.97759246826172,1.0153061151504517,172.47466200516487
standard_row248,standard,Standard,248,956000,Alta Floresta,-9.8703,-56.1022,100,360,15.513730231852875,42.215827942003784,172.11913131843698,4766.289,0.098,29.239,1.036,3888.23291015625,0.22853803634643555,24.596786499023438,0.9366915822029114,172.11913131843698
standard_row283,standard,Standard,283,840013,Jutaí,-8.6333,-40.2333,500,60,88.32188042655879,240.2573304675378,172.0247002296515,395.531,0.133,1.34,0.565,4676.60498046875,0.2930990755558014,47.650550842285156,1.0237711668014526,172.0247002296515
standard_row261,standard,Standard,261,1853000,Fazenda Taquari,-17.8111,-53.28889999,5,180,8.853526081406244,24.065722008469663,171.82076143663656,7964.394,0.228,21.612,1.351,943.5822143554688,0.2092873454093933,2.727005958557129,0.7691503763198853,171.82076143663656
disaggregation_row310,disaggregation,Disaggregation,310,,,-28.9583,-49.6014,500,30,117.00512686642135,317.5018042531692,171.35717276358707,913.3,0.1756,29.4,0.7703,2618.98681640625,0.20241861045360565,15.140118598937988,0.8840456008911133,171.35717276358707
standard_row81,standard,Standard,81,1642000,Araçuaí,-16.8667,-42.0667,2,5,79.23442997231433,215.00502555788452,171.35302876919846,3450.0,0.225,58.409,0.947,1338.8568115234375,0.20417284965515137,5.429431438446045,0.8404014110565186,171.35302876919846
standard_row259,standard,Standard,259,1657003,Cáceres (DNPVN),-16.0817,-57.6942,50,15,97.02180726813792,263.25593756167467,171.3368725797053,5378.867,0.2151,93.244,1.0368,3845.719482421875,0.26902151107788086,33.305721282958984,0.9629811644554138,171.3368725797053
standard_row227,standard,Standard,227,2144018,Aiuruoca,-21.9772,-44.6033,25,10080,0.3503508777554036,0.9504594163479944,171.28786502186384,8394.51,0.205,40.691,1.165,1934.46923828125,0.17407910525798798,10.64963150024414,0.8871259093284607,171.28786502186384
standard_row410,standard,Standard,410,-,Caxias do Sul,-29.16666667,-51.2,5,5,147.86183874330217,400.96773967740324,171.17729840591898,702.71,0.24,8.85,0.74,2526.979248046875,0.1546059548854828,6.01505184173584,0.8709874153137207,171.17729840591898
disaggregation_row310,disaggregation,Disaggregation,310,,,-28.9583,-49.6014,25,20,79.69184001379817,216.04381977479946,171.0990482054283,913.3,0.1756,29.4,0.7703,2618.98681640625,0.20241861045360565,15.140118598937988,0.8840456008911133,171.0990482054283
standard_row259,standard,Standard,259,1657003,Cáceres (DNPVN),-16.0817,-57.6942,5,5,65.37570048043992,177.15870674203504,170.98555799802102,5378.867,0.2151,93.244,1.0368,3845.719482421875,0.26902151107788086,33.305721282958984,0.9629811644554138,170.98555799802102
standard_row68,standard,Standard,68,1543002,Colônia do Jaíba,-15.3411,-43.6753,50,10080,0.4257825888434503,1.1535112574169963,170.9155535340863,6527.477,0.226,32.114,1.141,1000.1412963867188,0.2003398984670639,2.9934303760528564,0.8188679218292236,170.9155535340863
standard_row259,standard,Standard,259,1657003,Cáceres (DNPVN),-16.0817,-57.6942,500,30,139.16604580970957,376.96666783748435,170.8754607808103,5378.867,0.2151,93.244,1.0368,3845.719482421875,0.26902151107788086,33.305721282958984,0.9629811644554138,170.8754607808103
disaggregation_row98,disaggregation,Disaggregation,98,,,-20.3636,-51.4239,2,5,124.71397955733607,337.3263011214893,170.4799432419737,5294.07,0.143,32.7,1.06,1699.4512939453125,0.20085278153419495,2.375734329223633,0.8789082765579224,170.4799432419737
disaggregation_row302,disaggregation,Disaggregation,302,,,-32.5381,-52.5386,500,480,21.750362853884116,58.70692864550222,169.91241038086181,1218.48,0.0768,9.3661,0.7271,19633.396484375,0.26344168186187744,109.66665649414062,1.1677324771881104,169.91241038086181
disaggregation_row98,disaggregation,Disaggregation,98,,,-20.3636,-51.4239,500,10,240.70706779047308,648.8356139290095,169.55403507046074,5294.07,0.143,32.7,1.06,1699.4512939453125,0.20085278153419495,2.375734329223633,0.8789082765579224,169.55403507046074
disaggregation_row315,disaggregation,Disaggregation,315,,,-10.2,-36.86666667,500,15,204.94505194410624,552.2765798608835,169.47543969566217,984.38,0.14,10.52,0.753,1882.34765625,0.2714747190475464,14.498388290405273,0.86082923412323,169.47543969566217
disaggregation_row315,disaggregation,Disaggregation,315,,,-10.2,-36.86666667,500,20,179.11272096605518,482.6360887672178,169.459414252707,984.38,0.14,10.52,0.753,1882.34765625,0.2714747190475464,14.498388290405273,0.86082923412323,169.459414252707
disaggregation_row310,disaggregation,Disaggregation,310,,,-28.9583,-49.6014,100,25,94.38035905420551,254.29269282289025,169.43391121964498,913.3,0.1756,29.4,0.7703,2618.98681640625,0.20241861045360565,15.140118598937988,0.8840456008911133,169.43391121964498
disaggregation_row303,disaggregation,Disaggregation,303,,,-32.5381,-52.5386,500,480,21.792183424495775,58.70692864550222,169.3944314891915,1218.48,0.08,9.37,0.73,19633.396484375,0.26344168186187744,109.66665649414062,1.1677324771881104,169.3944314891915
standard_row252,standard,Standard,252,1454000,Paranatinga,-14.4178,-54.04939999,10,2880,1.1217203336216959,3.0205491413046857,169.2782729142696,9895.483,0.124,46.84,1.174,1595.35986328125,0.1899460256099701,10.231026649475098,0.8415994048118591,169.2782729142696
disaggregation_row25,disaggregation,Disaggregation,25,,,-6.25,-38.9167,500,480,11.512968642754286,30.98479898722434,169.1295351240681,413.33,0.0762,0.0,0.6567,1630.19970703125,0.22955913841724396,14.1178617477417,0.8688985109329224,169.1295351240681
standard_row278,standard,Standard,278,835027,Glória do Goita,-8.0,-35.29999999,500,5,234.76040481282035,631.5910969856062,169.0364661320071,565.2,0.2333,17.0,0.7533,1367.4803466796875,0.28716838359832764,14.500842094421387,0.8608511686325073,169.0364661320071
disaggregation_row88,disaggregation,Disaggregation,88,,,-19.6967,-56.2828,500,5,364.67116486866064,980.8634209085534,168.97202614355854,6252.52,0.163,32.96,1.06,1454.85400390625,0.2448670119047165,5.8946452140808105,0.802245557308197,168.97202614355854
disaggregation_row315,disaggregation,Disaggregation,315,,,-10.2,-36.86666667,500,25,159.77633145241822,429.5559715010669,168.8483128860608,984.38,0.14,10.52,0.753,1882.34765625,0.2714747190475464,14.498388290405273,0.86082923412323,168.8483128860608
standard_row248,standard,Standard,248,956000,Alta Floresta,-9.8703,-56.1022,75,480,11.417355910678557,30.65136000862077,168.46285819953118,4766.289,0.098,29.239,1.036,3888.23291015625,0.22853803634643555,24.596786499023438,0.9366915822029114,168.46285819953118
standard_row259,standard,Standard,259,1657003,Cáceres (DNPVN),-16.0817,-57.6942,100,20,107.47014761012844,288.5160359430847,168.46156105576407,5378.867,0.2151,93.244,1.0368,3845.719482421875,0.26902151107788086,33.305721282958984,0.9629811644554138,168.46156105576407
standard_row261,standard,Standard,261,1853000,Fazenda Taquari,-17.8111,-53.28889999,10,180,10.369339886229268,27.82278914034038,168.31784323406848,7964.394,0.228,21.612,1.351,943.5822143554688,0.2092873454093933,2.727005958557129,0.7691503763198853,168.31784323406848
disaggregation_row315,disaggregation,Disaggregation,315,,,-10.2,-36.86666667,500,10,241.51773804509773,648.0250275259459,168.3136372389106,984.38,0.14,10.52,0.753,1882.34765625,0.2714747190475464,14.498388290405273,0.86082923412323,168.3136372389106
standard_row249,standard,Standard,249,956001,Jusante Foz Peixoto de Azevedo,-9.6433,-56.01859999,100,2880,1.9752599158169084,5.299051907315839,168.2711204173001,3407.41,0.163,19.952,1.029,3345.394775390625,0.19295115768909454,21.31430435180664,0.9201629757881165,168.2711204173001
standard_row68,standard,Standard,68,1543002,Colônia do Jaíba,-15.3411,-43.6753,75,10080,0.46664274998925265,1.2511228104996357,168.11148582688804,6527.477,0.226,32.114,1.141,1000.1412963867188,0.2003398984670639,2.9934303760528564,0.8188679218292236,168.11148582688804
disaggregation_row62,disaggregation,Disaggregation,62,,,-17.8308,-54.31309999,100,15,209.7958955157112,562.3991668147889,168.06967096869252,5690.78,0.163,32.38,1.05,2044.4697265625,0.25006216764450073,0.3006170094013214,0.8952919244766235,168.06967096869252
disaggregation_row315,disaggregation,Disaggregation,315,,,-10.2,-36.86666667,500,30,144.69165899941046,387.66716294610893,167.92640683433484,984.38,0.14,10.52,0.753,1882.34765625,0.2714747190475464,14.498388290405273,0.86082923412323,167.92640683433484
standard_row256,standard,Standard,256,1652001,Ponte Branca,-16.7664,-52.8372,75,1440,2.6335007148792307,7.048682196893945,167.65446301453503,10828.492,0.086,47.69,1.19,1037.47802734375,0.17465385794639587,4.947380065917969,0.7897071242332458,167.65446301453503
disaggregation_row310,disaggregation,Disaggregation,310,,,-28.9583,-49.6014,75,25,89.7309742402237,239.90757192390393,167.36316411948704,913.3,0.1756,29.4,0.7703,2618.98681640625,0.20241861045360565,15.140118598937988,0.8840456008911133,167.36316411948704
disaggregation_row310,disaggregation,Disaggregation,310,,,-28.9583,-49.6014,2,15,55.52585095575431,148.40064668115403,167.26406552401488,913.3,0.1756,29.4,0.7703,2618.98681640625,0.20241861045360565,15.140118598937988,0.8840456008911133,167.26406552401488
disaggregation_row88,disaggregation,Disaggregation,88,,,-19.6967,-56.2828,100,2880,2.8174777644213984,7.52590620526982,167.11501685321556,6252.52,0.163,32.96,1.06,1454.85400390625,0.2448670119047165,5.8946452140808105,0.802245557308197,167.11501685321556
standard_row102,standard,Standard,102,1744020,Montante Barra do Jequitaí,-17.0667,-44.79999999,10,10080,0.22795654334580218,0.608891993126175,167.10880248894938,11285.14,0.212,45.875,1.225,3869.642578125,0.18223120272159576,43.79561996459961,0.9950112700462341,167.10880248894938
disaggregation_row25,disaggregation,Disaggregation,25,,,-6.25,-38.9167,75,60,39.035942552452276,104.20895752722868,166.95642711125512,413.33,0.0762,0.0,0.6567,1630.19970703125,0.22955913841724396,14.1178617477417,0.8688985109329224,166.95642711125512
standard_row81,standard,Standard,81,1642000,Araçuaí,-16.8667,-42.0667,5,5,97.37566572687604,259.2371014076589,166.22370124254618,3450.0,0.225,58.409,0.947,1338.8568115234375,0.20417284965515137,5.429431438446045,0.8404014110565186,166.22370124254618
standard_row68,standard,Standard,68,1543002,Colônia do Jaíba,-15.3411,-43.6753,100,10080,0.49799006347940195,1.3253486987934349,166.13958711010596,6527.477,0.226,32.114,1.141,1000.1412963867188,0.2003398984670639,2.9934303760528564,0.8188679218292236,166.13958711010596
disaggregation_row25,disaggregation,Disaggregation,25,,,-6.25,-38.9167,100,20,82.09383230936115,218.45071972967503,166.09882080601216,413.33,0.0762,0.0,0.6567,1630.19970703125,0.22955913841724396,14.1178617477417,0.8688985109329224,166.09882080601216
disaggregation_row62,disaggregation,Disaggregation,62,,,-17.8308,-54.31309999,500,20,245.45966572454742,652.962908558289,166.01637651174752,5690.78,0.163,32.38,1.05,2044.4697265625,0.25006216764450073,0.3006170094013214,0.8952919244766235,166.01637651174752
standard_row249,standard,Standard,249,956001,Jusante Foz Peixoto de Azevedo,-9.6433,-56.01859999,75,2880,1.8847738021305653,5.012923762558547,165.96951617705489,3407.41,0.163,19.952,1.029,3345.394775390625,0.19295115768909454,21.31430435180664,0.9201629757881165,165.96951617705489
disaggregation_row314,disaggregation,Disaggregation,314,,,-10.45,-36.65,500,20,171.9481629149593,457.31997965440826,165.9638648658234,893.6,0.149,10.52,0.753,2076.777099609375,0.2499266415834427,15.147960662841797,0.8614490628242493,165.9638648658234
standard_row410,standard,Standard,410,-,Caxias do Sul,-29.16666667,-51.2,2,10,94.46978576048056,251.1965510115351,165.90147208380552,702.71,0.24,8.85,0.74,2526.979248046875,0.1546059548854828,6.01505184173584,0.8709874153137207,165.90147208380552
disaggregation_row314,disaggregation,Disaggregation,314,,,-10.45,-36.65,500,25,153.385234294674,407.811984746065,165.87434352553285,893.6,0.149,10.52,0.753,2076.777099609375,0.2499266415834427,15.147960662841797,0.8614490628242493,165.87434352553285
disaggregation_row88,disaggregation,Disaggregation,88,,,-19.6967,-56.2828,2,10080,0.3980631652602562,1.0582045318446314,165.83834531707313,6252.52,0.163,32.96,1.06,1454.85400390625,0.2448670119047165,5.8946452140808105,0.802245557308197,165.83834531707313
disaggregation_row25,disaggregation,Disaggregation,25,,,-6.25,-38.9167,75,30,61.53908978104464,163.55928655449696,165.78112730695076,413.33,0.0762,0.0,0.6567,1630.19970703125,0.22955913841724396,14.1178617477417,0.8688985109329224,165.78112730695076
standard_row154,standard,Standard,154,1943002,Conceição do Mato Dentro (ANEEL),-19.0167,-43.4442,10,2880,0.9454514213765534,2.5111505321431813,165.6033377671599,9459.772,0.23,34.548,1.221,2301.668701171875,0.15907706320285797,23.045703887939453,0.9013510942459106,165.6033377671599
standard_row227,standard,Standard,227,2144018,Aiuruoca,-21.9772,-44.6033,50,10080,0.40384467337765156,1.0723501329482843,165.53529206648372,8394.51,0.205,40.691,1.165,1934.46923828125,0.17407910525798798,10.64963150024414,0.8871259093284607,165.53529206648372
standard_row250,standard,Standard,250,1059000,Humboldt,-10.1753,-59.4517,500,120,57.57934808054306,152.88944097004207,165.5282598131842,470.837,0.112,4.347,0.58,5495.71826171875,0.23973269760608673,40.49723815917969,0.9987353086471558,165.5282598131842
disaggregation_row314,disaggregation,Disaggregation,314,,,-10.45,-36.65,500,30,138.90395288440425,368.59371178616783,165.3586914786444,893.6,0.149,10.52,0.753,2076.777099609375,0.2499266415834427,15.147960662841797,0.8614490628242493,165.3586914786444
disaggregation_row314,disaggregation,Disaggregation,314,,,-10.45,-36.65,500,15,196.7471935562775,521.9501528698884,165.28975759981552,893.6,0.149,10.52,0.753,2076.777099609375,0.2499266415834427,15.147960662841797,0.8614490628242493,165.28975759981552
disaggregation_row112,disaggregation,Disaggregation,112,,,-20.7644,-56.0931,10,10080,0.5415793334552527,1.4346663766665402,164.90419557065277,6249.01,0.183,32.48,1.06,2352.045166015625,0.23149532079696655,22.102294921875,0.8605983257293701,164.90419557065277
disaggregation_row315,disaggregation,Disaggregation,315,,,-10.2,-36.86666667,500,5,298.0417598864479,788.7390729996177,164.6404561898046,984.38,0.14,10.52,0.753,1882.34765625,0.2714747190475464,14.498388290405273,0.86082923412323,164.6404561898046
standard_row237,standard,Standard,237,2245064,Delfim Moreira,-22.50969999,-45.2867,500,5,213.4696743824394,564.9264736662972,164.6401533616475,1005.939,0.158,16.605,0.824,1372.4366455078125,0.17502544820308685,5.201801776885986,0.8505090475082397,164.6401533616475
standard_row260,standard,Standard,260,1753000,Alto Araguaia,-17.3,-53.2194,100,5,162.72737130748678,430.52890657494186,164.57067616573366,7339.183,0.121,37.977,1.161,1042.923828125,0.16360996663570404,2.9438507556915283,0.7904951572418213,164.57067616573366
disaggregation_row310,disaggregation,Disaggregation,310,,,-28.9583,-49.6014,10,20,67.84777170621024,179.46980198692282,164.518343747604,913.3,0.1756,29.4,0.7703,2618.98681640625,0.20241861045360565,15.140118598937988,0.8840456008911133,164.518343747604
disaggregation_row310,disaggregation,Disaggregation,310,,,-28.9583,-49.6014,50,25,83.56429585002412,221.00383369665698,164.47160410865015,913.3,0.1756,29.4,0.7703,2618.98681640625,0.20241861045360565,15.140118598937988,0.8840456008911133,164.47160410865015
standard_row259,standard,Standard,259,1657003,Cáceres (DNPVN),-16.0817,-57.6942,75,20,101.02143262817863,267.02919644963674,164.32925123173555,5378.867,0.2151,93.244,1.0368,3845.719482421875,0.26902151107788086,33.305721282958984,0.9629811644554138,164.32925123173555
standard_row399,standard,Standard,399,2951003,Bento Gonçalves,-29.15,-51.5167,2,20,71.8032180724796,189.67679341839832,164.16196726299202,704.7,0.1696,7.1,0.7278,2487.527099609375,0.1641341596841812,1.342369556427002,0.8780661225318909,164.16196726299202
standard_row248,standard,Standard,248,956000,Alta Floresta,-9.8703,-56.1022,50,720,7.354831429146316,19.405604119202792,163.8483873648104,4766.289,0.098,29.239,1.036,3888.23291015625,0.22853803634643555,24.596786499023438,0.9366915822029114,163.8483873648104
standard_row261,standard,Standard,261,1853000,Fazenda Taquari,-17.8111,-53.28889999,25,180,12.778545744714833,33.704234862171546,163.75642060921928,7964.394,0.228,21.612,1.351,943.5822143554688,0.2092873454093933,2.727005958557129,0.7691503763198853,163.75642060921928
standard_row248,standard,Standard,248,956000,Alta Floresta,-9.8703,-56.1022,100,240,22.727801943940268,59.92579094996403,163.66734054518443,4766.289,0.098,29.239,1.036,3888.23291015625,0.22853803634643555,24.596786499023438,0.9366915822029114,163.66734054518443
standard_row234,standard,Standard,234,2145033,Machado,-21.66669999,-45.91669999,2,10080,0.21813432566296898,0.5749707234646984,163.58562400356178,3811.29,0.207,20.34,1.075,2064.5908203125,0.17256268858909607,20.897300720214844,0.9008018374443054,163.58562400356178
standard_row260,standard,Standard,260,1753000,Alto Araguaia,-17.3,-53.2194,100,1440,2.677093535344362,7.048572108811116,163.2919625613469,7339.183,0.121,37.977,1.161,1042.923828125,0.16360996663570404,2.9438507556915283,0.7904951572418213,163.2919625613469
disaggregation_row314,disaggregation,Disaggregation,314,,,-10.45,-36.65,500,10,231.85696216463194,610.2005495439215,163.17973971842332,893.6,0.149,10.52,0.753,2076.777099609375,0.2499266415834427,15.147960662841797,0.8614490628242493,163.17973971842332
standard_row259,standard,Standard,259,1657003,Cáceres (DNPVN),-16.0817,-57.6942,10,10,72.08016270216812,189.6866809401858,163.16072804103166,5378.867,0.2151,93.244,1.0368,3845.719482421875,0.26902151107788086,33.305721282958984,0.9629811644554138,163.16072804103166
disaggregation_row26,disaggregation,Disaggregation,26,,,-6.4,-38.85,500,240,19.044726828692088,50.09753658039129,163.05200925705157,438.86,0.0743,0.0,0.6567,1665.9591064453125,0.21040727198123932,14.117833137512207,0.8688982725143433,163.05200925705157
standard_row399,standard,Standard,399,2951003,Bento Gonçalves,-29.15,-51.5167,5,20,83.87538648303213,220.45997203783352,162.84227266414115,704.7,0.1696,7.1,0.7278,2487.527099609375,0.1641341596841812,1.342369556427002,0.8780661225318909,162.84227266414115
standard_row256,standard,Standard,256,1652001,Ponte Branca,-16.7664,-52.8372,100,5,143.78428552337607,377.91048897633,162.83156577280505,10828.492,0.086,47.69,1.19,1037.47802734375,0.17465385794639587,4.947380065917969,0.7897071242332458,162.83156577280505
standard_row249,standard,Standard,249,956001,Jusante Foz Peixoto de Azevedo,-9.6433,-56.01859999,50,2880,1.7642347063288506,4.635686815068813,162.75907612741,3407.41,0.163,19.952,1.029,3345.394775390625,0.19295115768909454,21.31430435180664,0.9201629757881165,162.75907612741
disaggregation_row25,disaggregation,Disaggregation,25,,,-6.25,-38.9167,100,120,25.310376400783124,66.4950214926122,162.71842204035647,413.33,0.0762,0.0,0.6567,1630.19970703125,0.22955913841724396,14.1178617477417,0.8688985109329224,162.71842204035647
standard_row81,standard,Standard,81,1642000,Araçuaí,-16.8667,-42.0667,10,5,113.81046266507775,298.6477924735811,162.40802952575984,3450.0,0.225,58.409,0.947,1338.8568115234375,0.20417284965515137,5.429431438446045,0.8404014110565186,162.40802952575984
standard_row227,standard,Standard,227,2144018,Aiuruoca,-21.9772,-44.6033,75,10080,0.4388469325894128,1.1507750007697082,162.22696692433723,8394.51,0.205,40.691,1.165,1934.46923828125,0.17407910525798798,10.64963150024414,0.8871259093284607,162.22696692433723
standard_row248,standard,Standard,248,956000,Alta Floresta,-9.8703,-56.1022,75,360,15.082461973954914,39.52956703810151,162.0896184347289,4766.289,0.098,29.239,1.036,3888.23291015625,0.22853803634643555,24.596786499023438,0.9366915822029114,162.0896184347289
standard_row112,standard,Standard,112,1747002,Fazenda Buriti II (Faz. Angical),-17.41669999,-47.5167,10,10080,0.32589940243208565,0.8538757996180798,162.0059420931339,10030.56,0.138,45.209,1.155,2292.6064453125,0.18366193771362305,12.484432220458984,0.9022473692893982,162.0059420931339
standard_row399,standard,Standard,399,2951003,Bento Gonçalves,-29.15,-51.5167,10,20,94.33855539145871,247.023945115893,161.8483440740266,704.7,0.1696,7.1,0.7278,2487.527099609375,0.1641341596841812,1.342369556427002,0.8780661225318909,161.8483440740266
disaggregation_row62,disaggregation,Disaggregation,62,,,-17.8308,-54.31309999,5,10,144.73877986620562,378.92944984315983,161.80229665707876,5690.78,0.163,32.38,1.05,2044.4697265625,0.25006216764450073,0.3006170094013214,0.8952919244766235,161.80229665707876
disaggregation_row25,disaggregation,Disaggregation,25,,,-6.25,-38.9167,75,25,69.36643780638929,181.57911670985027,161.76797086893967,413.33,0.0762,0.0,0.6567,1630.19970703125,0.22955913841724396,14.1178617477417,0.8688985109329224,161.76797086893967
disaggregation_row312,disaggregation,Disaggregation,312,,,-9.7,-37.66666667,500,10,182.10913712257457,476.1943359403089,161.4884368046786,899.94,0.109,10.52,0.753,1197.9874267578125,0.2828627824783325,12.955493927001953,0.8554027676582336,161.4884368046786
disaggregation_row312,disaggregation,Disaggregation,312,,,-9.7,-37.66666667,500,5,224.72936422284562,587.5523064554854,161.44883579738078,899.94,0.109,10.52,0.753,1197.9874267578125,0.2828627824783325,12.955493927001953,0.8554027676582336,161.44883579738078
disaggregation_row62,disaggregation,Disaggregation,62,,,-17.8308,-54.31309999,75,15,200.18520322121802,523.3620372319618,161.43892196348392,5690.78,0.163,32.38,1.05,2044.4697265625,0.25006216764450073,0.3006170094013214,0.8952919244766235,161.43892196348392
standard_row259,standard,Standard,259,1657003,Cáceres (DNPVN),-16.0817,-57.6942,25,15,83.58297172927091,218.47141969876319,161.38268977370439,5378.867,0.2151,93.244,1.0368,3845.719482421875,0.26902151107788086,33.305721282958984,0.9629811644554138,161.38268977370439
standard_row260,standard,Standard,260,1753000,Alto Araguaia,-17.3,-53.2194,75,5,157.1603624710234,410.73441518221387,161.34733257435914,7339.183,0.121,37.977,1.161,1042.923828125,0.16360996663570404,2.9438507556915283,0.7904951572418213,161.34733257435914
standard_row249,standard,Standard,249,956001,Jusante Foz Peixoto de Azevedo,-9.6433,-56.01859999,500,1440,5.20297942163008,13.587414991850418,161.1468139843904,3407.41,0.163,19.952,1.029,3345.394775390625,0.19295115768909454,21.31430435180664,0.9201629757881165,161.1468139843904
disaggregation_row315,disaggregation,Disaggregation,315,,,-10.2,-36.86666667,500,60,95.33215652435618,248.7729743973681,160.95389369882733,984.38,0.14,10.52,0.753,1882.34765625,0.2714747190475464,14.498388290405273,0.86082923412323,160.95389369882733
disaggregation_row88,disaggregation,Disaggregation,88,,,-19.6967,-56.2828,75,2880,2.6884098826410194,7.013994586288165,160.89751535200466,6252.52,0.163,32.96,1.06,1454.85400390625,0.2448670119047165,5.8946452140808105,0.802245557308197,160.89751535200466
standard_row250,standard,Standard,250,1059000,Humboldt,-10.1753,-59.4517,500,15,169.40230603997867,441.5607013466075,160.65802270861644,470.837,0.112,4.347,0.58,5495.71826171875,0.23973269760608673,40.49723815917969,0.9987353086471558,160.65802270861644
standard_row399,standard,Standard,399,2951003,Bento Gonçalves,-29.15,-51.5167,25,20,110.19955659539265,287.114153774189,160.54020782347953,704.7,0.1696,7.1,0.7278,2487.527099609375,0.1641341596841812,1.342369556427002,0.8780661225318909,160.54020782347953
standard_row261,standard,Standard,261,1853000,Fazenda Taquari,-17.8111,-53.28889999,50,180,14.96636287738031,38.966037228248496,160.3574265003325,7964.394,0.228,21.612,1.351,943.5822143554688,0.2092873454093933,2.727005958557129,0.7691503763198853,160.3574265003325
disaggregation_row312,disaggregation,Disaggregation,312,,,-9.7,-37.66666667,500,15,154.53261060317377,402.32628290306127,160.35040845598604,899.94,0.109,10.52,0.753,1197.9874267578125,0.2828627824783325,12.955493927001953,0.8554027676582336,160.35040845598604
standard_row260,standard,Standard,260,1753000,Alto Araguaia,-17.3,-53.2194,75,1440,2.585508430468921,6.72449886353508,160.08419791984556,7339.183,0.121,37.977,1.161,1042.923828125,0.16360996663570404,2.9438507556915283,0.7904951572418213,160.08419791984556
standard_row283,standard,Standard,283,840013,Jutaí,-8.6333,-40.2333,500,30,129.07662679299673,335.6764078081766,160.059792503339,395.531,0.133,1.34,0.565,4676.60498046875,0.2930990755558014,47.650550842285156,1.0237711668014526,160.059792503339
standard_row102,standard,Standard,102,1744020,Montante Barra do Jequitaí,-17.0667,-44.79999999,25,10080,0.276831397223037,0.719543989112115,159.9213804250658,11285.14,0.212,45.875,1.225,3869.642578125,0.18223120272159576,43.79561996459961,0.9950112700462341,159.9213804250658
standard_row227,standard,Standard,227,2144018,Aiuruoca,-21.9772,-44.6033,100,10080,0.4655062412298657,1.2098726025069688,159.90470059230356,8394.51,0.205,40.691,1.165,1934.46923828125,0.17407910525798798,10.64963150024414,0.8871259093284607,159.90470059230356
disaggregation_row310,disaggregation,Disaggregation,310,,,-28.9583,-49.6014,100,30,88.19942606441639,229.22483065356548,159.89378942914132,913.3,0.1756,29.4,0.7703,2618.98681640625,0.20241861045360565,15.140118598937988,0.8840456008911133,159.89378942914132
disaggregation_row314,disaggregation,Disaggregation,314,,,-10.45,-36.65,500,60,91.51884407021537,237.64423422933478,159.66699715635468,893.6,0.149,10.52,0.753,2076.777099609375,0.2499266415834427,15.147960662841797,0.8614490628242493,159.66699715635468
disaggregation_row310,disaggregation,Disaggregation,310,,,-28.9583,-49.6014,5,20,60.072363831190714,155.97583175350888,159.64656924741035,913.3,0.1756,29.4,0.7703,2618.98681640625,0.20241861045360565,15.140118598937988,0.8840456008911133,159.64656924741035
disaggregation_row310,disaggregation,Disaggregation,310,,,-28.9583,-49.6014,25,25,73.98776197598288,192.07274092864935,159.60069043715362,913.3,0.1756,29.4,0.7703,2618.98681640625,0.20241861045360565,15.140118598937988,0.8840456008911133,159.60069043715362
standard_row399,standard,Standard,399,2951003,Bento Gonçalves,-29.15,-51.5167,50,20,123.94657610420366,321.70951628234775,159.55498440867132,704.7,0.1696,7.1,0.7278,2487.527099609375,0.1641341596841812,1.342369556427002,0.8780661225318909,159.55498440867132
