station_id,reference_key,source_sheet,source_row,station_code,station_name,latitude,longitude,n_bias_values,median_bias_pct,mean_bias_pct,std_bias_pct,max_abs_bias_pct,p95_abs_bias_pct,K,a,b,c,K_r,a_r,b_r,c_r
standard_row2,standard,Standard,2,936113,União dos Palmares,-9.1544,-36.0358,128,33.426169104477836,33.413029661739955,19.21853602991225,75.3363801068446,70.43815896484146,1120.3,0.1926,11.9,0.8242,1525.0401611328125,0.2743936777114868,16.527114868164062,0.8711838722229004
standard_row3,standard,Standard,3,-,Maceió,-9.66666667,-35.7,0,,,,,,274.09,0.28,6.0,0.56,,,,
standard_row4,standard,Standard,4,-,Manaus,-3.13333333,-60.01666667,128,15.719439536109842,19.235704506675425,44.20385814810398,128.62881191815046,90.29497594741248,1387.98,0.1,12.0,0.78,25965.560546875,0.21227268874645233,142.6098175048828,1.1960078477859497
standard_row5,standard,Standard,5,-,Parintins,-2.63333333,-56.73333333,128,8.648592329418776,-1.5147462576953301,30.459386358870848,49.634913631535866,48.43635138489146,5775.73,0.18,30.0,1.02,20362.369140625,0.18525338172912598,123.57829284667969,1.1481413841247559
standard_row6,standard,Standard,6,-,Uapés,-0.13333333,-67.08333333,128,5.1258179502794885,3.9788520305269675,16.42346013496192,34.3392764056586,28.705844097566814,2235.25,0.15,19.0,0.85,5544.478515625,0.18337902426719666,56.09709548950195,0.97422194480896
standard_row7,standard,Standard,7,940024,Juazeiro,-9.4053,-40.5036,128,16.678990423013012,22.05089171079227,19.589918877596002,96.5249674651782,67.76406013765188,5592.554,0.242,40.039,1.093,2174.059326171875,0.27414238452911377,21.71158790588379,0.9391328692436218
standard_row8,standard,Standard,8,940024,Juazeiro,-9.4053,-40.5036,128,19.17310024872146,20.26162096593341,21.11856911014261,68.46698354698026,60.55503992932298,1519.0,0.188,9.3,0.8795,2174.059326171875,0.27414238452911377,21.71158790588379,0.9391328692436218
standard_row9,standard,Standard,9,1142020,Fazenda Refrigério - Jusante,-11.3561,-42.2736,128,-10.221623379407676,-12.784381238155044,14.101283248645622,36.865790724986994,32.90784730144713,3950.0,0.222,33.862,1.028,3550.623046875,0.20672066509723663,50.53281784057617,1.0009666681289673
standard_row10,standard,Standard,10,1143020,Morpará,-11.5667,-43.3,128,-28.94692837337672,-29.731479667883832,12.788755021936295,65.12567315376002,54.934299041742804,1121.26,0.233,19.746,0.783,4051.318115234375,0.1778896003961563,54.50652313232422,0.9990552067756653
standard_row11,standard,Standard,11,1145012,Formosa do Rio Preto (Codevasf),-11.05,-45.1833,128,32.12482669084795,34.17859516391842,26.68168675943263,94.03018872637548,85.87152661851312,1719.054,0.174,20.021,0.865,2613.105712890625,0.271980881690979,22.719398498535156,0.94825279712677
standard_row12,standard,Standard,12,1145013,Ponte Serafim - Montante,-11.8961,-45.6119,128,7.988747705742123,13.715881404553523,17.91214473372168,70.06622479717778,52.61817749350471,4073.933,0.181,27.902,1.073,2911.638671875,0.1548042595386505,25.803476333618164,0.9770388007164001
standard_row13,standard,Standard,13,1238051,Teodoro Sampaio,-12.3003,-38.6439,128,-2.988998400929926,-1.7168288160240597,11.157306093231853,40.5742383625445,19.277584867183148,5850.0,0.212,51.82,1.021,2765.769775390625,0.257331907749176,40.65764236450195,0.9335120916366577
standard_row14,standard,Standard,14,1238051,Teodoro Sampaio,-12.3003,-38.6439,128,25.680932830036404,27.787073706489466,25.91098541774985,90.78261611469443,75.67223282416758,1406.4,0.1516,18.5,0.8222,2765.769775390625,0.257331907749176,40.65764236450195,0.9335120916366577
standard_row15,standard,Standard,15,1239007,Argoim,-12.585,-39.5183,128,-43.21331018056257,-38.77658391253302,14.190903264316889,57.249061271474204,54.19777443530757,8999.0,0.245,56.068,1.119,2999.572021484375,0.20469525456428528,58.3213005065918,0.9888505935668945
standard_row16,standard,Standard,16,1242015,Brotas de Macaúbas,-12.0036,-42.6283,128,-16.560831551516674,-18.437150116558485,15.602364027516838,44.14752977556227,39.88655304293597,4210.017,0.192,32.453,1.042,3302.261962890625,0.1730673611164093,49.46657180786133,0.9999018907546997
standard_row17,standard,Standard,17,1245009,Barreiras,-12.15,-45.0,128,-14.2932666374582,-18.936115484719693,14.558743518480899,55.65643499456388,50.06959238674253,1525.758,0.178,19.457,0.82,3282.0068359375,0.15392160415649414,27.416133880615234,0.9749591946601868
standard_row18,standard,Standard,18,1339012,Ituberá,-13.8106,-39.1692,128,25.27650315099193,33.95789210032363,17.90336490770904,70.78829212154886,66.72881801249524,3228.481,0.207,45.386,0.948,3754.056640625,0.2016228288412094,28.592838287353516,0.9469082355499268
standard_row19,standard,Standard,19,1344017,Santa Maria da Vitória,-13.4006,-44.1975,128,-14.918617522461593,-13.771370282004552,6.614071381609128,26.91305694990364,24.50030796656849,2873.405,0.216,29.656,0.946,3213.10791015625,0.17063426971435547,32.37983703613281,0.961515486240387
standard_row20,standard,Standard,20,1439014,Ipiaú,-14.1708,-39.6897,128,-14.687505665301604,-8.880445812406524,12.967240581405393,24.791748908786452,23.407091992242382,2194.929,0.232,32.891,0.882,1896.2408447265625,0.2280472218990326,20.25067710876465,0.8944910168647766
standard_row21,standard,Standard,21,1439044,Santa Cruz da Vitória,-14.9589,-39.8075,128,9.108398772667236,8.659335073433244,5.775045666450465,21.303922234812422,17.719361446470423,3450.0,0.239,34.012,0.989,3722.564208984375,0.22860145568847656,37.72262954711914,0.9754822850227356
standard_row22,standard,Standard,22,1439044,Santa Cruz da Vitória,-14.9589,-39.8075,128,41.60308425378586,40.03115534234267,20.514035977622736,82.00920574878336,70.28149360693531,1098.6,0.1895,12.7,0.8331,3722.564208984375,0.22860145568847656,37.72262954711914,0.9754822850227356
standard_row23,standard,Standard,23,1443002,Carinhanha,-14.3044,-43.7681,128,11.216298860958872,17.83908279632741,17.172515462083265,73.192223952378,61.32178446398883,2718.147,0.214,21.193,0.978,1728.5223388671875,0.1981184333562851,14.75418472290039,0.868203341960907
standard_row24,standard,Standard,24,1444017,Fazenda Porto Alegre,-14.2683,-44.5217,128,1.4981486162300262,-3.5750172663474773,18.007837162386043,54.198737175390875,53.052717456630184,2500.0,0.184,34.478,0.902,16436.580078125,0.1895201951265335,79.89994049072266,1.1907278299331665
standard_row25,standard,Standard,25,1539006,Itapebi,-15.9608,-39.5261,128,56.415476687589596,58.52486415372463,18.549019805687447,114.06368602633374,91.93371043001893,3586.593,0.204,39.135,0.987,2687.95849609375,0.24763357639312744,20.82658576965332,0.9102713465690613
standard_row26,standard,Standard,26,1541001,Cândido Sales,-15.505,-41.2292,128,-18.91351676969332,-23.096707161424938,17.290484799650926,55.48398622517601,49.75843067013476,2828.391,0.204,34.463,0.956,5492.10595703125,0.16462136805057526,94.01820373535156,1.0318903923034668
standard_row27,standard,Standard,27,1739005,Itamaraju,-17.045,-39.5447,128,-8.588928811125136,26.96829897389404,92.73097511776551,318.4313185785532,318.3829878909612,4032.86,0.211,28.605,1.06,469.126220703125,0.2110234498977661,15.83702564239502,0.6715766191482544
standard_row28,standard,Standard,28,1740005,Medeiros Neto,-17.3722,-40.2258,128,-25.23379019114482,2.5476649428710374,64.50548234379585,220.14751959755407,209.35498656826422,6899.271,0.227,40.913,1.107,513.4883422851562,0.23396264016628265,10.863990783691406,0.7040454149246216
standard_row29,standard,Standard,29,-,Salvador,-13.0,-38.51666667,128,32.94210678854233,30.939801661509968,18.267356630844596,65.08815541624894,56.286109798779286,1288.5,0.2,22.0,0.81,5183.28466796875,0.23009327054023743,55.022525787353516,0.9858611226081848
standard_row30,standard,Standard,30,339036,Paracuru,-3.41666667,-39.03333333,0,,,,,,1888.0,0.1493,27.0,0.8525,,,,
standard_row31,standard,Standard,31,340036,Fazenda Pocinhos,-3.8833,-40.1667,128,-4.031611477209883,-3.6067896498248264,7.856337260117909,21.226107229034138,16.075699387002963,1229.7,0.2015,13.0,0.8413,1241.6072998046875,0.2255222499370575,11.615191459655762,0.870042622089386
standard_row32,standard,Standard,32,539016,Quixeramobim,-5.2,-39.3,128,-25.245494521740476,-22.784668924990672,20.990186910083246,55.39124474583107,51.63246873214165,2847.22,0.3,43.0,0.97,1231.5386962890625,0.1865469217300415,11.811263084411621,0.8573797941207886
standard_row33,standard,Standard,33,639034,Várzea Alegre,-6.8,-39.3,128,-25.50131537488575,-17.41743133897969,14.293487515881061,30.24496199252991,29.801861982144864,2977.1,0.1711,36.0,0.9059,1642.6619873046875,0.168391615152359,15.016633987426758,0.8714619874954224
standard_row34,standard,Standard,34,-,Fortaleza,-3.76666667,-38.55,0,,,,,,491.78,0.21,5.0,0.64,,,,
standard_row35,standard,Standard,35,83550,São Mateus,-18.7,-39.85,128,-9.109887010349004,-2.504215391206436,27.843663374254362,75.47293701681335,68.97293393587546,4999.205,0.191,49.999,0.983,993.89453125,0.1825610101222992,4.607863426208496,0.775938093662262
standard_row36,standard,Standard,36,83557,Boa Esperança,-18.51666667,-40.31666667,128,-1.0443406542623757,9.884855091751076,39.9345656650747,123.59837069080221,85.05738968957083,596.38,0.23,8.534,0.67,1344.4107666015625,0.17920584976673126,3.4210076332092285,0.8064990639686584
standard_row37,standard,Standard,37,83597,Linhares,-19.4,-40.06666667,128,0.4663744159925188,10.351069226501334,28.171638298340017,105.82710281418416,87.74508726987597,3647.235,0.223,20.665,1.0,1155.788818359375,0.20242592692375183,5.064797878265381,0.7956604361534119
standard_row38,standard,Standard,38,83647,Santa Teresa,-19.85,-40.6,128,-8.041980721291504,-3.2434093335804244,31.090483542985602,90.08568061162076,55.785656805440105,632.265,0.247,13.543,0.714,1264.7286376953125,0.15983904898166656,7.432067394256592,0.8235318064689636
standard_row39,standard,Standard,39,83648,Vitória,-20.31666667,-40.33333333,128,12.708448262390728,9.219419905664822,11.317717775943759,20.888488438058985,20.255734599486374,1082.42,0.19,14.0,0.78,1911.0224609375,0.18590304255485535,17.654542922973633,0.8616514205932617
standard_row40,standard,Standard,40,83648,Vitória,-20.31666667,-40.33333333,128,-18.427328432396838,-11.003625070977668,17.106021457023356,33.73692603481618,29.14063197462476,4003.611,0.203,49.997,0.931,1911.0224609375,0.18590304255485535,17.654542922973633,0.8616514205932617
standard_row41,standard,Standard,41,1840010,Cedrolândia,-18.8097,-40.6906,128,-24.98588378111021,-5.837596204093824,40.71088772383966,112.7324463701484,109.94784895931525,4000.0,0.178,51.492,0.92,1190.593505859375,0.17505526542663574,3.6030240058898926,0.8097259998321533
standard_row42,standard,Standard,42,1840013,Ecoporanga,-18.3658,-40.8406,128,6.043050076451136,17.55604086052245,33.60131078090014,112.6663131982487,91.95225437471952,5666.17,0.197,43.631,1.055,1143.19482421875,0.16767270863056183,4.498879432678223,0.7977545261383057
standard_row43,standard,Standard,43,1840015,Patrimônio Santa Luzia do Norte,-18.2056,-40.6033,128,-0.15572302423108597,12.763636120043184,31.034146277881458,112.18931606974373,91.46221862107706,2407.091,0.187,34.383,0.877,1096.1199951171875,0.20787547528743744,4.9627604484558105,0.7883475422859192
standard_row44,standard,Standard,44,1840019,Córrego da Boa Esperança,-18.7006,-40.4419,128,5.244189867101018,14.723233950941726,33.95084025037388,129.58197833462674,91.7726097814497,4350.786,0.202,40.254,1.003,1253.55859375,0.16168437898159027,3.417752981185913,0.8075334429740906
standard_row45,standard,Standard,45,1840020,São João da Cachoeira Grande,-18.5647,-40.3367,128,33.77708688748548,52.883767288114704,49.55833808726292,210.1012687745243,192.85835191962312,5829.147,0.192,33.421,1.089,1344.4107666015625,0.17920584976673126,3.4210076332092285,0.8064990639686584
standard_row46,standard,Standard,46,1940006,Colatina - Corpo de Bombeiros,-19.5308,-40.6231,128,-2.3595532562208468,2.918882927513571,28.849633397235923,57.85089362065532,53.97479685263462,709.931,0.201,7.331,0.687,1393.1318359375,0.19544263184070587,5.537199020385742,0.8236542344093323
standard_row47,standard,Standard,47,1940009,Pancas,-19.2203,-40.8533,128,-17.678399521609137,-1.983451938290135,34.58968695593048,89.33184058720887,82.15459958096113,1227.888,0.185,20.628,0.758,1290.6812744140625,0.1763598620891571,4.824907302856445,0.8159006237983704
standard_row48,standard,Standard,48,1940020,Caldeirão (Santa Teresa),-19.955,-40.7417,128,0.15234890469950932,9.804983081368874,23.828929770258792,73.91346221014689,66.31083001141171,3777.338,0.196,46.751,0.947,1549.0736083984375,0.20507599413394928,11.51025390625,0.837714433670044
standard_row49,standard,Standard,49,1941012,Alto Rio Novo,-19.0592,-41.0275,128,21.800438928585244,27.262975091743243,18.357293478744996,79.30445976601366,65.39760344030572,1908.138,0.208,18.432,0.926,1214.555908203125,0.17863334715366364,4.892755508422852,0.8136298656463623
standard_row50,standard,Standard,50,2041017,Santa Cruz - Caparaó,-20.3228,-41.7042,128,-18.99226889450921,-18.500337748880973,15.168843496025719,44.125667102485146,40.68106064465081,3873.672,0.18,35.418,0.986,18167.69921875,0.16025836765766144,106.11090087890625,1.1999303102493286
standard_row51,standard,Standard,51,2041020,Aracê (Fazenda Modelo),-20.3667,-41.0611,128,-10.732225267477077,-14.686566104657825,15.156297427980855,53.304254310834864,52.87133166174964,880.474,0.175,9.722,0.729,3223.54736328125,0.17312660813331604,37.703956604003906,0.9508199691772461
standard_row52,standard,Standard,52,1950007,UHE São Simão,-19.0167,-50.4667,128,-11.800776706705767,-9.791516515179406,10.253302342913763,26.211638227946143,22.7309303947283,3354.992,0.172,30.197,0.96,1846.6705322265625,0.1425527185201645,14.133382797241211,0.8841195702552795
standard_row53,standard,Standard,53,-,Catalão,-18.18333333,-47.95,128,4.993962230968757,17.666948576895123,27.30931951248706,103.83193685091064,85.96887159651274,1317.3,0.16,12.0,0.82,1310.8038330078125,0.17862606048583984,2.8891637325286865,0.8336613774299622
standard_row54,standard,Standard,54,-,Formosa,-15.533333,-47.33333333,128,6.509113415546771,5.4176318198794675,9.157874262250655,17.078746147581608,15.895794112949295,1276.25,0.16,10.0,0.82,1780.2802734375,0.16524331271648407,11.021158218383789,0.8754264712333679
standard_row55,standard,Standard,55,-,Goiânia,-16.68333333,-49.26666667,128,-39.463788414655305,-39.34716654636229,6.209279285945902,54.4139464022938,49.19379331128035,2209.74,0.21,21.0,0.88,2086.0009765625,0.16122221946716309,31.84463119506836,0.912724494934082
standard_row56,standard,Standard,56,-,Barra do Corda,-5.5,-45.26666667,128,18.061037016668735,24.019289176037773,18.680759935819143,68.17281668499338,57.98914508694449,1530.67,0.2,17.0,0.83,2027.5794677734375,0.21321257948875427,11.044638633728027,0.8679878115653992
standard_row57,standard,Standard,57,-,São Luiz,-2.53333333,-44.28333333,0,,,,,,1131.57,0.18,24.0,0.74,,,,
standard_row58,standard,Standard,58,-,Turiaçu,-1.71666667,-45.4,128,-1.2334586652031776,1.54756200531479,17.69750657072394,43.825878922114974,31.699134623365406,1185.74,0.19,13.0,0.79,1730.1788330078125,0.16188688576221466,9.396025657653809,0.8542829155921936
standard_row59,standard,Standard,59,83587,Raja Gabaglia,-19.93,-43.95,128,-13.490378631384491,-12.829603394790228,17.55430392801041,46.37796536008436,40.17329708207365,2481.99,0.1245,20.0,0.8975,8781.9638671875,0.16496968269348145,74.3571548461914,1.0982824563980103
standard_row60,standard,Standard,60,1442025,Espinosa,-14.9333,-42.8167,128,-2.726680968604959,3.7992901737178832,24.7486140802011,56.67431745806427,55.49989965265668,679.357,0.188,8.715,0.731,1017.0270385742188,0.1863185614347458,4.7641401290893555,0.8195157051086426
standard_row61,standard,Standard,61,1443000,Boca da Caatinga,-14.7864,-43.5514,128,21.310008199961377,27.45074568755985,17.398853669595287,83.7659452053354,67.31065228524777,1616.744,0.179,20.467,0.877,1275.0787353515625,0.19805149734020233,7.681555271148682,0.831322968006134
standard_row62,standard,Standard,62,1443001,Manga,-14.7567,-43.9322,128,19.026207411124524,23.06549178820648,11.696755354267138,56.84255037881402,46.046838146680194,1828.318,0.188,28.731,0.899,1604.684326171875,0.20516909658908844,16.93619155883789,0.8708208203315735
standard_row63,standard,Standard,63,1444000,São Gonçalo,-14.3136,-44.4603,128,4.0975560777072,-2.0487758088305545,29.997864221226454,75.77444500907082,68.71241349201641,765.111,0.155,11.514,0.698,10460.8251953125,0.21194542944431305,67.87371826171875,1.1390525102615356
standard_row64,standard,Standard,64,1444001,Capitânea,-14.4311,-44.4817,128,16.54893144778466,14.210312010234603,17.996383783172142,46.012621985715235,45.21868369579271,6040.241,0.21,37.64,1.1,6353.37060546875,0.20878159999847412,51.991363525390625,1.0641798973083496
standard_row65,standard,Standard,65,1444004,Juvenilia (Montalvânia),-14.2658,-44.1572,128,17.92782494680415,9.10964179412268,21.280962777437278,45.087284680460805,41.23535117857618,1070.596,0.199,19.542,0.776,3654.10986328125,0.214133620262146,34.259952545166016,0.9751413464546204
standard_row66,standard,Standard,66,1446003,Formoso,-14.93329999,-46.25,128,-15.37611504813328,-14.277583283516382,6.1176603853783496,24.85307474809839,22.49280959208449,3500.0,0.195,27.406,0.972,3077.912109375,0.17390677332878113,22.161787033081055,0.9748883247375488
standard_row67,standard,Standard,67,1541010,Itamarati,-15.5808,-41.4086,128,-23.948418292262964,-25.87175429600109,12.254169740971843,47.135153544626604,45.99088706177336,2210.5,0.153,33.4,0.8938,5001.54150390625,0.1486530750989914,92.286865234375,1.0240110158920288
standard_row68,standard,Standard,68,1543002,Colônia do Jaíba,-15.3411,-43.6753,128,4.732382935180119,22.78622467775365,48.792899937139445,194.24237787360315,162.37104681759078,6527.477,0.226,32.114,1.141,1000.1412963867188,0.2003398984670639,2.9934303760528564,0.8188679218292236
standard_row69,standard,Standard,69,1543013,Janaúba,-15.7756,-43.27969999,128,-9.971604447069376,-0.19876434444016544,33.72190191751429,123.89119328853795,71.13571066731785,4323.837,0.224,45.869,1.03,1010.4324951171875,0.15747857093811035,3.415837049484253,0.8174521923065186
standard_row70,standard,Standard,70,1544006,Januária,-15.4833,-44.3667,128,11.76827921883547,12.336439554194458,20.019859150019638,61.60324300250346,45.77145364525807,1513.706,0.155,19.554,0.813,2010.276123046875,0.20936861634254456,16.99675178527832,0.8877454996109009
standard_row71,standard,Standard,71,1544012,São Francisco,-15.9494,-44.8681,128,10.01921958801698,12.835304067833928,18.843230762483994,85.40364870136987,49.163113134055514,3666.006,0.235,32.782,1.038,2125.08935546875,0.17386828362941742,18.492128372192383,0.9074640870094299
standard_row72,standard,Standard,72,1544017,Pedras de Maria da Cruz,-15.5978,-44.3903,128,49.83125081227331,41.22860232107341,28.92285002247567,81.54268113138703,73.9406922567548,574.945,0.198,7.787,0.71,2244.60107421875,0.22171060740947723,18.702133178710938,0.8986064195632935
standard_row73,standard,Standard,73,1544029,Mocambinho (Ruralminas),-15.05,-44.0167,128,-15.261014126667199,-15.226785801987903,9.361527946761175,39.92186959102791,30.4951048438366,1088.655,0.218,12.278,0.814,1802.559814453125,0.16627736389636993,21.19211196899414,0.8890112638473511
standard_row74,standard,Standard,74,1546000,Arinos - Montante,-15.9178,-46.1192,128,33.901507789231964,43.55124871360553,17.28975312186093,87.67256351010795,80.4241420809322,2495.194,0.205,22.795,0.975,3172.724609375,0.19619368016719818,13.808040618896484,0.9700239896774292
standard_row75,standard,Standard,75,1546001,Buritis - Jusante,-15.6158,-46.415,128,-4.212391954859267,-2.851231732509548,8.483730043109558,22.36769200614437,15.784360234430135,2450.458,0.225,29.391,0.944,3426.84326171875,0.17490136623382568,33.199127197265625,0.9740221500396729
standard_row76,standard,Standard,76,1546008,Arinos (INMET),-15.9153,-46.1072,128,1.3209216737954204,21.97028368097763,42.48753771361457,134.311909917001,104.8798215067891,3500.0,0.166,41.086,0.942,3172.724609375,0.19619368016719818,13.808040618896484,0.9700239896774292
standard_row77,standard,Standard,77,1640000,Jacinto,-16.1386,-40.2903,128,16.2091746783757,17.664714641257177,9.750344280229772,49.95836413764482,36.250505655673905,3038.921,0.225,25.041,0.993,2944.379150390625,0.1944442242383957,22.601308822631836,0.9433574080467224
standard_row78,standard,Standard,78,1641001,Itaobim,-16.5683,-41.5031,128,27.153191599678905,30.145591752495942,10.209451619061708,64.57465885080991,52.90438436104298,1718.688,0.175,17.525,0.9,1344.670654296875,0.18993599712848663,10.907817840576172,0.8294752836227417
standard_row79,standard,Standard,79,1641008,Pedra Azul (Fortaleza),-16.0,-41.28329999,128,-1.6028611867904947,1.9542964654096826,18.457197522114026,55.27407105335019,39.17309513491665,4451.964,0.176,37.326,1.013,2573.56640625,0.1991649866104126,40.93955993652344,0.921431839466095
standard_row80,standard,Standard,80,1641010,Itinga,-16.61809999,-41.76749999,128,22.827621780300753,47.13801059147074,63.40845275441583,269.077588356467,241.26239778814377,6482.993,0.216,35.23,1.154,1163.81103515625,0.1984715610742569,7.605316162109375,0.8250823020935059
standard_row81,standard,Standard,81,1642000,Araçuaí,-16.8667,-42.0667,128,-8.732506843258777,17.02658690711023,51.248171149075084,171.35302876919846,147.2351096540718,3450.0,0.225,58.409,0.947,1338.8568115234375,0.20417284965515137,5.429431438446045,0.8404014110565186
standard_row82,standard,Standard,82,1642019,Salinas,-16.2667,-42.05,128,-10.04755632240808,-4.007923545432358,20.45375048990565,65.28529508416862,47.104817108957675,4600.0,0.203,34.952,1.033,1184.3291015625,0.17691759765148163,9.197699546813965,0.829639196395874
standard_row83,standard,Standard,83,1642029,UHE Irapé Rio Itacambiruçu,-16.5925,-42.9164,128,12.907156628890341,24.530245868471066,32.025196181319615,117.52193483181492,115.10342864523453,5618.979,0.199,37.915,1.074,1261.4376220703125,0.20126989483833313,6.720371246337891,0.8295471668243408
standard_row84,standard,Standard,84,1643009,Montes Claros,-16.71669999,-43.8667,128,5.690983387300088,7.390027747274285,11.824324219471315,51.22230889929751,28.882455779307538,4050.0,0.167,34.789,0.992,1964.26171875,0.20629596710205078,21.454504013061523,0.8952948451042175
standard_row85,standard,Standard,85,1643020,Capitão Enéas,-16.32219999,-43.715,128,-14.929654220467366,-6.866059210569551,25.060012451009694,88.83974720748716,59.11211740842577,8561.537,0.212,48.442,1.125,1575.494140625,0.17362944781780243,15.303503036499023,0.8699681758880615
standard_row86,standard,Standard,86,1643024,Juramento,-16.7833,-43.7167,128,-8.289347369495825,-6.315237062066167,14.849672203966067,35.09658026444338,28.59777632825586,1464.55,0.194,22.467,0.817,1599.43994140625,0.2199750393629074,17.230562210083008,0.8754384517669678
standard_row87,standard,Standard,87,1645000,São Romão,-16.3717,-45.0828,128,-5.725692172299752,-10.372344239355689,21.496895033019875,66.55421262791691,63.151586432441135,1119.829,0.184,15.2,0.777,11505.5517578125,0.16433855891227722,67.43244934082031,1.134583592414856
standard_row88,standard,Standard,88,1645009,Cachoeira da Manteiga,-16.6569,-45.0808,128,-12.964605866763403,-15.280688256528723,24.489601263687074,55.90443806864354,50.256941543824894,3794.292,0.232,34.584,1.013,25891.693359375,0.20242148637771606,152.72885131835938,1.2412197589874268
standard_row89,standard,Standard,89,1645010,Barra do Escuro,-16.2833,-45.2333,128,-1.6366344750314323,-0.1499723245697009,9.701741315038541,29.02774202747482,18.0271149446322,3000.0,0.234,31.843,0.954,2394.182861328125,0.20209801197052002,19.619659423828125,0.9171772003173828
standard_row90,standard,Standard,90,1646000,Porto dos Poções,-16.8297,-46.3222,128,9.954017944757714,13.95471386373961,11.67641359963763,50.133262800984404,48.776153135968286,5240.505,0.187,30.472,1.065,3071.6611328125,0.18497072160243988,20.150096893310547,0.9629566073417664
standard_row91,standard,Standard,91,1646001,Unaí,-16.3514,-46.8897,128,16.28795309395199,14.541287808244398,10.613625435014722,31.864538250799125,29.160592740331175,3348.439,0.206,28.386,0.986,5828.34130859375,0.18443596363067627,29.883750915527344,1.0477721691131592
standard_row92,standard,Standard,92,1646003,Santo Antonio do Boqueirão,-16.52969999,-46.7211,128,94.29474710243952,95.07155333814913,14.92140399381047,126.34625712633168,119.35551666879392,1433.047,0.221,16.329,0.963,4179.05859375,0.18199189007282257,22.19153594970703,1.0004816055297852
standard_row93,standard,Standard,93,1646003,Santo Antonio do Boqueirão,-16.52969999,-46.7211,128,8.710945095009219,9.766287837878128,17.13616032041521,44.375686734538114,35.1808823061006,2980.0,0.1598,26.0,0.9306,4179.05859375,0.18199189007282257,22.19153594970703,1.0004816055297852
standard_row94,standard,Standard,94,1646004,Fazenda O Resfriado,-16.5028,-46.66279999,128,-13.485629854161532,-1.5221935154929938,38.65891007320815,74.37738302043367,64.93972981634103,2500.0,0.202,43.912,0.853,4337.3896484375,0.18955683708190918,22.191513061523438,1.000481367111206
standard_row95,standard,Standard,95,1646010,Unaí,-16.3667,-46.8833,128,-10.652805585250334,-14.521452227311908,20.105183930187568,62.2270796526057,52.596112614626286,2000.0,0.233,22.382,0.859,5828.34130859375,0.18443596363067627,29.883750915527344,1.0477721691131592
standard_row96,standard,Standard,96,1647008,Fazenda Limeira,-16.2089,-47.2325,128,-10.22051048280111,-12.471876958509014,34.74378139017372,78.59413382923863,76.35377164178203,522.749,0.193,8.503,0.61,3130.845947265625,0.17280061542987823,20.68952751159668,0.9576214551925659
standard_row97,standard,Standard,97,1741001,Mucuri,-17.59499999,-41.4928,128,-9.751467809516747,-4.939190440174213,16.123138742717895,45.44497445097066,36.11022268404624,2042.521,0.208,24.596,0.886,1072.9837646484375,0.1931636482477188,6.4302077293396,0.80976402759552
standard_row98,standard,Standard,98,1741012,Teófilo Otoni,-17.85,-41.5167,128,-35.661372401504025,-22.875420578249667,22.48418478746116,42.56934792871439,41.35683211099038,1715.786,0.201,26.962,0.815,983.6267700195312,0.18846848607063293,5.777225494384766,0.8056806921958923
standard_row99,standard,Standard,99,1742008,Carbonita,-17.5794,-42.99499999,128,4.829962097393047,11.924099193450107,28.470144189506545,127.64289180933088,77.17574897422521,1542.323,0.208,16.364,0.878,1152.642333984375,0.14685210585594177,1.6108356714248657,0.8111111521720886
standard_row100,standard,Standard,100,1742016,Itamarandiba,-17.85,-42.85,128,-33.10974637927644,-23.827747044394915,24.96809910993689,64.31913926320435,48.497689759885326,3220.0,0.209,35.476,0.918,1029.7572021484375,0.16923260688781738,3.5008771419525146,0.8097432851791382
standard_row101,standard,Standard,101,1743002,Vila Terra Branca - Jusante (Bocaiúva),-17.3128,-43.20779999,128,18.32491902482075,25.04930956950935,23.477615389021828,84.56716276221785,77.36275931540914,716.71,0.213,5.25,0.752,1144.7152099609375,0.2040979415178299,2.2119264602661133,0.8094902038574219
standard_row102,standard,Standard,102,1744020,Montante Barra do Jequitaí,-17.0667,-44.79999999,128,5.225092588323275,21.16475989429148,48.64569423330937,180.2177855303097,145.32941686003502,11285.14,0.212,45.875,1.225,3869.642578125,0.18223120272159576,43.79561996459961,0.9950112700462341
standard_row103,standard,Standard,103,1744025,Pirapora,-17.35,-44.95,128,-4.235782833216849,-6.040579729145095,6.487276331952873,25.607614178038467,21.28321275661371,3210.188,0.181,33.293,0.948,4379.9140625,0.1936149150133133,39.0955924987793,1.0146563053131104
standard_row104,standard,Standard,104,1745001,Cachoeira do Paredão,-17.1111,-45.4378,128,-0.4546096712032339,0.8640820247201525,10.935690240034843,22.292738404461282,21.270907789736597,3352.251,0.2,27.381,1.009,4745.84130859375,0.13792288303375244,32.64716720581055,1.0240238904953003
standard_row105,standard,Standard,105,1745007,Porto do Cavalo,-17.0269,-45.5406,128,2.89006939616145,2.4938938757343485,13.960785210968877,35.20973268867075,27.79177761795908,1446.429,0.226,14.002,0.873,4085.887451171875,0.17540837824344635,30.031536102294922,0.9984341263771057
standard_row106,standard,Standard,106,1746001,Porto da Extrema,-17.03079999,-46.0136,128,2.851437167150504,5.962551391707208,11.734036988183197,44.82874294504408,34.88868833237131,5212.471,0.181,33.706,1.061,2618.369384765625,0.16509582102298737,18.488431930541992,0.9451329708099365
standard_row107,standard,Standard,107,1746002,Santa Rosa,-17.25529999,-46.4739,128,8.12949334687207,11.486995850752411,11.070910338560045,36.65153139248507,31.29345702137192,2144.847,0.171,19.378,0.909,2616.468994140625,0.16070325672626495,14.830531120300293,0.9314379096031189
standard_row108,standard,Standard,108,1746006,Ponte da BR-040 - Prata,-17.66359999,-46.35499999,128,-22.68182923429754,-19.2986604609685,20.12002786817036,53.39484652787337,46.556912860334684,2404.064,0.231,22.736,0.918,1865.4398193359375,0.1439935266971588,8.076704025268555,0.8979387879371643
standard_row109,standard,Standard,109,1746007,Ponte da BR-040 - Paracatu,-17.4972,-46.5817,128,5.6872275186999115,6.472837352157809,6.734950437259964,19.411850622052484,18.1800458921709,1421.988,0.194,7.5,0.867,1888.7708740234375,0.1593831330537796,8.139421463012695,0.8857401609420776
standard_row110,standard,Standard,110,1746012,João Pinheiro,-17.6999999,-46.16669999,128,-28.77394588542399,-23.488444174443465,18.948041621507986,48.83818714470165,45.77368672909518,4741.682,0.202,42.383,0.993,2280.87451171875,0.13837186992168427,13.904707908630371,0.9281467795372009
standard_row111,standard,Standard,111,1746013,Paracatu,-17.21669999,-46.8667,128,17.08456105819304,25.0530962868399,32.81483121321081,95.4739518486878,94.23640442640145,9099.043,0.184,49.164,1.125,1847.474609375,0.18588736653327942,7.668337345123291,0.8814682960510254
standard_row112,standard,Standard,112,1747002,Fazenda Buriti II (Faz. Angical),-17.41669999,-47.5167,128,42.092253325598485,54.6921044631964,41.04694017787584,213.2487909452451,150.2026421286156,10030.56,0.138,45.209,1.155,2292.6064453125,0.18366193771362305,12.484432220458984,0.9022473692893982
standard_row113,standard,Standard,113,1841001,Vila Matias - Montante,-18.5747,-41.9178,128,-26.468335435977757,-15.614194823939695,24.6038807312527,59.70494253894091,42.29358732823719,3600.0,0.194,46.187,0.91,1323.376708984375,0.16574040055274963,8.021615028381348,0.8153939247131348
standard_row114,standard,Standard,114,1841011,Tumiritinga,-18.9764,-41.6403,128,-14.753603020392369,-1.5957581333770405,23.30087863841177,63.6154058105785,49.1350261036796,2077.822,0.178,31.713,0.842,1343.141845703125,0.19681905210018158,9.837173461914062,0.8238859176635742
standard_row115,standard,Standard,115,1841015,Governador Valadares,-18.85,-41.9333,128,-25.571922809651603,-18.290841511048615,18.979531375563223,38.49092164035297,36.94249346405791,4980.581,0.202,52.547,0.969,1372.4365234375,0.1902896612882614,11.477168083190918,0.8370805978775024
standard_row116,standard,Standard,116,1841018,Central de Minas,-18.7631,-41.3083,128,10.297667068739798,15.531780452478898,22.579271467923633,73.51676267570546,71.74477293065348,3157.322,0.188,32.251,0.959,1164.592529296875,0.19008392095565796,5.953763484954834,0.8078963160514832
standard_row117,standard,Standard,117,1843002,Gouveia,-18.46559999,-43.7431,128,-15.926436291335495,-14.631310150815025,11.556775438055068,35.82326159129218,31.518490439839375,2817.621,0.189,31.104,0.955,1623.81103515625,0.12673351168632507,16.037504196166992,0.8747021555900574
standard_row118,standard,Standard,118,1843003,Mendanha - Montante,-18.11329999,-43.52029999,128,-17.194261387415516,-18.240612169825987,18.210477358965722,60.810302143697996,49.905232283844455,640.852,0.184,7.15,0.7,1426.498046875,0.12495462596416473,11.81890869140625,0.8485623598098755
standard_row119,standard,Standard,119,1843009,Diamantina,-18.25,-43.6,128,-17.778549784439974,-21.629529631026983,21.337217462209182,67.59149993826415,63.928031258098784,523.6,0.193,5.055,0.637,1420.8536376953125,0.1712677776813507,12.638063430786133,0.8527910113334656
standard_row120,standard,Standard,120,1844001,Santo Hipólito,-18.3061,-44.2258,128,30.91358705821729,25.14219871905115,20.449111110095004,52.3681608411154,49.946425231682824,520.911,0.179,1.979,0.737,1904.840576171875,0.1732727587223053,19.236011505126953,0.8949080109596252
standard_row121,standard,Standard,121,1844009,Presidente Juscelino - Jusante,-18.64389999,-44.04809999,128,-6.211695062361109,1.8255981515540602,25.607447624330806,85.8395021684365,58.52691364395313,3574.346,0.188,21.695,1.033,1788.640380859375,0.1502591371536255,18.562786102294922,0.8878961205482483
standard_row122,standard,Standard,122,1844010,Ponte do Licínio - Jusante,-18.67139999,-44.1914,128,-5.68333137633653,-5.220637242256998,10.848962477938349,28.078754204221408,22.73283199481636,2302.718,0.192,30.652,0.922,1849.4603271484375,0.14578655362129211,18.369384765625,0.8873264193534851
standard_row123,standard,Standard,123,1845004,Lagoa do Gouveia,-18.8414,-45.85139999,128,-14.638729288836322,-9.450921538051322,29.593449168517086,60.22868521594409,56.66697964878384,1020.878,0.168,15.154,0.732,2107.130615234375,0.15059393644332886,11.434833526611328,0.8989066481590271
standard_row124,standard,Standard,124,1845004,Lagoa do Gouveia,-18.8414,-45.85139999,128,-6.519478777532234,0.08503168519996596,15.208896789133329,35.047180308340764,32.677605085375504,2147.37,0.147,19.64,0.878,2107.130615234375,0.15059393644332886,11.434833526611328,0.8989066481590271
standard_row125,standard,Standard,125,1845009,UHE Três Marias Barramento,-18.215,-45.2592,128,6.814776976666338,10.700007863005165,13.563773987732548,58.58092373508259,46.403732017401325,6168.218,0.155,37.065,1.089,3225.46826171875,0.13712626695632935,23.39934730529785,0.9674959182739258
standard_row126,standard,Standard,126,1845011,São Gonçalo do Abaeté,-18.35,-45.8333,128,-21.46067204589638,-17.147694080068852,18.36080948886564,45.96281894257636,40.20917371242549,3600.0,0.195,32.524,0.962,1960.35986328125,0.13489733636379242,10.458210945129395,0.8982680439949036
standard_row127,standard,Standard,127,1845021,Canoeiros,-18.0383,-45.5236,128,-13.592842923135152,-15.565376061724242,21.56101225870317,60.93740827212228,58.665696107493794,1664.16,0.191,24.171,0.828,4123.76513671875,0.1795269250869751,28.03790283203125,1.020583987236023
standard_row128,standard,Standard,128,1845022,UHE Três Marias Porto Indaiá,-18.6999999,-45.5833,128,-19.64673632504564,-6.501792438375288,22.539231666410803,47.779812100241806,45.36168322785729,4000.0,0.153,43.614,0.947,2123.47119140625,0.1563495546579361,14.323216438293457,0.9033459424972534
standard_row129,standard,Standard,129,1845026,Fazenda das Pedras,-18.0167,-45.1058,128,5.030534131826991,5.7075785288849765,3.247309740915964,15.098460944376146,13.326961737637323,4782.164,0.167,33.788,1.037,3892.650390625,0.1701490432024002,28.142465591430664,1.0016168355941772
standard_row130,standard,Standard,130,1845028,São José dos Buritis,-18.71669999,-45.1833,128,9.692331846409271,14.478542935867658,20.352914130991046,72.99853474216826,60.43790129519246,2960.921,0.162,18.136,1.003,2039.327880859375,0.1451387256383896,16.89307975769043,0.9018548130989075
standard_row131,standard,Standard,131,1846005,Presidente Olegário,-18.4125,-46.42219999,128,9.892709923508313,23.053688565879007,28.765948409153204,113.75326003271525,94.23909336305648,2727.363,0.189,25.419,0.935,2062.630615234375,0.16757871210575104,6.302427768707275,0.882152259349823
standard_row132,standard,Standard,132,1846018,Patos de Minas,-18.6,-46.5167,128,6.273223613765755,19.697704867666417,31.57457603358916,123.85170984712131,94.3233873379708,2837.142,0.208,29.438,0.943,1887.065673828125,0.17632539570331573,6.074585437774658,0.8740910291671753
standard_row133,standard,Standard,133,1846019,Rocinha,-18.3736,-46.91499999,128,-2.2434401111937805,6.824549966392698,42.3766115326572,103.36911836430845,79.46534660337178,523.763,0.168,5.128,0.661,1579.585693359375,0.13442949950695038,4.0088276863098145,0.864875078201294
standard_row134,standard,Standard,134,1847010,Iraí de Minas,-18.9819,-47.4575,128,-4.1239952471836725,2.4877128034014255,23.416359861007876,78.12906551094792,68.15328305932566,2891.439,0.178,23.854,0.958,1205.838623046875,0.16511127352714539,3.1415653228759766,0.8393886089324951
standard_row135,standard,Standard,135,1847014,Coromandel,-18.46669999,-47.2,128,-6.773600825872423,10.264293651744497,38.08169097503517,140.76724724435186,117.05495122798581,2587.15,0.166,26.069,0.927,1392.9039306640625,0.14279763400554657,2.1541004180908203,0.8494536876678467
standard_row136,standard,Standard,136,1847041,UHE Emborcação Barrament (Araguari),-18.45189999,-47.9844,128,-18.58231560945594,19.363514522332252,77.86147801271856,268.0214642011698,256.25020932508545,6000.0,0.173,58.696,0.997,1705.19580078125,0.1657327115535736,1.0759778022766113,0.8732106685638428
standard_row137,standard,Standard,137,1848000,Monte Alegre de Minas,-18.87219999,-48.86939999,128,-26.537887397299393,-18.872465538975504,22.25970685802285,59.944818893307165,45.36803255781951,5942.282,0.177,40.081,1.061,970.2612915039062,0.15561732649803162,11.343729972839355,0.8122053146362305
standard_row138,standard,Standard,138,1848010,Araguari,-18.6511,-48.2092,128,-8.277601292146858,6.224853304548673,39.425935286469134,107.72862049146944,102.80162634328177,10246.18,0.186,53.003,1.146,968.23388671875,0.18063442409038544,2.7837350368499756,0.8109947443008423
standard_row139,standard,Standard,139,1848013,Capim Branco,-18.75,-48.2667,128,-17.70253271428828,-11.48370510887132,24.416796629357965,63.92058592620907,55.4454105063717,4061.385,0.169,35.786,0.973,1044.47998046875,0.1571284830570221,3.5803298950195312,0.8131150007247925
standard_row140,standard,Standard,140,1848049,Uberlândia,-18.9231,-48.2886,128,-26.809237727474297,-20.891262349110725,21.704702620257486,44.12803562126648,42.40884146748594,6050.0,0.19,54.122,0.999,1184.390625,0.17403779923915863,7.67958927154541,0.8218936324119568
standard_row141,standard,Standard,141,1849017,Capinópolis,-18.68329999,-49.56669999,128,9.263337197945162,9.801804070538347,4.351934932813875,21.749273939375886,17.42620207868267,2737.464,0.184,26.848,0.938,2515.951171875,0.17219500243663788,20.803068161010742,0.9097194075584412
standard_row142,standard,Standard,142,1849020,Ituiutaba,-18.96669999,-49.35,128,-30.1893175751634,-28.626800506346868,8.705230105818103,42.25309753166184,39.10282456432988,4020.0,0.158,38.215,0.952,1843.68310546875,0.12556219100952148,18.80377960205078,0.8866387009620667
standard_row143,standard,Standard,143,1941005,Barra do Cuieté - Jusante,-19.06169999,-41.5328,128,27.111886931220816,35.882377932705225,31.1214625745039,126.85381620883717,99.39298142735534,5400.428,0.17,47.595,1.041,1327.017822265625,0.20359835028648376,9.222265243530273,0.8229851722717285
standard_row144,standard,Standard,144,1941006,Assaraí - Montante,-19.5947,-41.4581,128,4.735319874991916,9.781023406631508,14.548945631483962,59.62354342502505,48.25534170601219,3447.244,0.193,29.506,0.985,1668.7705078125,0.20800314843654633,18.223037719726562,0.8658260703086853
standard_row145,standard,Standard,145,1941017,Aimorés,-19.4833,-41.06669999,128,-10.218611981344146,-2.0167703184758246,23.360637397995298,57.39646371555694,50.251997152156775,5695.919,0.179,36.719,1.033,1217.064208984375,0.16861288249492645,5.428380012512207,0.815954864025116
standard_row146,standard,Standard,146,1942001,Cachoeira Escura,-19.38333333,-42.3667,128,6.24991222422564,-0.33686850266895707,22.042371670728713,57.45106120638576,54.55476408122976,815.784,0.189,11.694,0.702,4279.314453125,0.20370043814182281,40.39669418334961,0.9752623438835144
standard_row147,standard,Standard,147,1942008,Dom Cavati,-19.3736,-42.105,128,0.8066311115736666,1.5666175287601032,4.199576551213338,15.64084601958578,10.318763376888448,4296.27,0.201,39.781,0.994,3725.376708984375,0.1883513182401657,37.14516830444336,0.9618586897850037
standard_row148,standard,Standard,148,1942009,Acesita,-19.5333,-42.63329999,128,-25.53086715654694,-26.27127485853135,6.746561235947448,41.258195233938885,37.161003733060085,6010.412,0.204,44.788,1.03,7619.43505859375,0.17921209335327148,67.89214324951172,1.081885814666748
standard_row149,standard,Standard,149,1942021,Caratinga,-19.7356,-42.1375,128,20.28037298469464,15.689819631413467,23.595913847758226,53.71348211170436,46.50396486122133,5069.841,0.176,35.87,1.048,15874.513671875,0.2027977705001831,94.56169128417969,1.1684194803237915
standard_row150,standard,Standard,150,1942025,UHE Salto Grande Barramento Guanhães,-19.1464,-42.7486,128,-19.20490306450108,-18.35524538567445,7.5108217031148214,31.379178666818863,31.115447260395772,2600.0,0.2,25.779,0.912,2435.98828125,0.14554964005947113,23.767196655273438,0.9082492589950562
standard_row151,standard,Standard,151,1942030,Belo Oriente,-19.3164,-42.39609999,128,-0.26702881471025947,-3.0879541158590174,12.043674160575737,38.80666026260503,31.64181220532055,1860.584,0.179,22.109,0.83,4279.314453125,0.20370043814182281,40.39669418334961,0.9752623438835144
standard_row152,standard,Standard,152,1942031,Cachoeira dos Óculos - Montante,-19.7769,-42.4769,128,-6.9159819665695785,-5.781964886428625,16.64649768304857,41.24603104982324,36.55056717385809,2710.218,0.186,28.981,0.917,14077.955078125,0.20316021144390106,90.78829193115234,1.1538735628128052
standard_row153,standard,Standard,153,1942032,Naque Velho,-19.1886,-42.4228,128,-8.40004628160868,-14.284364342216763,18.149389105832043,59.10091666647823,52.79255348977376,842.329,0.209,11.609,0.709,2387.547119140625,0.17989593744277954,22.53094482421875,0.8992574214935303
standard_row154,standard,Standard,154,1943002,Conceição do Mato Dentro (ANEEL),-19.0167,-43.4442,128,6.2621006104451,37.75714684867552,77.34695443510876,342.0123307748644,222.27302723696508,9459.772,0.23,34.548,1.221,2301.668701171875,0.15907706320285797,23.045703887939453,0.9013510942459106
standard_row155,standard,Standard,155,1943003,Ferros,-19.2503,-43.0144,128,-0.32567778641452017,-3.9775668631922465,10.137649024040893,31.532347851559578,31.301448989222763,1365.299,0.171,16.667,0.807,2670.252197265625,0.17175224423408508,27.373693466186523,0.9207915663719177
standard_row156,standard,Standard,156,1943009,Vespasiano,-19.6872,-43.9208,128,-5.638683633602632,-3.1793944522469104,21.1580002647739,47.250790613681886,43.353053007602334,1463.173,0.184,17.791,0.843,11200.53515625,0.19991269707679749,86.029052734375,1.1334935426712036
standard_row157,standard,Standard,157,1943010,Caeté,-19.90279999,-43.6664,128,-3.1259455256065283,-9.668522813594228,21.750342929606006,67.08507131849632,63.22153543292268,902.136,0.189,15.774,0.716,6662.32470703125,0.21375904977321625,60.72111892700195,1.0547442436218262
standard_row158,standard,Standard,158,1943022,Caixa de Areia,-19.945,-43.9125,128,-10.718266046605176,-11.564691961561364,15.756204152615101,51.5268344567096,43.51619590871547,1591.192,0.196,23.239,0.856,8781.9638671875,0.16496968269348145,74.3571548461914,1.0982824563980103
standard_row159,standard,Standard,159,1943025,Morro do Pilar,-19.2175,-43.3742,128,-19.11710040560025,-20.556166581392382,12.514965592926764,51.91432697266673,43.44023391947293,1645.627,0.188,25.051,0.819,2669.497802734375,0.1489519327878952,27.911592483520508,0.9245250821113586
standard_row160,standard,Standard,160,1943035,Vau da Lagoa,-19.2189,-43.58809999,128,-3.555160413990173,-6.3348512518568825,16.540974756551915,42.91669806350857,36.83724537003534,837.596,0.186,5.391,0.763,2984.866455078125,0.15979789197444916,31.558034896850586,0.943733274936676
standard_row161,standard,Standard,161,1943049,Ponte Raul Soares,-19.5614,-43.9178,128,9.560798570070407,4.713600811461802,17.452976685380857,32.95844001372987,29.12278231941023,3316.813,0.235,32.054,1.006,8220.974609375,0.20624570548534393,71.79740142822266,1.0895850658416748
standard_row162,standard,Standard,162,1943059,Conceição do Mato Dentro (INMET),-19.0333,-43.4333,128,-17.729935294168634,-20.67571372752776,15.408146867903074,56.708925712374985,51.53159141342552,1206.628,0.182,18.394,0.756,2301.668701171875,0.15907706320285797,23.045703887939453,0.9013510942459106
standard_row163,standard,Standard,163,1943063,Belo Horizonte (Gameleira),-19.93329999,-43.9333,128,-24.876816319784275,-29.242938812632804,20.93863903197882,75.76881148383457,75.2829085996435,682.874,0.169,3.993,0.671,8781.9638671875,0.16496968269348145,74.3571548461914,1.0982824563980103
standard_row164,standard,Standard,164,1944004,Ponte Nova do Paraopeba (Betim),-19.9489,-44.4722,128,-20.516213368562795,-20.790045194529725,8.458945643226523,40.46914685820622,34.55731511749679,3317.441,0.175,30.14,0.951,5090.3779296875,0.13206030428409576,49.79966354370117,1.0152931213378906
standard_row165,standard,Standard,165,1944009,Pedro Leopoldo,-19.63439999,-44.0533,128,-23.438639981674722,-23.994905827207315,21.810890120420652,72.3372245320382,66.9335113458831,925.109,0.196,11.264,0.761,16001.896484375,0.1598019152879715,103.90484619140625,1.184004306793213
standard_row166,standard,Standard,166,1944016,Sete Lagoas,-19.46666667,-44.25,128,5.6242205634012175,5.570754369755278,19.76870054847493,49.17880461989165,36.846024319652365,1590.06,0.16,15.0,0.86,4364.92724609375,0.2203066349029541,50.51649856567383,1.0145384073257446
standard_row167,standard,Standard,167,1944021,Velho da Taipa,-19.6961,-44.9294,128,-10.821578446378846,-9.81109581073045,13.319348699853903,37.775645019015364,29.55959783252961,1958.651,0.22,16.239,0.919,2122.432861328125,0.14534328877925873,20.112653732299805,0.8993950486183167
standard_row168,standard,Standard,168,1944027,Juatuba,-19.9556,-44.3344,128,-24.199559663750705,-23.19609812466736,16.495709377984358,54.37623500052754,46.546977372854286,6985.577,0.226,46.471,1.092,7383.05712890625,0.13343751430511475,66.12059783935547,1.0713016986846924
standard_row169,standard,Standard,169,1944027,Juatuba,-19.9556,-44.3344,128,-20.482406830212923,-20.003621267353747,17.045334072480138,52.98312180421175,48.15341015386735,1513.0,0.1745,14.06,0.8458,7383.05712890625,0.13343751430511475,66.12059783935547,1.0713016986846924
standard_row170,standard,Standard,170,1944032,SE Pitangui,-19.6844,-44.8789,128,-3.7666017600936623,-7.1761260359522785,14.342231414303708,46.7808302394059,38.68429467025065,909.652,0.178,9.89,0.754,2379.151123046875,0.1492663472890854,22.23996353149414,0.907212495803833
standard_row171,standard,Standard,171,1944048,Mateus Leme,-19.9917,-44.4239,128,-18.457639791926436,-21.37516379872787,14.528431647549494,61.865374601487694,51.597639548043325,1593.056,0.184,28.502,0.82,5090.3779296875,0.13206030428409576,49.79966354370117,1.0152931213378906
standard_row172,standard,Standard,172,1944049,Papagaios,-19.4283,-44.7197,128,-18.575335437151793,-20.13021944931282,13.652613204269823,53.381764518049714,45.13558448002128,1272.181,0.2,18.22,0.791,2139.177734375,0.16081738471984863,21.010419845581055,0.9037006497383118
standard_row173,standard,Standard,173,1944051,Florestal (Esc. Agron.),-19.8667,-44.4167,128,-15.028013336119072,-16.98488814246876,16.032099092249513,55.42160618498025,52.07820404221518,1127.442,0.139,12.655,0.787,5693.837890625,0.12432228773832321,56.968666076660156,1.0398950576782227
standard_row174,standard,Standard,174,1944052,Sete Lagoas,-19.4667,-44.25,128,10.57427481102643,11.010374661385324,16.947525562140164,46.567214221347704,40.96708668436552,3938.758,0.161,32.827,1.004,4364.92724609375,0.2203066349029541,50.51649856567383,1.0145384073257446
standard_row175,standard,Standard,175,1944062,Fazenda Santa Rita,-19.9828,-44.4922,128,-32.1755219585195,-32.487498957104705,14.767714316974235,68.09507282198183,58.0212390458977,1172.479,0.198,10.527,0.777,5090.3779296875,0.13206030428409576,49.79966354370117,1.0152931213378906
standard_row176,standard,Standard,176,1945012,Luz,-19.8167,-45.7,128,-14.6494060169087,-16.028752367912826,14.90220927770185,50.41592463341778,43.33842995787166,1084.147,0.171,12.327,0.76,1825.8907470703125,0.14300107955932617,14.334526062011719,0.8737366795539856
standard_row177,standard,Standard,177,1945017,PCH Gafanhoto Porto Pará,-19.28689999,-45.09329999,128,-15.442522166229676,-15.866920216870085,24.094381568901195,62.392121389404295,62.37729615429799,777.016,0.162,12.738,0.69,1842.5704345703125,0.1620880663394928,16.059772491455078,0.8897035121917725
standard_row178,standard,Standard,178,1945022,Pompéu,-19.2167,-45.0,128,-13.926132584594715,-9.307633959509165,14.683930970447202,41.981128614714315,30.36139580169264,4988.645,0.155,32.167,1.039,1797.31591796875,0.13589730858802795,16.801517486572266,0.8889936208724976
standard_row179,standard,Standard,179,1946007,Fazenda São Mateus,-19.5167,-46.5711,128,-11.036588756487443,-10.793747414829104,13.293072827756006,40.068736692418625,31.090445384887506,1197.97,0.187,11.112,0.819,1613.583984375,0.12870122492313385,9.503377914428711,0.8675535917282104
standard_row180,standard,Standard,180,1946008,Serra do Salitre,-19.1128,-46.6883,128,0.3783038557571845,7.735817326266014,24.408960095893995,86.36733465715209,61.16893560995673,5786.512,0.192,35.268,1.077,1598.689453125,0.15635448694229126,7.665452480316162,0.8675797581672668
standard_row181,standard,Standard,181,1946009,São Gotardo,-19.3153,-46.0444,128,7.132163738323865,15.386247888600545,26.2004822959269,110.99954781876684,78.93447784108518,5154.329,0.21,28.923,1.072,1744.714111328125,0.17307855188846588,8.710588455200195,0.870964765548706
standard_row182,standard,Standard,182,1946015,Araxá,-19.60559999,-46.9497,128,-6.535693199430554,0.3826959034951365,15.679895771496833,46.2268327280006,34.94459290523662,2500.0,0.154,27.096,0.912,1775.8870849609375,0.13603715598583221,11.146272659301758,0.8732293248176575
standard_row183,standard,Standard,183,1946022,Carmo do Paranaíba,-19.0033,-46.3061,128,0.15817140304999594,8.78263327970753,37.80101830149741,84.35755744698808,76.29761972138093,809.788,0.169,13.193,0.71,1770.7315673828125,0.1780768483877182,8.646888732910156,0.8749966621398926
standard_row184,standard,Standard,184,1947001,Santa Juliana,-19.3158,-47.5261,128,-14.945245242007339,-17.865443915452094,18.02267161470759,56.93664305381593,56.00783465357791,853.403,0.161,12.747,0.706,1726.794189453125,0.1657666712999344,18.229812622070312,0.874133288860321
standard_row185,standard,Standard,185,1947013,PCH Pai Joaquim Barramento,-19.4858,-47.5417,128,-4.306100364094778,-3.6941820042154028,1.7018491527215922,5.443772201710222,5.227892677690919,2150.903,0.177,19.901,0.896,1861.393310546875,0.17643356323242188,18.366241455078125,0.8788657784461975
standard_row186,standard,Standard,186,1947016,Uberaba,-19.7667,-47.9333,128,-12.693945269914114,-18.562936199186446,14.04312370124127,56.312903220120425,52.50394307058695,2400.0,0.164,31.194,0.867,6449.47998046875,0.14703521132469177,47.033363342285156,1.052391767501831
standard_row187,standard,Standard,187,1947021,UHE Nova Ponte,-19.1167,-47.6667,128,-4.582017179439951,-2.7140682270597587,9.480740060155918,26.399157764086564,16.95067695589051,3865.965,0.147,35.838,0.971,1724.1038818359375,0.16355425119400024,18.765426635742188,0.8693467378616333
standard_row188,standard,Standard,188,2041044,Caparaó,-20.5167,-41.8667,128,1.0425763940354502,0.9499663259641813,28.740884314699006,63.43870267891892,57.23282382553517,1088.097,0.14,13.969,0.782,21976.595703125,0.17495135962963104,112.95697021484375,1.2184638977050781
standard_row189,standard,Standard,189,2042008,Raul Soares,-20.1036,-42.43999999,128,-7.639275346007377,-2.9629301856813686,30.520003151463257,57.32364220617492,56.519464719955984,1289.065,0.189,12.647,0.832,32706.107421875,0.1931702345609665,129.6274871826172,1.2738193273544312
standard_row190,standard,Standard,190,2042018,Ponte Nova Jusante,-20.38469999,-42.9028,128,-3.964252757366474,-7.067057344430893,21.76170428292192,41.280232782365836,36.42925607340528,9920.044,0.197,46.664,1.147,10873.806640625,0.17469453811645508,81.65743255615234,1.1228723526000977
standard_row191,standard,Standard,191,2042024,Viçosa,-20.75,-42.85,128,-2.9811538197320293,-6.342530608643364,20.077694827491573,42.72158240790781,37.82321803148415,3510.725,0.223,29.319,0.995,13751.884765625,0.20388421416282654,94.82267761230469,1.156064748764038
standard_row192,standard,Standard,192,2042033,Fazenda Três Marias,-20.0167,-42.5667,128,-37.05928925374029,-36.58861042501199,23.32446277525352,83.34317547139334,76.00150279077326,731.981,0.228,3.999,0.711,22043.8125,0.15397363901138306,112.4771957397461,1.2234631776809692
standard_row193,standard,Standard,193,2043002,Lagoa Grande (MMV),-20.1792,-43.9428,128,-9.676158004450478,-16.312252249227694,17.569350763583426,63.29358908571143,61.98917317607298,1200.0,0.215,23.151,0.765,6239.01513671875,0.20791195333003998,58.07391357421875,1.0473086833953857
standard_row194,standard,Standard,194,2043009,Acaiaca - Jusante,-20.3625,-43.1439,128,-29.097293565999507,-32.010730152867296,18.094276089061797,76.90741670359958,72.23752069042605,766.466,0.191,8.951,0.701,7630.685546875,0.1536380499601364,69.72247314453125,1.083365797996521
standard_row195,standard,Standard,195,2043009,Acaiaca - Jusante,-20.3625,-43.1439,128,-10.950475671462623,-14.136220345299158,20.69239062224646,63.64918364478301,62.43635043583013,810.0,0.1603,10.3,0.7355,7630.685546875,0.1536380499601364,69.72247314453125,1.083365797996521
standard_row196,standard,Standard,196,2043010,Piranga,-20.6906,-43.2994,128,-15.708216746226938,-19.384936096014876,19.51651499424049,68.51420329088216,65.94828827814315,1031.255,0.172,13.92,0.745,10917.02734375,0.15610036253929138,79.60093688964844,1.1147674322128296
standard_row197,standard,Standard,197,2043013,Congonhas - Linigrafo,-20.52189999,-43.82999999,128,35.02579068825116,32.69615082180172,25.602404583594375,89.39312790935435,73.69568825423727,3359.638,0.221,25.101,1.026,4132.75439453125,0.19683152437210083,37.758522033691406,0.9772493839263916
standard_row198,standard,Standard,198,2043018,Carandaí,-20.9558,-43.8008,128,29.155259855269243,27.086861925738212,11.971540038550886,46.78277602013518,42.776755150850384,2413.956,0.181,24.472,0.939,4884.646484375,0.1976650059223175,43.618553161621094,1.002563238143921
standard_row199,standard,Standard,199,2043026,Braz Pires,-20.8475,-43.2419,128,28.003448571820776,18.081444922222442,22.233679543433894,45.12423521766864,42.69229148439598,4645.625,0.185,34.958,1.046,9913.7783203125,0.1923384964466095,76.66050720214844,1.1021260023117065
standard_row200,standard,Standard,200,2043063,UHE Peti São Gonçalo do Rio Acima,-20.0253,-43.5392,128,-11.311259108199682,-15.554136912342317,20.997867603940648,65.70571023797379,62.32756637552637,801.119,0.167,6.251,0.706,5880.4169921875,0.1879637986421585,55.97037124633789,1.0393342971801758
standard_row201,standard,Standard,201,2044007,Entre Rios de Minas,-20.6611,-44.0722,128,34.832768237194855,39.75731825953581,15.556274112940622,91.09620083486607,74.79927894365775,3655.166,0.172,27.646,1.004,2917.66162109375,0.19010235369205475,23.000200271606445,0.9215751886367798
standard_row202,standard,Standard,202,2044021,Alto da Boa Vista,-20.1056,-44.4011,128,-9.913640889552457,-10.600226934435366,6.601979448803822,27.297420431158006,21.802018048245884,2591.287,0.202,21.507,0.914,3525.81689453125,0.18208962678909302,33.67690658569336,0.9571368098258972
standard_row203,standard,Standard,203,2044021,Alto da Boa Vista,-20.1056,-44.4011,128,19.32374339628818,17.992759198248514,25.183713810098006,73.07160775909321,58.36242771214185,1123.0,0.103,13.0,0.7594,3525.81689453125,0.18208962678909302,33.67690658569336,0.9571368098258972
standard_row204,standard,Standard,204,2044024,Fazenda Curralinho,-20.0075,-44.33109999,128,-11.711741283094728,-9.713023715508905,22.35936081803625,53.534084008220745,43.21157384376684,4784.31,0.211,34.152,1.066,5128.21728515625,0.11805907636880875,50.8386116027832,1.0198653936386108
standard_row205,standard,Standard,205,2044041,Fazenda Laranjeiras - Jusante,-20.1022,-44.48469999,128,7.374058378770919,6.326731867437816,14.8412723971947,36.70967980322931,31.55831636964511,1829.0,0.1277,20.4,0.8351,3525.81689453125,0.18208962678909302,33.67690658569336,0.9571368098258972
standard_row206,standard,Standard,206,2044042,Carmo da Mata,-20.5625,-44.8675,128,-1.4469013607233614,-7.913207115797354,23.65231096161463,62.46975957210336,55.84920586292276,692.012,0.204,9.714,0.688,2499.29736328125,0.1710393726825714,20.377561569213867,0.9112697839736938
standard_row207,standard,Standard,207,2044046,Bonfim,-20.3333,-44.25,128,25.307643791769486,21.828520047647572,10.970624821345226,37.83093014192659,34.66647107769365,2004.267,0.168,16.731,0.907,3153.40576171875,0.1829519122838974,28.77513885498047,0.9399908185005188
standard_row208,standard,Standard,208,2044052,Jardim,-20.045,-44.4078,128,-4.467947346613596,-7.346370638272187,16.99416642053427,50.06907686561808,42.203388776467136,908.858,0.18,9.307,0.767,4067.73388671875,0.150318905711174,41.182533264160156,0.9845474362373352
standard_row209,standard,Standard,209,2044054,Serra Azul,-20.0867,-44.4272,128,-0.07304329843839871,6.540353861650087,17.389915783451716,65.72455814882504,51.769294459934464,8376.905,0.17,52.204,1.119,4067.73388671875,0.150318905711174,41.182533264160156,0.9845474362373352
standard_row210,standard,Standard,210,2044054,Serra Azul,-20.0867,-44.4272,128,-3.0062518649186702,-5.119880893558072,7.475129156512398,27.76163951765143,25.12070599660872,2326.0,0.1423,28.2,0.8882,4067.73388671875,0.150318905711174,41.182533264160156,0.9845474362373352
standard_row211,standard,Standard,211,2045002,Iguatama,-20.1789,-45.7003,128,-24.08631151725276,-26.418170780626568,13.373083829096537,62.964132667094894,53.98033962879447,819.687,0.194,10.121,0.741,2295.811279296875,0.1485467404127121,28.558883666992188,0.9296291470527649
standard_row212,standard,Standard,212,2045004,Santana do Jacaré,-20.905,-45.125,128,-7.216604831198564,-12.844534625517664,18.15321791583498,45.81215622584536,42.35837222131202,3628.1,0.171,29.525,1.011,7593.7041015625,0.1850583851337433,81.27422332763672,1.1086206436157227
standard_row213,standard,Standard,213,2045012,Piumhi,-20.4619,-45.945,128,14.173343624291379,12.4367167119033,12.071069488935727,33.036817384704555,30.23388581456086,2049.118,0.168,16.674,0.913,2367.746826171875,0.19733309745788574,25.97037696838379,0.9178776144981384
standard_row214,standard,Standard,214,2045013,Santo Antonio do Monte,-20.0844,-45.2967,128,-9.646170580408622,-9.387919805801754,6.114574790679433,26.65378936310052,19.092024016810196,1727.084,0.189,19.21,0.87,2224.368408203125,0.1562298685312271,22.489259719848633,0.9089437127113342
standard_row215,standard,Standard,215,2045013,Santo Antonio do Monte,-20.0844,-45.2967,128,-5.0893728865678955,-6.875698232656401,11.932145458710458,39.613308236864356,30.6293288360534,1496.37,0.119,16.33,0.8085,2224.368408203125,0.1562298685312271,22.489259719848633,0.9089437127113342
standard_row216,standard,Standard,216,2045023,Bambuí,-20.0,-45.9833,128,-22.16792275388542,-19.624211464104626,23.228041286012576,63.091036961785974,56.58894336689049,978.205,0.187,17.83,0.722,1805.0682373046875,0.15408076345920563,14.65885066986084,0.8743897080421448
standard_row217,standard,Standard,217,2048042,UHE Volta Grande Barramento,-20.03389999,-48.2222,128,-7.6171732552491775,-13.424693204590973,19.35176684468521,67.06450382571332,63.69096169733573,2618.624,0.165,31.915,0.888,23929.109375,0.14521096646785736,81.76927947998047,1.2343671321868896
standard_row218,standard,Standard,218,2142006,Usina Maurício,-21.47139999,-42.81309999,128,-23.887886290860862,-22.756260049938774,20.41151453967713,58.7507852061301,54.222333171081154,1450.4,0.1848,12.9,0.8231,11367.6103515625,0.1543278694152832,94.40728759765625,1.1153125762939453
standard_row219,standard,Standard,219,2142009,Jussara,-20.9114,-42.3481,128,-15.855719869906798,-13.553165576971473,20.78462641638769,49.94463768846911,46.185346872502336,2025.9,0.157,22.0,0.8914,18636.466796875,0.14170588552951813,110.43000793457031,1.1956874132156372
standard_row220,standard,Standard,220,2143003,Desterro de Melo,-21.1492,-43.52,128,-31.25454758657903,-27.977799622615663,18.215097433702542,67.45587125194977,66.2527662657637,3077.737,0.16,34.357,0.908,56916.64453125,0.16810713708400726,168.1245574951172,1.344786286354065
standard_row221,standard,Standard,221,2143018,Rio Novo,-21.4725,-43.1211,128,-13.517026674290836,-16.953336943801723,24.606028720489213,61.239542169032745,58.12608792875476,2066.0,0.179,13.2,0.9057,11027.291015625,0.16331975162029266,93.25924682617188,1.1232210397720337
standard_row222,standard,Standard,222,2143055,Barbacena,-21.25,-43.7667,128,-4.900523010874549,-7.403849025662178,30.68059243847851,58.22084713699818,52.105913048010464,3000.0,0.208,23.08,1.003,34253.38671875,0.1751365214586258,143.4142608642578,1.2897530794143677
standard_row223,standard,Standard,223,2143056,Juiz de Fora,-21.76719999,-43.3136,128,-12.922715906522217,-16.600591473870665,15.571784763866523,45.40587731133765,44.08337207073687,3000.0,0.173,23.965,0.96,6602.4345703125,0.1783464550971985,69.58770751953125,1.0735729932785034
standard_row224,standard,Standard,224,2144001,Bom Jardim de Minas,-21.94719999,-44.19389999,128,16.517733062785787,18.343516297747996,16.060357182224067,73.22602600158355,48.96013079643372,3195.314,0.203,30.111,1.011,1937.2208251953125,0.15808309614658356,14.163846015930176,0.8939251899719238
standard_row225,standard,Standard,225,2144005,Itumirim,-21.32079999,-44.8728,128,11.60849789698334,17.140192832241755,21.78382924199216,86.02627886044628,63.736913573678414,4159.341,0.179,33.817,1.005,2272.389892578125,0.14775364100933075,9.93862533569336,0.8987783789634705
standard_row226,standard,Standard,226,2144007,Madre de Deus de Minas,-21.4922,-44.32609999,128,0.017546447925410533,0.9378647716626811,18.73522642229429,37.611417942217635,33.07662032254207,1193.646,0.18,11.303,0.8,2085.693115234375,0.1605166494846344,10.665592193603516,0.8985800743103027
standard_row227,standard,Standard,227,2144018,Aiuruoca,-21.9772,-44.6033,128,22.488519555911225,36.77494189967213,42.497644151473786,193.32414053283267,155.48851940123413,8394.51,0.205,40.691,1.165,1934.46923828125,0.17407910525798798,10.64963150024414,0.8871259093284607
standard_row228,standard,Standard,228,2144019,Andrelândia,-21.7347,-44.31219999,128,-17.775391515428574,-12.200060823729395,18.348401206808596,46.92030409030081,35.14916908593417,3306.25,0.178,33.972,0.944,1948.364990234375,0.13239149749279022,11.775331497192383,0.8910096883773804
standard_row229,standard,Standard,229,2144023,Ibituruna,-21.1431,-44.7378,128,-1.321576676787681,13.44952771945682,25.579545188442715,85.51682237376426,74.60687574649776,2808.539,0.174,26.892,0.933,2237.694091796875,0.16044510900974274,8.785675048828125,0.9055346846580505
standard_row230,standard,Standard,230,2144026,Macaia,-21.145,-44.9136,128,9.209033556571487,12.026940840941062,16.953181101091353,73.3887973676266,44.629036297978544,2579.574,0.205,21.318,0.995,1986.455078125,0.14530444145202637,15.378388404846191,0.9025437235832214
standard_row231,standard,Standard,231,2144032,São João Del Rei,-21.13329999,-44.2667,128,13.64694322483427,21.326264252262327,34.28301444597789,90.40618430075021,80.08467976804036,1050.322,0.174,16.061,0.777,2275.654052734375,0.16153652966022491,10.82111644744873,0.9011512398719788
standard_row232,standard,Standard,232,2144036,Caxambu,-21.9833,-44.95,128,5.205698905178902,7.116568801257672,18.87147126631357,67.70078870562521,40.992468992443044,2534.108,0.215,25.804,0.97,1848.48681640625,0.13375484943389893,10.703357696533203,0.8845772743225098
standard_row233,standard,Standard,233,2145008,Fazenda Juca Casimiro,-21.87419999,-45.25829999,128,-12.263676794923366,-6.353115030690852,22.92513332352479,84.71866435853836,46.20600376017861,6058.805,0.22,32.869,1.09,1761.0595703125,0.16247232258319855,12.463719367980957,0.885333240032196
standard_row234,standard,Standard,234,2145033,Machado,-21.66669999,-45.91669999,128,16.659717776494702,27.488792641028695,43.80760811107464,163.58562400356178,126.01639006809108,3811.29,0.207,20.34,1.075,2064.5908203125,0.17256268858909607,20.897300720214844,0.9008018374443054
standard_row235,standard,Standard,235,2145036,Lavras,-21.2333,-45.0,128,-1.1610423606339921,5.080339401318755,26.5806848142945,94.23052918359163,61.65185192329566,10224.81,0.187,56.281,1.149,1994.1802978515625,0.13905102014541626,12.73800277709961,0.8966293931007385
standard_row236,standard,Standard,236,2146103,Caldas,-21.92579999,-46.3889,128,-36.48853500815265,-33.00763349473376,13.051261629990561,54.93428515256726,50.16543161697945,3600.0,0.194,46.187,0.91,2812.982177734375,0.1610013097524643,28.915616989135742,0.9476133584976196
standard_row237,standard,Standard,237,2245064,Delfim Moreira,-22.50969999,-45.2867,128,34.641344605844225,53.00571643707195,38.925955056437914,164.6401533616475,143.35796185937522,1005.939,0.158,16.605,0.824,1372.4366455078125,0.17502544820308685,5.201801776885986,0.8505090475082397
standard_row238,standard,Standard,238,2245065,Cristina - Montante,-22.2103,-45.26579999,128,-13.622283027286308,-7.37596498213093,19.32598938099235,55.48124440991961,31.753516515579246,1961.391,0.181,24.802,0.882,1580.2052001953125,0.13387562334537506,9.321854591369629,0.8655454516410828
standard_row239,standard,Standard,239,2245088,Maria da Fé,-22.31469999,-45.3731,128,24.345671482743434,27.60832707062002,7.984065815682433,47.64602211017036,44.45225551811795,1198.222,0.172,11.101,0.851,1515.59619140625,0.17643992602825165,8.47928237915039,0.8602886199951172
standard_row240,standard,Standard,240,2245089,Silvianópolis,-22.03419999,-45.83529999,128,-36.431731824259174,-32.78762009297427,28.809342349651036,82.28379428562982,76.33186778742112,666.894,0.184,20.877,0.635,1945.5811767578125,0.12526552379131317,18.469261169433594,0.8992601037025452
standard_row241,standard,Standard,241,2245107,São Lourenço,-22.1,-45.0167,128,21.419984570238654,20.506554120427257,4.302305547424703,27.84616558915636,26.26042697299681,1125.279,0.175,7.1,0.845,1702.6956787109375,0.16669297218322754,10.012561798095703,0.874859094619751
standard_row242,standard,Standard,242,-,Barbacena,-21.25,-43.76666667,128,-17.69971181130412,-14.074012163577041,32.96865544613068,65.78791827197566,64.9920829154478,1282.08,0.17,7.0,0.84,34253.38671875,0.1751365214586258,143.4142608642578,1.2897530794143677
standard_row243,standard,Standard,243,-,Belo Horizonte,-19.93333333,-43.93333333,128,2.8133286540136915,-2.2404289022203505,28.338188284116434,55.94099706674834,52.885061747547546,1729.16,0.15,9.0,0.89,8781.9638671875,0.16496968269348145,74.3571548461914,1.0982824563980103
standard_row244,standard,Standard,244,-,Passa Quatro,-22.38333333,-44.96666667,128,34.73164857858078,28.57861956918514,24.087705092251163,60.7372121626152,57.43867390074002,530.52,0.2,3.0,0.72,1620.8280029296875,0.18248163163661957,8.129955291748047,0.8653998970985413
standard_row245,standard,Standard,245,2053000,Ribas do Rio Prado,-20.4447,-53.7581,128,-17.78545140987886,-13.239639833002226,13.992707170982685,34.74111318797476,28.24966448771395,3217.5,0.1515,22.14,0.9418,1266.2742919921875,0.17837098240852356,15.470662117004395,0.8264947533607483
standard_row246,standard,Standard,246,2054000,Campo Grande (INMET),-20.45,-54.63333333,128,5.330278427286416,8.47641248813202,15.341340871344068,48.09907326591159,45.32516003244708,2575.12,0.16,19.87,0.93,1810.2532958984375,0.15577393770217896,19.163721084594727,0.8488733172416687
standard_row247,standard,Standard,247,-,Dourados (Embrapa),-22.26666667,-54.81666667,128,-9.83782161295387,-8.382930939877681,15.03341572191988,42.182669785404755,39.640080622331354,2455.13,0.18,28.14,0.88,12379.794921875,0.17126460373401642,85.0672378540039,1.1083086729049683
standard_row248,standard,Standard,248,956000,Alta Floresta,-9.8703,-56.1022,128,130.88141600343025,134.57333262936407,60.8891309017372,358.96465994778475,242.47166670468198,4766.289,0.098,29.239,1.036,3888.23291015625,0.22853803634643555,24.596786499023438,0.9366915822029114
standard_row249,standard,Standard,249,956001,Jusante Foz Peixoto de Azevedo,-9.6433,-56.01859999,128,87.45776835047332,94.86250408580742,42.8980466403825,222.57043235710276,181.34144965983478,3407.41,0.163,19.952,1.029,3345.394775390625,0.19295115768909454,21.31430435180664,0.9201629757881165
standard_row250,standard,Standard,250,1059000,Humboldt,-10.1753,-59.4517,128,49.91568326419283,49.747861059300554,60.395861460936494,189.21778291614098,142.21237736992276,470.837,0.112,4.347,0.58,5495.71826171875,0.23973269760608673,40.49723815917969,0.9987353086471558
standard_row251,standard,Standard,251,1157000,Porto dos Gaúchos,-11.5358,-57.4172,128,68.46783924195151,68.52943704857172,29.84776191203779,139.92986692736548,124.55614423585087,5979.295,0.131,48.214,1.022,7677.84814453125,0.23109285533428192,44.091583251953125,1.0423678159713745
standard_row252,standard,Standard,252,1454000,Paranatinga,-14.4178,-54.04939999,128,67.9628704781307,92.23541460751912,77.57245898363368,422.58102209247585,277.7947798095039,9895.483,0.124,46.84,1.174,1595.35986328125,0.1899460256099701,10.231026649475098,0.8415994048118591
standard_row253,standard,Standard,253,1556003,Várzea Grande,-15.6,-56.1,128,-31.4223334979188,-32.41799929601264,4.7817251536242145,45.923299675764994,42.861275000245676,1016.453,0.133,7.5,0.739,982.3318481445312,0.12182091921567917,16.046751022338867,0.780393660068512
standard_row254,standard,Standard,254,1556009,Cuiabá,-15.6067,-56.06029999,128,-3.9745572801826627,4.789450663200592,37.407098009390694,153.18374201160904,69.67622194294707,1382.435,0.3002,27.7109,0.9315,982.3318481445312,0.12182091921567917,16.046751022338867,0.780393660068512
standard_row255,standard,Standard,255,1559006,Mato Grosso,-15.0081,-59.94919999,128,64.60207318373844,62.3071204174385,7.387560253446514,71.42295935181413,69.83099074651145,987.684,0.207,13.729,0.832,2143.704833984375,0.2097282111644745,18.182527542114258,0.8788272738456726
standard_row256,standard,Standard,256,1652001,Ponte Branca,-16.7664,-52.8372,128,65.08680955087047,99.55760544201192,103.70027655640506,569.1335603752033,332.83546527779106,10828.492,0.086,47.69,1.19,1037.47802734375,0.17465385794639587,4.947380065917969,0.7897071242332458
standard_row257,standard,Standard,257,1653004,Alto Garças,-16.9442,-53.5336,128,21.438003656508762,57.57840735210645,95.92043292131807,387.54694302013905,344.6702218063467,6037.949,0.182,17.764,1.178,1041.01025390625,0.16140301525592804,2.1971800327301025,0.8141079545021057
standard_row258,standard,Standard,258,1654000,Rondonópolis,-16.4711,-54.6561,128,30.475063893899446,104.57501634803364,179.08486972437953,773.9213201391651,643.1537545250338,14615.726,0.207,39.234,1.331,1560.6866455078125,0.1706957370042801,17.966697692871094,0.8508358597755432
standard_row259,standard,Standard,259,1657003,Cáceres (DNPVN),-16.0817,-57.6942,128,80.10551692055455,100.92738581332927,53.67675048052384,247.367488123267,197.11076324847565,5378.867,0.2151,93.244,1.0368,3845.719482421875,0.26902151107788086,33.305721282958984,0.9629811644554138
standard_row260,standard,Standard,260,1753000,Alto Araguaia,-17.3,-53.2194,128,65.81809163489203,100.35740721973553,94.58488229399627,465.85512791775704,358.80237425655383,7339.183,0.121,37.977,1.161,1042.923828125,0.16360996663570404,2.9438507556915283,0.7904951572418213
standard_row261,standard,Standard,261,1853000,Fazenda Taquari,-17.8111,-53.28889999,128,141.20622852241914,374.73549850565405,560.8442553732222,2403.6419549503917,2202.7500430020937,7964.394,0.228,21.612,1.351,943.5822143554688,0.2092873454093933,2.727005958557129,0.7691503763198853
standard_row262,standard,Standard,262,-,Cuiabá,-15.55,-56.11666667,128,-29.66883790952059,-25.163740237097628,14.316532439705416,41.76666719533517,39.58395077667272,2350.99,0.2,19.0,0.9,983.9317626953125,0.17770706117153168,16.005949020385742,0.7853977680206299
standard_row263,standard,Standard,263,82246,Belterra,-2.633333,-54.95,128,-11.330876838524098,-10.975906868589227,20.196835267072085,55.83542430742913,43.03161876785967,1310.41,0.1064,9.7941,0.7244,4396.96923828125,0.18265308439731598,54.23564529418945,0.9496349096298218
standard_row264,standard,Standard,264,254000,Santarém,-2.4433,-54.7025,128,2.907291063534533,4.1823789233570965,16.018044873490965,40.35970232761344,31.170298157767135,2980.0,0.0931,27.0,0.8835,4993.98486328125,0.15776056051254272,56.11842727661133,0.9691934585571289
standard_row265,standard,Standard,265,254001,Santarém - Taperinha,-2.41666667,-54.33333333,128,6.062280332428768,4.5370026499922815,20.324656685289096,33.08769505039275,32.21918032572747,1712.51,0.19,15.0,0.84,6817.22705078125,0.1873820424079895,64.77063751220703,1.0090012550354004
standard_row266,standard,Standard,266,651002,Projeto Tucumã,-6.7444,-51.1492,128,-28.80772155044628,-31.305862670744705,22.383678434281308,69.99227167578915,68.22691720169226,3171.5,0.1708,3.1,0.9353,1516.44580078125,0.15919765830039978,11.487279891967773,0.8386160731315613
standard_row267,standard,Standard,267,-,Alto Tapajós,-7.33333333,-57.5,128,1.3737745853932717,0.01741362256790291,10.665697247857757,28.02938450705422,19.36906109904331,1562.35,0.2,11.0,0.82,2821.4482421875,0.17123742401599884,25.382783889770508,0.8830859661102295
standard_row268,standard,Standard,268,-,Belém,-1.45,-48.46666667,128,-18.692342285034684,-19.62147415795772,7.045441736594706,36.10694192913761,32.63534174769195,1373.85,0.15,15.0,0.8,1974.7491455078125,0.16574189066886902,31.010839462280273,0.888970136642456
standard_row269,standard,Standard,269,734006,João Pessoa,-7.1,-34.86666667,0,,,,,,342.76,0.21,3.0,0.59,,,,
standard_row270,standard,Standard,270,-,São Gonçalo,-6.76666667,-38.23333333,128,-4.969005892404651,-2.7031753756619876,14.72129391949436,46.86759560867569,27.023762396855922,3077.38,0.14,30.0,0.93,1386.638427734375,0.2015373408794403,13.38701343536377,0.861144483089447
standard_row271,standard,Standard,271,82899,Aeroporto de Recife,-8.11333,-35.01528,128,-7.057735328069244,-1.7367817615282815,32.347911038309746,100.07286952653718,58.65006915514251,1423.97,0.1124,21.0,0.7721,1218.466552734375,0.25577104091644287,14.502005577087402,0.8608615398406982
standard_row272,standard,Standard,272,735086,Vertentes,-7.9167,-35.9833,128,21.14863330372964,20.496610551147786,27.53341168140709,98.71170373545596,69.60522904845175,2282.3,0.17,17.913,0.909,1277.3292236328125,0.30241501331329346,14.50129508972168,0.860855221748352
standard_row273,standard,Standard,273,737037,Tabira,-7.5833,-37.55,128,5.822273611526365,4.000625677639008,35.397435818249804,78.61108243273533,65.76334409517321,599.973,0.103,7.628,0.632,1470.56884765625,0.19403807818889618,13.356571197509766,0.8555589318275452
standard_row274,standard,Standard,274,738030,Serra Talhada,-7.98333,-38.3,128,-90.4406661032981,-83.98475929082532,15.516612171922734,99.02642428036408,97.93319501639108,764.167,0.76,12.879,0.66,1467.1331787109375,0.20831164717674255,15.213725090026855,0.8612566590309143
standard_row275,standard,Standard,275,740014,Araripina,-7.55,-40.5667,128,-11.33691836941966,-17.22147959056464,22.864670880241167,69.29255423198468,67.23778065192896,387.23,0.143,0.725,0.609,1701.4757080078125,0.1574590802192688,20.895559310913086,0.898543655872345
standard_row276,standard,Standard,276,740024,Serrolândia,-7.4167,-40.1833,128,6.766745769574231,7.293531334067662,23.98794940426346,59.83740582021029,50.8451134495093,947.444,0.116,11.767,0.749,1658.3260498046875,0.21276743710041046,20.404897689819336,0.8896556496620178
standard_row277,standard,Standard,277,835007,Bezerros,-8.2333,-35.75,128,59.41022114008719,60.10907432832134,14.641289603524635,92.34494592125863,85.94641766107716,768.7,0.24,9.0,0.824,1367.4803466796875,0.28716838359832764,14.500842094421387,0.8608511686325073
standard_row278,standard,Standard,278,835027,Glória do Goita,-8.0,-35.29999999,128,73.10868694504902,74.2921014000519,39.734676416863024,169.0364661320071,138.1937932160784,565.2,0.2333,17.0,0.7533,1367.4803466796875,0.28716838359832764,14.500842094421387,0.8608511686325073
standard_row279,standard,Standard,279,836004,Belo Jardim,-8.33333,-36.45,128,27.89494239577419,29.64423880360193,36.777194023771585,137.35801084596542,92.89279586577496,2178.87,0.123,22.834,0.875,1328.4400634765625,0.28485482931137085,14.501096725463867,0.8608534336090088
standard_row280,standard,Standard,280,837003,Arcoverde (Rio Branco),-8.43329999,-37.06669999,128,59.40936778957372,59.33959070081015,13.133207074368332,95.05302642913448,81.43412283516035,1116.5,0.257,19.0,0.8837,1277.3292236328125,0.30241501331329346,14.50129508972168,0.860855221748352
standard_row281,standard,Standard,281,837011,Custódia,-8.1,-37.65,128,7.668111390447715,9.313899687933318,21.03305124859512,70.15317490472016,44.94979459785464,3112.238,0.122,26.796,0.935,1329.3912353515625,0.22459863126277924,13.360357284545898,0.8555938005447388
standard_row282,standard,Standard,282,839017,Salgueiro,-8.0667,-39.1167,128,-14.652741094725627,-12.58953132452054,20.233867419197207,52.98987605394922,42.47421299624774,1719.692,0.11,16.676,0.795,1435.4581298828125,0.22610406577587128,16.400192260742188,0.8660032153129578
standard_row283,standard,Standard,283,840013,Jutaí,-8.6333,-40.2333,128,21.00799478539342,25.17497510452946,55.55779523232602,172.0247002296515,121.22460591254669,395.531,0.133,1.34,0.565,4676.60498046875,0.2930990755558014,47.650550842285156,1.0237711668014526
standard_row284,standard,Standard,284,3878358,Catende,-8.66694,-35.71694,128,22.49379649799219,20.762227698389097,6.9265326978820365,30.600250954604952,29.078946072376244,743.4,0.267,12.0,0.8155,1218.466552734375,0.25577104091644287,14.502005577087402,0.8608615398406982
standard_row285,standard,Standard,285,-,Nazaré,-7.73333333,-35.25,128,35.938162817134355,32.290696486993824,28.44070458069447,85.91546897208512,70.12652945023733,421.19,0.23,4.0,0.68,1328.4400634765625,0.28485482931137085,14.501096725463867,0.8608534336090088
standard_row286,standard,Standard,286,-,Olinda,-8.01666667,-34.85,0,,,,,,666.64,0.2,10.0,0.66,,,,
standard_row287,standard,Standard,287,342004,Luzilândia (Porto Alegre),-3.4667,-42.3667,128,10.098595901455205,13.329510848527079,14.567167248769525,54.7789574829673,41.07129958549998,3480.4,0.1546,32.7,0.9615,1633.8245849609375,0.18241308629512787,12.876516342163086,0.85650235414505
standard_row288,standard,Standard,288,442004,Campo Maior,-4.8167,-42.1833,128,25.065928265476316,30.350108094326213,27.453578008509606,122.84900543834743,82.86025464847285,1738.6,0.1363,22.3,0.838,1549.2652587890625,0.21739080548286438,11.214983940124512,0.8465719223022461
standard_row289,standard,Standard,289,542011,Teresina,-5.08333333,-42.81666667,128,-17.185320238858843,-14.728565219330193,11.005675443180122,32.61405334848473,28.284704437359125,3977.07,0.2,28.0,0.96,1706.7640380859375,0.16634929180145264,11.208197593688965,0.8483017086982727
standard_row290,standard,Standard,290,542012,Teresina,-5.0878,-42.79919999,128,7.746868722439121,9.57178646346564,10.797996862729358,44.7815513336079,29.21410906254077,2491.6,0.142,20.0,0.8943,1655.255859375,0.18431510031223297,11.203535079956055,0.8482558131217957
standard_row291,standard,Standard,291,742002,Oeiras,-7.0167,-42.13329999,128,28.055853256433544,29.393264519439747,25.847394065386233,88.51838103990245,75.23004294732678,2521.4,0.1654,31.3,0.9304,5819.1484375,0.24535633623600006,74.00759887695312,1.0296635627746582
standard_row292,standard,Standard,292,2349033,Tomazina,-23.76666667,-49.95,128,25.471657938422474,23.769655819862578,7.067847801069229,31.348040547097767,30.786529839260286,2676.7,0.149,29.0,0.931,4215.806640625,0.1472453773021698,30.214319229125977,0.9724686741828918
standard_row293,standard,Standard,293,2350018,Bandeirantes,-23.1,-50.35,128,-1.8117139388824963,-5.190726166309274,11.550254963732254,36.96193664061242,32.61656004874445,1077.21,0.157,10.0,0.781,2559.167236328125,0.14347080886363983,24.477392196655273,0.9156466126441956
standard_row294,standard,Standard,294,2350068,Cambará,-23.0,-50.03333333,128,5.99691879560207,5.954459300205043,4.919220539328856,16.05204803985012,13.67873530742281,1772.96,0.126,17.0,0.867,2232.26318359375,0.145784392952919,21.30010986328125,0.9028833508491516
standard_row295,standard,Standard,295,2352017,Paranavaí,-23.08333333,-52.43333333,128,18.15035968943249,18.04004491519659,16.564896232942303,51.85921963378109,42.43701640964574,2808.67,0.104,33.0,0.93,7968.84033203125,0.14295898377895355,73.80764770507812,1.0583058595657349
standard_row296,standard,Standard,296,2352019,Cianorte,-23.66666667,-52.58333333,128,-12.501889550568755,-9.418360012430735,21.866328435163787,57.156502913410094,54.69013659087141,2115.81,0.145,22.0,0.849,26957.31640625,0.15749624371528625,114.98115539550781,1.216653823852539
standard_row297,standard,Standard,297,2353053,Umuarama,-23.73333333,-53.28333333,128,5.254870143107496,8.061041747003655,31.453726357671023,65.65639730680606,54.49477954922575,1752.27,0.148,17.0,0.84,35474.50390625,0.187183678150177,127.7520751953125,1.2540041208267212
standard_row298,standard,Standard,298,2449013,Cerro Azul,-24.81666667,-49.25,128,24.017720624339844,21.509535288111607,16.330443855975048,49.113171125088904,41.909392077891326,1625.55,0.138,18.0,0.86,5599.05810546875,0.16038572788238525,41.212806701660156,1.0257830619812012
standard_row299,standard,Standard,299,2450011,Telêmaco Borba,-24.33333333,-50.61666667,128,44.80952905478436,42.93775110453724,11.109832601313759,62.466854031138034,56.7135358883024,3235.19,0.163,24.0,0.968,7700.33935546875,0.18254803121089935,34.62080383300781,1.0541878938674927
standard_row300,standard,Standard,300,2451014,Ivaiporã,-24.25,-51.65,128,43.666575201580216,37.113635546206055,41.827171310764385,100.90033362973305,92.35591226385934,676.71,0.158,1.0,0.726,11018.1669921875,0.1712227612733841,60.07423782348633,1.0891460180282593
standard_row301,standard,Standard,301,2452013,Nova Cantu,-24.66666667,-52.56666667,128,10.426700823635858,13.990247394638518,29.169108350240926,60.34948128150808,54.70020530227122,2778.43,0.149,24.0,0.94,42566.265625,0.12855497002601624,120.17325592041016,1.2714011669158936
standard_row302,standard,Standard,302,2452061,Palmital,-24.88333333,-52.21666667,128,12.791752991293627,19.151962888828546,35.13617681090696,68.56234440592996,66.04974499432173,1548.46,0.13,16.0,0.834,50228.51171875,0.13529616594314575,130.9312286376953,1.2879092693328857
standard_row303,standard,Standard,303,2453023,Cascavel,-24.93333333,-53.43333333,128,2.921984609104005,7.353350714438124,39.06841513055624,62.72558371562083,62.684368222953424,1062.92,0.141,5.0,0.776,49845.484375,0.1407756507396698,123.81343841552734,1.2986454963684082
standard_row304,standard,Standard,304,2548000,Morretes,-25.46669999,-48.8333,128,15.504298648747454,13.589979013314398,10.36212332365356,26.584655536459525,25.69763772565513,2160.23,0.155,24.0,0.89,5508.49609375,0.15670685470104218,43.47389602661133,1.00734281539917
standard_row305,standard,Standard,305,2549001,Porto Amazonas,-25.55,-49.88333333,128,23.13923879899297,22.716555936025898,9.609643677041664,42.77464771968923,38.030667971102815,2543.31,0.196,27.0,0.952,5439.66650390625,0.16012927889823914,36.948509216308594,1.0146886110305786
standard_row306,standard,Standard,306,2549003,Rio da Várzea dos Lima,-25.95,-49.39305556,128,39.71013541269764,30.75133552198642,36.24802495206054,84.12984951318101,78.16722884866532,454.6,0.1423,0.0,0.6766,4811.796875,0.15582238137722015,41.366943359375,0.9977396726608276
standard_row307,standard,Standard,307,2550008,Ponta Grossa,-25.1,-50.16666667,128,33.520275747044,30.565098522153573,22.866731369418282,74.79888412617665,64.39061185835014,1421.85,0.19,17.0,0.86,6694.03076171875,0.13156162202358246,33.9700813293457,1.0314730405807495
standard_row308,standard,Standard,308,2550025,Teixeiras Soares (Est. Exper.),-25.45,-50.58333333,128,63.502313658716545,55.79881113375491,29.803754550502088,92.49680164687835,90.39645231228259,959.18,0.177,9.0,0.789,6814.00390625,0.17957866191864014,34.45094680786133,1.0251538753509521
standard_row309,standard,Standard,309,2550071,Ponta Grossa,-25.21666667,-50.01666667,128,38.96368185650161,34.13046776855886,15.203107085395793,52.74295812587764,49.35090237275181,1902.39,0.152,21.0,0.893,6135.51171875,0.14323142170906067,34.78103256225586,1.025044560432434
standard_row310,standard,Standard,310,2553015,Planalto,-25.7,-53.76666667,128,2.3456894114013287,7.817593279462946,33.83494703683638,59.30145862964366,57.348717517133295,1659.59,0.156,14.0,0.84,62502.1796875,0.14149072766304016,132.004638671875,1.319636344909668
standard_row311,standard,Standard,311,2554026,São Miguel do Iguaçu,-25.18333333,-54.13333333,128,16.800771285070603,21.81313303096247,36.32844916669392,86.4582440809869,74.83251309831213,2886.0,0.124,26.0,0.927,114506.875,0.1580764204263687,162.12176513671875,1.4083281755447388
standard_row312,standard,Standard,312,2651006,Palmas,-26.48333333,-51.98333333,128,38.47505790121326,37.25010930095134,26.068761655615646,71.2372468297667,70.68695429691155,1303.47,0.126,12.0,0.815,9024.6552734375,0.12739300727844238,56.102294921875,1.041414737701416
standard_row313,standard,Standard,313,2652003,Clevelândia,-26.41666667,-52.35,128,28.225295064096567,27.277497433304568,14.602950002911875,54.722934471895655,50.119240438518126,2553.88,0.166,24.0,0.917,7853.025390625,0.13713008165359497,49.61195755004883,1.0197067260742188
standard_row314,standard,Standard,314,2652035,Pato Branco,-26.11666667,-52.68333333,128,32.34816312719458,25.480463576086752,25.371850296237263,62.142706365238645,56.05241548982051,879.43,0.152,9.0,0.732,6244.5068359375,0.13509482145309448,41.136024475097656,0.9887486696243286
standard_row315,standard,Standard,315,-,Curitiba,-25.41666667,-49.28333333,128,-7.322445264743154,-7.459385547286115,20.527032669685383,52.58872761651208,38.35290511989226,1790.34,0.2,13.0,0.9,5559.216796875,0.11138355731964111,42.97759246826172,1.0153061151504517
standard_row316,standard,Standard,316,-,Jacarezinho,-23.15,-50.01666667,128,11.163514672407356,9.02147852151655,6.295459476864647,17.274862440719023,15.54218113996057,1667.47,0.14,19.0,0.86,2353.0556640625,0.14910145103931427,21.96998405456543,0.9083491563796997
standard_row317,standard,Standard,317,-,Paranaguá,-25.51666667,-48.5,128,0.7381404303079073,-5.928878253900353,25.76767115727619,68.49959524014822,67.31464647690717,637.22,0.2,6.0,0.65,6549.9130859375,0.1925046145915985,49.66339874267578,1.022524118423462
standard_row318,standard,Standard,318,-,Apucarana,-23.5,-51.53333333,128,24.29377492281958,25.13937026654478,23.685409057736923,56.134932931119025,55.41601297117914,1301.07,0.177,15.0,0.836,8819.41796875,0.1759481430053711,63.875816345214844,1.068961501121521
standard_row319,standard,Standard,319,-,Curitiba,-25.43333333,-49.26666667,128,14.289286179353915,24.712444868805218,51.841401214363344,200.1615992736858,123.71409326310793,5950.0,0.217,26.0,1.15,5559.216796875,0.11138355731964111,42.97759246826172,1.0153061151504517
standard_row320,standard,Standard,320,-,Francisco Beltrão,-26.08333333,-53.05,128,16.832009914769674,12.686007877327732,28.9318317667421,66.76569354538039,56.15875881809036,1012.28,0.182,9.0,0.76,13931.2470703125,0.13937348127365112,65.9646987915039,1.1050344705581665
standard_row321,standard,Standard,321,-,Guarapuava,-25.36472222,-51.51361111,128,55.66978036472308,54.5079644196189,40.319145685497105,127.55666186322173,112.27018727580537,1039.68,0.171,10.0,0.799,15828.8291015625,0.20672860741615295,77.00112915039062,1.138044834136963
standard_row322,standard,Standard,322,-,Guaraqueçaba,-25.21666667,-48.33333333,128,15.423172819397397,10.45383773954188,20.922527312468514,44.54327500257152,43.115250314244705,1479.78,0.172,19.0,0.802,10445.95703125,0.17767886817455292,64.83393859863281,1.0778017044067383
standard_row323,standard,Standard,323,-,Laranjeiras do Sul,-25.41666667,-52.41666667,128,12.021254029991319,11.324153739410022,38.513940652915316,68.92839654320642,67.42669707207628,771.97,0.148,8.0,0.726,51995.4296875,0.15970247983932495,143.6551055908203,1.3080388307571411
standard_row324,standard,Standard,324,-,Londrina,-23.3,-51.15,128,33.94338918271045,35.510359882708855,20.256567869991425,82.56900432406762,73.62273028003456,3132.56,0.093,30.0,0.939,5535.89599609375,0.17214441299438477,48.0186653137207,1.0093923807144165
standard_row325,standard,Standard,325,-,Piraquara,-25.41666667,-49.13333333,128,30.79561060543259,28.258771397593634,16.187432969726302,52.81305712963191,49.196703549207456,1537.8,0.12,17.0,0.859,5563.6455078125,0.13028371334075928,43.027320861816406,1.0114078521728516
standard_row326,standard,Standard,326,-,Santa Isabel do Ivaí,-23.0,-53.18333333,128,30.030192043733486,31.809271957164285,35.119483152817935,101.48196142825633,84.10298400145334,1824.73,0.166,17.0,0.892,14374.7236328125,0.2200581282377243,94.24422454833984,1.1440781354904175
standard_row327,standard,Standard,327,-,UHE Tibagi Montante Jusante,-24.5,-50.4,128,85.28175790947711,82.54729181890198,30.274829846229906,146.93992795403085,125.90867416831935,1592.58,0.136,11.0,0.882,7729.79833984375,0.18523992598056793,32.433502197265625,1.0507198572158813
standard_row328,standard,Standard,328,11,Irajá,-22.82694444,-43.33694444,128,0.6577842366386711,-3.6832572986000196,16.208419272795762,50.1379935251769,41.40830160130007,1642.0,0.1915,25.3,0.8445,6218.9853515625,0.15876851975917816,47.484676361083984,1.0420860052108765
standard_row329,standard,Standard,329,24,Anchieta,-22.82694444,-43.40333333,128,-0.4023145020756334,-4.762853051776704,13.959517162671693,43.89466466947464,41.962494070240055,1675.5,0.1691,21.0,0.8383,5274.2158203125,0.17666183412075043,44.170623779296875,1.025661826133728
standard_row330,standard,Standard,330,83057,Macaé,-22.38222222,-41.775,0,,,,,,444.258,0.263,6.266,0.655,,,,
standard_row331,standard,Standard,331,83695,Itaperuna,-21.2,-41.9,128,-38.005681056264486,-35.31191082456084,17.643175206920322,65.24294294863996,61.28161639385648,4999.882,0.196,34.462,0.986,70149.1015625,0.17299845814704895,169.22134399414062,1.3695427179336548
standard_row332,standard,Standard,332,83738,Resende,-22.46666667,-44.45,128,-20.1054965616258,-9.29888457690108,32.79198714869352,76.34130558044316,55.97628647469871,1652.972,0.182,21.41,0.767,1952.502685546875,0.21794407069683075,9.121169090270996,0.8813864588737488
standard_row333,standard,Standard,333,83758,Ilha Guaíba,-23.01666667,-44.03666667,0,,,,,,1045.123,0.244,49.945,0.679,,,,
standard_row334,standard,Standard,334,83788,Angra dos Reis,-23.05638889,-44.32138889,0,,,,,,721.802,0.211,10.566,0.72,,,,
standard_row335,standard,Standard,335,83789,Santa Cruz (Rio de Janeiro),-22.91666667,-43.66666667,0,,,,,,2474.281,0.2113,37.4228,0.9491,,,,
standard_row336,standard,Standard,336,2141044,Campos,-21.75,-41.33333333,128,-10.203476046186797,-8.146372807238073,27.405714688509814,55.16295693644875,51.68091285675859,1467.4,0.17,10.0,0.84,14433.947265625,0.1866936832666397,98.98664093017578,1.1572471857070923
standard_row337,standard,Standard,337,2141044,Campos,-21.75,-41.33333333,128,8.495454104014273,6.884269704514008,23.94628313380898,49.9328962026429,49.0981819144384,1133.836,0.183,20.667,0.807,14433.947265625,0.1866936832666397,98.98664093017578,1.1572471857070923
standard_row338,standard,Standard,338,2142052,Niterói,-22.9,-43.11666667,0,,,,,,962.78,0.26,11.0,0.77,,,,
standard_row339,standard,Standard,339,2242019,Vargem Alta,-22.29939999,-42.4011,128,-6.9074890501094535,-9.611775651701596,16.13539293523512,47.95307407325729,41.80138780023154,1172.5,0.1652,9.0,0.7729,4047.72216796875,0.19012154638767242,41.217350006103516,0.9796631932258606
standard_row340,standard,Standard,340,2242070,Nova Friburgo,-22.28333333,-42.53333333,128,-11.406741771309397,-12.884200622704562,8.23261552991035,38.21587649414104,31.10292786343254,2063.87,0.18,28.0,0.88,4187.31591796875,0.15788808465003967,45.657596588134766,0.9938531517982483
standard_row341,standard,Standard,341,2242070,Nova Friburgo,-22.28333333,-42.53333333,128,-6.672277855949206,-7.276465406284823,18.210829767414666,45.98651302521285,35.68258256138464,2629.477,0.236,24.664,0.975,4187.31591796875,0.15788808465003967,45.657596588134766,0.9938531517982483
standard_row342,standard,Standard,342,2242074,Cordeiro,-22.03333333,-42.38333333,128,0.6153331472071735,-3.441247926690217,24.696745923910377,58.10931275952388,57.51324587109199,612.197,0.185,5.0,0.695,6037.63427734375,0.18213187158107758,60.49760818481445,1.035099983215332
standard_row343,standard,Standard,343,2243004,Conservatória,-22.2875,-43.9294,128,8.057221757536585,11.476332791846765,12.98382095319265,47.64428497018201,34.52033988453106,1970.4,0.1468,19.0,0.8742,1998.8388671875,0.17125999927520752,12.750835418701172,0.8882384896278381
standard_row344,standard,Standard,344,2243008,Manuel Duarte,-22.08579999,-43.55669999,128,-10.783957459470452,-12.082387972551333,9.848581362342788,35.32674984022441,29.596371977301853,1994.9,0.1437,17.0,0.9011,3508.436279296875,0.12327113002538681,36.82843017578125,0.9799665808677673
standard_row345,standard,Standard,345,2243011,Rio da Cidade,-22.4381,-43.1703,128,-12.708890340816387,-15.634324789064253,9.636954264945837,44.30687545148768,39.397944627323284,2655.6,0.1644,30.6,0.8862,4758.68115234375,0.18325160443782806,44.70616149902344,1.0141929388046265
standard_row346,standard,Standard,346,2243141,Bangu,-22.86666667,-43.45,128,-19.121006235120078,-19.898907974561173,9.683776596988164,47.34020723552715,37.02433308812596,2396.68,0.22,24.0,0.9,5274.2158203125,0.17666183412075043,44.170623779296875,1.025661826133728
standard_row347,standard,Standard,347,2243149,Alto da Boa Vista (Rio de Janeiro),-22.95,-43.26666667,0,,,,,,4378.133,0.227,49.157,0.999,,,,
standard_row348,standard,Standard,348,2243151,Vassouras,-22.41666667,-43.66666667,128,19.055419577766074,18.89518788868554,17.052429050189627,55.93393504174226,53.41834926107575,3086.29,0.2,22.081,1.0,2838.440185546875,0.19636499881744385,26.54088592529297,0.9424203634262085
standard_row349,standard,Standard,349,2243186,Ecologia Agric. (Km 47),-22.76666667,-43.68333333,128,-26.74289012814846,-24.906734668868694,9.732263830227922,46.1674726119566,39.39777014960016,3117.56,0.23,32.0,0.95,4017.389404296875,0.15530771017074585,38.07168960571289,0.9942547082901001
standard_row350,standard,Standard,350,2243186,Ecologia Agric. (Km 47),-22.76666667,-43.68333333,128,-15.970144625038628,-14.612262338243795,9.420206822554723,33.24327706733803,29.251536991750957,3812.02,0.218,34.565,0.999,4017.389404296875,0.15530771017074585,38.07168960571289,0.9942547082901001
standard_row351,standard,Standard,351,2244085,Volta Redonda,-22.48333333,-44.08333333,128,5.790095311997827,7.51628807228191,16.08397393676143,52.962784999326566,35.90509607756166,1707.29,0.15,12.0,0.84,1843.837646484375,0.19972315430641174,9.147148132324219,0.8834930658340454
standard_row352,standard,Standard,352,2244087,Resende,-22.48333333,-44.46666667,128,16.67814278765823,20.603446648015353,16.872012956279754,79.10763727062765,53.53599709718224,2393.05,0.17,18.0,0.9,1952.502685546875,0.21794407069683075,9.121169090270996,0.8813864588737488
standard_row353,standard,Standard,353,2244091,Alto do Itatiaia,-22.41666667,-44.83333333,128,-21.122662290433933,-20.39928908672104,20.407003328696874,61.448083865955866,54.303376393799624,893.45,0.23,7.0,0.72,1646.1591796875,0.19451847672462463,7.678500175476074,0.8657546043395996
standard_row354,standard,Standard,354,2244093,Pinheiral,-22.51666667,-44.0,128,-13.147773887130022,-11.793712845041018,10.23579695552499,30.511516004925262,28.564815097604814,2313.3,0.21,16.0,0.93,1883.3966064453125,0.14557136595249176,11.332072257995605,0.8870483040809631
standard_row355,standard,Standard,355,-,Cabo Frio,-22.86666667,-42.0,0,,,,,,987.69,0.26,11.0,0.83,,,,
standard_row356,standard,Standard,356,-,Jardim Botânico,-22.96666667,-43.23333333,0,,,,,,693.06,0.24,11.0,0.68,,,,
standard_row357,standard,Standard,357,-,Petrópolis,-22.51666667,-43.18333333,128,-5.153645090640939,-8.725072886292478,15.387162365268635,51.2996529375996,42.96280300396489,2187.74,0.15,29.0,0.85,5226.80615234375,0.1852264404296875,45.05126190185547,1.0249457359313965
standard_row358,standard,Standard,358,-,Teresópolis,-22.45,-42.91666667,128,-17.24544774333414,-19.39341653629051,19.195080869586352,68.90393295494988,57.056611031612476,934.49,0.25,17.0,0.76,4504.89990234375,0.17238278687000275,42.61961364746094,1.0046967267990112
standard_row359,standard,Standard,359,-,Vassouras,-22.4,-43.65,128,-9.130773606643523,-9.513032475511995,12.9971566353793,40.08190406317713,30.080277514355643,1366.08,0.2,11.0,0.85,2974.263427734375,0.14007581770420074,27.182037353515625,0.9432879686355591
standard_row360,standard,Standard,360,-,Anchieta,-22.83,-43.4,128,-5.611646596696244,-9.075088881447744,12.815237090438309,46.604744357865194,37.718926269854386,2355.79,0.19,31.6,0.89,6218.9853515625,0.15876851975917816,47.484676361083984,1.0420860052108765
standard_row361,standard,Standard,361,-,Bangu,-22.88,-43.47,128,16.8573974155469,22.87084924369081,28.687399854377624,97.15903396526794,94.23612967191025,8398.17,0.18,40.71,1.15,5274.2158203125,0.17666183412075043,44.170623779296875,1.025661826133728
standard_row362,standard,Standard,362,-,Campo Grande,-22.9,-43.56,128,-33.68067962877423,-28.88880318181347,23.004756427071932,67.82799250435419,60.32728676054088,3763.91,0.22,72.8,0.9,4425.716796875,0.1678178459405899,40.70405197143555,1.0056787729263306
standard_row363,standard,Standard,363,-,Cidade de Deus,-22.95,-43.36,128,-3.264864572133006,-9.222355273640101,18.02485094320889,56.815863106886944,56.59069175798512,1306.84,0.19,19.46,0.79,6206.6982421875,0.1889442354440689,49.12890625,1.0490037202835083
standard_row364,standard,Standard,364,-,Copacabana,-22.99,-43.19,0,,,,,,2140.17,0.19,59.06,0.8,,,,
standard_row365,standard,Standard,365,-,Gericinó,-22.52,-43.35,128,-6.312198987132476,-2.9634418512551925,13.34073067681718,47.18900491036967,31.21551428504674,11547.76,0.2,61.63,1.15,4569.8681640625,0.1742878258228302,40.72590255737305,1.0058929920196533
standard_row366,standard,Standard,366,-,Grajaú,-22.92,-43.27,0,,,,,,5274.55,0.2,52.18,0.98,,,,
standard_row367,standard,Standard,367,-,Grande Méier,-22.89,-43.28,128,-17.71285615175976,-22.354310623865082,18.84404254522708,71.88959475598536,67.02820054027968,1080.84,0.2,13.79,0.74,7560.57080078125,0.16763770580291748,53.023399353027344,1.066365361213684
standard_row368,standard,Standard,368,-,Grota Funda,-23.01,-43.52,0,,,,,,478.0,0.2,15.35,0.58,,,,
standard_row369,standard,Standard,369,-,Guaratiba,-23.05,-43.59,0,,,,,,1107.14,0.22,14.35,0.8,,,,
standard_row370,standard,Standard,370,-,Ilha do Governador,-22.82,-43.21,128,-22.150819805679177,-24.013612313574747,18.223803664540632,70.47165105341739,59.83833392039495,1125.79,0.23,11.24,0.77,7560.57080078125,0.16763770580291748,53.023399353027344,1.066365361213684
standard_row371,standard,Standard,371,-,Irajá,-22.83,-43.34,128,-6.672598097970395,-11.079942921219992,19.881735671292283,57.53862992614986,52.8553087594534,2181.48,0.18,40.07,0.85,6218.9853515625,0.15876851975917816,47.484676361083984,1.0420860052108765
standard_row372,standard,Standard,372,-,Itanhangá,-23.0,-43.3,0,,,,,,1949.98,0.17,40.71,0.8,,,,
standard_row373,standard,Standard,373,-,Jardim Botânico,-22.97,-43.22,0,,,,,,1217.8,0.19,22.66,0.75,,,,
standard_row374,standard,Standard,374,-,Laranjeiras,-22.94,-43.19,0,,,,,,8518.56,0.21,60.99,1.1,,,,
standard_row375,standard,Standard,375,-,Madureira,-22.87,-43.34,128,-15.559108330018221,-20.123010280871085,15.247014436297627,61.07231784887238,54.59413363525719,2037.43,0.19,30.02,0.84,6218.9853515625,0.15876851975917816,47.484676361083984,1.0420860052108765
standard_row376,standard,Standard,376,-,Mendanha,-22.49,-43.31,128,-17.07111643934821,-23.348839253441028,23.129135366338932,78.3779039463987,73.30528330613119,531.79,0.17,7.06,0.63,4115.30517578125,0.1272512823343277,38.95183181762695,0.9889199137687683
standard_row377,standard,Standard,377,-,Penha,-22.84,-43.28,128,-0.11092325610103224,-8.077292175759588,24.64289845064586,70.31023505050324,66.85128259561245,825.89,0.19,14.85,0.71,7560.57080078125,0.16763770580291748,53.023399353027344,1.066365361213684
standard_row378,standard,Standard,378,-,Piedade,-22.89,-43.31,128,-13.133241044309433,-18.361751897010524,19.288697827934,63.16059188766537,61.06455423461189,2028.23,0.17,35.82,0.82,6218.9853515625,0.15876851975917816,47.484676361083984,1.0420860052108765
standard_row379,standard,Standard,379,-,Recreio,-23.01,-43.44,0,,,,,,6396.55,0.19,50.25,1.07,,,,
standard_row380,standard,Standard,380,-,Riocentro,-22.98,-43.41,128,-25.958983920936575,-29.429565015240186,20.199899273988542,72.289009653532,71.70824511088013,1886.83,0.18,37.42,0.78,5656.30419921875,0.17578965425491333,46.742515563964844,1.035269021987915
standard_row381,standard,Standard,381,-,Rocinha,-22.99,-43.25,0,,,,,,10591.31,0.19,77.35,1.09,,,,
standard_row382,standard,Standard,382,-,Santa Cruz,-22.91,-43.68,0,,,,,,6455.6,0.17,45.89,1.05,,,,
standard_row383,standard,Standard,383,-,Santa Teresa,-22.93,-43.2,0,,,,,,2076.52,0.2,40.21,0.85,,,,
standard_row384,standard,Standard,384,-,São Cristóvão,-22.9,-43.22,128,-24.786444869041723,-26.716862439020208,15.681133122928104,68.84713652265344,57.90908535673815,1914.43,0.24,26.59,0.84,7560.57080078125,0.16763770580291748,53.023399353027344,1.066365361213684
standard_row385,standard,Standard,385,-,Saúde,-22.9,-43.19,0,,,,,,1222.52,0.18,25.0,0.75,,,,
standard_row386,standard,Standard,386,-,Sepetiba,-22.97,-43.71,0,,,,,,1041.34,0.2,19.14,0.76,,,,
standard_row387,standard,Standard,387,-,Sumaré,-22.57,-43.14,128,-32.70020031881801,-39.910607833542905,17.468136911522695,80.87646572456103,78.39316143487027,1168.19,0.21,19.94,0.7,5226.80615234375,0.1852264404296875,45.05126190185547,1.0249457359313965
standard_row388,standard,Standard,388,-,Tanque,-22.91,-43.36,128,-17.12356708832018,-19.02663777560654,12.204567746796465,52.90400798666372,45.114072261592945,1896.25,0.22,19.49,0.86,6206.6982421875,0.1889442354440689,49.12890625,1.0490037202835083
standard_row389,standard,Standard,389,-,Tijuca,-22.93,-43.22,0,,,,,,712.39,0.21,15.48,0.64,,,,
standard_row390,standard,Standard,390,-,Urca,-22.96,-43.17,0,,,,,,1999.11,0.19,31.01,0.87,,,,
standard_row391,standard,Standard,391,-,Vidigal,-22.99,-43.23,0,,,,,,2018.31,0.2,26.65,0.85,,,,
standard_row392,standard,Standard,392,-,Natal,-5.76666667,-35.2,0,,,,,,586.66,0.26,15.0,0.68,,,,
standard_row393,standard,Standard,393,863000,Porto Velho,-8.7667,-63.91669999,128,14.858083705707529,15.256955398654007,18.745816413876664,56.602224397739576,49.93208751345727,2362.74,0.12,24.0,0.86,3970.080810546875,0.20227932929992676,36.146419525146484,0.9619765281677246
standard_row394,standard,Standard,394,964005,Jaciparaná,-9.25,-64.4,128,5.1779030143629825,0.7746931736180049,22.11746566596634,56.58153006026997,45.488307300359914,1012.9,0.1658,12.1,0.7118,3371.324462890625,0.21700698137283325,31.625625610351562,0.9363735318183899
standard_row395,standard,Standard,395,8161001,Caracaraí,1.8214,-61.1236,128,23.714458803655255,20.71300185489646,36.33654855359299,79.14454545684625,67.68276458112585,860.7,0.1635,0.0,0.7595,4237.98779296875,0.20026789605617523,47.57821273803711,0.9550676345825195
standard_row396,standard,Standard,396,2755001,Porto Lucena,-27.85439999,-55.0236,0,,,,,,872.0,0.1478,11.6,0.7127,,,,
standard_row397,standard,Standard,397,2854011,São Luiz Gonzaga,-28.4,-54.96666667,128,8.295449506251611,3.9269351129348387,17.23009986306441,38.406764698781835,32.82184664089219,1038.51,0.15,6.0,0.76,2359.435546875,0.13238558173179626,30.095888137817383,0.8482619524002075
standard_row398,standard,Standard,398,2950061,Morungava,-29.8508,-50.91029999,128,51.42612999017332,59.10679364461872,32.87106991356646,130.61249808700987,115.47355836780609,1138.7,0.1776,18.4,0.8037,2600.45654296875,0.15949200093746185,12.408121109008789,0.8791001439094543
standard_row399,standard,Standard,399,2951003,Bento Gonçalves,-29.15,-51.5167,128,68.13450371897424,98.63537855535529,87.52693105565017,326.3236813860945,316.0253722258029,704.7,0.1696,7.1,0.7278,2487.527099609375,0.1641341596841812,1.342369556427002,0.8780661225318909
standard_row400,standard,Standard,400,2957001,Uruguaiana,-29.75,-57.0833,0,,,,,,739.67,0.16,8.0,0.69,,,,
standard_row401,standard,Standard,401,3050006,Viamão,-30.08333333,-50.78333333,128,54.72146778100752,52.60665747249705,31.700235147025616,110.96194586106465,99.80078480970325,505.02,0.19,5.3,0.71,2339.472412109375,0.1312590092420578,13.228622436523438,0.8698296546936035
standard_row402,standard,Standard,402,3051011,Porto Alegre,-30.05359999,-51.17329999,128,36.993669040398416,33.83735510252144,23.919366952193293,82.55570872654303,69.82472028020602,573.1,0.1889,0.0,0.7256,2196.0498046875,0.13537947833538055,11.548555374145508,0.8606334924697876
standard_row403,standard,Standard,403,3051020,Porto Alegre (Salgado Filho),-30.0,-51.1833,128,85.78834067778926,88.41410757192679,27.033339799127507,136.94714574833338,129.49851033807303,826.806,0.143,13.326,0.793,2196.0498046875,0.13537947833538055,11.548555374145508,0.8606334924697876
standard_row404,standard,Standard,404,3051028,Porto Alegre (Central),-30.0667,-51.13329999,128,41.50060197788423,42.47999010480278,8.944705412156402,60.800172937244376,57.49997999794955,1297.9,0.171,11.619,0.85,2196.0498046875,0.13537947833538055,11.548555374145508,0.8606334924697876
standard_row405,standard,Standard,405,3054016,Granja Umbu,-30.51439999,-54.77029999,128,12.986452245623713,16.970001181880612,10.823352393266068,49.49146425173119,41.010009236975975,1595.2,0.1767,22.0,0.8278,1297.0904541015625,0.18856020271778107,10.990283012390137,0.7911509871482849
standard_row406,standard,Standard,406,3152011,Passo do Mendonça,-31.0006,-52.0492,128,-12.770794682507752,-16.125389043497663,23.860226370840973,71.94281019395392,66.28206985099523,880.1,0.1783,0.0,0.7595,3219.41064453125,0.14101693034172058,40.78389358520508,0.9305896162986755
standard_row407,standard,Standard,407,3152013,Pedro Osório,-31.8797,-52.8103,128,21.78840392748547,18.201332801398955,23.902767153049776,50.03965922477823,48.73519337808433,813.4,0.1742,10.5,0.7474,6053.4814453125,0.17224857211112976,58.13676834106445,1.011267900466919
standard_row408,standard,Standard,408,-,Alegrete,-29.76666667,-55.78333333,128,3.340377915717319,0.73562784942204,21.084190515636624,47.259463377166085,40.284246358273364,777.44,0.13,3.5,0.67,2799.68408203125,0.17895358800888062,35.49435043334961,0.8817640542984009
standard_row409,standard,Standard,409,-,Bagé,-31.33333333,-54.08333333,128,26.84146424555385,23.125699148291684,15.866861449180913,50.03497976601111,44.146458350738385,604.9,0.21,3.25,0.72,1756.2862548828125,0.18801060318946838,15.31047248840332,0.8401623964309692
standard_row410,standard,Standard,410,-,Caxias do Sul,-29.16666667,-51.2,128,45.17122681541599,52.35666360778793,49.201926906853345,193.24798513949918,137.9265260575951,702.71,0.24,8.85,0.74,2526.979248046875,0.1546059548854828,6.01505184173584,0.8709874153137207
standard_row411,standard,Standard,411,-,Cruz Alta,-28.63333333,-53.61666667,128,2.5056413289475192,-1.3910271822135285,14.414814616366193,34.09840710171535,30.039302139454684,863.25,0.14,3.6,0.7,2155.6337890625,0.15360529720783234,21.676483154296875,0.8453637361526489
standard_row412,standard,Standard,412,-,Encruzilhada do Sul,-30.55,-52.51666667,128,28.32371417082521,22.294343223319764,27.533033016408904,66.05838083602734,59.74167278092076,431.09,0.19,3.7,0.64,1768.392822265625,0.15128076076507568,13.339659690856934,0.8300992846488953
standard_row413,standard,Standard,413,-,Iraí,-27.18333333,-53.28333333,128,27.71753457283635,24.004201003073028,33.92606314234618,84.19516201214657,74.69844217344362,598.65,0.2,4.4,0.67,2338.413818359375,0.14287760853767395,8.762128829956055,0.8524249792098999
standard_row414,standard,Standard,414,-,Passo Fundo,-28.26666667,-52.41666667,128,65.54232407886664,68.88424866101116,27.849986463053405,143.60852208724538,116.6770141706814,670.74,0.21,7.9,0.74,1610.8018798828125,0.17339688539505005,5.258862495422363,0.7957806587219238
standard_row415,standard,Standard,415,-,Porto Alegre,-30.03333333,-51.21666667,128,-0.7169265195265255,5.373184103007256,35.17461423413347,87.28945876992074,73.92927412394936,627.54,0.31,7.9,0.74,2124.734619140625,0.13688910007476807,11.033360481262207,0.8558033108711243
standard_row416,standard,Standard,416,-,Rio Grande,-32.03333333,-52.1,128,-9.30747098724066,-2.786134504724468,37.019425530752116,69.27592667675609,64.28946414498667,774.14,0.23,6.9,0.74,60156.29296875,0.19948558509349823,176.82530212402344,1.3172248601913452
standard_row417,standard,Standard,417,-,Santa Maria,-29.68333333,-53.81666667,128,2.550166570861983,5.851284563457775,26.074567379798008,77.42882411104368,50.624902537681194,870.38,0.24,15.2,0.73,1637.68701171875,0.17371581494808197,9.942747116088867,0.8160983920097351
standard_row418,standard,Standard,418,-,Santa Vitória do Palmar,-33.51666667,-53.36666667,128,3.46333043728639,0.9933147864774208,19.80442980246014,52.312882889073585,38.02177873558571,1036.5,0.28,22.8,0.77,4148.25439453125,0.2135607749223709,42.08156967163086,0.9557402729988098
standard_row419,standard,Standard,419,-,Pelotas,-31.77611111,-52.35944444,128,-5.7236555173234684,-7.193701775014322,21.535437761361116,56.86224884572114,55.56464396427474,1100.0,0.163,16.47,0.766,11953.9619140625,0.16961941123008728,95.1345443725586,1.115509271621704
standard_row420,standard,Standard,420,2649020,Blumenau,-26.91666667,-49.05,128,20.91467421011114,32.640782880348745,27.366769510039216,119.43971070864258,107.54810521705552,6649.15,0.21,43.0,1.1,3531.921630859375,0.19754056632518768,33.32818603515625,0.9453481435775757
standard_row421,standard,Standard,421,2649060,Primeiro Salto do Cubatão,-26.2158,-49.0806,128,23.2824850330745,11.516578071177708,30.986551952418758,61.738111857184336,57.75176565495652,608.2,0.161,12.0,0.6552,3827.0,0.18311317265033722,35.457420349121094,0.9603301286697388
standard_row422,standard,Standard,422,2652031,São Lourenço do Oeste,-26.4003,-52.8956,128,49.14980458879779,45.842970019879154,27.80307506151009,99.2341924755838,84.00141586818884,1092.8,0.1237,10.1,0.7499,5525.58447265625,0.1694709062576294,35.749080657958984,0.9651600122451782
standard_row423,standard,Standard,423,2653005,São José do Cedro,-26.465,-53.4536,128,43.08663142207686,34.602891428111676,32.642317062042125,78.82820443554384,71.19719035493075,835.5,0.1672,11.0,0.7116,9728.57421875,0.15180885791778564,50.45624923706055,1.040719985961914
standard_row424,standard,Standard,424,2749016,Neisse Central,-27.0403,-49.3814,128,47.48227873844742,42.395066285780956,19.1399244258705,71.11281741191351,63.8228270685752,1251.6,0.1495,18.9,0.8083,3718.95654296875,0.175108402967453,30.353605270385742,0.9418445825576782
standard_row425,standard,Standard,425,2749035,Bocaina do Sul,-27.7536,-49.9639,128,-86.24970670990915,-86.6383938914686,1.1897764437737672,89.8065807839886,89.70781084337291,9763.0,0.1743,9.1,0.7887,2219.0205078125,0.1723424643278122,15.301889419555664,0.8743029236793518
standard_row426,standard,Standard,426,2751011,Irani,-27.0511,-51.9122,128,54.83367342033793,48.145024815130675,32.505917144758314,107.02475740096983,91.91359680743174,730.6,0.1387,6.4,0.7065,5266.95947265625,0.17757290601730347,39.24714279174805,0.9686578512191772
standard_row427,standard,Standard,427,-,Florianópolis,-27.58333333,-48.55,128,4.113851869251388,0.2656759821312118,18.037742703536704,44.77631018332806,34.97268371909254,1625.5,0.23,33.0,0.82,4075.907470703125,0.1957734376192093,38.72847366333008,0.9609528183937073
standard_row428,standard,Standard,428,-,São Francisco do Sul,-26.25,-48.63333333,128,-8.787683631492799,-10.533272624000816,19.294706864525835,56.95948281572761,43.09685619347862,1234.41,0.25,22.0,0.79,3209.2373046875,0.16663406789302826,28.76251792907715,0.9287952780723572
standard_row429,standard,Standard,429,-,Lages (CAV Weather Station),-27.81666667,-50.33333333,128,28.07607740965757,32.17653542733075,18.765717529772335,72.29057249364456,62.07335557974048,2050.0,0.2,30.0,0.89,3321.143310546875,0.18172267079353333,22.507265090942383,0.9322957992553711
standard_row430,standard,Standard,430,2048077,Fazenda Continental,-20.25,-48.65,128,1.8972011509473148,7.054733798073455,25.286348552288715,68.47987736702656,49.74953170356887,1680.649,0.183,24.999,0.814,2149.197509765625,0.22036391496658325,16.032699584960938,0.8945987820625305
standard_row431,standard,Standard,431,2049028,Nipoã,-20.9167,-49.7833,128,-15.31547423654387,-10.847130683995868,11.547337052347853,24.358586882428998,22.259505608238314,1999.898,0.165,20.137,0.875,1223.63330078125,0.1539171189069748,7.664872646331787,0.8288635611534119
standard_row432,standard,Standard,432,2050015,Auriflama,-20.7,-50.55,128,10.637922669385162,14.347347466122594,13.674121937573817,57.45985690691136,43.65021530232338,1999.979,0.137,19.24,0.895,1180.920654296875,0.1556408405303955,6.461026668548584,0.8152133822441101
standard_row434,standard,Standard,434,2147048,Mococa (IAC),-21.46666667,-47.01666667,128,8.376952601140559,6.3992133272550715,10.417069859146864,26.79361797677178,21.069517653370387,2667.0,0.1366,20.0,0.96,2654.1455078125,0.15447264909744263,26.618478775024414,0.945708692073822
standard_row435,standard,Standard,435,2147049,São Simão,-21.4833,-47.55,128,-10.54171612104463,-12.223541008180547,18.62766826592933,55.64978398873867,44.64040800404435,874.46,0.2,12.0,0.75,1918.3289794921875,0.14666754007339478,15.469221115112305,0.887416422367096
standard_row436,standard,Standard,436,2148030,São Lourenço do Turvo,-21.53333333,-48.51666667,128,5.710385813491907,8.950871689344146,17.654207597914976,72.80515856618058,41.4378811689901,2000.0,0.129,19.5,0.867,967.218017578125,0.19448550045490265,6.177481174468994,0.7899011373519897
standard_row437,standard,Standard,437,2148071,Itaju,-21.9833,-48.8,128,-36.817254755886836,-33.76555623637446,15.709651554914439,52.096657498789874,50.035450362560525,2000.0,0.151,21.057,0.864,685.0214233398438,0.13901637494564056,21.18122100830078,0.7371869087219238
standard_row438,standard,Standard,438,2148087,Chibarro,-21.88333333,-48.05,128,-9.012811701049504,-5.871811129784142,16.27228169629367,42.82401213569651,29.654960018849778,1999.924,0.125,24.998,0.841,1544.91943359375,0.17663869261741638,14.749984741210938,0.8603933453559875
standard_row439,standard,Standard,439,2149030,Fazenda Chantebled,-21.9167,-49.7833,128,-29.363549249538615,-24.74470352658747,19.94833169009779,59.177137163528926,55.54909490316416,1500.353,0.128,25.0,0.75,1710.4158935546875,0.14700114727020264,16.6335506439209,0.8628807663917542
standard_row440,standard,Standard,440,2149030,Fazenda Chantebled,-21.9167,-49.7833,128,-14.705216123299374,-12.248170847765673,9.127515198702579,24.24060680479876,21.95210834486297,3746.8,0.1622,29.5,0.9674,1710.4158935546875,0.14700114727020264,16.6335506439209,0.8628807663917542
standard_row441,standard,Standard,441,2150025,Piacatu,-21.6,-50.6,128,-13.831136689464099,-11.790532934034518,13.856781671138267,36.25716552514826,31.42054795126815,1995.396,0.099,25.0,0.818,1415.948486328125,0.15816451609134674,16.138826370239258,0.8341604471206665
standard_row442,standard,Standard,442,2150034,Queiroz,-21.8,-50.2333,128,-9.617374177157973,-11.496467491836647,15.784299057822153,48.10897591098951,41.01916624158582,915.365,0.132,10.85,0.723,1361.0540771484375,0.16237090528011322,13.43354320526123,0.839445173740387
standard_row443,standard,Standard,443,2150040,Usina Quatiara,-21.95,-50.9333,128,-4.841811838692258,-5.828491613636626,22.229842012557217,57.640691388899334,45.25739660145336,1106.774,0.138,25.0,0.707,2124.73193359375,0.20683418214321136,32.22477722167969,0.8759947419166565
standard_row444,standard,Standard,444,2151007,Tabajara,-21.28333333,-51.13333333,128,-5.300729471091671,-4.875534936416081,7.954917928989623,21.560724711675462,16.961948328825862,1999.658,0.144,21.307,0.857,1170.992919921875,0.1836727261543274,14.944528579711914,0.8045825958251953
standard_row445,standard,Standard,445,2151008,Panorama,-21.35,-51.85,128,3.9472307529875708,4.0154458634609655,25.038196009335632,58.154065218015674,45.71736371408413,2000.0,0.101,23.017,0.867,5458.64013671875,0.17496441304683685,85.64077758789062,1.0102933645248413
standard_row446,standard,Standard,446,2151017,Emilianópolis,-20.8333,-51.4833,128,2.135562959908426,10.106870286777333,25.584224253651733,105.7206076802445,63.26993952308469,2000.0,0.11,22.913,0.852,1107.982421875,0.16566875576972961,5.212427139282227,0.8049521446228027
standard_row447,standard,Standard,447,2244002,Queluz,-22.5333,-44.7667,128,-24.615453789034532,-12.29537326365876,25.797283043066617,54.03554099447828,46.93034426805671,2000.0,0.152,24.051,0.834,1585.6776123046875,0.1615888625383377,7.7101149559021,0.8673828840255737
standard_row448,standard,Standard,448,2244015,Campos de Cunha,-22.91666667,-44.8167,128,52.90020504413677,56.31242799056817,21.619521392975226,134.00678218747055,98.83203830339204,1999.897,0.138,13.449,0.925,1525.19970703125,0.18447427451610565,4.002968788146973,0.8482400178909302
standard_row449,standard,Standard,449,2245012,São Bento do Sapucai (Fazenda Est.),-22.68333333,-45.75,128,2.170038138084325,-1.7478886953413073,19.445646812743504,52.1541664448583,42.91532799325283,629.16,0.113,5.0,0.704,1900.424560546875,0.15234743058681488,22.39617347717285,0.90666663646698
standard_row450,standard,Standard,450,2245050,São Francisco Xavier,-22.9167,-45.9667,128,-4.628349767875711,-3.0266181756597033,22.757038172059612,53.99224584164127,44.86333840699978,1326.828,0.104,13.697,0.8,3342.703369140625,0.20953357219696045,44.92728042602539,0.9920280575752258
standard_row451,standard,Standard,451,2245050,São Francisco Xavier,-22.9167,-45.9667,128,-5.9007404990992836,-6.514992258080378,21.118914270616724,57.01893992836885,43.05405407818242,895.17,0.1389,8.6,0.7526,3342.703369140625,0.20953357219696045,44.92728042602539,0.9920280575752258
standard_row452,standard,Standard,452,2246024,Arcadas,-22.7167,-46.8333,128,-12.851505666060994,-17.219997998984642,14.105074467721524,55.58636513452091,54.69425485435156,2000.0,0.142,20.721,0.848,6541.55712890625,0.1464424729347229,44.81930923461914,1.0646069049835205
standard_row453,standard,Standard,453,2246095,Pedra Bela,-22.8,-46.45,128,-23.98551003843278,-24.28287205062216,12.125654979873804,52.227498893778254,48.47529664174132,2000.0,0.174,19.501,0.865,6845.72119140625,0.15865476429462433,60.7322998046875,1.0677584409713745
standard_row454,standard,Standard,454,2246095,Pedra Bela,-22.8,-46.45,128,-12.37450044853449,-12.016670161223832,15.742917760040465,41.17051182093373,37.934710351399865,2065.3,0.1467,16.7,0.8878,6845.72119140625,0.15865476429462433,60.7322998046875,1.0677584409713745
standard_row455,standard,Standard,455,2247015,Grauna,-22.3,-47.75,128,-1.8193313240104811,-5.223386062900885,16.336693899119442,49.492200696095054,40.69232590283453,1999.611,0.152,24.344,0.85,4694.84716796875,0.1878032237291336,37.64653778076172,1.019187569618225
standard_row456,standard,Standard,456,2247015,Grauna,-22.3,-47.75,128,4.827701879841448,3.6875329916346873,5.481825592535613,13.871966471152952,11.075658695179493,3257.6,0.1754,31.0,0.9625,4694.84716796875,0.1878032237291336,37.64653778076172,1.019187569618225
standard_row457,standard,Standard,457,2247031,Usina Ester,-22.6667,-47.2167,128,17.478922893392095,14.095318923815952,19.073948425588625,47.71651894741322,39.36377873452752,2000.0,0.139,17.162,0.882,7549.01123046875,0.17481818795204163,40.790504455566406,1.0828927755355835
standard_row458,standard,Standard,458,2247031,Usina Ester,-22.6667,-47.2167,128,12.209115832186194,7.853494825774459,16.945795824775416,35.90380726513227,35.63986590987085,1811.9,0.1739,15.1,0.8801,7549.01123046875,0.17481818795204163,40.790504455566406,1.0828927755355835
standard_row459,standard,Standard,459,2247067,Piracicaba,-22.71666667,-47.63333333,128,17.368465080825484,13.242668676212597,16.45109419549609,36.83390901511942,32.502080265464826,2017.05,0.16,21.0,0.91,7846.57861328125,0.17364928126335144,46.32915115356445,1.1015007495880127
standard_row460,standard,Standard,460,2248023,Santa Maria da Serra,-22.5667,-48.15,128,10.946933348691854,8.916054046115743,16.71726915892398,41.89420965417285,34.0510227174218,2000.0,0.136,24.598,0.877,6143.07470703125,0.1823309361934662,50.23006057739258,1.0555181503295898
standard_row461,standard,Standard,461,2248048,Bairro Anhumas,-22.93333333,-48.3,128,4.469513093840273,3.062602403877311,29.024595176055627,69.07167788497276,60.4691541743041,1405.75,0.139,18.368,0.787,13649.314453125,0.22751222550868988,81.69126892089844,1.164157509803772
standard_row462,standard,Standard,462,2249012,Bauru (PDV),-22.31666667,-49.03333333,128,-14.635753977660423,-16.29577494665645,7.267479218291116,37.66629497293097,32.15790186977386,1057.97,0.183,10.76,0.7881,1626.3997802734375,0.16581474244594574,19.02130699157715,0.87434983253479
standard_row463,standard,Standard,463,2249014,Mundo Novo,-22.3167,-49.7667,128,-24.135888382166883,-28.80377232301008,21.083575798093992,74.05521423076509,71.82911420182793,576.243,0.148,5.0,0.611,1620.5257568359375,0.16637153923511505,16.56658935546875,0.8707855343818665
standard_row464,standard,Standard,464,2249024,Ubirajara,-22.5333,-49.65,128,-0.16084745968684222,2.61472393100893,20.38140490909505,58.28694771648059,38.67534388512166,1600.105,0.144,25.0,0.82,1636.8133544921875,0.19799254834651947,16.672868728637695,0.8738340735435486
standard_row465,standard,Standard,465,2249029,Águas de Santa Bárbara,-22.8833,-49.2333,128,38.15083655482862,35.50585315056685,23.505336959744316,78.75192947855379,68.71021862935571,822.899,0.145,11.156,0.772,1720.171142578125,0.1778152734041214,12.506691932678223,0.8762644529342651
standard_row466,standard,Standard,466,2250011,Agropecuária Santo Antônio,-22.36666667,-50.38333333,128,-10.231633014987551,-7.7872728196882095,18.889456999573273,43.47534921638979,40.5692634147283,1467.047,0.142,25.0,0.78,2089.449951171875,0.15319420397281647,20.37848472595215,0.8811090588569641
standard_row467,standard,Standard,467,2251002,Marabá Paulista,-22.1,-51.9667,128,-21.736980767966955,-21.42463526417562,24.771343643884546,60.64767683476349,55.25409304659506,2000.0,0.146,23.925,0.856,26174.796875,0.18047858774662018,187.3885498046875,1.2184298038482666
standard_row468,standard,Standard,468,2251010,Usina Laranja Doce,-22.25,-51.1667,128,-11.617629936631147,-11.597596712104039,8.719979937763044,32.13205616018671,25.929216822034192,2000.0,0.136,24.661,0.856,2602.1669921875,0.16855576634407043,44.27784729003906,0.9172777533531189
standard_row469,standard,Standard,469,2251015,Fazenda Vista Bonita,-22.51666667,-51.81666667,128,6.4541164122721515,7.747500271629424,26.112191577667136,67.21269353413808,47.83323291706095,1633.205,0.111,21.157,0.831,8071.47216796875,0.1859721690416336,94.84415435791016,1.0620208978652954
standard_row470,standard,Standard,470,2252036,Fazenda Guana,-22.31666667,-52.65,128,-20.295342513547006,-22.121361361045686,15.7136027505418,64.78218955418852,57.415572505544624,1533.476,0.12,25.0,0.763,8199.2392578125,0.16232214868068695,89.0621337890625,1.0604536533355713
standard_row471,standard,Standard,471,2345040,Ubatuba,-23.4331,-45.0683,0,,,,,,675.631,0.151,17.851,0.635,,,,
standard_row472,standard,Standard,472,2345049,Ponte Nova,-23.56666667,-45.96666667,128,37.64167251995778,39.792349753946084,25.808039321107227,113.59565696722113,83.72695074152162,1838.304,0.132,20.919,0.861,2022.7681884765625,0.22466522455215454,16.278823852539062,0.8879584670066833
standard_row473,standard,Standard,473,2345053,Casa Grande,-23.63333333,-45.95,128,16.23501273224725,18.62179547536599,31.602729467504226,88.83528030499667,68.13431954798475,1194.852,0.124,20.373,0.756,2308.3916015625,0.1699654757976532,16.933734893798828,0.8915558457374573
standard_row474,standard,Standard,474,2345059,Boraceia,-23.75,-45.85,0,,,,,,582.081,0.113,12.978,0.624,,,,
standard_row475,standard,Standard,475,2346003,Vinhedo,-23.0333,-46.9667,128,16.950825053222005,10.70189152592883,21.7618549864988,48.52254813614376,41.48979157891711,1999.873,0.151,23.164,0.856,8033.58349609375,0.18539346754550934,44.526668548583984,1.0811619758605957
standard_row476,standard,Standard,476,2346003,Vinhedo,-23.0333,-46.9667,128,52.71706635373251,46.65638948610149,37.92284867859615,117.13924077875663,98.79874752491229,572.5,0.2378,8.0,0.7577,8033.58349609375,0.18539346754550934,44.526668548583984,1.0811619758605957
standard_row477,standard,Standard,477,2346004,Piracaia,-23.05,-46.35,128,6.552722572748758,5.5040700705605285,25.449541955068145,48.78838920188789,44.52906254012204,1158.201,0.139,5.0,0.818,4993.08349609375,0.16784316301345825,47.73321533203125,1.0173132419586182
standard_row478,standard,Standard,478,2346015,Rio Acima,-23.2167,-46.6667,128,13.709523826747347,12.647611632670426,23.396114435351578,54.461784036570045,45.615493889656726,1515.722,0.147,10.084,0.849,7766.40478515625,0.1780390739440918,51.72788619995117,1.0737425088882446
standard_row479,standard,Standard,479,2346015,Rio Acima,-23.2167,-46.6667,128,22.795589192262092,22.074321691553315,17.760531670911966,52.840341401363524,46.69983624375455,2144.7,0.1566,19.0,0.9165,7766.40478515625,0.1780390739440918,51.72788619995117,1.0737425088882446
standard_row480,standard,Standard,480,2346021,Franco da Rocha (Hosp. Juqueri),-23.3333,-46.6833,128,12.772475309136126,11.656405590196933,26.739998511462467,69.73308948054637,51.86866532413512,1373.212,0.135,7.304,0.811,7201.072265625,0.19637010991573334,48.69011306762695,1.0608266592025757
standard_row481,standard,Standard,481,2346021,Franco da Rocha (Hosp. Juqueri),-23.3333,-46.6833,128,25.895716221566165,25.169440726250667,19.694030247888673,66.40977212270765,54.83684253594129,2034.4,0.1516,18.0,0.8944,7201.072265625,0.19637010991573334,48.69011306762695,1.0608266592025757
standard_row482,standard,Standard,482,2346044,Ponte Pequena,-23.51666667,-46.65,128,19.333912082076417,20.690834967075787,27.94512703621698,84.4375220341534,68.65544476775108,2000.0,0.108,20.206,0.838,6589.7392578125,0.20810198783874512,46.23164749145508,1.0452277660369873
standard_row483,standard,Standard,483,2346049,Fazenda Santo Angelo,-23.58333333,-46.23333333,128,15.009785090861815,10.623844792141591,19.304620409155582,42.057656180555966,36.58069972481623,919.028,0.147,6.853,0.752,3457.748291015625,0.16937322914600372,29.49860954284668,0.9508454203605652
standard_row484,standard,Standard,484,2346051,Vila Prosperidade (GM),-23.61666667,-46.55,128,22.145443740181236,22.026594447079646,24.013105229993432,74.42282084855498,63.703424742276496,2000.0,0.128,22.469,0.849,5431.17236328125,0.211747407913208,41.962562561035156,1.0183137655258179
standard_row485,standard,Standard,485,2346052,Cachoeira da Graça,-23.65,-46.95,128,4.852341886026025,2.45383319517648,14.432306901601578,31.018974725713253,29.325569936543552,1999.91,0.197,17.527,0.894,6920.9267578125,0.20241719484329224,47.44631576538086,1.068985939025879
standard_row486,standard,Standard,486,2346055,Mauá,-23.6667,-46.4833,128,37.38689742990234,34.58564946643352,30.48079893510818,91.09298274531061,83.69673948170767,1527.287,0.13,25.0,0.803,4896.30615234375,0.20045271515846252,37.42474365234375,0.9910023212432861
standard_row487,standard,Standard,487,2346055,Mauá,-23.6667,-46.4833,128,43.69202790546327,41.806129856778604,14.649188594655342,69.44829688208286,63.59312249561479,2093.1,0.1639,26.5,0.8942,4896.30615234375,0.20045271515846252,37.42474365234375,0.9910023212432861
standard_row488,standard,Standard,488,2346056,Rudge Ramos,-23.6667,-46.5667,128,36.417590888678134,36.16843300010793,24.174039573869116,87.95696186845004,78.31426952730443,2000.0,0.135,24.929,0.87,5431.17236328125,0.211747407913208,41.962562561035156,1.0183137655258179
standard_row489,standard,Standard,489,2346066,Usina Itatinga,-23.7667,-46.1167,128,-25.947378561805884,-22.171350759466844,33.93823902378693,81.41647368027768,77.46065618910524,913.343,0.138,25.0,0.615,2980.72607421875,0.18099986016750336,26.01226806640625,0.9290098547935486
standard_row490,standard,Standard,490,2346067,Campo Grande,-23.7667,-46.35,128,-9.288748219688111,-15.926980541672616,26.78371997033928,76.81083850628133,73.44032602163489,577.176,0.163,5.0,0.602,3748.965087890625,0.1932632476091385,32.85963821411133,0.9654838442802429
standard_row491,standard,Standard,491,2346068,Recalque ABC,-23.75,-46.5333,128,55.46688117520053,56.32720780986664,32.26648998200928,132.99685629753398,113.00621578321108,1535.589,0.127,17.996,0.843,5244.18359375,0.2223571389913559,40.91737365722656,1.0093915462493896
standard_row492,standard,Standard,492,2346070,Mombaca,-23.7667,-46.8333,128,24.086209298031587,21.90305911216468,22.65997362173488,70.18750325246336,55.22818946508648,2000.0,0.153,20.035,0.855,7561.2216796875,0.21683572232723236,47.78408432006836,1.0580768585205078
standard_row493,standard,Standard,493,2346070,Mombaca,-23.7667,-46.8333,128,25.38945422576829,22.92534225939419,21.570379614533426,67.75185989059787,53.57173200156424,1778.2,0.1695,16.0,0.8541,7561.2216796875,0.21683572232723236,47.78408432006836,1.0580768585205078
standard_row494,standard,Standard,494,2346076,Piacaguera (EFSJ),-23.8667,-46.3833,128,2.5003152029426587,0.47504217546003513,37.02705568593088,79.40870432110921,69.31481350239923,1231.232,0.125,25.0,0.689,3984.26513671875,0.21810096502304077,33.072410583496094,0.9649298191070557
standard_row495,standard,Standard,495,2346079,Curva da Onça,-23.88333333,-46.48333333,128,-16.602962176960013,-23.414488792986674,25.474338774127336,79.67504304632773,79.33190493928245,599.148,0.166,5.702,0.589,4683.5322265625,0.1697399616241455,36.85129165649414,0.9848374128341675
standard_row496,standard,Standard,496,2346089,Vicente de Carvalho,-23.93333333,-46.28333333,0,,,,,,1349.325,0.155,23.948,0.757,,,,
standard_row497,standard,Standard,497,2346140,Terceiro Plano da Serra Nova,-23.8,-46.31666667,128,3.9595271853225444,-0.20014199347424366,36.45259512629822,77.51680607023002,69.45489550346413,695.205,0.126,8.726,0.607,3984.26513671875,0.21810096502304077,33.072410583496094,0.9649298191070557
standard_row498,standard,Standard,498,2346168,Pilões,-23.9,-46.5,128,0.02446681639114401,-9.576725462503862,32.296819014277226,78.78384190675663,75.31742292221283,613.854,0.136,10.342,0.594,4683.5322265625,0.1697399616241455,36.85129165649414,0.9848374128341675
standard_row499,standard,Standard,499,2346353,Cidade Universitária,-23.5667,-46.7333,128,26.832962909713167,25.26168571942627,24.449918770587537,78.93173702855687,60.6653341176841,1646.12,0.128,15.722,0.856,7750.4462890625,0.18721288442611694,51.08844757080078,1.0771619081497192
standard_row500,standard,Standard,500,2347004,Elias Fausto,-23.0333,-47.3667,128,45.64521554702053,35.86708507206077,36.65884320634042,92.60903898407656,79.88932155256249,1164.95,0.123,14.507,0.815,17748.765625,0.15435060858726501,60.23988723754883,1.2060483694076538
standard_row501,standard,Standard,501,2347006,Pereiras,-23.0667,-47.9667,128,-5.595363891951115,-6.782566887441135,24.465950285453758,61.93451769246325,54.961080373873244,1382.363,0.152,11.96,0.813,14655.5654296875,0.1894950121641159,81.96401977539062,1.1757910251617432
standard_row502,standard,Standard,502,2347020,Fazenda Pinhal,-23.26666667,-47.11666667,128,45.771380419538815,39.934094944712015,54.61151317442602,157.76453207510448,119.64654247153612,516.072,0.104,5.004,0.632,10012.13671875,0.2010895311832428,50.35707092285156,1.1182754039764404
standard_row503,standard,Standard,503,2347021,Boituva,-23.2833,-47.6667,128,-10.134643509100947,-12.777881177834296,17.727139494148386,58.69961706244995,51.41071914593848,1999.559,0.186,17.789,0.881,13327.9189453125,0.15302573144435883,63.144168853759766,1.159860372543335
standard_row504,standard,Standard,504,2347024,Pirapitingui,-23.33333333,-47.33333333,128,1.729487342501474,-7.790187350958468,22.5579870645024,65.26526679904376,62.67300671287766,1868.668,0.121,25.0,0.827,10889.6611328125,0.13706594705581665,53.93140411376953,1.1336889266967773
standard_row505,standard,Standard,505,2347042,Salto de Pirapora,-23.65,-47.5667,128,-1.7342056127624113,-8.902207579591177,29.409121112490116,79.49250329119327,74.77398095212597,761.717,0.138,8.919,0.671,11956.095703125,0.18413157761096954,65.70122528076172,1.1442903280258179
standard_row506,standard,Standard,506,2347043,Ibiuna,-23.65,-47.2167,128,33.41638155444892,30.90495375533703,21.644998416959325,73.70613358025031,62.446714776827186,2000.0,0.157,19.726,0.906,9371.015625,0.19557811319828033,55.239505767822266,1.1047639846801758
standard_row507,standard,Standard,507,2347043,Ibiuna,-23.65,-47.2167,128,36.038573471670325,29.614241790409586,29.325692466856133,74.99645102695048,66.0726808795103,953.1,0.1761,11.5,0.7912,9371.015625,0.19557811319828033,55.239505767822266,1.1047639846801758
standard_row508,standard,Standard,508,2347049,Usina Batista,-23.8333,-47.65,128,10.917519333102405,6.744276456153816,20.71707738394352,51.412752467130744,43.38148400839489,1985.607,0.143,24.251,0.857,11246.13671875,0.18033139407634735,64.18940734863281,1.1256717443466187
standard_row509,standard,Standard,509,2347051,Juquitiba,-23.9333,-47.0667,128,8.473494058176811,3.4796110046804367,21.105152706712577,51.21785119207229,41.513812483834535,1720.211,0.122,25.0,0.816,5117.31982421875,0.16243089735507965,39.77046203613281,1.0149561166763306
standard_row510,standard,Standard,510,2347051,Juquitiba,-23.9333,-47.0667,128,2.663321131909818,-3.0376379657737327,21.35377702126776,59.79427693966739,51.44688268166235,938.2,0.2007,14.6,0.7582,5117.31982421875,0.16243089735507965,39.77046203613281,1.0149561166763306
standard_row511,standard,Standard,511,2347053,Tapiraí,-23.9667,-47.5,128,36.49147809695952,30.14174394674288,35.54816451707865,99.51379207585789,79.20801315886145,940.296,0.118,13.848,0.739,10241.0830078125,0.18406106531620026,61.41600036621094,1.1016331911087036
standard_row512,standard,Standard,512,2348008,Avaré,-23.1,-48.9167,128,-5.216747133621498,-3.904028551636242,10.126365924805372,26.31990096139182,19.422930436694124,1964.22,0.25,21.0,0.91,2874.226318359375,0.19198453426361084,28.297943115234375,0.9386547803878784
standard_row513,standard,Standard,513,2348014,Guarei,-23.3667,-48.1833,128,12.983483583550102,11.125991981327086,24.82893716145959,64.14736942644889,48.10150794419076,1358.1,0.116,15.474,0.809,7627.22265625,0.18009372055530548,56.08344268798828,1.0828869342803955
standard_row514,standard,Standard,514,2348018,Campo do Paiol,-23.3833,-48.0333,128,7.31661831182253,1.8609540882777873,38.25735650928061,82.42875121025227,76.00892917784681,500.0,0.096,5.077,0.598,8498.521484375,0.17958371341228485,59.11634063720703,1.099583625793457
standard_row515,standard,Standard,515,2348027,Buri,-23.8,-48.5833,128,41.99585119865992,44.48294738484547,23.65498357059534,99.79799818543559,86.59024454920392,2000.0,0.103,16.252,0.9,4457.8154296875,0.17783552408218384,35.95964431762695,0.9908497333526611
standard_row516,standard,Standard,516,2349010,Timburi,-23.2,-49.6167,128,-1.8336402755183818,-0.1280824959628566,13.749272662058814,31.517373725736782,24.190634564124338,1999.891,0.161,22.353,0.847,2228.41357421875,0.18642936646938324,17.68570327758789,0.8952835202217102
standard_row517,standard,Standard,517,2349010,Timburi,-23.2,-49.6167,128,12.963532922140583,12.360681336978196,6.450352279295659,24.35394726631257,21.280629240017763,1763.6,0.1692,17.1,0.8631,2228.41357421875,0.18642936646938324,17.68570327758789,0.8952835202217102
standard_row518,standard,Standard,518,2349022,Mosteiro Itaporanga,-23.7,-49.48333333,128,11.932250364773218,11.41518648371241,24.475990976266043,68.86435631376509,49.74242867611454,1991.073,0.127,24.999,0.82,3077.095458984375,0.19730211794376373,24.015932083129883,0.931527853012085
standard_row519,standard,Standard,519,2446003,Itanhaém,-24.1833,-46.8,0,,,,,,500.02,0.155,16.91,0.525,,,,
standard_row520,standard,Standard,520,2447003,Ilha dos Paulistas,-24.06666667,-47.01666667,128,-18.079816584876202,-24.03533258521711,23.586420795458707,75.56010118878226,73.53022465230663,1215.568,0.166,25.0,0.709,5761.0888671875,0.1498076468706131,42.66707992553711,1.0194354057312012
standard_row521,standard,Standard,521,2447012,Ribeirão da Serra,-24.28333333,-47.95,128,-3.604544522251925,-8.914055801719902,16.98795392894613,56.52808691278447,52.82855922584282,1999.51,0.16,25.0,0.824,8903.26171875,0.17822781205177307,58.321533203125,1.0773036479949951
standard_row522,standard,Standard,522,2447014,Ana Dias,-24.3,-47.06666667,128,26.380895049582833,19.85933374764973,50.809607591647634,115.75047859905511,94.38859148120805,597.803,0.146,13.628,0.564,6937.33056640625,0.24246855080127716,46.5373420715332,1.017000675201416
standard_row523,standard,Standard,523,2447027,Jurumirim,-24.5,-47.7333,128,11.49244973436049,1.8023784615840297,24.99579411335521,61.41585105510812,56.40898185084227,1466.107,0.133,25.0,0.747,7869.4150390625,0.16021375358104706,51.969078063964844,1.0342649221420288
standard_row524,standard,Standard,524,2447033,Momuna,-24.7,-47.66666667,128,-21.720787591835517,-27.583081517467072,30.868049731095294,87.2291766844698,87.125061602791,745.325,0.17,25.0,0.558,8464.38671875,0.17181406915187836,56.420772552490234,1.0444904565811157
standard_row525,standard,Standard,525,2447040,Itapitangui,-24.93333333,-47.95,128,11.677537536798628,1.7476050334568947,31.246358757708183,73.74042732686554,70.25942519112004,668.325,0.186,10.358,0.628,8562.5966796875,0.21376413106918335,57.45015335083008,1.0512272119522095
standard_row526,standard,Standard,526,2448006,Barreiro,-24.1667,-48.3333,128,35.77115743640064,35.458110854275716,20.39210228008017,81.10202658928601,65.48880460636975,1662.659,0.129,19.72,0.87,5299.99609375,0.18465197086334229,44.603816986083984,1.0206128358840942
standard_row527,standard,Standard,527,2448014,Eldorado,-24.5167,-48.1,128,12.389804687196502,4.463117838324329,21.196413522855444,51.638809287736755,45.659187115043935,1677.46,0.131,25.0,0.799,6470.56201171875,0.15700432658195496,45.767738342285156,1.0259191989898682
standard_row528,standard,Standard,528,2448014,Eldorado,-24.5167,-48.1,128,6.930542715120176,6.571232396796482,8.485635620462146,22.031844864764835,19.68534972237555,3543.4,0.1908,37.9,0.9604,6470.56201171875,0.15700432658195496,45.767738342285156,1.0259191989898682
standard_row529,standard,Standard,529,2448015,Barra dos Pilões,-24.55,-48.4333,128,31.585849051135572,28.679945785818447,21.731358121152685,69.18290409621906,59.440324861752664,1939.411,0.128,25.0,0.848,6199.208984375,0.18063315749168396,43.4490966796875,1.0197474956512451
standard_row530,standard,Standard,530,2448029,Faxinal,-24.8833,-48.3,128,35.39550438549212,34.84741696908428,18.9309981918623,75.53435811686444,62.598609150330326,1999.359,0.127,23.88,0.888,6761.705078125,0.17397761344909668,51.68651580810547,1.0416884422302246
standard_row531,standard,Standard,531,2449002,Itararé,-24.1167,-49.333,128,30.741150007566375,23.951985395220888,25.025150030065912,56.908882772971715,52.4607733278172,1439.516,0.164,5.0,0.869,3851.804931640625,0.18051265180110931,29.886598587036133,0.967658281326294
standard_row532,standard,Standard,532,2449015,Barra do Chapeu,-24.4667,-49.0167,128,32.499844829852364,29.796478957633312,11.277020054482064,47.71134992698924,43.141565154321384,2000.0,0.17,23.241,0.888,4388.06787109375,0.18912021815776825,33.017391204833984,0.9797465205192566
standard_row533,standard,Standard,533,2548069,Rio Pardinho,-25.0608,-48.5583,128,10.49932117712378,6.87895557518233,16.180374222332453,40.313487688238794,33.27141006383418,1819.733,0.134,25.0,0.843,6388.92529296875,0.15932412445545197,51.36945343017578,1.0367786884307861
standard_row534,standard,Standard,534,-,Lins,-21.68333333,-49.75,128,-17.818493647825687,-13.458898500237872,22.56673099319168,47.562214474558914,47.08745669241145,1084.98,0.29,17.0,0.86,1403.791259765625,0.13346457481384277,14.459071159362793,0.8489029407501221
standard_row535,standard,Standard,535,-,Santos,-23.93333333,-46.31666667,0,,,,,,748.69,0.27,10.0,0.66,,,,
standard_row536,standard,Standard,536,-,São Carlos,-22.01666667,-47.95,128,-7.54998896126211,-8.311783103493466,6.005768978885726,24.136536657687174,19.132820485669356,2081.48,0.21,23.0,0.88,2464.54296875,0.19462919235229492,23.315378189086914,0.9179162383079529
standard_row537,standard,Standard,537,-,Andradina,-20.87055556,-51.35388889,128,0.18899208925785105,13.469989458679168,32.68864310369616,129.95979167224576,83.87500603096633,1844.723,0.126,25.0,0.829,1170.228271484375,0.17986918985843658,5.10427188873291,0.8069769144058228
standard_row538,standard,Standard,538,-,Botucatu,-22.95,-48.42166667,128,-10.220691819905277,-11.957661662326156,30.473601684915067,77.54519593798621,66.56864786390682,1280.215,0.113,25.0,0.718,5017.07275390625,0.21824043989181519,47.20543670654297,1.0357774496078491
standard_row539,standard,Standard,539,-,Bragança Paulista,-22.93333333,-46.52472222,128,15.158440357770175,15.526391295227809,17.815548143518818,43.7577413952363,39.56727391323347,2000.0,0.151,19.787,0.904,7766.1572265625,0.1659126579761505,58.25300216674805,1.0733972787857056
standard_row540,standard,Standard,540,-,Caraguatatuba,-23.61305556,-45.38694444,0,,,,,,702.441,0.163,25.0,0.581,,,,
standard_row541,standard,Standard,541,-,Paraíso,-20.98361111,-48.75972222,128,-13.439601722723987,-13.617279769527583,20.527235652155166,56.717619283812525,48.8983743705469,816.959,0.127,7.139,0.697,1241.55615234375,0.1683514416217804,8.544571876525879,0.836331844329834
standard_row542,standard,Standard,542,-,Piracicaba,-22.70805556,-47.6175,128,-18.415280745854552,-26.679585316817594,20.11459623663838,73.11250526328479,73.03426007629685,1773.932,0.173,24.999,0.798,7846.57861328125,0.17364928126335144,46.32915115356445,1.1015007495880127
standard_row543,standard,Standard,543,-,Salto Grande,-22.87388889,-49.98111111,128,45.16559094596775,44.236883470922706,24.628500515438752,105.08636002893631,88.36144066557732,2000.0,0.132,21.831,0.88,2057.4716796875,0.2304885983467102,18.89765167236328,0.8875689506530762
standard_row544,standard,Standard,544,-,São José do Rio Pardo,-21.57111111,-46.87805556,128,-6.598594246342486,-14.43035033364123,27.291645018204814,75.30727685762484,69.41782714915055,701.377,0.119,11.497,0.642,3219.799072265625,0.16664674878120422,31.78158950805664,0.9623861908912659
standard_row545,standard,Standard,545,-,Socorro,-22.57527778,-46.50444444,128,0.8069153881794013,-2.8765531891655094,14.182815646674918,44.21044313182755,37.88656076948534,1900.574,0.166,25.0,0.849,5349.3935546875,0.18995489180088043,46.41075897216797,1.0260828733444214
standard_row546,standard,Standard,546,1249000,Alvorada,-12.4836,-49.1244,128,-8.95287238645345,-5.888101183625737,18.735496817893495,39.69639515489485,31.97056337149457,9989.56,0.211,56.638,1.087,2177.7578125,0.19414322078227997,14.984938621520996,0.8847444653511047
standard_row547,standard,Standard,547,1146000,Dianópolis,-11.6253,-46.8106,128,-1.8638982815094352,3.686439147431349,20.44286799275113,75.32952607662834,55.0102575898325,4642.242,0.162,35.878,1.051,1423.7525634765625,0.13442683219909668,11.945415496826172,0.8600978255271912
standard_row548,standard,Standard,548,1149001,Formoso do Araguaia,-11.7972,-49.525,128,-8.20239915608772,-3.5047158649259704,22.794987151784664,56.57830839399257,46.57536077436251,8740.42,0.176,54.663,1.078,2036.356201171875,0.16123445332050323,11.312982559204102,0.8926393985748291
standard_row549,standard,Standard,549,848001,Guarai,-8.8319,-48.8172,128,-15.174193474122134,-4.359194164860854,24.75071888953929,76.07117096152524,64.02117056538863,8650.36,0.178,41.365,1.098,2711.018798828125,0.16214267909526825,29.516048431396484,0.9097713828086853
standard_row550,standard,Standard,550,948000,Miracema do Tocantins,-9.5642,-48.3875,128,-1.853320574633817,5.929980334346202,18.985468513481973,69.903533824629,57.798951578239745,5958.095,0.173,35.298,1.043,2314.420166015625,0.1880086213350296,22.663719177246094,0.8932176828384399
standard_row551,standard,Standard,551,1249002,Projeto Rio Formoso,-11.8394,-49.7717,128,-24.480236462254844,-11.186520013538257,30.647127131596868,78.64767260367093,54.600478609268826,8950.25,0.194,71.072,1.027,2289.672607421875,0.16022787988185883,11.547247886657715,0.8843600153923035
standard_row552,standard,Standard,552,647000,Tocantinópolis,-6.2886,-47.3919,128,3.0846846618615937,7.843570438512893,18.438029326673643,47.441517547472934,44.606071374755615,9862.0,0.187,69.638,1.072,3247.032958984375,0.1826597899198532,24.278106689453125,0.924220085144043
standard_row553,standard,Standard,553,848003,Tupiratins,-8.3992,-48.1303,128,-6.357036716387148,-10.07116741502935,9.148653328889694,36.46102075215819,35.19159312744327,2300.09,0.155,31.686,0.869,4512.78564453125,0.15098442137241364,45.69477844238281,0.9884128570556641
disaggregation_row2,disaggregation,Disaggregation,2,,,-7.6111,-72.6811,128,68.13573206440897,65.8347815058878,38.20600639615608,138.83304029261225,124.08136816170634,1019.1,0.1471,12.4,0.7615,3301.968505859375,0.2154870331287384,18.796215057373047,0.9235436320304871
disaggregation_row3,disaggregation,Disaggregation,3,,,-8.93527778,-72.785,128,42.35016490796784,39.227144039992915,40.72124874224863,115.82522846809911,102.35818402705712,668.49,0.2501,9.19,0.7062,3087.90576171875,0.1894587129354477,12.93111801147461,0.8980020880699158
disaggregation_row4,disaggregation,Disaggregation,4,,,-9.9758,-67.8,128,33.31930729059085,30.44271544644708,33.14399874068373,95.77920629620645,78.01089331274878,883.77,0.1037,9.19,0.706,3439.93408203125,0.17981626093387604,25.465503692626953,0.933853268623352
disaggregation_row5,disaggregation,Disaggregation,5,,,-10.64972222,-68.50666667,128,34.26428616296991,29.481839788789095,32.23969181691272,87.88822157581617,71.44338048304202,909.46,0.1106,9.19,0.7061,3316.94921875,0.1717977225780487,21.602394104003906,0.9214662909507751
disaggregation_row6,disaggregation,Disaggregation,6,,,-0.3992,-51.4203,128,-45.78860336064983,-45.62022623408339,8.816473053242118,65.91135191999219,59.18447459912897,759.9,0.235,9.19,0.706,981.7618408203125,0.15796354413032532,26.630144119262695,0.7892937064170837
disaggregation_row7,disaggregation,Disaggregation,7,,,-0.5711,-52.575,128,-21.110373189750696,-23.086475205444003,10.802729246287731,50.29894473701041,44.08004949909289,706.0,0.178,9.19,0.706,1685.7049560546875,0.15407727658748627,33.76015853881836,0.8598856925964355
disaggregation_row8,disaggregation,Disaggregation,8,,,0.50805556,-50.74833333,128,-8.5699136163946,-5.574306210936584,20.98415046761286,61.96173433597478,38.99928615455566,658.9,0.25,9.19,0.706,972.0833740234375,0.16318340599536896,4.785908222198486,0.7537208795547485
disaggregation_row9,disaggregation,Disaggregation,9,,,0.045,-51.11,128,-49.17768176739937,-49.01171333065841,4.254283109716486,59.49384293806716,55.78817650387007,918.8,0.171,9.19,0.706,712.3983154296875,0.12938779592514038,15.827957153320312,0.7454387545585632
disaggregation_row10,disaggregation,Disaggregation,10,,,0.3031,-51.1267,128,-26.23077074390669,-24.86565310854269,9.02829533569149,40.29894414467956,39.84715670768553,624.0,0.234,9.2,0.706,550.1107788085938,0.16388599574565887,6.832488536834717,0.6988836526870728
disaggregation_row11,disaggregation,Disaggregation,11,,,0.3031,-51.1267,128,-17.16317684835439,-16.14081681503464,10.317661449494834,34.31205473542461,31.57293987148533,849.0,0.2192,12.6,0.7688,550.1107788085938,0.16388599574565887,6.832488536834717,0.6988836526870728
disaggregation_row12,disaggregation,Disaggregation,12,,,0.8803,-52.0094,128,-34.77700424355454,-33.92559246165042,17.302712213833445,64.30296113426205,62.628658768042115,615.4,0.161,9.19,0.706,3183.7119140625,0.1712351143360138,100.04833221435547,0.9782998561859131
disaggregation_row13,disaggregation,Disaggregation,13,,,0.8803,-52.0094,128,-32.686082760275795,-35.2651623876054,17.394297980049622,65.95462892389622,65.6234989343654,878.3,0.1732,12.4,0.7703,3183.7119140625,0.1712351143360138,100.04833221435547,0.9782998561859131
disaggregation_row14,disaggregation,Disaggregation,14,,,1.22611111,-50.89722222,128,25.458709140715804,22.15230099478618,26.07180736286022,74.70389930459532,58.45902538040365,786.5,0.157,9.19,0.706,3177.363037109375,0.21648961305618286,32.10988998413086,0.9284177422523499
disaggregation_row15,disaggregation,Disaggregation,15,,,1.58027778,-50.90277778,128,2.6600598261008273,-3.2849560140847633,22.516574247168055,55.535811616449955,49.44549468425759,998.1,0.164,9.19,0.706,2575.737548828125,0.19262927770614624,17.496809005737305,0.8988176584243774
disaggregation_row16,disaggregation,Disaggregation,16,,,2.4956,-50.9508,128,-22.732706344958657,-25.02328567897426,17.438272295654997,68.06148968293127,56.158139457714306,1158.5,0.244,9.19,0.706,3377.9716796875,0.1678299754858017,21.47727394104004,0.894416332244873
disaggregation_row17,disaggregation,Disaggregation,17,,,2.0547,-50.7881,128,-11.301221280906848,-16.06911580258985,16.208706420925683,57.205045686659666,53.83903645663884,1337.0,0.157,9.19,0.706,3324.59326171875,0.173899307847023,22.69553565979004,0.8980098962783813
disaggregation_row18,disaggregation,Disaggregation,18,,,2.6983,-51.3614,128,30.391286738942256,25.0963137678658,21.47778152022488,60.176052536003546,50.717836681410056,853.6,0.157,9.19,0.706,2810.243896484375,0.18817098438739777,24.298025131225586,0.8807128667831421
disaggregation_row19,disaggregation,Disaggregation,19,,,3.8436,-51.8375,0,,,,,,986.6,0.118,9.19,0.706,,,,
disaggregation_row20,disaggregation,Disaggregation,20,,,-13.3672,-39.0772,128,31.744513004476218,29.409289783216863,28.70563262817033,82.69800061867525,74.90145470096475,1172.9,0.1826,32.7,0.7706,4466.36181640625,0.25530433654785156,55.327972412109375,0.985005795955658
disaggregation_row21,disaggregation,Disaggregation,21,,,-3.9,-38.6667,128,35.28581271217499,38.6280245239702,31.19347100045385,149.96703798947024,94.07273860559467,3000.3,0.137,26.1,0.9097,1708.4798583984375,0.24560928344726562,10.327884674072266,0.8508434295654297
disaggregation_row22,disaggregation,Disaggregation,22,,,-4.15,-38.83333333,128,3.1208949182447423,6.630893838327125,17.132786825523116,66.45585873984793,37.432124088471824,2552.6,0.1704,26.3,0.9097,1388.26171875,0.23397530615329742,11.573325157165527,0.858016848564148
disaggregation_row23,disaggregation,Disaggregation,23,,,-5.9,-38.6167,128,17.88692172912078,18.728827611138673,32.65422210231109,96.37963635301229,73.75472365473043,450.37,0.0745,0.0,0.6616,1230.736572265625,0.18027013540267944,13.30311393737793,0.860744833946228
disaggregation_row24,disaggregation,Disaggregation,24,,,-5.7,-39.0167,128,20.223795969704156,23.459550514316792,37.21700858414865,115.15930517381551,89.43917018005835,449.96,0.0699,0.0,0.6575,1211.83154296875,0.19541151821613312,13.303112030029297,0.860744833946228
disaggregation_row25,disaggregation,Disaggregation,25,,,-6.25,-38.9167,128,81.84037978141038,89.83914102647793,64.82752722147107,257.10367189911636,213.35796947769862,413.33,0.0762,0.0,0.6567,1630.19970703125,0.22955913841724396,14.1178617477417,0.8688985109329224
disaggregation_row26,disaggregation,Disaggregation,26,,,-6.4,-38.85,128,64.62545013132784,71.24436886633636,54.67885317189516,208.76430859219045,170.94025535837912,438.86,0.0743,0.0,0.6567,1665.9591064453125,0.21040727198123932,14.117833137512207,0.8688982725143433
disaggregation_row27,disaggregation,Disaggregation,27,,,-6.1167,-39.45,128,36.93514808107633,36.32599803995409,35.704105169583556,115.84847802704344,91.16606204724307,407.99,0.0765,0.0,0.6567,1502.483154296875,0.16111554205417633,14.448298454284668,0.8697778582572937
disaggregation_row28,disaggregation,Disaggregation,28,,,-6.6,-39.06666667,128,42.71103893043146,44.77401567000558,42.56017936757619,147.94669405613263,117.89113756610006,498.58,0.0705,0.0,0.6566,1746.463134765625,0.1855425238609314,14.448246002197266,0.8697773814201355
disaggregation_row29,disaggregation,Disaggregation,29,,,-6.5333,-39.5,128,31.611460145481495,31.68845172928028,35.06083484353411,111.46370171118862,86.99078035785037,464.89,0.0727,0.0,0.6567,1653.7242431640625,0.16182272136211395,15.016632080078125,0.8714619874954224
disaggregation_row30,disaggregation,Disaggregation,30,,,-6.3667,-39.3,128,36.02159457431656,38.10848412326421,40.67588191679313,136.84500475628417,108.1600239958709,490.95,0.071,0.0,0.6567,1636.536865234375,0.18658608198165894,14.448380470275879,0.869778573513031
disaggregation_row31,disaggregation,Disaggregation,31,,,-7.23333333,-39.4,128,-12.714430943457188,-13.975766830074859,13.31685636854001,47.56296911099658,37.931846143131104,1188.875,0.178,11.5,0.7602,1532.79443359375,0.224686861038208,15.213719367980957,0.8612565994262695
disaggregation_row32,disaggregation,Disaggregation,32,,,-6.77897222,-39.29522222,128,36.195058024530795,36.86648369391802,37.386166733518465,123.95430719173007,97.1384893829855,457.58,0.0719,0.0,0.6573,1642.6619873046875,0.168391615152359,15.016633987426758,0.8714619874954224
disaggregation_row33,disaggregation,Disaggregation,33,,,-15.79,-47.9228,128,-13.547974291949908,-10.479163843586312,7.485739829621219,17.73173031430353,16.817036413354362,1926.2,0.1349,9.8,0.8678,1462.65771484375,0.1281069666147232,4.7315239906311035,0.8487939238548279
disaggregation_row34,disaggregation,Disaggregation,34,,,-18.9856,-40.7461,128,-10.459570942835501,12.221151230238581,47.80645271501872,157.44226950836256,141.39703774687118,3267.4,0.1649,52.2,0.9207,1218.066650390625,0.15050700306892395,3.994204044342041,0.811866819858551
disaggregation_row35,disaggregation,Disaggregation,35,,,-18.9817,-39.9933,128,3.31073499614301,20.08481939476308,39.015947832911195,138.55981133177207,131.2800705198543,3091.8,0.1607,38.5,0.924,1235.2432861328125,0.1669921725988388,3.6642394065856934,0.805018424987793
disaggregation_row36,disaggregation,Disaggregation,36,,,-20.6806,-41.3483,128,-33.51014866970392,-32.21521404285336,14.756070631721654,62.89925702523028,58.25685053818973,2263.8,0.1423,19.3,0.8536,13419.2236328125,0.11837660521268845,89.13558197021484,1.1371794939041138
disaggregation_row37,disaggregation,Disaggregation,37,,,-15.93939999,-50.14059999,128,-8.446175550069302,-10.43229433347993,9.650843919431418,37.769703312969156,30.977194211504766,1174.71,0.164,13.454,0.79,2122.88720703125,0.1871127337217331,28.60651206970215,0.9072218537330627
disaggregation_row38,disaggregation,Disaggregation,38,,,-16.6736,-49.2639,128,-18.72017481630231,-20.41302779629264,10.74990850684686,51.28399971642803,42.32057859604853,903.0,0.197,13.8,0.7682,2086.0009765625,0.16122221946716309,31.84463119506836,0.912724494934082
disaggregation_row39,disaggregation,Disaggregation,39,,,-17.72416667,-48.17111111,128,4.675957506388766,2.6307449753103116,16.9843639579136,34.0952971395557,33.47366605507643,881.7487,0.1333,10.5332,0.7519,1647.0068359375,0.13539744913578033,13.044564247131348,0.8650323152542114
disaggregation_row40,disaggregation,Disaggregation,40,,,-20.76471778,-42.87062194,128,-23.27076869069291,-24.555284569058294,17.09256500432732,57.02186005681585,50.08390731601719,4985.9,0.1572,28.0,0.9811,13751.884765625,0.20388421416282654,94.82267761230469,1.156064748764038
disaggregation_row41,disaggregation,Disaggregation,41,,,-16.7025,-44.11719999,128,-26.17241255000156,-25.556592467534653,4.1202959070934835,31.92147402682226,30.67569611107778,4361.2,0.2009,34.8,0.9851,2853.02978515625,0.19239772856235504,35.501644134521484,0.9554051160812378
disaggregation_row42,disaggregation,Disaggregation,42,,,-17.7725,-47.0986,128,6.39058013442615,15.298578568158316,37.298877692933225,106.6772701264873,82.79677706877749,778.7,0.1834,10.0,0.7399,1751.545654296875,0.15208683907985687,5.6525092124938965,0.8735418915748596
disaggregation_row43,disaggregation,Disaggregation,43,,,-18.5928,-43.4125,128,-21.271270199034763,-20.12854033341364,7.676438847546464,29.709366307740655,28.96655808162733,4022.58,0.1536,31.91,0.9588,1668.4127197265625,0.1486794650554657,15.324563026428223,0.8676673769950867
disaggregation_row44,disaggregation,Disaggregation,44,,,-18.3061,-44.2258,128,-5.496893784327158,-2.235514521317972,8.724361836466896,21.78400925783318,14.231654284509741,2518.4,0.1577,29.6,0.9121,1904.840576171875,0.1732727587223053,19.236011505126953,0.8949080109596252
disaggregation_row45,disaggregation,Disaggregation,45,,,-18.9231,-48.2886,128,32.44491456764087,27.553461523521253,32.766363720564016,77.57928477499043,68.52668113701493,330.4083,0.1452,0.0,0.6164,1184.390625,0.17403779923915863,7.67958927154541,0.8218936324119568
disaggregation_row46,disaggregation,Disaggregation,46,,,-19.6783,-41.8361,128,-10.814164687661847,-11.44801984253139,14.372864000886516,42.39486250287262,34.287948526819775,5121.4,0.1701,29.2,0.9876,5998.52197265625,0.22316479682922363,55.469303131103516,1.0323528051376343
disaggregation_row47,disaggregation,Disaggregation,47,,,-19.9228,-43.1778,128,5.318253934315836,0.5194469850106844,26.857013750599535,61.44052480775751,58.360293494821825,583.2,0.1802,6.1,0.7048,7771.0361328125,0.16460295021533966,67.27530670166016,1.0778536796569824
disaggregation_row48,disaggregation,Disaggregation,48,,,-19.2372,-44.1231,128,-22.835797371981133,-21.543736036907887,19.32022179895886,66.73071005012643,52.36173413986254,679.1,0.2645,10.4,0.7438,2252.70849609375,0.15128834545612335,26.349769592285156,0.9167670011520386
disaggregation_row49,disaggregation,Disaggregation,49,,,-20.73999999,-42.02389999,128,-30.12392032041597,-28.385913953485364,19.325324564995466,63.95463202579486,57.3555675623138,2047.2,0.1635,20.9,0.8972,21732.537109375,0.11844974011182785,118.05643463134766,1.2324315309524536
disaggregation_row50,disaggregation,Disaggregation,50,,,-20.6825,-42.80669999,128,-13.014156602258932,-15.514605467560312,17.492711854522543,49.430390866772235,42.846878970763726,4843.2,0.1501,28.702,0.9943,11417.2705078125,0.18650764226913452,84.21450805664062,1.1271575689315796
disaggregation_row51,disaggregation,Disaggregation,51,,,-20.2772,-42.3256,128,0.33637301584889157,2.3322491707311284,31.936638787983544,65.31750936950613,64.8613910317536,975.8,0.183,13.9,0.7831,42737.30859375,0.1859188973903656,141.43594360351562,1.3063418865203857
disaggregation_row52,disaggregation,Disaggregation,52,,,-20.62529999,-44.4333,128,33.72455351584098,34.79023496835174,19.55993952225741,78.76165513577364,70.848327899924,1488.24,0.135,8.95,0.8209,2529.749267578125,0.20808087289333344,15.028253555297852,0.898359477519989
disaggregation_row53,disaggregation,Disaggregation,53,,,-20.0211,-45.96609999,128,-28.210902073523442,-28.598379004733015,6.852031799226102,45.64925123681959,41.02667272429247,1405.17,0.1604,7.85,0.8133,1873.648193359375,0.1307099163532257,18.11831283569336,0.8882191181182861
disaggregation_row54,disaggregation,Disaggregation,54,,,-20.4722,-45.03609999,128,21.19708632414672,11.85722007010666,26.06443645630241,50.85141255837917,47.183320548595304,654.72,0.1517,9.66,0.6925,2673.728271484375,0.16776646673679352,24.478973388671875,0.9232260584831238
disaggregation_row55,disaggregation,Disaggregation,55,,,-20.0367,-45.53529999,128,-27.516109456345703,-29.539860697457485,8.331766749073305,53.44378882587231,47.401623486739396,1507.21,0.156,16.98,0.8087,2237.84521484375,0.13091163337230682,25.293018341064453,0.9174954891204834
disaggregation_row56,disaggregation,Disaggregation,56,,,-21.7692,-42.5397,128,-31.460316344710233,-30.44214993955952,20.073509777776025,67.8789072883493,61.00232787523121,1210.6,0.221,13.9,0.8215,10129.630859375,0.13431772589683533,92.45323181152344,1.115724802017212
disaggregation_row57,disaggregation,Disaggregation,57,,,-21.35559999,-43.0503,128,-24.348823686885982,-27.19712375056669,22.339211417932905,68.43543421868107,63.72376710966674,2121.1,0.1637,11.6,0.8965,10779.5185546875,0.13547122478485107,91.87175750732422,1.1199676990509033
disaggregation_row58,disaggregation,Disaggregation,58,,,-21.8964,-43.0414,128,-15.297267169459776,-20.7522994502545,24.9945425355704,65.03169571230094,63.68988887268617,2211.0,0.1699,12.6,0.9062,8173.5693359375,0.17830906808376312,92.57542419433594,1.08345627784729
disaggregation_row59,disaggregation,Disaggregation,59,,,-21.9664,-43.3725,128,-79.40817447498719,-81.19283002076986,6.180832198295149,95.42496549541994,94.16307460358519,3162.2,0.1447,22.5,0.6469,5231.59130859375,0.19893424212932587,59.222740173339844,1.0396995544433594
disaggregation_row60,disaggregation,Disaggregation,60,,,-21.34359999,-45.17029999,128,-5.292889147025349,-7.615788352813695,17.30782332211107,52.78585939299388,41.797711284564386,655.9,0.2113,4.0,0.7317,2079.26953125,0.16689179837703705,17.323450088500977,0.9081956744194031
disaggregation_row61,disaggregation,Disaggregation,61,,,-22.35419999,-45.8539,128,-1.3972962211360194,-2.5887688965073847,6.586906889426891,19.538224261912802,15.26355890270174,1747.1,0.1703,15.2,0.8814,2470.86279296875,0.15921534597873688,25.116046905517578,0.9234262108802795
disaggregation_row62,disaggregation,Disaggregation,62,,,-17.8308,-54.31309999,128,64.04622853804986,92.65145219016311,95.5252868144008,521.1188773275501,307.19838592054515,5690.78,0.163,32.38,1.05,2044.4697265625,0.25006216764450073,0.3006170094013214,0.8952919244766235
disaggregation_row63,disaggregation,Disaggregation,63,,,-17.79029999,-55.7736,128,-32.2486736808713,-27.49440522063682,18.346383565360888,52.5494237699404,47.30304804705296,7766.55,0.263,32.54,1.05,1472.887451171875,0.20784181356430054,5.974650859832764,0.8310225009918213
disaggregation_row64,disaggregation,Disaggregation,64,,,-17.6233,-56.965,128,-38.23271755950044,-33.89030365503096,19.74530348661087,61.15615597321586,56.525972342429164,6993.54,0.263,32.62,1.05,1522.6929931640625,0.16219523549079895,10.857540130615234,0.8331040143966675
disaggregation_row65,disaggregation,Disaggregation,65,,,-18.9978,-52.58809999,128,-25.885643382515347,-12.980476220409955,33.467591961362125,97.69109375581878,91.1939096220354,6127.41,0.133,32.63,1.05,772.3010864257812,0.13978497684001923,7.4947967529296875,0.7562702894210815
disaggregation_row66,disaggregation,Disaggregation,66,,,-18.6917,-52.59309999,128,-58.69678173113756,-51.26807560066468,24.042083718923102,75.3329813159728,71.75608403771479,7140.0,0.273,32.62,1.05,624.6704711914062,0.1720217615365982,8.578306198120117,0.7310470342636108
disaggregation_row67,disaggregation,Disaggregation,67,,,-18.1906,-54.2578,128,2.429163755710607,16.331621346309444,36.004348777893654,115.75330958229961,99.32160681387818,5519.45,0.163,32.92,1.06,1188.513427734375,0.1431981921195984,1.5361663103103638,0.8178234100341797
disaggregation_row68,disaggregation,Disaggregation,68,,,-18.5472,-53.1353,128,-9.11822228697227,4.972448039640465,38.0802792565715,129.85574684115883,123.1338037320436,5701.19,0.173,32.7,1.06,827.3921508789062,0.17902609705924988,4.909572124481201,0.764726459980011
disaggregation_row69,disaggregation,Disaggregation,69,,,-18.0986,-54.54719999,128,7.367080883856922,24.760855732704037,56.473854677062455,212.3473874798949,207.93949193953813,6401.78,0.183,32.8,1.06,1856.8662109375,0.1858854740858078,0.32893285155296326,0.8914605379104614
disaggregation_row70,disaggregation,Disaggregation,70,,,-18.91,-54.8322,128,-8.196153696806634,2.856366206132411,30.009934284086803,98.2966223855499,93.35534689737777,6552.89,0.163,32.83,1.06,1209.510986328125,0.15735936164855957,5.9023518562316895,0.8023370504379272
disaggregation_row71,disaggregation,Disaggregation,71,,,-18.6492,-54.35719999,128,9.35722327218414,22.46159434039512,35.4736309966235,104.61493537460036,102.14574922048614,5770.01,0.183,32.3,1.05,1255.7027587890625,0.18592236936092377,2.103764057159424,0.8092197775840759
disaggregation_row72,disaggregation,Disaggregation,72,,,-19.39079999,-51.6089,128,-15.821860994885334,-7.218750866064674,25.1006623792963,80.33740148299572,60.90107269673574,5856.28,0.183,32.49,1.05,1166.462158203125,0.15747538208961487,6.7589640617370605,0.8093859553337097
disaggregation_row73,disaggregation,Disaggregation,73,,,-19.2292,-51.875,128,-65.88509817099687,-62.61012469244004,15.016385075095918,82.5273311491313,80.06215098631652,9048.45,0.313,32.6,1.05,1037.5791015625,0.1569308489561081,7.998789310455322,0.7971636652946472
disaggregation_row74,disaggregation,Disaggregation,74,,,-19.7364,-51.9336,128,-9.411387656192277,-0.7019063697449164,26.779624194169635,87.41013756374642,60.677105443159654,5946.47,0.213,32.78,1.06,1255.5733642578125,0.17853307723999023,4.54561710357666,0.8208938837051392
disaggregation_row75,disaggregation,Disaggregation,75,,,-19.4442,-52.5583,128,-23.077549939482502,-12.91840229339487,29.533837957917147,100.53567963231245,62.9214798984985,5993.0,0.223,32.76,1.06,970.6466064453125,0.17644304037094116,6.01671028137207,0.7838640809059143
disaggregation_row76,disaggregation,Disaggregation,76,,,-19.6781,-52.8964,128,-26.50028691372939,-18.34927239621126,27.94199295048559,97.36390585085098,50.91524430651693,5936.06,0.203,32.9,1.06,1032.8612060546875,0.12920507788658142,6.61771821975708,0.7913164496421814
disaggregation_row77,disaggregation,Disaggregation,77,,,-19.5536,-52.1664,128,8.12325699916428,20.05107436604589,34.296444208533494,145.2137816919456,109.00075217381897,5834.67,0.163,32.63,1.05,1175.4896240234375,0.19545981287956238,6.474230766296387,0.8010943531990051
disaggregation_row78,disaggregation,Disaggregation,78,,,-19.3769,-53.5697,128,-28.706617957676116,-21.03206094864483,24.61753889765023,74.95009612358338,47.340839379160734,6013.69,0.203,32.37,1.05,1019.3038330078125,0.15087267756462097,6.797842502593994,0.7931687831878662
disaggregation_row79,disaggregation,Disaggregation,79,,,-19.7847,-53.9639,128,-4.646268118494902,7.368125487084818,32.44690999867643,123.8189797110364,98.86421197805774,5471.1,0.183,32.67,1.06,1238.59619140625,0.156539186835289,9.246437072753906,0.8097564578056335
disaggregation_row80,disaggregation,Disaggregation,80,,,-19.2719,-53.4908,128,-23.960900444246185,-14.32093006441969,26.207584413952404,78.68570519011266,59.11372704371838,5963.15,0.173,32.34,1.05,984.3114624023438,0.14703384041786194,6.424803256988525,0.7899730801582336
disaggregation_row81,disaggregation,Disaggregation,81,,,-19.9533,-54.8786,128,14.257862985556157,27.42906459902259,35.480236090083,146.81714348587795,126.44585798972766,5418.41,0.163,32.36,1.05,1218.97509765625,0.18049356341362,5.8966546058654785,0.8022693395614624
disaggregation_row82,disaggregation,Disaggregation,82,,,-19.4397,-54.9833,128,-2.4942045716241426,8.733511995241244,31.907786814824505,116.63316917512417,99.89290148845976,6018.5,0.213,32.81,1.06,1223.2691650390625,0.1950082778930664,5.8966450691223145,0.8022692203521729
disaggregation_row83,disaggregation,Disaggregation,83,,,-19.4967,-53.9967,128,-20.76511551527973,-11.592463439101092,26.021129513706157,84.88106868836552,56.64877864661502,6234.04,0.183,32.29,1.05,1176.6566162109375,0.14588315784931183,7.134271144866943,0.7999730706214905
disaggregation_row84,disaggregation,Disaggregation,84,,,-19.9178,-54.3586,128,-18.96984347869707,-10.669018817101852,25.28783787705739,83.24089159086243,56.38599725135194,6327.62,0.183,32.63,1.05,1312.271240234375,0.14750686287879944,9.223404884338379,0.8112635016441345
disaggregation_row85,disaggregation,Disaggregation,85,,,-19.3222,-54.1611,128,-19.438302121032713,-9.3361463263216,29.045819965644853,94.44103476666696,71.55436797221068,7003.09,0.193,33.37,1.07,1120.5618896484375,0.16496646404266357,5.895601272583008,0.7972990870475769
disaggregation_row86,disaggregation,Disaggregation,86,,,-19.9447,-55.7944,128,-1.5049792434686642,11.091116732576983,29.73956442848956,113.3848836363895,87.21726511612474,7152.43,0.213,32.28,1.05,2258.17724609375,0.23957295715808868,20.850744247436523,0.8608001470565796
disaggregation_row87,disaggregation,Disaggregation,87,,,-19.1733,-56.7122,128,-13.810431224951527,-7.312414145356614,25.23999460703655,86.23918607007231,42.93786138113187,5984.28,0.233,32.4,1.05,1503.70703125,0.15841829776763916,5.5315375328063965,0.8274163603782654
disaggregation_row88,disaggregation,Disaggregation,88,,,-19.6967,-56.2828,128,59.97633210691329,75.92214018495359,57.02378355887617,317.7628413682597,197.42181494192326,6252.52,0.163,32.96,1.06,1454.85400390625,0.2448670119047165,5.8946452140808105,0.802245557308197
disaggregation_row89,disaggregation,Disaggregation,89,,,-19.0033,-56.0889,128,-2.647124165322836,6.463744184934614,25.69709734051529,82.2740010726711,72.83671035255193,6481.44,0.183,32.45,1.05,1525.9166259765625,0.17111140489578247,5.530121326446533,0.8273986577987671
disaggregation_row90,disaggregation,Disaggregation,90,,,-19.8708,-56.9836,128,-16.444654353375203,-4.996002046782977,26.188617387546447,82.1867979011569,63.6632832640952,6665.92,0.223,32.46,1.05,2151.495361328125,0.1990039050579071,22.103981018066406,0.8606106638908386
disaggregation_row91,disaggregation,Disaggregation,91,,,-19.3592,-56.4092,128,6.897495827170126,16.772933619234053,30.065761431377457,116.91922516724418,88.84226789581358,6002.67,0.213,32.84,1.06,1554.2315673828125,0.1819642037153244,5.530942440032959,0.8274089097976685
disaggregation_row92,disaggregation,Disaggregation,92,,,-19.0,-57.64999999,0,,,,,,1421.6,0.2247,23.3,0.8333,,,,
disaggregation_row93,disaggregation,Disaggregation,93,,,-19.2583,-57.2353,128,0.5553127964555872,9.796804868547863,26.798870412654846,94.09905978425112,73.90946332451098,5944.54,0.183,32.56,1.05,1503.70703125,0.15841829776763916,5.5315375328063965,0.8274163603782654
disaggregation_row94,disaggregation,Disaggregation,94,,,-19.9186,-57.7894,128,-16.704863345416996,-5.716780394629068,25.63593404127445,72.50224369306243,67.47585917177445,7430.45,0.193,32.57,1.05,2151.495361328125,0.1990039050579071,22.103981018066406,0.8606106638908386
disaggregation_row95,disaggregation,Disaggregation,95,,,-19.3053,-57.5933,128,-11.431663044173257,-4.732014683256272,27.70173953964189,102.48180440028325,51.23701186919814,5994.5,0.243,32.79,1.06,1503.70703125,0.15841829776763916,5.5315375328063965,0.8274163603782654
disaggregation_row96,disaggregation,Disaggregation,96,,,-19.6008,-57.4381,128,-9.231794473798466,3.2213010333703807,28.491925356933272,98.02830672392636,77.8941352010078,6132.64,0.223,32.41,1.05,2151.495361328125,0.1990039050579071,22.103981018066406,0.8606106638908386
disaggregation_row97,disaggregation,Disaggregation,97,,,-20.8,-51.6333,128,-17.57504140755801,-8.294827791847897,27.631453915149315,94.11111159894332,62.53308982139866,5618.3,0.203,32.93,1.06,1032.4112548828125,0.16322362422943115,6.067332744598389,0.8016024231910706
disaggregation_row98,disaggregation,Disaggregation,98,,,-20.3636,-51.4239,128,46.73419941739948,63.06544071754237,54.02669993037545,272.27388031469314,180.0511738055175,5294.07,0.143,32.7,1.06,1699.4512939453125,0.20085278153419495,2.375734329223633,0.8789082765579224
disaggregation_row99,disaggregation,Disaggregation,99,,,-20.0683,-51.1036,128,25.36886707023009,36.746557539023385,39.21693120461965,150.4871907736483,143.47505280738267,5921.58,0.173,33.07,1.06,1774.663818359375,0.17876476049423218,2.7935588359832764,0.8622169494628906
disaggregation_row100,disaggregation,Disaggregation,100,,,-20.4453,-52.9019,128,-22.461729888056738,-12.566255579395905,27.95723180262356,92.97773464685177,61.00741744503955,6324.52,0.193,32.48,1.05,1233.5860595703125,0.1524205356836319,10.218493461608887,0.7986011505126953
disaggregation_row101,disaggregation,Disaggregation,101,,,-20.1019,-52.9258,128,-13.314055177193094,-3.222264708328041,31.61798392409988,118.47499447798872,78.30649877868662,5496.57,0.193,32.85,1.06,1105.2506103515625,0.1474672555923462,8.492426872253418,0.7980931997299194
disaggregation_row102,disaggregation,Disaggregation,102,,,-20.6028,-52.2183,128,-9.662235289097987,1.3542779817915362,29.840956769954317,103.54300834983316,88.90047362785188,5325.19,0.193,32.61,1.05,1071.4315185546875,0.17629976570606232,7.678170204162598,0.7980067133903503
disaggregation_row103,disaggregation,Disaggregation,103,,,-20.4447,-53.7581,128,-33.826864490795046,-26.670213809836355,22.561858939880743,60.834991072538436,48.48955973974287,5962.36,0.233,32.59,1.05,1266.2742919921875,0.17837098240852356,15.470662117004395,0.8264947533607483
disaggregation_row104,disaggregation,Disaggregation,104,,,-20.6769,-53.5714,128,2.505133434981281,17.05852789946314,36.2798128580391,145.89331902830085,115.3516259401174,5475.24,0.173,32.57,1.05,1354.4234619140625,0.1999383270740509,15.163713455200195,0.8192612528800964
disaggregation_row105,disaggregation,Disaggregation,105,,,-20.4931,-54.8114,128,-6.635273024683217,6.50868498524764,28.745162547714486,97.79898691083685,88.38739920231782,6581.91,0.173,32.66,1.05,2012.58642578125,0.18289878964424133,20.16166877746582,0.8543264865875244
disaggregation_row106,disaggregation,Disaggregation,106,,,-20.4517,-54.6275,128,10.854312908597347,9.086491141149786,10.35649285131113,26.00152533014316,23.05167232932561,1009.6,0.1834,15.3,0.7796,1810.2532958984375,0.15577393770217896,19.163721084594727,0.8488733172416687
disaggregation_row107,disaggregation,Disaggregation,107,,,-20.1022,-54.4347,128,3.3397551224824893,15.059811589279278,32.248394537850814,129.7763410044306,105.7851275237627,5249.12,0.213,32.51,1.05,1354.756591796875,0.18831965327262878,9.222376823425293,0.8112530708312988
disaggregation_row108,disaggregation,Disaggregation,108,,,-20.1278,-55.3933,128,-11.911301982510896,1.0103498506974953,28.48782824192124,90.50267760604686,82.3055228867004,6686.77,0.213,32.63,1.06,2041.4366455078125,0.2031659185886383,20.852802276611328,0.8608156442642212
disaggregation_row109,disaggregation,Disaggregation,109,,,-20.4489,-55.4308,128,-7.4974469136706645,3.554882090951123,27.7571254675505,100.40345978115552,73.65712059533239,6515.63,0.223,32.48,1.05,2330.034912109375,0.190923810005188,20.85053062438965,0.8607985377311707
disaggregation_row110,disaggregation,Disaggregation,110,,,-20.0703,-55.6453,128,-16.750936018895267,-5.365022362786766,24.896386474914426,68.66910057862093,68.42665758806635,7107.71,0.213,32.37,1.05,2092.973388671875,0.21267858147621155,20.85224723815918,0.8608114719390869
disaggregation_row111,disaggregation,Disaggregation,111,,,-20.2408,-56.3958,128,-16.544526972921133,-6.972521089033911,26.09375234617135,86.28762350058992,54.88586846241846,6408.84,0.223,32.63,1.05,2140.701416015625,0.18163900077342987,22.10430908203125,0.8606130480766296
disaggregation_row112,disaggregation,Disaggregation,112,,,-20.7644,-56.0931,128,35.46167804169902,50.31726157599971,45.80933479107056,220.24394871178222,154.13624080013759,6249.01,0.183,32.48,1.06,2352.045166015625,0.23149532079696655,22.102294921875,0.8605983257293701
disaggregation_row113,disaggregation,Disaggregation,113,,,-20.1019,-56.7953,128,-8.439365980081805,4.500709481113966,30.12718953078776,96.78944606789646,91.0553790523479,7143.01,0.193,33.11,1.06,2151.495361328125,0.1990039050579071,22.103981018066406,0.8606106638908386
disaggregation_row114,disaggregation,Disaggregation,114,,,-20.8006,-52.3883,128,-3.3492248728072322,13.762412896045621,40.28627171501872,152.88593687540398,129.38844516419755,5518.75,0.163,32.76,1.06,1127.2708740234375,0.18280544877052307,13.25243854522705,0.8006628751754761
disaggregation_row115,disaggregation,Disaggregation,115,,,-21.7258,-52.3342,128,-3.0658257568849265,-11.00812987779711,33.29829748380558,62.45007406180665,57.41851949018612,6326.17,0.183,32.66,1.05,14832.8828125,0.2182120829820633,140.55699157714844,1.1376385688781738
disaggregation_row116,disaggregation,Disaggregation,116,,,-21.2953,-52.8106,128,3.185640617572287,8.046126391512779,34.55657652402491,98.97499079450546,83.460812788358,5786.05,0.153,32.77,1.06,3012.00390625,0.1694851964712143,45.8814811706543,0.9255754351615906
disaggregation_row117,disaggregation,Disaggregation,117,,,-21.6153,-53.0522,128,-8.74940304815279,-9.493008007949605,28.202957784172046,52.81444752463778,47.050150907430094,6424.37,0.223,32.1,1.06,4665.9970703125,0.20562785863876343,60.08536911010742,0.9777361750602722
disaggregation_row118,disaggregation,Disaggregation,118,,,-21.6472,-54.4253,128,-16.03522460489724,-10.810679231602018,25.20552697006045,67.49291539239971,44.13007644956307,6120.84,0.213,32.72,1.06,3560.53173828125,0.15874773263931274,41.650634765625,0.9411484003067017
disaggregation_row119,disaggregation,Disaggregation,119,,,-21.8061,-54.60309999,128,-27.88509188456331,-25.772933827486796,20.095650457292876,58.35837401230823,52.25243166831913,7146.46,0.223,32.55,1.06,4662.107421875,0.1646251529455185,50.08439636230469,0.9801666736602783
disaggregation_row120,disaggregation,Disaggregation,120,,,-21.6889,-57.3597,128,20.850936295394234,33.826219825683914,32.84872377497308,130.74791642898256,126.19832141546962,6568.71,0.203,32.86,1.06,3142.78173828125,0.20704299211502075,24.918537139892578,0.8921826481819153
disaggregation_row121,disaggregation,Disaggregation,121,,,-22.1864,-52.7133,128,10.72255545582917,3.6802643843129874,33.05879065547272,59.801507857491345,49.462813760920454,5593.33,0.173,32.72,1.06,8720.5185546875,0.14501336216926575,87.69109344482422,1.0546023845672607
disaggregation_row122,disaggregation,Disaggregation,122,,,-22.6244,-54.8247,128,6.615060369965187,-4.049364105432716,25.575033481808255,46.76662892442197,42.72063370870242,6149.91,0.193,32.83,1.06,13630.2841796875,0.17745842039585114,94.51165008544922,1.1262034177780151
disaggregation_row123,disaggregation,Disaggregation,123,,,-22.3981,-54.7917,128,11.465312675060892,0.16435413721799108,26.047680992693675,43.763796618753595,39.4395066981689,6546.29,0.173,32.67,1.06,14988.552734375,0.1570890098810196,92.10688781738281,1.1258575916290283
disaggregation_row124,disaggregation,Disaggregation,124,,,-22.11,-56.5275,0,,,,,,7178.65,0.173,32.66,1.05,,,,
disaggregation_row125,disaggregation,Disaggregation,125,,,-22.0142,-57.0322,128,12.408728383516037,24.08376498649813,28.568090203848428,117.13982896203832,96.22011478487654,6395.67,0.203,32.61,1.05,2849.513671875,0.2235739827156067,24.91872787475586,0.8921840190887451
disaggregation_row126,disaggregation,Disaggregation,126,,,-23.0578,-54.1939,128,9.832662959841091,0.05460538144947957,26.868115747417864,43.38350615689601,42.3715456042136,5813.08,0.183,32.43,1.05,16766.21875,0.18695758283138275,105.429443359375,1.1551933288574219
disaggregation_row127,disaggregation,Disaggregation,127,,,-23.6819,-54.5617,128,-3.8909833403676437,-7.520373267026132,24.575055975399952,51.69335951082584,43.86319321288442,5959.36,0.193,32.43,1.05,28821.6015625,0.1508590579032898,115.22936248779297,1.220501184463501
disaggregation_row128,disaggregation,Disaggregation,128,,,-22.9703,-54.5633,128,-1.9705884150824917,-10.634726185565619,25.7451325665432,54.925555710211505,49.014598213090636,7146.46,0.183,32.32,1.05,15749.7177734375,0.21965768933296204,107.26319885253906,1.146611213684082
disaggregation_row129,disaggregation,Disaggregation,129,,,-23.0978,-55.2436,128,-10.508119622350845,-17.649431790496603,16.498897966060735,45.08844349369585,44.60587241612189,7848.9,0.173,33.17,1.05,10212.01171875,0.17122377455234528,70.47007751464844,1.0814145803451538
disaggregation_row130,disaggregation,Disaggregation,130,,,-1.5656,-48.7669,128,-14.607807290515243,-15.1507605987465,10.954741603972746,41.38726178509242,33.7711648069543,2742.209,0.151,18.573,0.892,3007.95703125,0.19633547961711884,35.819358825683594,0.9373965859413147
disaggregation_row131,disaggregation,Disaggregation,131,,,-1.5264,-52.57829999,128,-9.515240882476117,-9.265653897288791,2.0010847538219223,12.473570605447398,12.283057752349722,6611.0,0.1621,63.0,1.0044,5516.8740234375,0.15378332138061523,61.04700469970703,0.9870313405990601
disaggregation_row132,disaggregation,Disaggregation,132,,,-1.9014,-55.5186,128,1.4338159699604898,1.129906625873463,22.632288792887746,49.39549208428,37.89802179973595,3812.1,0.143,33.9,0.9321,15443.9150390625,0.20342318713665009,113.76622772216797,1.1270502805709839
disaggregation_row133,disaggregation,Disaggregation,133,,,-4.8233,-56.0,128,3.325584399208856,0.55943765091907,5.472159141346177,9.900477490400853,9.110000786290637,3490.9,0.1785,33.5,0.931,3842.397705078125,0.18045158684253693,41.76813888549805,0.9363117218017578
disaggregation_row134,disaggregation,Disaggregation,134,,,-5.3656,-49.125,128,-2.9919157706521475,-1.23555054017624,7.569779767857992,23.786604856455348,13.268255065570411,2409.3,0.1677,17.5,0.8713,1776.810791015625,0.18954148888587952,10.659232139587402,0.8471776247024536
disaggregation_row135,disaggregation,Disaggregation,135,,,-6.7947,-49.5486,128,-27.42557299890759,-29.327198531629264,6.132026608152029,42.29491089820412,41.094718196219304,2565.0,0.1511,24.6,0.8776,2608.076904296875,0.15569835901260376,42.05364227294922,0.9198941588401794
disaggregation_row136,disaggregation,Disaggregation,136,,,-6.1053,-49.3775,128,-15.33078872585342,-18.171278001755613,9.459220289429934,38.650512001187195,34.996932194130025,2128.2,0.1707,24.4,0.8775,3070.741943359375,0.15708287060260773,49.198665618896484,0.9360744953155518
disaggregation_row137,disaggregation,Disaggregation,137,,,-7.09540861,-34.8488925,0,,,,,,1424.1,0.1305,23.6,0.7468,,,,
disaggregation_row138,disaggregation,Disaggregation,138,,,-7.9681,-35.1567,128,17.1343415748321,13.967770482660601,42.7720242699307,93.77852085506247,73.4747832158267,304.281,0.2129,2.8307,0.558,1367.4803466796875,0.28716838359832764,14.500842094421387,0.8608511686325073
disaggregation_row139,disaggregation,Disaggregation,139,,,-7.5667,-35.0,128,-25.480296418600496,-28.653895819556435,27.397302113917267,82.5285781046022,75.17168900825074,491.151,0.1987,2.8231,0.5573,1328.4400634765625,0.28485482931137085,14.501096725463867,0.8608534336090088
disaggregation_row140,disaggregation,Disaggregation,140,,,-7.9833,-38.3,128,0.25165900524168816,-0.7048936638491687,12.206027477466353,26.799897262224114,26.53350848188917,989.995,0.2075,14.4,0.7847,1467.1331787109375,0.20831164717674255,15.213725090026855,0.8612566590309143
disaggregation_row141,disaggregation,Disaggregation,141,,,-8.03332999,-34.88329999,0,,,,,,362.7199,0.2129,4.4122,0.5824,,,,
disaggregation_row142,disaggregation,Disaggregation,142,,,-8.67939999,-35.57719999,128,-21.218786543617995,-22.647595571457508,4.144368939067254,34.212935734447136,32.39640969452742,1193.0,0.2613,12.1,0.8169,1218.466552734375,0.25577104091644287,14.502005577087402,0.8608615398406982
disaggregation_row143,disaggregation,Disaggregation,143,,,-8.69999999,-36.45,128,25.937861350725044,25.730547892389897,10.468624954978322,46.88925685671033,43.901701123432034,960.2,0.2483,12.1,0.8173,1367.4803466796875,0.28716838359832764,14.500842094421387,0.8608511686325073
disaggregation_row144,disaggregation,Disaggregation,144,,,-3.4622,-42.3733,128,-9.729015210636225,-6.952030422065014,12.630578145016797,26.98714527767669,22.86495210145597,4561.0,0.1594,35.0,0.9738,1633.8245849609375,0.18241308629512787,12.876516342163086,0.85650235414505
disaggregation_row145,disaggregation,Disaggregation,145,,,-25.46669999,-48.8333,128,3.9240827480971308,1.9095787209886708,29.246234014926376,62.88084849889271,58.07310244673333,1254.6,0.2655,34.7,0.8131,5508.49609375,0.15670685470104218,43.47389602661133,1.00734281539917
disaggregation_row146,disaggregation,Disaggregation,146,,,-20.9692,-42.0517,128,-32.294175199723526,-29.72203636026437,21.544376106002215,67.53890406517365,62.95058065483168,1775.2,0.1784,16.8,0.8644,30507.873046875,0.14882470667362213,138.00811767578125,1.2733172178268433
disaggregation_row147,disaggregation,Disaggregation,147,,,-21.62529999,-41.9853,128,-6.354640692190053,-2.118305388280931,27.27669649281653,53.766763927338836,47.14906020265743,1694.1,0.1533,25.0,0.861,26039.314453125,0.20157775282859802,152.2355499267578,1.2429455518722534
disaggregation_row148,disaggregation,Disaggregation,148,,,-21.9333,-42.6167,128,-24.05409815122454,-23.882391966883006,13.217140733967774,55.35454244668502,50.64367137185955,1743.0,0.1864,23.4,0.8394,7851.85107421875,0.1660434454679489,78.34195709228516,1.0757415294647217
disaggregation_row149,disaggregation,Disaggregation,149,,,-21.54189999,-42.18249999,128,-19.318819723282594,-16.00104358160585,28.110929313921485,60.59583813795077,57.25276567441416,1266.9,0.1917,13.2,0.8156,25287.666015625,0.22223174571990967,154.77291870117188,1.2417466640472412
disaggregation_row150,disaggregation,Disaggregation,150,,,-22.1403,-43.1542,128,-7.372152657079243,-10.697415382649405,16.665961704686485,42.30450790465297,41.57536032738172,2085.0,0.1877,17.3,0.8976,5615.12646484375,0.19050568342208862,60.90904235839844,1.0336731672286987
disaggregation_row151,disaggregation,Disaggregation,151,,,-22.4819,-43.83919999,128,24.154361569429316,25.947189450228887,12.155359543575901,62.00535946126178,48.12021869505068,2055.6,0.1733,20.0,0.8908,2213.656494140625,0.20852446556091309,14.830716133117676,0.8964484333992004
disaggregation_row152,disaggregation,Disaggregation,152,,,-22.30359999,-44.1869,128,-1.3837422603104086,3.763269517699445,26.301337569055676,54.7456509163445,48.965809748545965,1078.9,0.1597,12.5,0.7675,1932.93505859375,0.15118949115276337,9.103728294372559,0.883196234703064
disaggregation_row153,disaggregation,Disaggregation,153,,,-22.4833,-44.4453,128,40.712121464284735,45.799918412678466,39.011795520800966,150.08415801012336,110.6819209087594,1020.1,0.1598,13.1,0.7734,1952.502685546875,0.21794407069683075,9.121169090270996,0.8813864588737488
disaggregation_row154,disaggregation,Disaggregation,154,,,-4.9833,-37.15,0,,,,,,507.354,0.209,9.778,0.741,,,,
disaggregation_row155,disaggregation,Disaggregation,155,,,-5.9,-35.7667,128,3.893429499367676,1.8417372235345941,18.487232552508257,43.06800714037657,33.51701363644031,620.735,0.221,9.778,0.741,1407.54833984375,0.17630480229854584,13.302977561950684,0.8607435822486877
disaggregation_row156,disaggregation,Disaggregation,156,,,-5.6167,-35.6667,128,14.43494049294673,11.192192179641076,18.619236341740226,35.576205284233154,33.48950986289069,657.575,0.219,9.778,0.741,1484.6441650390625,0.20245027542114258,13.302708625793457,0.8607410192489624
disaggregation_row157,disaggregation,Disaggregation,157,,,-5.6333,-35.4333,128,-19.02718254485739,-21.254038187797704,13.184092794267855,52.01748987956735,48.34758943058015,1037.366,0.186,9.778,0.741,1484.6441650390625,0.20245027542114258,13.302708625793457,0.8607410192489624
disaggregation_row158,disaggregation,Disaggregation,158,,,-5.9833,-35.6167,128,-19.20576953992906,-20.063152623533643,15.391309066374971,57.15064098803926,46.073282206670754,756.019,0.235,9.778,0.741,1407.54833984375,0.17630480229854584,13.302977561950684,0.8607435822486877
disaggregation_row159,disaggregation,Disaggregation,159,,,-5.95,-35.9333,128,5.124614549661148,2.104886462411362,17.163302648274385,38.38117030752597,32.434933162983526,674.097,0.195,9.778,0.741,1407.54833984375,0.17630480229854584,13.302977561950684,0.8607435822486877
disaggregation_row160,disaggregation,Disaggregation,160,,,-5.7,-35.8167,128,33.48388364460732,29.841839157741184,21.471530873779702,53.792197883168335,52.40969928456055,584.125,0.208,9.778,0.741,1484.6441650390625,0.20245027542114258,13.302708625793457,0.8607410192489624
disaggregation_row161,disaggregation,Disaggregation,161,,,-5.2167,-35.8333,128,40.024531248750336,36.07080720232713,22.48868738336338,60.83640485827728,59.46711173505531,576.418,0.198,9.778,0.741,1484.6441650390625,0.20245027542114258,13.302708625793457,0.8607410192489624
disaggregation_row162,disaggregation,Disaggregation,162,,,-5.5167,-35.25,0,,,,,,948.887,0.213,9.778,0.741,,,,
disaggregation_row163,disaggregation,Disaggregation,163,,,-5.1167,-35.6333,0,,,,,,685.195,0.185,9.778,0.741,,,,
disaggregation_row164,disaggregation,Disaggregation,164,,,-5.8167,-35.8167,128,-4.547891300312788,-5.58918034842982,18.260568831822553,49.54459437482681,36.39651774852552,638.073,0.236,9.778,0.741,1407.54833984375,0.17630480229854584,13.302977561950684,0.8607435822486877
disaggregation_row165,disaggregation,Disaggregation,165,,,-5.8,-35.3333,128,-26.483365929917376,-28.78139799265066,12.398398575472042,58.74609847254606,52.092303865997785,922.965,0.209,9.778,0.741,1407.54833984375,0.17630480229854584,13.302977561950684,0.8607435822486877
disaggregation_row166,disaggregation,Disaggregation,166,,,-5.9167,-35.1833,0,,,,,,964.868,0.216,9.778,0.741,,,,
disaggregation_row167,disaggregation,Disaggregation,167,,,-5.3833,-35.4667,128,2.5884069811991224,-0.30827296444031704,16.476245934785304,37.25787296657919,35.995372932837334,786.762,0.198,9.778,0.741,1484.6441650390625,0.20245027542114258,13.302708625793457,0.8607410192489624
disaggregation_row168,disaggregation,Disaggregation,168,,,-5.6833,-35.3,128,-5.918932793103544,-8.519419143639968,15.10935732601023,42.18454211204319,41.41181412186533,793.552,0.179,9.778,0.741,1407.54833984375,0.17630480229854584,13.302977561950684,0.8607435822486877
disaggregation_row169,disaggregation,Disaggregation,169,,,-5.8167,-35.55,128,-23.953233517688,-24.476408287578735,14.286203551301053,59.02551811690486,48.95310484749176,810.512,0.231,9.778,0.741,1407.54833984375,0.17630480229854584,13.302977561950684,0.8607435822486877
disaggregation_row170,disaggregation,Disaggregation,170,,,-5.8333,-35.7167,128,27.064167689366943,25.68451482291451,23.27594899956564,66.89519799030163,59.4489695726308,494.926,0.226,9.778,0.741,1407.54833984375,0.17630480229854584,13.302977561950684,0.8607435822486877
disaggregation_row171,disaggregation,Disaggregation,171,,,-5.8667,-35.9333,128,13.077281101583043,11.588647533152315,22.191749344770443,54.23959400027611,45.98535201682962,529.629,0.242,9.778,0.741,1407.54833984375,0.17630480229854584,13.302977561950684,0.8607435822486877
disaggregation_row172,disaggregation,Disaggregation,172,,,-5.15,-35.8667,128,40.07536852495095,36.62978973687988,22.737362754461927,65.15004278736856,61.882924140178254,518.113,0.19,9.778,0.741,1304.6552734375,0.20234856009483337,13.303031921386719,0.860744059085846
disaggregation_row173,disaggregation,Disaggregation,173,,,-5.7,-36.25,128,17.89852370218179,14.295580867250788,19.078248585683674,38.631036744322884,36.66007164526969,643.977,0.217,9.778,0.741,1484.6441650390625,0.20245027542114258,13.302708625793457,0.8607410192489624
disaggregation_row174,disaggregation,Disaggregation,174,,,-5.5833,-36.1167,128,22.855911602729336,19.2377626701862,19.93384539780304,45.00551773732471,42.85876965195141,615.241,0.218,9.778,0.741,1484.6441650390625,0.20245027542114258,13.302708625793457,0.8607410192489624
disaggregation_row175,disaggregation,Disaggregation,175,,,-5.9667,-36.0667,128,-8.160860339652668,-9.128885966804434,17.656205087800966,51.58285162275868,38.88202499415946,660.815,0.237,9.778,0.741,1407.54833984375,0.17630480229854584,13.302977561950684,0.8607435822486877
disaggregation_row176,disaggregation,Disaggregation,176,,,-5.6667,-36.6,128,28.516640907816665,24.78061365255084,20.965674703354384,53.438525234945345,48.93323360006656,659.133,0.184,9.778,0.741,1484.6441650390625,0.20245027542114258,13.302708625793457,0.8607410192489624
disaggregation_row177,disaggregation,Disaggregation,177,,,-5.7667,-36.0167,128,25.706391162875278,22.195399039837852,20.17487268228032,42.824830011279126,42.611356148944516,631.163,0.203,9.778,0.741,1484.6441650390625,0.20245027542114258,13.302708625793457,0.8607410192489624
disaggregation_row178,disaggregation,Disaggregation,178,,,-5.25,-36.7167,128,14.08158767563203,13.425251513419738,20.049212677831218,45.297084556163554,39.351559652405946,691.068,0.195,9.778,0.741,1299.1011962890625,0.2114195078611374,11.00456428527832,0.8493846654891968
disaggregation_row179,disaggregation,Disaggregation,179,,,-5.5,-36.5,128,6.274115243305495,3.3205868715146765,17.060452892529277,34.48686744005702,33.984828035316,743.964,0.204,9.778,0.741,1484.6441650390625,0.20245027542114258,13.302708625793457,0.8607410192489624
disaggregation_row180,disaggregation,Disaggregation,180,,,-5.0167,-36.9667,128,32.38993836881243,31.66698589986724,23.017704079865982,63.405782225152535,60.148957138228674,552.732,0.217,9.778,0.741,1299.1011962890625,0.2114195078611374,11.00456428527832,0.8493846654891968
disaggregation_row181,disaggregation,Disaggregation,181,,,-5.5,-36.85,128,11.252478318853795,8.330583957152982,17.967300253868075,32.71233657711729,30.077331895303967,646.849,0.193,9.778,0.741,1304.6552734375,0.20234856009483337,13.303031921386719,0.860744059085846
disaggregation_row182,disaggregation,Disaggregation,182,,,-5.7,-36.5333,128,67.62779593367493,62.90460453649917,26.91243954586381,92.00715909434972,90.6231122585555,479.85,0.199,9.778,0.741,1484.6441650390625,0.20245027542114258,13.302708625793457,0.8607410192489624
disaggregation_row183,disaggregation,Disaggregation,183,,,-5.5667,-36.9167,128,0.16477196579599673,-2.6518040936966334,16.077024793453944,38.38782260133917,37.73672693487391,703.015,0.2,9.778,0.741,1304.6552734375,0.20234856009483337,13.303031921386719,0.860744059085846
disaggregation_row184,disaggregation,Disaggregation,184,,,-5.6333,-36.8667,128,61.574166947874886,56.97867836477636,25.992551998753314,87.13663746214283,84.73071607879284,504.731,0.195,9.778,0.741,1484.6441650390625,0.20245027542114258,13.302708625793457,0.8607410192489624
disaggregation_row185,disaggregation,Disaggregation,185,,,-5.1167,-36.6333,128,19.666978372508527,18.99880725624544,20.793179052976853,47.292769831771366,44.800939188822824,613.623,0.216,9.778,0.741,1299.1011962890625,0.2114195078611374,11.00456428527832,0.8493846654891968
disaggregation_row186,disaggregation,Disaggregation,186,,,-5.2833,-36.75,128,39.75425809463124,38.24887071652887,24.655183087119994,78.94325472354697,71.10277808908472,499.172,0.233,9.778,0.741,1299.1011962890625,0.2114195078611374,11.00456428527832,0.8493846654891968
disaggregation_row187,disaggregation,Disaggregation,187,,,-5.9667,-37.7,128,6.185869214431431,3.165733267707118,17.082196858730143,35.59189450979616,33.40707940674567,768.007,0.195,9.778,0.741,1484.6441650390625,0.20245027542114258,13.302708625793457,0.8607410192489624
disaggregation_row188,disaggregation,Disaggregation,188,,,-5.0833,-37.6333,128,5.88244952586742,5.627584688566287,18.5940639106183,34.28630284920937,31.357055649870002,734.552,0.198,9.778,0.741,1299.1011962890625,0.2114195078611374,11.00456428527832,0.8493846654891968
disaggregation_row189,disaggregation,Disaggregation,189,,,-5.7833,-37.5667,128,-4.874934885849198,-7.4723421547835915,15.48898103762272,43.604755181425304,39.31910275844775,775.538,0.186,9.778,0.741,1304.6552734375,0.20234856009483337,13.303031921386719,0.860744059085846
disaggregation_row190,disaggregation,Disaggregation,190,,,-5.9333,-37.9667,128,-3.454369369309554,-6.164618355210958,15.493999487425157,40.46793599841655,40.08025199026831,827.463,0.201,9.778,0.741,1484.6441650390625,0.20245027542114258,13.302708625793457,0.8607410192489624
disaggregation_row191,disaggregation,Disaggregation,191,,,-5.8333,-37.9833,128,-3.0269860353140867,-5.785109125399826,15.798496109003137,42.731964199316465,38.10298094097668,764.248,0.185,9.778,0.741,1304.6552734375,0.20234856009483337,13.303031921386719,0.860744059085846
disaggregation_row192,disaggregation,Disaggregation,192,,,-5.9833,-37.8167,128,6.0592166075673095,3.4692016213621457,17.268743187368603,36.61029201308495,32.37127099277312,784.141,0.188,9.778,0.741,1484.6441650390625,0.20245027542114258,13.302708625793457,0.8607410192489624
disaggregation_row193,disaggregation,Disaggregation,193,,,-5.1833,-37.3333,128,-1.139408084325342,-2.160576166405904,21.664725487016923,49.29394122853897,40.43428221342065,836.167,0.159,9.786,0.724,1299.1011962890625,0.2114195078611374,11.00456428527832,0.8493846654891968
disaggregation_row194,disaggregation,Disaggregation,194,,,-5.6,-37.7,128,40.325490070414716,36.834497316573234,22.743578915907,64.9313043841623,61.928917910275324,515.586,0.191,9.778,0.741,1304.6552734375,0.20234856009483337,13.303031921386719,0.860744059085846
disaggregation_row195,disaggregation,Disaggregation,195,,,-5.7833,-37.95,128,7.824693204980642,3.9877103261731035,18.381562150631467,40.164674594492574,34.02266907643385,741.668,0.165,9.778,0.741,1304.6552734375,0.20234856009483337,13.303031921386719,0.860744059085846
disaggregation_row196,disaggregation,Disaggregation,196,,,-5.8667,-37.1833,128,50.49948778141651,46.29602198120051,24.153966848068976,70.99419974052604,70.73862238571637,527.186,0.203,9.778,0.741,1484.6441650390625,0.20245027542114258,13.302708625793457,0.8607410192489624
disaggregation_row197,disaggregation,Disaggregation,197,,,-5.9833,-36.4167,128,16.975194168811782,13.131050355213933,19.21907397330203,40.53686971778392,37.503765731617875,598.44,0.2,9.778,0.741,1407.54833984375,0.17630480229854584,13.302977561950684,0.8607435822486877
disaggregation_row198,disaggregation,Disaggregation,198,,,-5.9833,-37.95,128,18.78206035567235,15.431214607695324,19.128941529711785,37.9977239175955,36.01201566392069,688.725,0.194,9.778,0.741,1484.6441650390625,0.20245027542114258,13.302708625793457,0.8607410192489624
disaggregation_row199,disaggregation,Disaggregation,199,,,-5.7833,-38.0667,128,21.55727211620827,17.485644398020874,19.94366260536973,46.46106395096643,41.04440552117487,625.561,0.179,9.778,0.741,1304.6552734375,0.20234856009483337,13.303031921386719,0.860744059085846
disaggregation_row200,disaggregation,Disaggregation,200,,,-5.9667,-38.15,128,21.605395797477453,18.19297378884773,19.515282000791068,38.40737842514795,38.018843278045246,611.383,0.194,9.778,0.741,1382.9998779296875,0.195174440741539,13.302973747253418,0.860743522644043
disaggregation_row201,disaggregation,Disaggregation,201,,,-6.2667,-35.2,128,22.223598880476224,22.95153786356986,24.71815034287937,74.46098368446752,66.20066545046674,744.633,0.196,9.778,0.741,1371.48974609375,0.27311673760414124,14.500917434692383,0.8608518242835999
disaggregation_row202,disaggregation,Disaggregation,202,,,-6.3,-35.4667,128,2.973318976395179,1.5825616247736312,18.02803638283995,43.09167238623082,34.79603265395512,827.864,0.22,9.778,0.741,1371.48974609375,0.27311673760414124,14.500917434692383,0.8608518242835999
disaggregation_row203,disaggregation,Disaggregation,203,,,-6.4667,-35.4333,128,17.10563094541269,18.267346131003464,24.037492014089192,68.7023094165864,60.714650897405775,779.682,0.194,9.778,0.741,1371.48974609375,0.27311673760414124,14.500917434692383,0.8608518242835999
disaggregation_row204,disaggregation,Disaggregation,204,,,-6.1167,-35.4833,128,42.870939980659415,42.243962909514714,27.535976730576877,98.12484808377569,88.74410139375945,627.782,0.203,9.778,0.741,1371.48974609375,0.27311673760414124,14.500917434692383,0.8608518242835999
disaggregation_row205,disaggregation,Disaggregation,205,,,-6.3,-35.7,128,17.344788691363057,13.022737840568041,18.012175887327775,39.65657622434102,34.81138793599711,677.535,0.247,9.778,0.741,1371.48974609375,0.27311673760414124,14.500917434692383,0.8608518242835999
disaggregation_row206,disaggregation,Disaggregation,206,,,-6.1833,-35.35,128,43.89413500482632,43.26266772860879,27.733180405306783,99.54375355713918,90.09582502218308,623.318,0.203,9.778,0.741,1371.48974609375,0.27311673760414124,14.500917434692383,0.8608518242835999
disaggregation_row207,disaggregation,Disaggregation,207,,,-6.0667,-35.3333,128,-15.746523972274726,-18.392661506898772,13.89682387906593,51.605224238028576,45.34199812323035,826.882,0.201,9.778,0.741,1407.54833984375,0.17630480229854584,13.302977561950684,0.8607435822486877
disaggregation_row208,disaggregation,Disaggregation,208,,,-6.0833,-35.2,128,-3.0252175571337356,-3.5606209916438214,18.56973167152549,48.369558138073366,35.331506889134886,922.668,0.204,9.778,0.741,1371.48974609375,0.27311673760414124,14.500917434692383,0.8608518242835999
disaggregation_row209,disaggregation,Disaggregation,209,,,-6.3333,-35.3167,128,12.725044021578276,11.783104733587807,21.185422024049426,54.045681147855646,46.75197958787763,787.594,0.207,9.778,0.741,1371.48974609375,0.27311673760414124,14.500917434692383,0.8608518242835999
disaggregation_row210,disaggregation,Disaggregation,210,,,-6.2,-35.0833,0,,,,,,900.717,0.209,9.778,0.741,,,,
disaggregation_row211,disaggregation,Disaggregation,211,,,-6.0,-35.8667,128,30.108397654073038,28.66224919277768,25.955377686030463,79.16695642884287,69.41662453519295,454.995,0.245,9.778,0.741,1407.54833984375,0.17630480229854584,13.302977561950684,0.8607435822486877
disaggregation_row212,disaggregation,Disaggregation,212,,,-6.0333,-35.4167,128,9.51793167004103,5.965583166162828,18.564006528019778,38.97961397463829,34.27636790156647,616.279,0.211,9.778,0.741,1407.54833984375,0.17630480229854584,13.302977561950684,0.8607435822486877
disaggregation_row213,disaggregation,Disaggregation,213,,,-6.1,-35.9167,128,11.031720485765874,9.679921639955746,23.470066767031327,57.30767083280597,48.181588351896465,513.928,0.257,9.778,0.741,1407.54833984375,0.17630480229854584,13.302977561950684,0.8607435822486877
disaggregation_row214,disaggregation,Disaggregation,214,,,-6.2667,-35.3667,128,25.058076509870624,23.25112332841669,22.53077158608629,66.69107707148635,58.798645684826596,696.862,0.214,9.778,0.741,1371.48974609375,0.27311673760414124,14.500917434692383,0.8608518242835999
disaggregation_row215,disaggregation,Disaggregation,215,,,-6.2667,-35.3833,128,35.04468875087585,35.317210802185,26.909947556309895,90.99445449369307,81.95131520989372,671.772,0.198,9.778,0.741,1371.48974609375,0.27311673760414124,14.500917434692383,0.8608518242835999
disaggregation_row216,disaggregation,Disaggregation,216,,,-6.3167,-35.0833,128,7.263070872922062,6.670865197438385,20.53983926746628,48.18177394748067,43.32419757678319,834.169,0.204,9.778,0.741,1371.48974609375,0.27311673760414124,14.500917434692383,0.8608518242835999
disaggregation_row217,disaggregation,Disaggregation,217,,,-6.3333,-35.3667,128,12.909505882368304,11.428996600631484,19.871289562086158,48.68281494553688,41.84037562746771,757.362,0.219,9.778,0.741,1371.48974609375,0.27311673760414124,14.500917434692383,0.8608518242835999
disaggregation_row218,disaggregation,Disaggregation,218,,,-6.15,-35.4333,128,68.89033592897732,69.56312507359891,33.90389430117934,139.9650809631437,128.60329741738346,538.014,0.197,9.778,0.741,1371.48974609375,0.27311673760414124,14.500917434692383,0.8608518242835999
disaggregation_row219,disaggregation,Disaggregation,219,,,-6.2667,-35.5,128,62.71419088633519,62.00013338206312,31.360430431739992,125.64227795235122,114.95864552309521,551.223,0.203,9.778,0.741,1371.48974609375,0.27311673760414124,14.500917434692383,0.8608518242835999
disaggregation_row220,disaggregation,Disaggregation,220,,,-6.35,-36.0833,128,2.1273878440180862,1.3206682747269274,18.92117685233989,44.53213897412839,35.20950491064878,609.998,0.228,9.778,0.741,1407.54833984375,0.17630480229854584,13.302977561950684,0.8607435822486877
disaggregation_row221,disaggregation,Disaggregation,221,,,-6.4,-35.6,128,66.8864930136521,64.99012656362211,30.62555336748453,124.94705646486304,114.29634114181893,526.109,0.211,9.778,0.741,1371.48974609375,0.27311673760414124,14.500917434692383,0.8608518242835999
disaggregation_row222,disaggregation,Disaggregation,222,,,-6.4333,-35.7833,128,53.18944694501876,49.77999392601961,25.289811701601792,93.43365260227226,85.07245648158208,540.312,0.231,9.778,0.741,1371.48974609375,0.27311673760414124,14.500917434692383,0.8608518242835999
disaggregation_row223,disaggregation,Disaggregation,223,,,-6.4667,-35.2833,128,44.69763299026276,42.53888839050374,25.056722691698806,88.65404244756361,79.72171618276387,585.87,0.222,9.778,0.741,1371.48974609375,0.27311673760414124,14.500917434692383,0.8608518242835999
disaggregation_row224,disaggregation,Disaggregation,224,,,-6.4333,-35.6333,128,57.904674205697816,55.6231234143748,28.44849566051933,110.47261362517777,100.50722920873851,551.904,0.214,9.778,0.741,1371.48974609375,0.27311673760414124,14.500917434692383,0.8608518242835999
disaggregation_row225,disaggregation,Disaggregation,225,,,-6.4,-35.05,128,-10.659497164535793,-11.866129740343812,15.64127340547481,50.62586449500634,40.03888290546633,954.191,0.22,9.778,0.741,1371.48974609375,0.27311673760414124,14.500917434692383,0.8608518242835999
disaggregation_row226,disaggregation,Disaggregation,226,,,-6.0333,-35.7,128,30.924916980259773,26.72905846803026,22.34820835847031,62.80328603296405,57.40345558918465,511.958,0.213,9.778,0.741,1407.54833984375,0.17630480229854584,13.302977561950684,0.8607435822486877
disaggregation_row227,disaggregation,Disaggregation,227,,,-6.1167,-36.8167,128,14.175808257835826,10.444317313381728,18.71959303327193,36.84280731789771,34.087624477370724,615.021,0.199,9.778,0.741,1407.54833984375,0.17630480229854584,13.302977561950684,0.8607435822486877
disaggregation_row228,disaggregation,Disaggregation,228,,,-6.2167,-36.6833,128,5.664853997967047,2.682019030950481,16.969438933980076,35.35116346214089,34.0932431897349,723.817,0.172,9.778,0.741,1407.54833984375,0.17630480229854584,13.302977561950684,0.8607435822486877
disaggregation_row229,disaggregation,Disaggregation,229,,,-6.2333,-36.0167,128,-2.390506383140682,-3.161538427645614,18.084145009296975,46.98591689219651,34.45188357317817,638.232,0.228,9.778,0.741,1407.54833984375,0.17630480229854584,13.302977561950684,0.8607435822486877
disaggregation_row230,disaggregation,Disaggregation,230,,,-6.3833,-36.2167,128,-16.316602019321728,-18.9984727116855,14.284324614076079,53.630005388231076,45.80028420737021,800.972,0.213,9.778,0.741,1407.54833984375,0.17630480229854584,13.302977561950684,0.8607435822486877
disaggregation_row231,disaggregation,Disaggregation,231,,,-6.05,-36.35,128,-19.906052109375395,-22.20931330257696,13.34884885792978,54.27204534454027,47.65774124416576,858.941,0.204,9.778,0.741,1407.54833984375,0.17630480229854584,13.302977561950684,0.8607435822486877
disaggregation_row232,disaggregation,Disaggregation,232,,,-6.7,-36.95,128,1.3381902256012568,-2.4829292634893863,16.339284249713007,40.327338469460145,38.462431731636315,792.436,0.18,9.778,0.741,1543.3258056640625,0.18687322735786438,14.448325157165527,0.8697780966758728
disaggregation_row233,disaggregation,Disaggregation,233,,,-6.15,-36.1167,128,52.36553997234796,47.754503951569454,25.56868145516771,86.90651516452374,81.70345124696753,447.795,0.207,9.778,0.741,1407.54833984375,0.17630480229854584,13.302977561950684,0.8607435822486877
disaggregation_row234,disaggregation,Disaggregation,234,,,-6.4333,-36.2,128,25.204912834087303,19.943286997173935,20.589009435902238,48.30134438940009,45.12658764513694,582.904,0.21,9.778,0.741,1543.3258056640625,0.18687322735786438,14.448325157165527,0.8697780966758728
disaggregation_row235,disaggregation,Disaggregation,235,,,-6.55,-36.5833,128,47.97833756586451,42.60423199341122,23.916590165886827,69.51838877290388,68.05925442827245,515.277,0.195,9.778,0.741,1543.3258056640625,0.18687322735786438,14.448325157165527,0.8697780966758728
disaggregation_row236,disaggregation,Disaggregation,236,,,-6.55,-36.5833,128,16.71173636682177,15.227556448002051,21.767626419321694,53.457255572018255,47.090139787977805,552.109,0.239,9.778,0.741,1543.3258056640625,0.18687322735786438,14.448325157165527,0.8697780966758728
disaggregation_row237,disaggregation,Disaggregation,237,,,-6.4333,-36.6333,128,-0.7190480136863773,-3.7479911416833853,16.004768203453114,40.723059004177536,37.2070692228604,731.885,0.188,9.778,0.741,1407.54833984375,0.17630480229854584,13.302977561950684,0.8607435822486877
disaggregation_row238,disaggregation,Disaggregation,238,,,-6.2333,-36.1667,128,-13.162509182071357,-13.759920306542053,16.313357254942794,53.2114071527255,41.70975974210897,709.795,0.231,9.778,0.741,1407.54833984375,0.17630480229854584,13.302977561950684,0.8607435822486877
disaggregation_row239,disaggregation,Disaggregation,239,,,-6.1333,-36.7167,128,57.312476524285984,53.022614923696594,25.307188213447272,81.31851669298172,79.65297687392423,469.664,0.182,9.778,0.741,1407.54833984375,0.17630480229854584,13.302977561950684,0.8607435822486877
disaggregation_row240,disaggregation,Disaggregation,240,,,-6.1,-37.6333,128,-0.8858122820111713,-4.142985953036529,16.676956930892768,44.09111048686941,36.028811707082866,900.224,0.17,9.778,0.741,1484.6441650390625,0.20245027542114258,13.302708625793457,0.8607410192489624
disaggregation_row241,disaggregation,Disaggregation,241,,,-6.6667,-37.4,128,-13.054081631063106,-15.514860119414235,13.970374892776597,46.971606573252764,45.66069209190034,881.58,0.171,9.778,0.741,1405.0697021484375,0.17645470798015594,13.302978515625,0.8607435822486877
disaggregation_row242,disaggregation,Disaggregation,242,,,-6.7167,-37.2,128,1.1161618216209803,-2.677191585195402,16.2799543281665,39.96529696580326,38.915316344783996,786.021,0.183,9.778,0.741,1543.3258056640625,0.18687322735786438,14.448325157165527,0.8697780966758728
disaggregation_row243,disaggregation,Disaggregation,243,,,-6.0833,-37.9167,128,-11.465203969740116,-13.599018500717026,15.73479286946194,51.39146741388006,42.423057758737876,1044.798,0.157,9.778,0.741,1484.6441650390625,0.20245027542114258,13.302708625793457,0.8607410192489624
disaggregation_row244,disaggregation,Disaggregation,244,,,-6.3833,-37.1833,128,-22.349515149418067,-24.094185054601976,13.623908083686688,57.18636275786512,49.08386573788792,840.964,0.218,9.778,0.741,1407.54833984375,0.17630480229854584,13.302977561950684,0.8607435822486877
disaggregation_row245,disaggregation,Disaggregation,245,,,-6.15,-37.7833,128,2.1696737473187353,-0.44070648659304057,16.64165300721339,39.17059447215079,34.81112354579591,817.712,0.187,9.778,0.741,1484.6441650390625,0.20245027542114258,13.302708625793457,0.8607410192489624
disaggregation_row246,disaggregation,Disaggregation,246,,,-6.0167,-37.4,128,33.87442600883316,30.62309164785532,21.76943912213639,58.380981178976775,54.97265818510276,619.027,0.189,9.778,0.741,1484.6441650390625,0.20245027542114258,13.302708625793457,0.8607410192489624
disaggregation_row247,disaggregation,Disaggregation,247,,,-6.0333,-37.9833,128,5.770782998450305,3.1131862932273613,17.12119348139894,36.142290851527505,33.08267264880184,776.239,0.192,9.778,0.741,1484.6441650390625,0.20245027542114258,13.302708625793457,0.8607410192489624
disaggregation_row248,disaggregation,Disaggregation,248,,,-6.35,-37.15,128,9.11606032659196,5.787059803652786,17.590254906518805,34.85088387782934,30.986588205697092,665.917,0.188,9.778,0.741,1407.54833984375,0.17630480229854584,13.302977561950684,0.8607435822486877
disaggregation_row249,disaggregation,Disaggregation,249,,,-6.0667,-37.5,128,64.68307232282157,59.5977787443454,28.419070160407234,108.02825711904656,96.66933474864612,553.941,0.163,9.778,0.741,1484.6441650390625,0.20245027542114258,13.302708625793457,0.8607410192489624
disaggregation_row250,disaggregation,Disaggregation,250,,,-6.0833,-37.7167,128,37.55719824081171,34.21642242145781,22.36829798035821,62.7379080166759,59.23582493991178,602.454,0.189,9.778,0.741,1484.6441650390625,0.20245027542114258,13.302708625793457,0.8607410192489624
disaggregation_row251,disaggregation,Disaggregation,251,,,-6.1667,-37.85,128,21.65088183061169,18.359111708809596,19.599410718608468,40.93576185528605,39.52644812021334,636.527,0.21,9.778,0.741,1484.6441650390625,0.20245027542114258,13.302708625793457,0.8607410192489624
disaggregation_row252,disaggregation,Disaggregation,252,,,-6.1167,-37.95,128,15.082572808474868,11.955837821476534,18.52546655623346,32.958750610143134,31.671395573171832,675.184,0.209,9.778,0.741,1484.6441650390625,0.20245027542114258,13.302708625793457,0.8607410192489624
disaggregation_row253,disaggregation,Disaggregation,253,,,-6.2167,-37.8833,128,17.763270037046958,14.340291597562064,19.205332053979944,40.52967336184588,36.44272661799972,706.118,0.167,9.778,0.741,1458.333740234375,0.185271754860878,13.303224563598633,0.8607458472251892
disaggregation_row254,disaggregation,Disaggregation,254,,,-6.4667,-37.2667,128,7.427938927236527,4.392921031475075,17.866552697291993,38.45424200734883,30.68189646868049,642.164,0.203,9.778,0.741,1407.54833984375,0.17630480229854584,13.302977561950684,0.8607435822486877
disaggregation_row255,disaggregation,Disaggregation,255,,,-6.4167,-38.0167,128,3.447386477701501,0.8104996316046362,16.850073822467927,38.401348501401046,33.99603788633523,743.495,0.164,9.778,0.741,1367.031005859375,0.1794188916683197,13.303008079528809,0.8607438206672668
disaggregation_row256,disaggregation,Disaggregation,256,,,-6.4167,-38.4,128,-10.203874247563416,-13.151583463632749,14.74686914335365,48.314691888199256,41.97348827628097,805.748,0.188,9.778,0.741,1453.867919921875,0.1645171195268631,13.303227424621582,0.860745906829834
disaggregation_row257,disaggregation,Disaggregation,257,,,-6.1167,-38.2167,128,4.4890888416949135,1.590336819859374,17.012431932361537,38.11863775579586,33.34899248981617,760.427,0.185,9.778,0.741,1403.4490966796875,0.20157308876514435,13.30294418334961,0.8607432246208191
disaggregation_row258,disaggregation,Disaggregation,258,,,-6.0833,-38.3667,128,30.53947073236396,26.846906109554958,20.972506625191865,50.260754439811684,48.81814614104597,567.114,0.187,9.778,0.741,1358.1702880859375,0.19221745431423187,13.302998542785645,0.8607437610626221
disaggregation_row259,disaggregation,Disaggregation,259,,,-6.2667,-38.3167,128,30.49048420369848,26.145488293213837,21.403969428257273,57.16926500657176,51.405082816182315,651.469,0.164,9.778,0.741,1459.847900390625,0.18714967370033264,13.303223609924316,0.8607458472251892
disaggregation_row260,disaggregation,Disaggregation,260,,,-6.0833,-38.1167,128,23.13500479577381,19.422769460568844,20.12727397016728,47.502015766444636,42.807216153097436,637.165,0.184,9.778,0.741,1366.1705322265625,0.20403145253658295,13.302974700927734,0.860743522644043
disaggregation_row261,disaggregation,Disaggregation,261,,,-6.1167,-38.3167,128,35.170816864127815,30.62990484340162,23.162092319323865,69.70453676177418,60.547255619267546,618.882,0.179,9.778,0.741,1363.3629150390625,0.21724000573158264,13.302956581115723,0.8607433438301086
disaggregation_row262,disaggregation,Disaggregation,262,,,-6.2,-38.2833,128,43.745190873358595,39.93786013363783,25.397729590035674,84.97933893289091,74.38044418348747,607.934,0.157,9.778,0.741,1403.4490966796875,0.20157308876514435,13.30294418334961,0.8607432246208191
disaggregation_row263,disaggregation,Disaggregation,263,,,-6.25,-38.4333,128,44.931960400263165,40.03331717694096,24.82146602978136,81.8747282375349,72.06957690235954,594.226,0.167,9.778,0.741,1403.72509765625,0.20514795184135437,13.302936553955078,0.8607431650161743
disaggregation_row264,disaggregation,Disaggregation,264,,,-6.3167,-38.2833,128,0.17066375673568307,-2.74000709991789,16.33105208939582,41.000858355486365,36.01779452108297,767.01,0.159,9.778,0.741,1348.250732421875,0.17709596455097198,13.303028106689453,0.8607439994812012
disaggregation_row265,disaggregation,Disaggregation,265,,,-6.2667,-38.05,128,51.73439508720738,46.7739114952751,25.03085903868401,83.9561573693212,76.60536467242697,563.409,0.16,9.778,0.741,1458.333740234375,0.185271754860878,13.303224563598633,0.8607458472251892
disaggregation_row266,disaggregation,Disaggregation,266,,,-6.1833,-38.2167,128,48.61297170416631,45.08110878116547,26.434099093789477,92.30233504212697,81.18310461290145,588.429,0.156,9.778,0.741,1403.4490966796875,0.20157308876514435,13.30294418334961,0.8607432246208191
disaggregation_row267,disaggregation,Disaggregation,267,,,-6.3167,-38.4833,128,25.668747743407653,22.225683337427814,20.202018047519747,44.40966737093532,43.28176957353361,628.381,0.182,9.778,0.741,1498.71923828125,0.17739297449588776,13.302791595458984,0.8607418537139893
disaggregation_row268,disaggregation,Disaggregation,268,,,-6.4,-38.3167,128,26.97980807658558,23.83643920003727,20.594192641167055,49.451975427867424,46.62626431729521,633.868,0.17,9.778,0.741,1449.423828125,0.18179400265216827,13.303227424621582,0.8607458472251892
disaggregation_row269,disaggregation,Disaggregation,269,,,-6.4667,-38.2667,128,31.755549238314916,27.849999144886233,21.52628845778591,57.689952426595376,52.79362356687832,629.153,0.159,9.778,0.741,1446.6705322265625,0.17853239178657532,13.303229331970215,0.860745906829834
disaggregation_row270,disaggregation,Disaggregation,270,,,-5.067,-36.061,0,,,,,,438.444,0.189,9.778,0.741,,,,
disaggregation_row271,disaggregation,Disaggregation,271,,,-5.05,-36.8,0,,,,,,459.989,0.21,9.778,0.741,,,,
disaggregation_row272,disaggregation,Disaggregation,272,,,-6.4833,-36.85,128,45.34788643615171,41.73023517375265,23.556081511223397,70.8112528776799,67.71362415727558,536.956,0.165,9.778,0.741,1407.54833984375,0.17630480229854584,13.302977561950684,0.8607435822486877
disaggregation_row273,disaggregation,Disaggregation,273,,,-8.9322,-62.05559999,128,3.9651845107738466,-3.181215679153286,23.548170092755033,63.732318820808004,61.425926466175284,918.0142,0.2085,13.8681,0.7137,6542.49755859375,0.22226378321647644,50.47597122192383,1.0373433828353882
disaggregation_row274,disaggregation,Disaggregation,274,,,-8.9322,-62.05559999,128,22.257086405788833,14.36975651296896,28.3268839687495,59.10208196032197,54.05031986727904,826.299,0.191,13.868,0.714,6542.49755859375,0.22226378321647644,50.47597122192383,1.0373433828353882
disaggregation_row275,disaggregation,Disaggregation,275,,,-8.7667,-63.91669999,128,-67.70161413200384,-67.4524015568856,10.048771134304125,89.86526873829811,83.58890010742189,1774.359,0.332,13.867,0.714,3970.080810546875,0.20227932929992676,36.146419525146484,0.9619765281677246
disaggregation_row276,disaggregation,Disaggregation,276,,,-9.58639999,-62.3939,128,-3.9377505160902,-10.718767399890375,21.47580217200333,66.12504145719662,64.03184708744098,945.329,0.174,13.868,0.714,6173.271484375,0.18738560378551483,50.87190246582031,1.0355331897735596
disaggregation_row277,disaggregation,Disaggregation,277,,,-9.9317,-63.0569,128,-15.979358486619045,-21.66391275779643,17.632571170306015,67.1471088984472,63.501712814511215,1053.185,0.206,13.868,0.714,4391.85107421875,0.18464703857898712,38.02507781982422,0.974966824054718
disaggregation_row278,disaggregation,Disaggregation,278,,,-9.2606,-63.1619,128,-12.874538814995198,-19.169123780457024,18.192638335359707,65.72681309242986,65.36771617592825,981.296,0.182,13.868,0.714,4912.07373046875,0.18432863056659698,46.15353012084961,1.004659652709961
disaggregation_row279,disaggregation,Disaggregation,279,,,-9.8872,-62.9878,128,12.24783276764569,5.045644465189797,23.792734438093866,56.25391756673635,51.12436442970147,945.314,0.188,13.868,0.714,4541.33251953125,0.21273472905158997,38.06217956542969,0.9755096435546875
disaggregation_row280,disaggregation,Disaggregation,280,,,-9.7031,-65.3647,0,,,,,,930.547,0.314,13.868,0.714,,,,
disaggregation_row281,disaggregation,Disaggregation,281,,,-9.75559999,-66.61169999,128,13.187378831242636,11.574206272659943,27.986973791250197,51.58338484219184,46.490538422896435,918.097,0.19,13.868,0.714,2505.998046875,0.20854206383228302,17.931425094604492,0.8940940499305725
disaggregation_row282,disaggregation,Disaggregation,282,,,-10.5169,-62.00139999,128,35.90689036543679,39.102688182579676,37.32674019608963,133.27925773278372,107.02883402131516,1223.7,0.1361,12.7,0.7775,4535.5810546875,0.2611050605773926,42.75963592529297,0.9898045063018799
disaggregation_row283,disaggregation,Disaggregation,283,,,-10.4458,-62.4656,128,-2.1902282948663334,-8.194347654642268,20.73134130864763,62.759953035713785,57.704025841097014,826.2986,0.1914,13.8681,0.7137,4733.84130859375,0.16556836664676666,43.53779983520508,0.9924378991127014
disaggregation_row284,disaggregation,Disaggregation,284,,,-10.4458,-62.4656,128,-15.829258545161865,-20.585440122417737,18.319985423760002,68.91920458124626,62.436194356810375,918.014,0.204,13.868,0.714,4733.84130859375,0.16556836664676666,43.53779983520508,0.9924378991127014
disaggregation_row285,disaggregation,Disaggregation,285,,,-10.2364,-62.6272,128,17.695362191783722,13.075131966070531,27.835087283302478,64.45943857461056,54.38798845927234,926.701,0.173,13.868,0.714,4098.4755859375,0.235788956284523,37.40974426269531,0.9721235632896423
disaggregation_row286,disaggregation,Disaggregation,286,,,-10.7925,-65.3478,0,,,,,,935.889,0.239,13.868,0.714,,,,
disaggregation_row287,disaggregation,Disaggregation,287,,,-12.0153,-60.855,128,-16.783903271869203,-20.164418353385482,17.01534875709052,59.155569406440065,54.97339115732341,940.299,0.226,13.868,0.714,1995.9920654296875,0.20621757209300995,19.84235382080078,0.8793677091598511
disaggregation_row288,disaggregation,Disaggregation,288,,,-11.44079999,-61.48389999,128,-19.91840584128802,-23.26180898586584,16.963099676807644,64.45088102598874,56.04317815217369,941.599,0.231,13.868,0.714,2331.0830078125,0.1861848682165146,22.78788185119629,0.8942084908485413
disaggregation_row289,disaggregation,Disaggregation,289,,,-11.6836,-61.1922,128,44.92753437467229,47.98674679021781,40.99388386390634,137.076288668067,122.86734987339716,867.613,0.183,13.868,0.714,2384.4619140625,0.2897605299949646,21.9288330078125,0.8903408646583557
disaggregation_row290,disaggregation,Disaggregation,290,,,-12.7,-60.0833,128,-16.336933199057796,-14.788802694012432,23.880958626765903,62.25373673041232,50.666835255617265,734.652,0.233,13.868,0.714,1514.953857421875,0.15424753725528717,11.997745513916016,0.8451073169708252
disaggregation_row291,disaggregation,Disaggregation,291,,,-12.8514,-62.8992,0,,,,,,829.215,0.206,13.868,0.714,,,,
disaggregation_row292,disaggregation,Disaggregation,292,,,-8.79277778,-63.84611111,128,35.20080228880316,35.72237032481325,29.506561322294893,103.40841603435838,84.3671303311235,1173.0054,0.1287,13.0,0.7679,4121.78125,0.21749454736709595,36.15422439575195,0.9621512293815613
disaggregation_row293,disaggregation,Disaggregation,293,,,2.81666667,-60.65,128,18.050734055705433,15.987018242487926,18.189566443737764,53.123993355091216,42.21071137985852,951.57,0.161,12.0,0.76,3082.7958984375,0.201120987534523,41.32445526123047,0.9264764785766602
disaggregation_row294,disaggregation,Disaggregation,294,,,-27.3889,-52.4544,128,30.00545760376969,38.90995789703526,24.8204956178008,98.01114806158203,87.3575893432585,1571.4,0.1488,16.2,0.8169,2364.762939453125,0.16002975404262543,9.332470893859863,0.8601449728012085
disaggregation_row295,disaggregation,Disaggregation,295,,,-28.66639999,-55.9797,0,,,,,,743.8,0.1834,9.6,0.6811,,,,
disaggregation_row296,disaggregation,Disaggregation,296,,,-29.82,-51.1611,128,33.987946498016925,47.04773121137487,31.02043103896989,117.92094704367771,112.05380576430751,1685.6,0.1594,23.3,0.838,2603.15625,0.15329915285110474,11.556527137756348,0.8738589882850647
disaggregation_row297,disaggregation,Disaggregation,297,,,-29.75,-57.0833,0,,,,,,1456.4,0.1759,29.7,0.7894,,,,
disaggregation_row298,disaggregation,Disaggregation,298,,,-30.9781,-54.6758,128,11.134006198590786,10.724886554014816,4.75719157589121,20.22147256147831,19.48908698510918,1362.4,0.1543,12.1859,0.8011,1467.4114990234375,0.17850695550441742,12.465563774108887,0.8108970522880554
disaggregation_row299,disaggregation,Disaggregation,299,,,-31.3675,-51.9867,128,-15.254598471811917,-14.375170791431149,16.20536038509549,42.40257120654233,39.29599769736128,1731.3,0.1795,21.7,0.8455,7351.12841796875,0.16879525780677795,84.40196228027344,1.0478925704956055
disaggregation_row300,disaggregation,Disaggregation,300,,,-31.40439999,-52.67329999,128,4.270492545167126,0.3696159275913724,18.486012055105313,45.24145516756264,42.179520533623766,838.44,0.1341,9.3677,0.7271,4205.5703125,0.12305668741464615,45.090003967285156,0.9595311284065247
disaggregation_row301,disaggregation,Disaggregation,301,,,-31.67279999,-52.17779999,128,-3.0903924454788294,-1.816679968556461,26.728452495568284,47.50357654771291,43.77861962863542,1543.18,0.1513,13.4694,0.8341,13142.0888671875,0.16660232841968536,101.77735900878906,1.119593858718872
disaggregation_row302,disaggregation,Disaggregation,302,,,-32.5381,-52.5386,128,30.336808606789553,37.741374795312986,60.19542554727768,210.38801695866178,138.65614428602666,1218.48,0.0768,9.3661,0.7271,19633.396484375,0.26344168186187744,109.66665649414062,1.1677324771881104
disaggregation_row303,disaggregation,Disaggregation,303,,,-32.5381,-52.5386,128,31.069069026453455,38.06705011923092,59.77011058467657,208.94341866755218,137.79447059106315,1218.48,0.08,9.37,0.73,19633.396484375,0.26344168186187744,109.66665649414062,1.1677324771881104
disaggregation_row304,disaggregation,Disaggregation,304,,,-26.3217,-48.8464,128,43.51933358979787,42.194145864107796,32.07694525874158,83.52528912400128,83.13956943415913,1218.2,0.1997,33.7,0.7948,3837.9267578125,0.1992298662662506,33.134986877441406,0.9463295936584473
disaggregation_row305,disaggregation,Disaggregation,305,,,-26.4239,-49.2925,128,33.88103277796533,26.09283418388054,28.24059675805023,61.076294909196065,57.952664018118085,1214.9,0.1704,35.0,0.7993,5352.06005859375,0.14908479154109955,45.7426872253418,1.0033338069915771
disaggregation_row306,disaggregation,Disaggregation,306,,,-26.5561,-52.3308,128,40.29356652620598,35.634526018341354,27.094481967233843,82.2276828485241,73.03187085564744,1082.8,0.1791,14.5,0.7828,10124.5595703125,0.149028018116951,58.16667938232422,1.0518468618392944
disaggregation_row307,disaggregation,Disaggregation,307,,,-26.5836,-52.6403,128,45.45333887535739,39.103748788550064,19.55595017748903,65.48419403454186,61.66321751227161,1188.2,0.1805,14.7,0.7815,3769.45947265625,0.15934297442436218,22.93426513671875,0.9084793925285339
disaggregation_row308,disaggregation,Disaggregation,308,,,-26.6828,-53.2867,128,51.52308033746131,41.22491682793514,31.28668886536542,79.2166023521587,73.55700828809535,785.8,0.165,11.5,0.7122,6291.248046875,0.15659098327159882,39.346893310546875,0.9854781627655029
disaggregation_row309,disaggregation,Disaggregation,309,,,-28.2767,-48.7003,128,20.19011811004701,22.85239307073256,32.860522942511295,73.96087201243141,68.75401864206815,1235.0,0.1854,35.0,0.7772,3114.05322265625,0.19156984984874725,28.925203323364258,0.9297353029251099
disaggregation_row310,disaggregation,Disaggregation,310,,,-28.9583,-49.6014,128,88.05509019855268,108.55201622718846,68.0051891026347,263.632886017494,225.30486253951287,913.3,0.1756,29.4,0.7703,2618.98681640625,0.20241861045360565,15.140118598937988,0.8840456008911133
disaggregation_row311,disaggregation,Disaggregation,311,,,-9.91666667,-37.26666667,128,39.22418204721617,47.70841489426075,45.488285585151104,158.96963470148324,142.4323771463722,873.7,0.125,10.52,0.753,1268.6158447265625,0.285828560590744,13.360265731811523,0.8555929660797119
disaggregation_row312,disaggregation,Disaggregation,312,,,-9.7,-37.66666667,128,34.117882611986005,43.34057863693251,47.253686418626366,161.4884368046786,142.18850952525676,899.94,0.109,10.52,0.753,1197.9874267578125,0.2828627824783325,12.955493927001953,0.8554027676582336
disaggregation_row313,disaggregation,Disaggregation,313,,,-10.6,-36.95,128,43.86461485944778,45.2375843043875,30.7875224778663,112.62377847193292,103.72726035490636,1027.8,0.153,10.52,0.753,2034.9493408203125,0.2460433691740036,15.150237083435059,0.8655295372009277
disaggregation_row314,disaggregation,Disaggregation,314,,,-10.45,-36.65,128,77.80412035535191,79.05176835111466,39.03287694605961,165.9638648658234,154.93509930304583,893.6,0.149,10.52,0.753,2076.777099609375,0.2499266415834427,15.147960662841797,0.8614490628242493
disaggregation_row315,disaggregation,Disaggregation,315,,,-10.2,-36.86666667,128,60.92703669997074,66.89702516182051,43.91747025536217,169.47543969566217,156.9361369881572,984.38,0.14,10.52,0.753,1882.34765625,0.2714747190475464,14.498388290405273,0.86082923412323
disaggregation_row316,disaggregation,Disaggregation,316,,,-10.26666667,-37.03333333,128,21.12163639854797,20.897112419041136,21.881015026800313,65.49126024715997,56.84268131323838,957.79,0.168,10.52,0.753,1650.135009765625,0.2344064861536026,14.052773475646973,0.8584575057029724
disaggregation_row317,disaggregation,Disaggregation,317,,,-10.91666667,-37.05,0,,,,,,1250.88,0.188,10.52,0.753,,,,
disaggregation_row318,disaggregation,Disaggregation,318,,,-10.9417,-37.34499999,128,-12.145825165059044,-12.865012154194083,13.970824221077827,48.91708757945592,38.16416320168953,1188.81,0.168,10.52,0.753,1644.43896484375,0.22205515205860138,16.292219161987305,0.8650621175765991
disaggregation_row319,disaggregation,Disaggregation,319,,,-10.75,-37.5,128,1.1789949627747374,-0.2940732678161049,16.649326660584837,42.36765160829277,31.138194338454046,953.39,0.183,10.52,0.753,1501.9075927734375,0.23660816252231598,15.46662712097168,0.8660542964935303
disaggregation_row320,disaggregation,Disaggregation,320,,,-10.55,-37.53333333,128,20.123117195531535,19.50405811220297,20.95899429753041,63.95779735738521,51.33868011657331,795.3,0.135,10.52,0.753,1280.440673828125,0.1945137083530426,12.310888290405273,0.8474902510643005
disaggregation_row321,disaggregation,Disaggregation,321,,,-10.11666667,-37.1,128,-79.49924180360198,-69.84212121029952,22.52977582948934,95.63106521916855,93.56698436180356,853.3,0.71,10.52,0.753,1588.4620361328125,0.2627584934234619,14.05373764038086,0.8584662079811096
disaggregation_row322,disaggregation,Disaggregation,322,,,-10.96666667,-37.3,128,3.493389217817199,-0.019752848095938802,13.987189315089344,37.00906856544089,29.00974107495191,1021.8,0.168,10.52,0.753,1788.233642578125,0.19572441279888153,16.457340240478516,0.8658658266067505
disaggregation_row323,disaggregation,Disaggregation,323,,,-10.55,-37.63333333,128,-3.7063548189759135,-5.428417964980119,15.219478968493986,41.39829715220009,31.963413136559115,913.6,0.131,10.52,0.753,1230.7509765625,0.1715567409992218,12.00117015838623,0.8463233709335327
disaggregation_row324,disaggregation,Disaggregation,324,,,-10.21666667,-37.41666667,128,23.185425121106334,27.336218167369765,34.81231697296259,110.90962927273279,96.91467840457466,905.2,0.118,10.52,0.753,1250.1375732421875,0.25430744886398315,13.325580596923828,0.8568857312202454
disaggregation_row325,disaggregation,Disaggregation,325,,,-10.5,-37.21666667,128,29.372090045662617,29.55903354135262,24.41387054882948,80.323639267245,70.54794507616882,838.7,0.161,10.52,0.753,1528.28076171875,0.23271869122982025,14.02023983001709,0.8597051501274109
disaggregation_row326,disaggregation,Disaggregation,326,,,-10.73333333,-37.8,128,12.854802083374356,13.89982125642729,23.785199911257326,65.85276218606602,57.97187227891552,862.5,0.117,10.52,0.753,1312.59912109375,0.2074192762374878,14.484621047973633,0.861509382724762
disaggregation_row327,disaggregation,Disaggregation,327,,,-10.91666667,-37.66666667,128,16.22752326723903,16.468813135054436,22.445472120679582,64.55610286250123,56.98371968223862,851.6,0.134,10.52,0.753,1392.0574951171875,0.21701966226100922,15.748903274536133,0.8624728322029114
disaggregation_row328,disaggregation,Disaggregation,328,,,-10.7086,-38.1775,128,2.0330886231481493,3.7819953260864674,24.103891106766376,65.15329902314915,47.560561277092475,949.6,0.109,10.52,0.753,1081.7049560546875,0.21397830545902252,11.181953430175781,0.8426216244697571
disaggregation_row329,disaggregation,Disaggregation,329,,,-11.0303,-37.47829999,128,7.333523189937628,6.871084297902025,18.26845506894551,43.904013135593594,38.39048840802712,1053.3,0.173,10.52,0.753,1799.673583984375,0.23769041895866394,17.44321632385254,0.8708769083023071
disaggregation_row330,disaggregation,Disaggregation,330,,,-11.05,-37.85,128,34.22711362603559,34.678323841891455,26.607825665375707,92.42321465034686,82.3389679091285,778.4,0.16,10.52,0.753,1524.4892578125,0.24698925018310547,16.980985641479492,0.869071900844574
disaggregation_row331,disaggregation,Disaggregation,331,,,-11.26666667,-37.45,128,0.7073117159303763,-2.963973499496602,12.254911343052289,36.14434079405248,31.7210926122357,1047.5,0.166,10.52,0.753,1948.152587890625,0.18095079064369202,18.480409622192383,0.8700035810470581
disaggregation_row332,disaggregation,Disaggregation,332,,,-11.18333333,-38.0,128,12.927440822973537,13.657730343055855,22.61474222547223,63.504740694593245,55.28032360964072,872.87,0.137,10.52,0.753,1383.1644287109375,0.2290767878293991,17.069528579711914,0.8641400337219238
disaggregation_row333,disaggregation,Disaggregation,333,,,-20.08333,-47.4333,128,34.581565043919404,30.844317166979337,38.915221954774864,87.51422413457861,79.87456583740666,715.6,0.2024,18.8,0.7296,3443.868896484375,0.17824138700962067,24.398286819458008,0.9578417539596558
disaggregation_row334,disaggregation,Disaggregation,334,,,-20.1786,-47.8867,128,-13.02263085981003,-17.46767827734554,21.479622893076414,74.73020534925224,65.09368925979534,2314.0,0.2198,33.8,0.8805,27120.759765625,0.1542997807264328,86.11432647705078,1.2517311573028564
disaggregation_row335,disaggregation,Disaggregation,335,,,-20.7333,-47.8833,128,-18.169800506088226,-9.425299340967044,17.986749747588604,31.544376869520118,28.582923332625942,3545.1,0.148,44.55,0.9364,2700.87841796875,0.13438110053539276,22.3192081451416,0.9369810819625854
disaggregation_row336,disaggregation,Disaggregation,336,,,-20.8,-47.7667,128,-0.5316918451674748,-1.6914381844185142,14.178358449204545,34.03186452309112,28.69041212945041,1372.4,0.1585,17.7,0.821,2272.45361328125,0.1426987200975418,18.38807487487793,0.9101573824882507
disaggregation_row337,disaggregation,Disaggregation,337,,,-20.4,-47.4,128,-10.802529605651564,-4.594226581693664,20.185012496546204,34.791893948659514,33.67958503887742,2544.9,0.1611,36.3,0.8836,2788.169189453125,0.16564057767391205,22.482812881469727,0.9403467178344727
disaggregation_row338,disaggregation,Disaggregation,338,,,-20.2833,-47.6833,128,-8.377686495337729,-9.62179400561662,21.882912747310474,61.30192414739377,48.14486795743779,2051.4,0.2462,34.2,0.8726,6541.68798828125,0.17582251131534576,41.29238510131836,1.0537972450256348
disaggregation_row339,disaggregation,Disaggregation,339,,,-20.7333,-47.75,128,-8.78030796990689,-0.7095063630045892,19.95003109462825,50.78545447719658,34.297930739387105,3881.7,0.1328,44.33,0.9346,2837.635009765625,0.1640380322933197,22.71187400817871,0.937339186668396
disaggregation_row340,disaggregation,Disaggregation,340,,,-20.7333,-48.05,128,-18.349664035575906,-7.133954117998632,19.67300306550501,39.2686984284416,31.119823971730625,3514.8,0.1394,44.77,0.9373,2265.583251953125,0.1516430824995041,19.803119659423828,0.9243682622909546
disaggregation_row341,disaggregation,Disaggregation,341,,,-20.99919999,-48.0244,128,-17.07498971124385,-13.843761912550171,13.68977990042821,37.58343212968069,32.63117220415822,1551.1,0.1555,13.73,0.8081,1474.100830078125,0.17618617415428162,9.074624061584473,0.8552986979484558
disaggregation_row342,disaggregation,Disaggregation,342,,,-20.7333,-48.9,128,-14.523527875453388,-1.0823376640285565,25.828625618924733,74.77551193714841,54.503405452851865,1787.8,0.1791,29.6,0.8536,1398.187744140625,0.15090537071228027,8.640974998474121,0.842435359954834
disaggregation_row343,disaggregation,Disaggregation,343,,,-21.4203,-46.9628,128,-32.231950207182294,-34.97415243890503,6.831383258161152,48.36625480049994,46.845062129122084,4082.7,0.1477,20.05,0.9622,2834.12890625,0.14180617034435272,28.842390060424805,0.9536457657814026
disaggregation_row344,disaggregation,Disaggregation,344,,,-21.5333,-46.6333,128,1.2703841053864722,-2.4890903244667557,13.936125301874199,42.24148197666438,34.45200837822148,1111.3,0.1591,15.7,0.8018,3034.48583984375,0.13342969119548798,29.725435256958008,0.9528387784957886
disaggregation_row345,disaggregation,Disaggregation,345,,,-21.0167,-47.4,128,-12.346917453425709,-13.65202871192392,13.281621175569375,48.41641153059037,36.88901746233867,1218.1,0.2148,15.0,0.8149,2282.076904296875,0.15721824765205383,20.091732025146484,0.9159272313117981
disaggregation_row346,disaggregation,Disaggregation,346,,,-21.1,-47.15,128,-22.8757564784358,-22.156238792101238,5.6463815393387415,31.73105450019017,29.686249327636975,4743.0,0.1932,35.2,0.9937,2375.60595703125,0.17513027787208557,22.158613204956055,0.925914466381073
disaggregation_row347,disaggregation,Disaggregation,347,,,-21.1,-47.75,128,-17.337246208540073,-13.963363581204018,15.210721374274799,40.48741967844892,34.31936284300692,1372.4,0.1585,17.7,0.8167,1509.565185546875,0.12901167571544647,11.148929595947266,0.8635050058364868
disaggregation_row348,disaggregation,Disaggregation,348,,,-21.3183,-47.4767,128,-13.337261371877437,-11.554057763363971,10.34962159514634,30.163223236772584,29.17949048913918,1842.2,0.1532,21.2,0.855,2001.7957763671875,0.15036047995090485,17.599491119384766,0.9010682702064514
disaggregation_row349,disaggregation,Disaggregation,349,,,-21.3,-47.9333,128,-19.799315232769157,-11.65997424849201,18.69732661353105,42.424987012400855,33.13782500885669,1353.8,0.1523,13.62,0.8074,1254.5634765625,0.13298647105693817,4.988048553466797,0.8333523869514465
disaggregation_row350,disaggregation,Disaggregation,350,,,-21.3667,-47.7167,128,-21.69742422717488,-19.136872332617717,11.650899985145184,40.34724149376338,35.87974233371737,1392.4,0.1617,13.67,0.8076,1435.8570556640625,0.14432094991207123,9.839101791381836,0.8552897572517395
disaggregation_row351,disaggregation,Disaggregation,351,,,-21.45,-47.9,128,-16.264928321087076,-13.675249392440033,17.250014782822777,44.25657997371642,37.34908341481621,1164.8,0.1862,13.63,0.8075,1345.9112548828125,0.11899030208587646,7.36029577255249,0.8413161635398865
disaggregation_row352,disaggregation,Disaggregation,352,,,-21.8342,-47.2939,128,8.731277025843308,4.41866965764544,14.839637357970675,37.44620654392896,32.07143453151379,1340.0,0.1474,15.6,0.815,3600.95361328125,0.16579636931419373,31.269140243530273,0.9743205904960632
disaggregation_row353,disaggregation,Disaggregation,353,,,-21.0167,-47.7667,128,-12.06882973375217,-11.989838885360522,11.434039597870083,36.777848637126766,32.25656932683258,1348.06,0.1504,13.68,0.8076,1747.38330078125,0.1363813728094101,13.046887397766113,0.8760301470756531
disaggregation_row354,disaggregation,Disaggregation,354,,,-21.4333,-47.3333,128,19.12616448947138,15.341280955927441,16.85371735958567,33.16965105040332,32.164115397973454,1212.9,0.161,18.2,0.8129,2575.1865234375,0.164760559797287,22.0269718170166,0.9243579506874084
disaggregation_row355,disaggregation,Disaggregation,355,,,-21.7,-47.4667,128,5.802539696825098,0.5796878060301094,13.233869668488653,34.23432124312039,30.792372184558918,1311.8,0.1556,13.8,0.8,2568.65478515625,0.16699016094207764,21.038721084594727,0.9191246032714844
disaggregation_row356,disaggregation,Disaggregation,356,,,-21.05,-48.2667,128,4.316750154937532,12.117225201912879,25.353233070084386,97.00333342033419,61.82059196267268,1373.5,0.1376,13.57,0.8073,1285.1053466796875,0.1849820613861084,4.880517959594727,0.8331805467605591
disaggregation_row357,disaggregation,Disaggregation,357,,,-21.1833,-48.1167,128,-24.293318619220862,-14.36593964798696,20.893454876417252,44.45798108734442,39.44304650091972,1541.47,0.1499,13.6,0.8076,1278.9891357421875,0.1420009583234787,3.723590612411499,0.8313755393028259
disaggregation_row358,disaggregation,Disaggregation,358,,,-21.2667,-48.5,128,-15.580334990586714,-0.04365348263503943,32.467956363443506,102.92846938340878,77.29154948031544,1473.3,0.1466,19.66,0.8094,1114.636474609375,0.17403264343738556,3.6178619861602783,0.8255490064620972
disaggregation_row359,disaggregation,Disaggregation,359,,,-21.3667,-48.0667,128,-1.6573061860648508,9.900875938027449,26.729884583489167,80.84373088346447,78.45258681098112,1065.2,0.1622,11.4,0.79,1240.310546875,0.1592252552509308,3.4122345447540283,0.8299465179443359
disaggregation_row360,disaggregation,Disaggregation,360,,,-21.35,-48.2,128,-10.681718260632927,4.230448885584142,30.370406125528632,95.56719711538481,84.15297340702072,1389.4,0.1372,13.72,0.808,1270.2611083984375,0.14941133558750153,2.5452792644500732,0.8325981497764587
disaggregation_row361,disaggregation,Disaggregation,361,,,-21.5,-48.0333,128,-0.0947513855367629,8.41936248853193,21.914112291685065,76.80208572369382,54.5364755201601,1321.0,0.1764,13.61,0.8075,1241.1593017578125,0.204656183719635,5.004716873168945,0.8268507719039917
disaggregation_row362,disaggregation,Disaggregation,362,,,-21.1167,-48.4167,128,-9.481146479874425,4.435841812410121,27.41240320878085,92.39765511040137,73.29672402556038,1831.5,0.1667,21.6,0.8543,1184.12646484375,0.1879352331161499,4.295192718505859,0.827238917350769
disaggregation_row363,disaggregation,Disaggregation,363,,,-22.45,-46.8167,128,1.3261689701331538,-3.8129683986108773,17.367795024023483,50.64894653582055,49.06884833356784,1319.3,0.1681,17.8,0.8177,5558.869140625,0.16170281171798706,42.69098663330078,1.0456997156143188
disaggregation_row364,disaggregation,Disaggregation,364,,,-22.6,-46.7,128,-18.948632330990357,-20.336614436894713,8.945184114723618,44.1624176205732,42.3265659969451,2668.6,0.1564,24.9,0.9045,6160.89501953125,0.1498335748910904,50.750423431396484,1.0537164211273193
disaggregation_row365,disaggregation,Disaggregation,365,,,-22.7,-46.6667,128,-12.535555013330875,-14.173441627696082,9.72638952912613,40.17712525349638,38.152474953250845,2574.5,0.1424,24.8,0.9031,6160.89501953125,0.1498335748910904,50.750423431396484,1.0537164211273193
disaggregation_row366,disaggregation,Disaggregation,366,,,-22.1333,-47.6667,128,5.106628352818392,5.498595143365979,3.49484098845357,14.412344964196581,11.486455538367741,3781.1,0.1757,34.4,0.9808,3756.978271484375,0.18674689531326294,31.455507278442383,0.9818553924560547
disaggregation_row367,disaggregation,Disaggregation,367,,,-22.1667,-47.2833,128,29.32635643982564,24.595783675122256,15.654440733285897,42.793526261576,41.1626468665892,1277.8,0.1957,17.6,0.8559,4366.09423828125,0.19155023992061615,35.03874969482422,1.0087488889694214
disaggregation_row368,disaggregation,Disaggregation,368,,,-22.4167,-47.55,128,8.297582983042563,9.33533520534248,12.132910415841437,33.53448308104251,31.765267982767984,4595.3,0.1466,35.3,0.9957,6232.8095703125,0.20052173733711243,40.53337860107422,1.060221552848816
disaggregation_row369,disaggregation,Disaggregation,369,,,-22.4333,-47.7167,128,2.8857407820032765,2.2119438175832054,4.509831661594506,12.33217452751075,9.200247565803611,4373.4,0.1727,35.7,0.9989,5664.6962890625,0.18786431849002838,41.214988708496094,1.0423046350479126
disaggregation_row370,disaggregation,Disaggregation,370,,,-22.6333,-47.05,128,24.697973610818316,21.577126154472325,18.736741550027084,52.47927477283614,45.70057034505665,1821.2,0.1635,15.4,0.8838,7715.32275390625,0.18315917253494263,42.4945182800293,1.0768626928329468
disaggregation_row371,disaggregation,Disaggregation,371,,,-22.6667,-47.2167,128,-96.25676053722214,-94.82175183289485,4.192617742502762,99.9020101677017,99.89910833971587,1680.1,0.1683,13.7,0.1683,7549.01123046875,0.17481818795204163,40.790504455566406,1.0828927755355835
disaggregation_row372,disaggregation,Disaggregation,372,,,-22.8833,-47.0833,128,-3.2373662951904394,-6.898227914011226,16.026274658531396,48.63730344030612,44.92134757603257,1887.4,0.1972,14.9,0.8768,8461.7216796875,0.18302366137504578,46.06982421875,1.1018717288970947
disaggregation_row373,disaggregation,Disaggregation,373,,,-22.9333,-47.25,128,1.7411326326280063,-0.4093280430487045,18.166095833482284,49.40638237061594,38.25123107753983,3096.5,0.1393,19.4,0.9302,12392.2998046875,0.18500758707523346,51.72797775268555,1.1575403213500977
disaggregation_row374,disaggregation,Disaggregation,374,,,-22.5667,-47.1667,128,27.395864697239727,24.56733945639926,20.360777592538664,63.3067860643456,51.607371128395535,1796.9,0.1502,14.9,0.8763,7313.19091796875,0.18647760152816772,40.68745803833008,1.070280909538269
disaggregation_row375,disaggregation,Disaggregation,375,,,-22.1333,-48.3167,128,-10.31414718182908,-10.936490058703237,6.028116449534758,28.649779188096087,22.635985403937507,2958.3,0.1554,25.0,0.9175,3317.037109375,0.17747847735881805,28.267091751098633,0.9681483507156372
disaggregation_row376,disaggregation,Disaggregation,376,,,-22.6833,-48.1167,128,9.536485790178912,10.542689424746978,16.20339133773611,48.642893993815186,37.92951548474706,4373.4,0.1509,35.4,0.9939,9038.068359375,0.21779979765415192,63.90458297729492,1.107146143913269
disaggregation_row377,disaggregation,Disaggregation,377,,,-22.05,-49.6167,128,-26.126149035086783,-23.779517291051597,8.51218840908067,35.74780087320075,33.158058234347905,4062.5,0.1681,30.2,0.9729,1590.8489990234375,0.14637888967990875,16.6411075592041,0.8634675145149231
disaggregation_row378,disaggregation,Disaggregation,378,,,-22.9997,-49.8333,128,-5.077159693737746,-4.7381209732346825,14.286800799592138,34.1635151407088,31.772638436097697,1375.6,0.1746,20.1,0.8082,2027.6405029296875,0.1673593521118164,18.838279724121094,0.8907452821731567
disaggregation_row379,disaggregation,Disaggregation,379,,,-23.25,-45.6833,128,24.9026519759837,40.049056711980626,34.54974731855357,140.50284691429565,132.21988807949424,2569.9,0.172,33.4,0.9376,1542.438720703125,0.1791159063577652,6.583115100860596,0.8477388024330139
disaggregation_row380,disaggregation,Disaggregation,380,,,-23.2833,-45.5333,128,12.328057154961412,26.91926330474696,38.646255088587594,123.08040288002096,116.08823487009576,883.1,0.1644,13.9,0.7703,1367.1348876953125,0.1708657443523407,4.8493266105651855,0.8476383090019226
disaggregation_row381,disaggregation,Disaggregation,381,,,-23.2833,-45.95,128,28.502850681630772,31.817157599237696,10.658434971254941,67.74876718015442,56.681920021224926,2594.3,0.2255,23.7,0.9644,2142.9521484375,0.2393590658903122,18.64345932006836,0.8969588279724121
disaggregation_row382,disaggregation,Disaggregation,382,,,-23.3692,-45.9003,128,19.644297578296943,20.0929783429667,17.90352169091542,80.31017984716951,50.46156125712097,3671.3,0.1383,26.4,0.9689,2062.28515625,0.21642501652240753,18.19134521484375,0.895155131816864
disaggregation_row383,disaggregation,Disaggregation,383,,,-23.3333,-46.23333,128,8.10325842032577,8.231386345662424,7.6935006884963055,26.935607184684443,21.195802539343966,3177.7,0.2047,25.7,0.9718,3208.29833984375,0.19132918119430542,28.346403121948242,0.9459409713745117
disaggregation_row384,disaggregation,Disaggregation,384,,,-23.3833,-46.35,128,19.87229433592406,20.964747450148398,14.19921459096695,51.81339093460905,47.732467002077655,3494.3,0.1733,25.5,0.9703,3772.067626953125,0.2292744666337967,33.18165588378906,0.970964789390564
disaggregation_row385,disaggregation,Disaggregation,385,,,-23.65,-46.95,128,27.766118088516272,25.07701358222354,21.654764645184382,65.52151019293339,53.827698443247186,1432.0,0.1681,15.7,0.8531,6920.9267578125,0.20241719484329224,47.44631576538086,1.068985939025879
disaggregation_row386,disaggregation,Disaggregation,386,,,-23.7833,-46.9167,128,16.902904002459458,12.173662715707177,26.54115014200882,62.5421384852772,52.565418969880085,883.5,0.2656,17.3,0.7893,6601.15185546875,0.1969735473394394,45.68407440185547,1.0534182786941528
disaggregation_row387,disaggregation,Disaggregation,387,,,-23.1953,-46.8967,128,-9.804559650343277,-11.418870377414983,9.379606574197622,37.49896948758053,33.3713956681483,3091.8,0.1681,23.2,0.9301,6583.02490234375,0.1823762208223343,44.01845932006836,1.0638692378997803
disaggregation_row388,disaggregation,Disaggregation,388,,,-23.0,-46.7167,128,1.0137439269927344,0.8368333626135728,12.465542139651085,31.308523668649148,24.097550726038477,3118.3,0.1411,23.5,0.9329,6575.1357421875,0.1846988946199417,45.706233978271484,1.057560682296753
disaggregation_row389,disaggregation,Disaggregation,389,,,-23.2,-46.15,128,-1.709741706402066,-3.8978589807404083,9.656093679204886,24.03636640464826,19.42005451931807,3124.0,0.2044,25.9,0.9733,3291.05126953125,0.18584398925304413,34.88074493408203,0.9633606672286987
disaggregation_row390,disaggregation,Disaggregation,390,,,-23.0333,-47.85,128,15.644651778213646,11.075228248786408,27.23290165198781,58.73534716936617,53.89522688344023,1175.2,0.155,14.8,0.7966,13579.603515625,0.18799518048763275,72.29646301269531,1.1597951650619507
disaggregation_row391,disaggregation,Disaggregation,391,,,-23.2,-47.5167,128,23.85510125421064,17.102976774698202,22.87431608144306,46.46820996175053,44.170948601325975,2464.0,0.174,27.6,0.9108,17623.123046875,0.18650175631046295,64.36553192138672,1.1924011707305908
disaggregation_row392,disaggregation,Disaggregation,392,,,-23.3333,-47.6833,128,16.957637720422063,12.189662001686107,19.403831640087382,43.682327056400155,38.986015457852766,2539.9,0.1637,27.6,0.906,12531.5126953125,0.19261595606803894,60.96807098388672,1.1431270837783813
disaggregation_row393,disaggregation,Disaggregation,393,,,-23.4167,-47.4,128,-6.260770577041612,-11.263902399414278,14.602465647166863,52.78050311035097,49.065143301643914,2595.1,0.1702,27.5,0.903,9391.8408203125,0.1548285037279129,51.522857666015625,1.1132160425186157
disaggregation_row394,disaggregation,Disaggregation,394,,,-23.55,-47.1833,128,-2.4692190328161034,-5.3264430647107694,23.389213106584045,64.7557485008879,52.12999964103243,965.3,0.2242,11.8,0.7967,9019.361328125,0.16211628913879395,54.958099365234375,1.1098408699035645
disaggregation_row395,disaggregation,Disaggregation,395,,,-23.65,-47.2167,128,30.72813418057613,24.482851816068067,39.61230514412274,86.32535883643143,77.1538890014918,513.8,0.2132,0.0,0.7182,9371.015625,0.19557811319828033,55.239505767822266,1.1047639846801758
disaggregation_row396,disaggregation,Disaggregation,396,,,-23.7333,-47.4167,128,36.95598684373884,30.722640911219713,31.129059225163683,75.71351194772186,69.63014897844329,864.3,0.2272,12.0,0.7891,12153.0478515625,0.21541999280452728,65.06953430175781,1.1348187923431396
disaggregation_row397,disaggregation,Disaggregation,397,,,-23.8333,-47.65,128,62.38537148820092,43.06333325833579,40.82595474091755,78.71905086571127,78.66418673063681,921.7,0.1804,32.5,0.7728,11246.13671875,0.18033139407634735,64.18940734863281,1.1256717443466187
disaggregation_row398,disaggregation,Disaggregation,398,,,-23.9667,-47.5,128,29.549630915735936,23.068943647981868,26.241199813972585,59.712737652231304,53.53645814325155,1135.8,0.1692,17.2,0.7937,10241.0830078125,0.18406106531620026,61.41600036621094,1.1016331911087036
disaggregation_row399,disaggregation,Disaggregation,399,,,-23.0897,-47.7267,128,22.248701597098574,15.712049495902434,27.76242783487275,55.95698788124284,53.52280898827672,1045.5,0.1903,14.9,0.8004,13535.7099609375,0.17835664749145508,65.30658721923828,1.1584177017211914
disaggregation_row400,disaggregation,Disaggregation,400,,,-23.3278,-47.7642,128,37.16545944737409,29.201310634939993,34.38965803224313,86.50620313996426,73.26058318377218,808.8,0.2248,19.6,0.7777,11828.8955078125,0.17207838594913483,60.85288619995117,1.1318867206573486
disaggregation_row401,disaggregation,Disaggregation,401,,,-23.9328,-47.0728,128,36.99358237079174,31.14626809066079,44.93328305126063,110.74729810796407,95.32973984621215,364.3,0.2431,12.9,0.6565,5117.31982421875,0.16243089735507965,39.77046203613281,1.0149561166763306
disaggregation_row402,disaggregation,Disaggregation,402,,,-23.7333,-47.9333,128,16.475141388531163,9.368471538492397,26.39716873612519,60.45540728090539,52.001672960506205,887.2,0.2254,19.3,0.7722,7825.56494140625,0.18609951436519623,53.745052337646484,1.0820516347885132
disaggregation_row403,disaggregation,Disaggregation,403,,,-23.0,-48.0167,128,1.8885547565425538,3.797228643480938,43.934406438755694,91.83815809167804,75.9825838817726,1337.1,0.1514,0.0,0.8373,16068.0146484375,0.22688789665699005,88.73017120361328,1.189409852027893
disaggregation_row404,disaggregation,Disaggregation,404,,,-24.93333333,-47.95,128,23.04596462679382,28.42339250439494,62.983635363509514,158.6459434625966,127.80587955971222,909.3,0.2864,80.9,0.6971,8562.5966796875,0.21376413106918335,57.45015335083008,1.0512272119522095
disaggregation_row405,disaggregation,Disaggregation,405,,,-24.2483,-47.3733,128,40.06263584925177,28.785374905121994,28.29452223046311,60.9978099609976,56.631014376719335,861.4,0.1926,17.7,0.746,5302.1259765625,0.17906703054904938,39.48930358886719,0.9954094290733337
disaggregation_row406,disaggregation,Disaggregation,406,,,-24.3211,-47.6247,128,44.3375277752435,35.45660913456811,31.273354010358467,72.78292295076238,68.25846457350393,870.0,0.183,17.2,0.742,9063.5,0.1916045993566513,57.747982025146484,1.0642979145050049
disaggregation_row407,disaggregation,Disaggregation,407,,,-24.55,-48.4333,128,14.180169554150023,6.35677931960332,32.66813453349334,65.84433319039196,62.04463525232527,1634.6,0.1571,1.0,0.8559,6199.208984375,0.18063315749168396,43.4490966796875,1.0197474956512451
disaggregation_row408,disaggregation,Disaggregation,408,,,-20.584475,-47.382549,128,9.152766244925573,2.261645510807923,18.24848210829038,43.243983454196346,40.169305888656055,877.38,0.155,12.0,0.759,2443.135498046875,0.14429201185703278,21.693273544311523,0.924201250076294
disaggregation_row409,disaggregation,Disaggregation,409,,,-12.4836,-49.1244,128,15.573004958036398,19.434096101029663,16.259025064311565,70.19743521159162,50.435243332433835,3423.8,0.1636,33.3,0.9448,2177.7578125,0.19414322078227997,14.984938621520996,0.8847444653511047
disaggregation_row410,disaggregation,Disaggregation,410,,,-11.3389,-49.2653,128,-24.744053349598325,-18.280470445474087,17.283367601354207,38.36455255723071,36.65111631721125,5750.9,0.1215,39.2,0.9795,1738.903564453125,0.14657609164714813,10.126907348632812,0.8731825947761536
disaggregation_row411,disaggregation,Disaggregation,411,,,-11.5314,-48.2947,128,3.939338013401572,11.21179480636005,28.891298831045706,105.52600998812915,70.53766158497852,12470.27,0.129,54.796,1.128,1845.5618896484375,0.17394424974918365,10.753792762756348,0.8734553456306458
disaggregation_row412,disaggregation,Disaggregation,412,,,-11.7972,-49.525,128,-15.774912932417784,-3.071374674778497,21.21036407343288,52.42618241705927,46.173220065039324,3050.6,0.1706,32.08,0.9201,2036.356201171875,0.16123445332050323,11.312982559204102,0.8926393985748291
disaggregation_row413,disaggregation,Disaggregation,413,,,-9.5642,-48.3875,128,-0.29499094635518874,1.281134332757822,11.083292480724783,42.576845416815154,21.414853789402738,5063.8,0.1492,36.3,0.9903,2314.420166015625,0.1880086213350296,22.663719177246094,0.8932176828384399
disaggregation_row414,disaggregation,Disaggregation,414,,,-9.9606,-47.6747,128,-12.306250298760165,-10.588731419258737,11.23917942275487,24.025453787789367,23.1225475310503,4275.0,0.1743,36.7,0.9652,1678.6163330078125,0.16930724680423737,14.118656158447266,0.8541894555091858
disaggregation_row415,disaggregation,Disaggregation,415,,,-11.1403,-47.5767,128,-8.065604972412077,-3.3782283916128613,19.439310215868886,63.14186545850079,42.100315847574365,11107.23,0.146,54.576,1.126,2065.25,0.17404820024967194,17.89825439453125,0.9097976088523865
