reference_key,source_sheet,source_row,station_code,station_name,latitude_xlsx,longitude_xlsx,lat_key,lon_key,K_r_sampled,a_r_sampled,b_r_sampled,c_r_sampled,latitude_metric,longitude_metric,K,a,b,c,K_r_metric,a_r_metric,b_r_metric,c_r_metric,K_r_abs_diff_sampled_minus_metric,K_r_rel_diff_pct_sampled_minus_metric,a_r_abs_diff_sampled_minus_metric,a_r_rel_diff_pct_sampled_minus_metric,b_r_abs_diff_sampled_minus_metric,b_r_rel_diff_pct_sampled_minus_metric,c_r_abs_diff_sampled_minus_metric,c_r_rel_diff_pct_sampled_minus_metric
standard,Standard,2,936113,União dos Palmares,-9.1544,-36.0358,-9.1544,-36.0358,1525.0401611328125,0.2743936777114868,16.527114868164062,0.8711838722229004,-9.1544,-36.0358,1120.3,0.1926,11.9,0.8242,1257.9917,0.23372616,11.993243,0.87979656,267.04846113281246,21.228157636716716,0.04066751771148683,17.39964311717902,4.533871868164063,37.8035521181724,-0.008612687777099559,-0.9789408334467186
standard,Standard,3,-,Maceió,-9.66666667,-35.7,-9.66667,-35.7,,,,,,,,,,,,,,,,,,,,,,
standard,Standard,4,-,Manaus,-3.13333333,-60.01666667,-3.13333,-60.01667,25965.560546875,0.21227268874645233,142.6098175048828,1.1960078477859497,-3.13333333,-60.01666667,1387.98,0.1,12.0,0.78,2155.854,0.17242825,41.39713,0.93332213,23809.706546875,1104.4211039743416,0.039844438746452326,23.10783688081989,101.21268750488281,244.49203967734678,0.26268571778594973,28.145236177561735
standard,Standard,5,-,Parintins,-2.63333333,-56.73333333,-2.63333,-56.73333,20362.369140625,0.18525338172912598,123.57829284667969,1.1481413841247559,-2.63333333,-56.73333333,5775.73,0.18,30.0,1.02,1388.9017,0.12620884,41.807613,0.88611805,18973.467440625,1366.0770550302445,0.05904454172912599,46.783206096439834,81.77067984667968,195.5880137109949,0.26202333412475587,29.56979988442351
standard,Standard,6,-,Uapés,-0.13333333,-67.08333333,-0.13333,-67.08333,5544.478515625,0.18337902426719666,56.09709548950195,0.97422194480896,-0.13333333,-67.08333333,2235.25,0.15,19.0,0.85,811.5585,0.1294553,24.599136,0.8024002,4732.920015625,583.1890141776594,0.05392372426719666,41.654319496534065,31.49795948950195,128.0449829193267,0.17182174480895995,21.41347233075963
standard,Standard,7,940024,Juazeiro,-9.4053,-40.5036,-9.4053,-40.5036,2174.059326171875,0.27414238452911377,21.71158790588379,0.9391328692436218,-9.4053,-40.5036,1519.0,0.188,9.3,0.8795,1013.8819,0.21168493,9.870191e-12,0.879096,1160.1774261718751,114.42924724979065,0.062457454529113776,29.504913046532774,21.71158790587392,219971304566182.38,0.06003686924362184,6.8293871481182755
standard,Standard,8,940024,Juazeiro,-9.4053,-40.5036,-9.4053,-40.5036,2174.059326171875,0.27414238452911377,21.71158790588379,0.9391328692436218,-9.4053,-40.5036,1519.0,0.188,9.3,0.8795,1013.8819,0.21168493,9.870191e-12,0.879096,1160.1774261718751,114.42924724979065,0.062457454529113776,29.504913046532774,21.71158790587392,219971304566182.38,0.06003686924362184,6.8293871481182755
standard,Standard,9,1142020,Fazenda Refrigério - Jusante,-11.3561,-42.2736,-11.3561,-42.2736,3550.623046875,0.20672066509723663,50.53281784057617,1.0009666681289673,-11.3561,-42.2736,3950.0,0.222,33.862,1.028,2911.2737,0.19456184,57.368965,1.0077802,639.3493468749998,21.961155588875062,0.01215882509723662,6.249337021708173,-6.836147159423831,-11.916106834808385,-0.00681353187103273,-0.6760930479714455
standard,Standard,10,1143020,Morpará,-11.5667,-43.3,-11.5667,-43.3,4051.318115234375,0.1778896003961563,54.50652313232422,0.9990552067756653,-11.5667,-43.3,1121.26,0.233,19.746,0.783,3366.9243,0.18112782,69.09174,1.0277994,684.3938152343749,20.326973648750432,-0.003238219603843684,-1.78780907529483,-14.585216867675783,-21.10992843381247,-0.028744193224334635,-2.7966734777559354
standard,Standard,11,1145012,Formosa do Rio Preto (Codevasf),-11.05,-45.1833,-11.05,-45.1833,2613.105712890625,0.271980881690979,22.719398498535156,0.94825279712677,-11.05,-45.1833,1719.054,0.174,20.021,0.865,4072.5437,0.16344899,45.734035,1.0676521,-1459.4379871093752,-35.83603012312367,0.10853189169097902,66.40107821466442,-23.014636501464842,-50.32277712094471,-0.11939930287323008,-11.1833529736166
standard,Standard,12,1145013,Ponte Serafim - Montante,-11.8961,-45.6119,-11.8961,-45.6119,2911.638671875,0.1548042595386505,25.803476333618164,0.9770388007164001,-11.8961,-45.6119,4073.933,0.181,27.902,1.073,1858.9178,0.14167385,22.47619,0.96595794,1052.720871875,56.63084574664894,0.013130409538650523,9.268054435346059,3.327286333618165,14.803604764055496,0.011080860716400132,1.1471369774547462
standard,Standard,13,1238051,Teodoro Sampaio,-12.3003,-38.6439,-12.3003,-38.6439,2765.769775390625,0.257331907749176,40.65764236450195,0.9335120916366577,-12.3003,-38.6439,1406.4,0.1516,18.5,0.8222,1873.0616,0.17230706,45.72471,0.944424,892.708175390625,47.66037461825201,0.08502484774917601,49.34495878995092,-5.067067635498049,-11.08168348251536,-0.010911908363342326,-1.1554035436776624
standard,Standard,14,1238051,Teodoro Sampaio,-12.3003,-38.6439,-12.3003,-38.6439,2765.769775390625,0.257331907749176,40.65764236450195,0.9335120916366577,-12.3003,-38.6439,1406.4,0.1516,18.5,0.8222,1873.0616,0.17230706,45.72471,0.944424,892.708175390625,47.66037461825201,0.08502484774917601,49.34495878995092,-5.067067635498049,-11.08168348251536,-0.010911908363342326,-1.1554035436776624
standard,Standard,15,1239007,Argoim,-12.585,-39.5183,-12.585,-39.5183,2999.572021484375,0.20469525456428528,58.3213005065918,0.9888505935668945,-12.585,-39.5183,8999.0,0.245,56.068,1.119,911.21985,0.15239681,32.78683,0.8672917,2088.352171484375,229.18203235853292,0.052298444564285285,34.31728299580896,25.534470506591795,77.88026627335364,0.12155889356689453,14.015918008542515
standard,Standard,16,1242015,Brotas de Macaúbas,-12.0036,-42.6283,-12.0036,-42.6283,3302.261962890625,0.1730673611164093,49.46657180786133,0.9999018907546997,-12.0036,-42.6283,4210.017,0.192,32.453,1.042,4528.365,0.16699553,72.10188,1.0854799,-1226.1030371093748,-27.07606469684698,0.006071831116409299,3.6359243366629626,-22.635308192138666,-31.39350623331689,-0.08557800924530024,-7.883887048051304
standard,Standard,17,1245009,Barreiras,-12.15,-45.0,-12.15,-45.0,3282.0068359375,0.15392160415649414,27.416133880615234,0.9749591946601868,-12.15,-45.0,1525.758,0.178,19.457,0.82,2921.1074,0.14122753,30.133863,0.991063,360.89943593750013,12.354884176374346,0.01269407415649415,8.98838502414802,-2.7177291193847672,-9.018854036021757,-0.01610380533981326,-1.6249022857087045
standard,Standard,18,1339012,Ituberá,-13.8106,-39.1692,-13.8106,-39.1692,3754.056640625,0.2016228288412094,28.592838287353516,0.9469082355499268,-13.8106,-39.1692,3228.481,0.207,45.386,0.948,4946.441,0.21260908,56.54733,1.0787667,-1192.3843593749998,-24.105904818737347,-0.010986251158790594,-5.167348054368419,-27.954491712646487,-49.43556435404905,-0.13185846445007332,-12.223075151473743
standard,Standard,19,1344017,Santa Maria da Vitória,-13.4006,-44.1975,-13.4006,-44.1975,3213.10791015625,0.17063426971435547,32.37983703613281,0.961515486240387,-13.4006,-44.1975,2873.405,0.216,29.656,0.946,3951.1677,0.1651702,44.59125,1.0354385,-738.05978984375,-18.679535921589707,0.0054640697143554795,3.308145000947798,-12.21141296386719,-27.385222356106162,-0.07392301375961297,-7.139295454014214
standard,Standard,20,1439014,Ipiaú,-14.1708,-39.6897,-14.1708,-39.6897,1896.2408447265625,0.2280472218990326,20.25067710876465,0.8944910168647766,-14.1708,-39.6897,2194.929,0.232,32.891,0.882,2123.5405,0.18132491,37.1039,0.98633146,-227.29965527343757,-10.703805991618129,0.04672231189903259,25.767177768919108,-16.853222891235355,-45.42170200770095,-0.09184044313522344,-9.311316414385022
standard,Standard,21,1439044,Santa Cruz da Vitória,-14.9589,-39.8075,-14.9589,-39.8075,3722.564208984375,0.22860145568847656,37.72262954711914,0.9754822850227356,-14.9589,-39.8075,1098.6,0.1895,12.7,0.8331,1963.0457,0.18627714,36.753273,0.9487271,1759.518508984375,89.63207066368223,0.042324315688476555,22.72115391533097,0.9693565471191405,2.637469993812906,0.02675518502273555,2.8201139213516244
standard,Standard,22,1439044,Santa Cruz da Vitória,-14.9589,-39.8075,-14.9589,-39.8075,3722.564208984375,0.22860145568847656,37.72262954711914,0.9754822850227356,-14.9589,-39.8075,1098.6,0.1895,12.7,0.8331,1963.0457,0.18627714,36.753273,0.9487271,1759.518508984375,89.63207066368223,0.042324315688476555,22.72115391533097,0.9693565471191405,2.637469993812906,0.02675518502273555,2.8201139213516244
standard,Standard,23,1443002,Carinhanha,-14.3044,-43.7681,-14.3044,-43.7681,1728.5223388671875,0.1981184333562851,14.75418472290039,0.868203341960907,-14.3044,-43.7681,2718.147,0.214,21.193,0.978,1933.2274,0.17723751,25.505608,0.9513408,-204.7050611328125,-10.588773008949309,0.020880923356285108,11.78132290184234,-10.751423277099608,-42.153173831808324,-0.083137458039093,-8.738977455722809
standard,Standard,24,1444017,Fazenda Porto Alegre,-14.2683,-44.5217,-14.2683,-44.5217,16436.580078125,0.1895201951265335,79.89994049072266,1.1907278299331665,-14.2683,-44.5217,2500.0,0.184,34.478,0.902,4183.9805,0.21816716,41.49244,1.019674,12252.599578125,292.8455230162999,-0.02864696487346649,-13.130741067292846,38.407500490722654,92.56505640719767,0.17105382993316653,16.775344858569163
standard,Standard,25,1539006,Itapebi,-15.9608,-39.5261,-15.9608,-39.5261,2687.95849609375,0.24763357639312744,20.82658576965332,0.9102713465690613,-15.9608,-39.5261,3586.593,0.204,39.135,0.987,3758.9355,0.16187319,56.32354,1.047422,-1070.97700390625,-28.491497231230756,0.08576038639312744,52.97998167153402,-35.49695423034668,-63.0233011461046,-0.1371506534309388,-13.09411616625761
standard,Standard,26,1541001,Cândido Sales,-15.505,-41.2292,-15.505,-41.2292,5492.10595703125,0.16462136805057526,94.01820373535156,1.0318903923034668,-15.505,-41.2292,2828.391,0.204,34.463,0.956,268.39413,0.15259802,3.2164679e-12,0.641475,5223.71182703125,1946.2839321527822,0.012023348050575255,7.879098333369762,94.01820373534835,2923026333803870.5,0.3904153923034668,60.86213684141499
standard,Standard,27,1739005,Itamaraju,-17.045,-39.5447,-17.045,-39.5447,469.126220703125,0.2110234498977661,15.83702564239502,0.6715766191482544,-17.045,-39.5447,4032.86,0.211,28.605,1.06,178.41397,0.19724613,13.558582,0.6053499,290.712250703125,162.9425379095174,0.013777319897766122,6.984836608843033,2.27844364239502,16.804439006933173,0.0662267191482544,10.940237893531394
standard,Standard,28,1740005,Medeiros Neto,-17.3722,-40.2258,-17.3722,-40.2258,513.4883422851562,0.23396264016628265,10.863990783691406,0.7040454149246216,-17.3722,-40.2258,6899.271,0.227,40.913,1.107,276.7977,0.18336567,11.715703,0.69097966,236.69064228515623,85.51033562965164,0.050596970166282645,27.593480375188356,-0.8517122163085933,-7.269834480343119,0.013065754924621586,1.890902971676704
standard,Standard,29,-,Salvador,-13.0,-38.51666667,-13.0,-38.51667,5183.28466796875,0.23009327054023743,55.022525787353516,0.9858611226081848,,,,,,,,,,,,,,,,,,
standard,Standard,30,339036,Paracuru,-3.41666667,-39.03333333,-3.41667,-39.03333,,,,,,,,,,,,,,,,,,,,,,
standard,Standard,31,340036,Fazenda Pocinhos,-3.8833,-40.1667,-3.8833,-40.1667,1241.6072998046875,0.2255222499370575,11.615191459655762,0.870042622089386,-3.8833,-40.1667,1229.7,0.2015,13.0,0.8413,1558.3948,0.23435208,26.792036,0.9618053,-316.78750019531253,-20.327807831193514,-0.008829830062942495,-3.7677626172306624,-15.176844540344238,-56.646850356367985,-0.09176267791061399,-9.54067085205436
standard,Standard,32,539016,Quixeramobim,-5.2,-39.3,-5.2,-39.3,1231.5386962890625,0.1865469217300415,11.811263084411621,0.8573797941207886,-5.2,-39.3,2847.22,0.3,43.0,0.97,960.57043,0.17877148,14.659737,0.8626505,270.9682662890625,28.209099283751897,0.0077754417300414935,4.349374816408911,-2.8484739155883787,-19.4305935746895,-0.0052707058792114125,-0.6109897205428401
standard,Standard,33,639034,Várzea Alegre,-6.8,-39.3,-6.8,-39.3,1642.6619873046875,0.168391615152359,15.016633987426758,0.8714619874954224,-6.8,-39.3,2977.1,0.1711,36.0,0.9059,605.84656,0.20284997,5.106993e-12,0.7441101,1036.8154273046875,171.1349862751862,-0.03445835484764098,-16.98711360304415,15.01663398742165,294040622092523.94,0.12735188749542237,17.114656486375118
standard,Standard,34,-,Fortaleza,-3.76666667,-38.55,-3.76667,-38.55,,,,,,,,,,,,,,,,,,,,,,
standard,Standard,35,83550,São Mateus,-18.7,-39.85,-18.7,-39.85,993.89453125,0.1825610101222992,4.607863426208496,0.775938093662262,-18.7,-39.85,4999.205,0.191,49.999,0.983,1010.5703,0.20693658,10.594007,0.83271664,-16.675768749999975,-1.6501344587308746,-0.024375569877700815,-11.779246510066425,-5.986143573791503,-56.50499923014496,-0.056778546337738045,-6.81847144759087
standard,Standard,36,83557,Boa Esperança,-18.51666667,-40.31666667,-18.51667,-40.31667,1344.4107666015625,0.17920584976673126,3.4210076332092285,0.8064990639686584,,,,,,,,,,,,,,,,,,
standard,Standard,37,83597,Linhares,-19.4,-40.06666667,-19.4,-40.06667,1155.788818359375,0.20242592692375183,5.064797878265381,0.7956604361534119,-19.4,-40.06666667,3647.235,0.223,20.665,1.0,1527.32,0.22190261,9.930701,0.88204634,-371.53118164062494,-24.325693478814195,-0.01947668307624817,-8.777131137055202,-4.865903121734618,-48.99858652208559,-0.08638590384658817,-9.793805600575155
standard,Standard,38,83647,Santa Teresa,-19.85,-40.6,-19.85,-40.6,1264.7286376953125,0.15983904898166656,7.432067394256592,0.8235318064689636,-19.85,-40.6,632.265,0.247,13.543,0.714,1388.8562,0.1885932,9.185497,0.8552941,-124.12756230468744,-8.937394836462367,-0.028754151018333424,-15.246653123407114,-1.753429605743408,-19.08910977537098,-0.03176229353103632,-3.713610737059489
standard,Standard,39,83648,Vitória,-20.31666667,-40.33333333,-20.31667,-40.33333,1911.0224609375,0.18590304255485535,17.654542922973633,0.8616514205932617,,,,,,,,,,,,,,,,,,
standard,Standard,40,83648,Vitória,-20.31666667,-40.33333333,-20.31667,-40.33333,1911.0224609375,0.18590304255485535,17.654542922973633,0.8616514205932617,,,,,,,,,,,,,,,,,,
standard,Standard,41,1840010,Cedrolândia,-18.8097,-40.6906,-18.8097,-40.6906,1190.593505859375,0.17505526542663574,3.6030240058898926,0.8097259998321533,-18.8097,-40.6906,4000.0,0.178,51.492,0.92,1715.8964,0.18701473,10.34772,0.8995562,-525.3028941406251,-30.613905020176336,-0.011959464573364248,-6.394931871604044,-6.744695994110108,-65.18050347429296,-0.08983020016784671,-9.986057587935774
standard,Standard,42,1840013,Ecoporanga,-18.3658,-40.8406,-18.3658,-40.8406,1143.19482421875,0.16767270863056183,4.498879432678223,0.7977545261383057,-18.3658,-40.8406,5666.17,0.197,43.631,1.055,1065.8892,0.1930821,9.510997,0.83227056,77.30562421874993,7.252688573892101,-0.025409391369438178,-13.159889689120938,-5.012117567321777,-52.698130041695705,-0.03451603386169433,-4.147213120417756
standard,Standard,43,1840015,Patrimônio Santa Luzia do Norte,-18.2056,-40.6033,-18.2056,-40.6033,1096.1199951171875,0.20787547528743744,4.9627604484558105,0.7883475422859192,-18.2056,-40.6033,2407.091,0.187,34.383,0.877,1031.5797,0.17362826,12.023618,0.8314592,64.5402951171875,6.256452615070605,0.03424721528743743,19.7244476719616,-7.06085755154419,-58.724899207078856,-0.043111657714080764,-5.185059918042973
standard,Standard,44,1840019,Córrego da Boa Esperança,-18.7006,-40.4419,-18.7006,-40.4419,1253.55859375,0.16168437898159027,3.417752981185913,0.8075334429740906,-18.7006,-40.4419,4350.786,0.202,40.254,1.003,1500.4642,0.16895449,9.740776,0.8878377,-246.9056062499999,-16.455281388919506,-0.007270111018409742,-4.3029995938017045,-6.323023018814087,-64.91292910148111,-0.08030425702590938,-9.044925331049738
standard,Standard,45,1840020,São João da Cachoeira Grande,-18.5647,-40.3367,-18.5647,-40.3367,1344.4107666015625,0.17920584976673126,3.4210076332092285,0.8064990639686584,-18.5647,-40.3367,5829.147,0.192,33.421,1.089,1145.83,0.180083,9.522127,0.85088927,198.58076660156257,17.330735501912375,-0.0008771502332687309,-0.48708108664822936,-6.101119366790771,-64.07307282071297,-0.044390206031341584,-5.216919239249731
standard,Standard,46,1940006,Colatina - Corpo de Bombeiros,-19.5308,-40.6231,-19.5308,-40.6231,1393.1318359375,0.19544263184070587,5.537199020385742,0.8236542344093323,-19.5308,-40.6231,709.931,0.201,7.331,0.687,1577.8073,0.19098324,10.134363,0.8899162,-184.67546406249994,-11.704563926310898,0.004459391840705873,2.3349650161479474,-4.597163979614258,-45.36214046817011,-0.06626196559066777,-7.44586575574956
standard,Standard,47,1940009,Pancas,-19.2203,-40.8533,-19.2203,-40.8533,1290.6812744140625,0.1763598620891571,4.824907302856445,0.8159006237983704,-19.2203,-40.8533,1227.888,0.185,20.628,0.758,1541.3627,0.18637256,11.628566,0.902714,-250.6814255859374,-16.263623453839735,-0.010012697910842888,-5.37240992496046,-6.803658697143554,-58.50814878759388,-0.08681337620162966,-9.616930301471967
standard,Standard,48,1940020,Caldeirão (Santa Teresa),-19.955,-40.7417,-19.955,-40.7417,1549.0736083984375,0.20507599413394928,11.51025390625,0.837714433670044,-19.955,-40.7417,3777.338,0.196,46.751,0.947,1433.271,0.21029921,15.800071,0.8763598,115.80260839843754,8.07960311751494,-0.005223215866050707,-2.4837068413384467,-4.289817093750001,-27.15061909373699,-0.03864536632995608,-4.409760275397853
standard,Standard,49,1941012,Alto Rio Novo,-19.0592,-41.0275,-19.0592,-41.0275,1214.555908203125,0.17863334715366364,4.892755508422852,0.8136298656463623,-19.0592,-41.0275,1908.138,0.208,18.432,0.926,1381.6178,0.18231972,11.626036,0.88268095,-167.061891796875,-12.091758791532289,-0.0036863728463363554,-2.021927658914985,-6.733280491577148,-57.91553106817447,-0.06905108435363772,-7.822881456050197
standard,Standard,50,2041017,Santa Cruz - Caparaó,-20.3228,-41.7042,-20.3228,-41.7042,18167.69921875,0.16025836765766144,106.11090087890625,1.1999303102493286,-20.3228,-41.7042,3873.672,0.18,35.418,0.986,9050.557,0.14537774,86.57813,1.120423,9117.14221875,100.73570299319698,0.014880627657661433,10.235836420115922,19.53277087890625,22.5608602067361,0.07950731024932867,7.096186908812892
standard,Standard,51,2041020,Aracê (Fazenda Modelo),-20.3667,-41.0611,-20.3667,-41.0611,3223.54736328125,0.17312660813331604,37.703956604003906,0.9508199691772461,-20.3667,-41.0611,880.474,0.175,9.722,0.729,2833.9036,0.19141582,40.82505,0.9661655,389.6437632812499,13.74936547881339,-0.018289211866683946,-9.554702357769566,-3.121093395996091,-7.645044882972811,-0.015345530822753917,-1.588292153130485
standard,Standard,52,1950007,UHE São Simão,-19.0167,-50.4667,-19.0167,-50.4667,1846.6705322265625,0.1425527185201645,14.133382797241211,0.8841195702552795,-19.0167,-50.4667,3354.992,0.172,30.197,0.96,2313.021,0.14460425,33.1263,0.98170835,-466.3504677734377,-20.16196427846689,-0.0020515314798355,-1.4187214275067987,-18.99291720275879,-57.33485841388501,-0.09758877974472047,-9.94070996184564
standard,Standard,53,-,Catalão,-18.18333333,-47.95,-18.18333,-47.95,1310.8038330078125,0.17862606048583984,2.8891637325286865,0.8336613774299622,-18.18333333,-47.95,1317.3,0.16,12.0,0.82,1165.2852,0.15004297,6.0758314,0.88258266,145.51863300781247,12.487812683780113,0.028583090485839846,19.049936485421373,-3.1866676674713137,-52.44825699856177,-0.048921282570037805,-5.542968923730929
standard,Standard,54,-,Formosa,-15.533333,-47.33333333,-15.53333,-47.33333,1780.2802734375,0.16524331271648407,11.021158218383789,0.8754264712333679,-15.533333,-47.33333333,1276.25,0.16,10.0,0.82,1340.6383,0.14558117,12.717092,0.88950366,439.6419734374999,32.79348154065865,0.01966214271648406,13.505965583656222,-1.6959337816162101,-13.335861544574895,-0.01407718876663211,-1.5825891898670894
standard,Standard,55,-,Goiânia,-16.68333333,-49.26666667,-16.68333,-49.26667,2086.0009765625,0.16122221946716309,31.84463119506836,0.912724494934082,-16.68333333,-49.26666667,2209.74,0.21,21.0,0.88,3049.1267,0.1679131,52.466106,1.0022997,-963.1257234374998,-31.586936792016544,-0.006690880532836924,-3.9847281318949643,-20.621474804931644,-39.3043745326395,-0.08957520506591798,-8.936968160912148
standard,Standard,56,-,Barra do Corda,-5.5,-45.26666667,-5.5,-45.26667,2027.5794677734375,0.21321257948875427,11.044638633728027,0.8679878115653992,-5.5,-45.26666667,1530.67,0.2,17.0,0.83,899.93585,0.16886157,0.27640793,0.82451075,1127.6436177734377,125.30266660378489,0.044351009488754284,26.264714635043536,10.768230703728028,3895.774880166436,0.04347706156539921,5.273073949053934
standard,Standard,57,-,São Luiz,-2.53333333,-44.28333333,-2.53333,-44.28333,,,,,,,,,,,,,,,,,,,,,,
standard,Standard,58,-,Turiaçu,-1.71666667,-45.4,-1.71667,-45.4,1730.1788330078125,0.16188688576221466,9.396025657653809,0.8542829155921936,-1.71666667,-45.4,1185.74,0.19,13.0,0.79,1032.5795,0.13248849,8.186617,0.82666904,697.5993330078124,67.55889817760398,0.029398395762214674,22.189396046565765,1.2094086576538086,14.772996680482409,0.027613875592193637,3.3403785863558695
standard,Standard,59,83587,Raja Gabaglia,-19.93,-43.95,-19.93,-43.95,8781.9638671875,0.16496968269348145,74.3571548461914,1.0982824563980103,-19.93,-43.95,2481.99,0.1245,20.0,0.8975,4963.415,0.20145331,54.194374,0.9986795,3818.5488671875,76.93390270987818,-0.03648362730651855,-18.110214871385608,20.162780846191403,37.20456452950523,0.0996029563980102,9.973465601127307
standard,Standard,60,1442025,Espinosa,-14.9333,-42.8167,-14.9333,-42.8167,1017.0270385742188,0.1863185614347458,4.7641401290893555,0.8195157051086426,-14.9333,-42.8167,679.357,0.188,8.715,0.731,551.00757,0.18069668,0.030235985,0.7855065,466.01946857421876,84.5758740799548,0.00562188143474579,3.11122563776257,4.7339041440893554,15656.523655800715,0.03400920510864258,4.329589266115886
standard,Standard,61,1443000,Boca da Caatinga,-14.7864,-43.5514,-14.7864,-43.5514,1275.0787353515625,0.19805149734020233,7.681555271148682,0.831322968006134,-14.7864,-43.5514,1616.744,0.179,20.467,0.877,518.2997,0.18308727,1.016899,0.78206927,756.7790353515625,146.01186058019374,0.014964227340202335,8.173275695356828,6.664656271148681,655.3901883224078,0.049253698006133995,6.297868986225989
standard,Standard,62,1443001,Manga,-14.7567,-43.9322,-14.7567,-43.9322,1604.684326171875,0.20516909658908844,16.93619155883789,0.8708208203315735,-14.7567,-43.9322,1828.318,0.188,28.731,0.899,1198.9664,0.18770218,21.899471,0.8797776,405.717926171875,33.83897381710405,0.017466916589088444,9.305654622172446,-4.963279441162108,-22.663923896436167,-0.008956779668426562,-1.0180731662668567
standard,Standard,63,1444000,São Gonçalo,-14.3136,-44.4603,-14.3136,-44.4603,10460.8251953125,0.21194542944431305,67.87371826171875,1.1390525102615356,-14.3136,-44.4603,765.111,0.155,11.514,0.698,3777.0664,0.21391241,39.599472,1.0045681,6683.7587953125,176.95634885615195,-0.001966980555686948,-0.9195261535723654,28.27424626171875,71.40056377953411,0.13448441026153568,13.387286562407832
standard,Standard,64,1444001,Capitânea,-14.4311,-44.4817,-14.4311,-44.4817,6353.37060546875,0.20878159999847412,51.991363525390625,1.0641798973083496,-14.4311,-44.4817,6040.241,0.21,37.64,1.1,3019.5435,0.2169923,35.399292,0.9749548,3333.82710546875,110.40831521283762,-0.008210700001525878,-3.7838669858450635,16.592071525390622,46.8711959702206,0.0892250973083496,9.151716295806699
standard,Standard,65,1444004,Juvenilia (Montalvânia),-14.2658,-44.1572,-14.2658,-44.1572,3654.10986328125,0.214133620262146,34.259952545166016,0.9751413464546204,-14.2658,-44.1572,1070.596,0.199,19.542,0.776,2649.5247,0.21160638,32.01965,0.9595033,1004.5851632812501,37.91567458424713,0.0025272402621459855,1.194311940001991,2.240302545166017,6.99664907382191,0.015638046454620413,1.6298064274109756
standard,Standard,66,1446003,Formoso,-14.93329999,-46.25,-14.9333,-46.25,3077.912109375,0.17390677332878113,22.161787033081055,0.9748883247375488,-14.93329999,-46.25,3500.0,0.195,27.406,0.972,4168.737,0.14943825,32.972576,1.0609772,-1090.824890625,-26.166795617593532,0.024468523328781133,16.37366827353849,-10.810788966918942,-32.787213734586416,-0.08608887526245113,-8.11411171347048
standard,Standard,67,1541010,Itamarati,-15.5808,-41.4086,-15.5808,-41.4086,5001.54150390625,0.1486530750989914,92.286865234375,1.0240110158920288,-15.5808,-41.4086,2210.5,0.153,33.4,0.8938,264.96945,0.17652293,5.5040193e-08,0.63921875,4736.57205390625,1787.5917596939007,-0.0278698549010086,-15.788234934129294,92.28686517933481,167671768845.9683,0.38479226589202886,60.19727454678526
standard,Standard,68,1543002,Colônia do Jaíba,-15.3411,-43.6753,-15.3411,-43.6753,1000.1412963867188,0.2003398984670639,2.9934303760528564,0.8188679218292236,-15.3411,-43.6753,6527.477,0.226,32.114,1.141,622.4194,0.21216212,6.808448e-12,0.7975381,377.72189638671875,60.68607379312385,-0.011822221532936106,-5.572258390393207,2.993430376046048,43966413139177.21,0.021329821829223605,2.674458038960597
standard,Standard,69,1543013,Janaúba,-15.7756,-43.27969999,-15.7756,-43.2797,1010.4324951171875,0.15747857093811035,3.415837049484253,0.8174521923065186,-15.7756,-43.27969999,4323.837,0.224,45.869,1.03,627.7031,0.19803333,1.0959872e-07,0.7950173,382.72939511718755,60.972997443725795,-0.040554759061889656,-20.47875428943686,3.415836939885533,3116675942.826278,0.022434892306518517,2.8219376240640948
standard,Standard,70,1544006,Januária,-15.4833,-44.3667,-15.4833,-44.3667,2010.276123046875,0.20936861634254456,16.99675178527832,0.8877454996109009,-15.4833,-44.3667,1513.706,0.155,19.554,0.813,2455.2732,0.21596365,29.610039,0.9638085,-444.9970769531251,-18.124136937312112,-0.006595033657455451,-3.0537702328403187,-12.61328721472168,-42.59800946132385,-0.07606300038909908,-7.891920478922843
standard,Standard,71,1544012,São Francisco,-15.9494,-44.8681,-15.9494,-44.8681,2125.08935546875,0.17386828362941742,18.492128372192383,0.9074640870094299,-15.9494,-44.8681,3666.006,0.235,32.782,1.038,3320.7568,0.15957431,38.969955,1.0268017,-1195.66744453125,-36.005872050950856,0.014293973629417422,8.957565681729987,-20.477826627807616,-52.5477297261637,-0.11933761299057011,-11.622264843403562
standard,Standard,72,1544017,Pedras de Maria da Cruz,-15.5978,-44.3903,-15.5978,-44.3903,2244.60107421875,0.22171060740947723,18.702133178710938,0.8986064195632935,-15.5978,-44.3903,574.945,0.198,7.787,0.71,2380.7756,0.21339911,29.477655,0.96093595,-136.17452578124994,-5.719754763164153,0.008311497409477231,3.8948135301394795,-10.775521821289061,-36.55488138825515,-0.062329530436706526,-6.486335581128642
standard,Standard,73,1544029,Mocambinho (Ruralminas),-15.05,-44.0167,-15.05,-44.0167,1802.559814453125,0.16627736389636993,21.19211196899414,0.8890112638473511,-15.05,-44.0167,1088.655,0.218,12.278,0.814,1071.752,0.19170879,16.86309,0.85886335,730.807814453125,68.18814562073362,-0.025431426103630056,-13.265654696182713,4.329021968994141,25.671581952027424,0.03014791384735105,3.510210774199533
standard,Standard,74,1546000,Arinos - Montante,-15.9178,-46.1192,-15.9178,-46.1192,3172.724609375,0.19619368016719818,13.808040618896484,0.9700239896774292,,,,,,,,,,,,,,,,,,
standard,Standard,75,1546001,Buritis - Jusante,-15.6158,-46.415,-15.6158,-46.415,3426.84326171875,0.17490136623382568,33.199127197265625,0.9740221500396729,-15.6158,-46.415,2450.458,0.225,29.391,0.944,3619.4778,0.18591984,41.814377,1.0213128,-192.63453828125012,-5.322163829302949,-0.01101847376617432,-5.926464742103005,-8.615249802734375,-20.603558921215964,-0.04729064996032717,-4.630378661691812
standard,Standard,76,1546008,Arinos (INMET),-15.9153,-46.1072,-15.9153,-46.1072,3172.724609375,0.19619368016719818,13.808040618896484,0.9700239896774292,-15.9153,-46.1072,3500.0,0.166,41.086,0.942,1613.9576,0.16830826,3.9021783,0.90216,1558.767009375,96.58041880251376,0.027885420167198194,16.568063960258513,9.905862318896485,253.85468211169348,0.06786398967742924,7.522389562542037
standard,Standard,77,1640000,Jacinto,-16.1386,-40.2903,-16.1386,-40.2903,2944.379150390625,0.1944442242383957,22.601308822631836,0.9433574080467224,-16.1386,-40.2903,3038.921,0.225,25.041,0.993,7849.2173,0.15069853,58.283394,1.1330221,-4904.838149609375,-62.48824516056366,0.043745694238395694,29.028613775061835,-35.682085177368165,-61.221700948589515,-0.18966469195327762,-16.739716899897857
standard,Standard,78,1641001,Itaobim,-16.5683,-41.5031,-16.5683,-41.5031,1344.670654296875,0.18993599712848663,10.907817840576172,0.8294752836227417,-16.5683,-41.5031,1718.688,0.175,17.525,0.9,1486.4645,0.17613983,21.178543,0.9010875,-141.79384570312504,-9.538999801416384,0.013796167128486636,7.832508484018995,-10.27072515942383,-48.4959005887413,-0.07161221637725834,-7.947309931306154
standard,Standard,79,1641008,Pedra Azul (Fortaleza),-16.0,-41.28329999,-16.0,-41.2833,2573.56640625,0.1991649866104126,40.93955993652344,0.921431839466095,-16.0,-41.28329999,4451.964,0.176,37.326,1.013,835.4983,0.13795486,20.231123,0.82439005,1738.06810625,208.02772504145133,0.061210126610412585,44.36967759628953,20.708436936523437,102.35930519785498,0.09704178946609499,11.771344094472633
standard,Standard,80,1641010,Itinga,-16.61809999,-41.76749999,-16.6181,-41.7675,1163.81103515625,0.1984715610742569,7.605316162109375,0.8250823020935059,-16.61809999,-41.76749999,6482.993,0.216,35.23,1.154,1682.2301,0.15101196,19.929163,0.9179778,-518.41906484375,-30.817369445698898,0.047459601074256896,31.427710145777127,-12.323846837890624,-61.83825601652525,-0.0928954979064941,-10.119580005801241
standard,Standard,81,1642000,Araçuaí,-16.8667,-42.0667,-16.8667,-42.0667,1338.8568115234375,0.20417284965515137,5.429431438446045,0.8404014110565186,-16.8667,-42.0667,3450.0,0.225,58.409,0.947,1918.3468,0.17278357,18.006401,0.93650085,-579.4899884765625,-30.207780390728228,0.03138927965515137,18.166819712748943,-12.576969561553955,-69.84721467412592,-0.0960994389434815,-10.261543162879295
standard,Standard,82,1642019,Salinas,-16.2667,-42.05,-16.2667,-42.05,1184.3291015625,0.17691759765148163,9.197699546813965,0.829639196395874,-16.2667,-42.05,4600.0,0.203,34.952,1.033,1203.3685,0.18999092,15.5349455,0.872099,-19.03939843750004,-1.582175238715326,-0.01307332234851838,-6.881024813458653,-6.337245953186034,-40.79348687245819,-0.042459803604125934,-4.86869077984563
standard,Standard,83,1642029,UHE Irapé Rio Itacambiruçu,-16.5925,-42.9164,-16.5925,-42.9164,1261.4376220703125,0.20126989483833313,6.720371246337891,0.8295471668243408,-16.5925,-42.9164,5618.979,0.199,37.915,1.074,2525.6763,0.18013063,28.714512,0.9846739,-1264.2386779296876,-50.05545160041639,0.021139264838333116,11.735519294155088,-21.99414075366211,-76.59590646590863,-0.15512673317565917,-15.754122575571381
standard,Standard,84,1643009,Montes Claros,-16.71669999,-43.8667,-16.7167,-43.8667,1964.26171875,0.20629596710205078,21.454504013061523,0.8952948451042175,-16.71669999,-43.8667,4050.0,0.167,34.789,0.992,2759.7476,0.17186624,43.78909,0.99994403,-795.4858812500001,-28.824588206907038,0.03442972710205078,20.03286224336483,-22.334585986938478,-51.00491009732899,-0.10464918489578245,-10.465504243850773
standard,Standard,85,1643020,Capitão Enéas,-16.32219999,-43.715,-16.3222,-43.715,1575.494140625,0.17362944781780243,15.303503036499023,0.8699681758880615,-16.32219999,-43.715,8561.537,0.212,48.442,1.125,1432.3022,0.19177975,21.44104,0.90686923,143.19194062499992,9.997327423290972,-0.01815030218219757,-9.464139035637272,-6.1375369635009775,-28.625183123117985,-0.03690105411193845,-4.069060112662379
standard,Standard,86,1643024,Juramento,-16.7833,-43.7167,-16.7833,-43.7167,1599.43994140625,0.2199750393629074,17.230562210083008,0.8754384517669678,-16.7833,-43.7167,1464.55,0.194,22.467,0.817,2945.311,0.15888862,43.30679,1.0084032,-1345.8710585937501,-45.69538016846948,0.0610864193629074,38.44606326299983,-26.07622778991699,-60.212792935973766,-0.13296474823303228,-13.185672976150043
standard,Standard,87,1645000,São Romão,-16.3717,-45.0828,-16.3717,-45.0828,11505.5517578125,0.16433855891227722,67.43244934082031,1.134583592414856,-16.3717,-45.0828,1119.829,0.184,15.2,0.777,3290.9421,0.15558574,41.07358,1.0087755,8214.6096578125,249.61270688452709,0.008752818912277222,5.625720527007951,26.358869340820313,64.17475501483024,0.1258080924148559,12.471366762461608
standard,Standard,88,1645009,Cachoeira da Manteiga,-16.6569,-45.0808,-16.6569,-45.0808,25891.693359375,0.20242148637771606,152.72885131835938,1.2412197589874268,-16.6569,-45.0808,3794.292,0.232,34.584,1.013,4213.3545,0.18686205,80.974525,1.0272597,21678.338859375,514.514951432997,0.015559436377716063,8.326696821380297,71.75432631835938,88.61345752674606,0.21396005898742665,20.82823447541324
standard,Standard,89,1645010,Barra do Escuro,-16.2833,-45.2333,-16.2833,-45.2333,2394.182861328125,0.20209801197052002,19.619659423828125,0.9171772003173828,-16.2833,-45.2333,3000.0,0.234,31.843,0.954,3826.179,0.14101471,41.507862,1.0298308,-1431.996138671875,-37.426271449189265,0.06108330197052003,43.31697166240319,-21.888202576171878,-52.73266682868869,-0.11265359968261723,-10.939039663857134
standard,Standard,90,1646000,Porto dos Poções,-16.8297,-46.3222,-16.8297,-46.3222,3071.6611328125,0.18497072160243988,20.150096893310547,0.9629566073417664,-16.8297,-46.3222,5240.505,0.187,30.472,1.065,2274.2668,0.16519521,23.27101,0.96276414,797.3943328125001,35.06160019626985,0.01977551160243987,11.970995770664215,-3.1209131066894535,-13.41116310245861,0.00019246734176636693,0.01999112075013169
standard,Standard,91,1646001,Unaí,-16.3514,-46.8897,-16.3514,-46.8897,5828.34130859375,0.18443596363067627,29.883750915527344,1.0477721691131592,-16.3514,-46.8897,3348.439,0.206,28.386,0.986,1960.6456,0.16844738,12.632023,0.9212709,3867.69570859375,197.2664365550689,0.015988583630676262,9.491737794126724,17.251727915527344,136.57137827826426,0.12650126911315918,13.731169530391025
standard,Standard,92,1646003,Santo Antonio do Boqueirão,-16.52969999,-46.7211,-16.5297,-46.7211,4179.05859375,0.18199189007282257,22.19153594970703,1.0004816055297852,-16.52969999,-46.7211,2980.0,0.1598,26.0,0.9306,1776.7499,0.17169052,12.740461,0.9087788,2402.30869375,135.20803877630723,0.010301370072822558,5.999964396882575,9.451074949707031,74.18157749320869,0.09170280552978516,10.090772972453271
standard,Standard,93,1646003,Santo Antonio do Boqueirão,-16.52969999,-46.7211,-16.5297,-46.7211,4179.05859375,0.18199189007282257,22.19153594970703,1.0004816055297852,-16.52969999,-46.7211,2980.0,0.1598,26.0,0.9306,1776.7499,0.17169052,12.740461,0.9087788,2402.30869375,135.20803877630723,0.010301370072822558,5.999964396882575,9.451074949707031,74.18157749320869,0.09170280552978516,10.090772972453271
standard,Standard,94,1646004,Fazenda O Resfriado,-16.5028,-46.66279999,-16.5028,-46.6628,4337.3896484375,0.18955683708190918,22.191513061523438,1.000481367111206,-16.5028,-46.66279999,2500.0,0.202,43.912,0.853,1712.0846,0.16678801,11.515682,0.90745705,2625.3050484375,153.33968008575627,0.022768827081909193,13.651357241991912,10.675831061523438,92.70689362144108,0.09302431711120607,10.251098617968317
standard,Standard,95,1646010,Unaí,-16.3667,-46.8833,-16.3667,-46.8833,5828.34130859375,0.18443596363067627,29.883750915527344,1.0477721691131592,,,,,,,,,,,,,,,,,,
standard,Standard,96,1647008,Fazenda Limeira,-16.2089,-47.2325,-16.2089,-47.2325,3130.845947265625,0.17280061542987823,20.68952751159668,0.9576214551925659,-16.2089,-47.2325,522.749,0.193,8.503,0.61,1685.6189,0.19136687,12.765696,0.9069662,1445.227047265625,85.73865938888234,-0.01856625457012176,-9.701916831331232,7.9238315115966795,62.071284727418536,0.05065525519256597,5.5851315288889465
standard,Standard,97,1741001,Mucuri,-17.59499999,-41.4928,-17.595,-41.4928,1072.9837646484375,0.1931636482477188,6.4302077293396,0.80976402759552,-17.59499999,-41.4928,2042.521,0.208,24.596,0.886,1463.5907,0.17131847,16.53494,0.8999004,-390.60693535156247,-26.68826300628738,0.02184517824771881,12.751210215523646,-10.1047322706604,-61.11139363469356,-0.09013637240448003,-10.016260955599089
standard,Standard,98,1741012,Teófilo Otoni,-17.85,-41.5167,-17.85,-41.5167,983.6267700195312,0.18846848607063293,5.777225494384766,0.8056806921958923,-17.85,-41.5167,1715.786,0.201,26.962,0.815,1914.0514,0.14981064,22.002983,0.93073744,-930.4246299804688,-48.61022175164516,0.03865784607063294,25.80447294707034,-16.225757505615235,-73.74344426669435,-0.1250567478041077,-13.436307859723328
standard,Standard,99,1742008,Carbonita,-17.5794,-42.99499999,-17.5794,-42.995,1152.642333984375,0.14685210585594177,1.6108356714248657,0.8111111521720886,-17.5794,-42.99499999,1542.323,0.208,16.364,0.878,3207.9492,0.18339324,25.342512,1.0109246,-2055.306866015625,-64.06918370202449,-0.03654113414405824,-19.925016943949647,-23.731676328575134,-93.64374111206945,-0.19981344782791144,-19.765415524353788
standard,Standard,100,1742016,Itamarandiba,-17.85,-42.85,-17.85,-42.85,1029.7572021484375,0.16923260688781738,3.5008771419525146,0.8097432851791382,-17.85,-42.85,3220.0,0.209,35.476,0.918,3071.7144,0.1709161,27.23535,1.0021513,-2041.9571978515623,-66.4761410713041,-0.0016834931121826047,-0.9849821708912179,-23.734472858047486,-87.14583384479172,-0.19240801482086178,-19.199497602893075
standard,Standard,101,1743002,Vila Terra Branca - Jusante (Bocaiúva),-17.3128,-43.20779999,-17.3128,-43.2078,1144.7152099609375,0.2040979415178299,2.2119264602661133,0.8094902038574219,-17.3128,-43.20779999,716.71,0.213,5.25,0.752,3168.2378,0.14699106,27.138279,1.0121675,-2023.5225900390624,-63.869024921016425,0.05710688151782989,38.85058146926071,-24.926352539733887,-91.84942250661469,-0.20267729614257823,-20.024086541266957
standard,Standard,102,1744020,Montante Barra do Jequitaí,-17.0667,-44.79999999,-17.0667,-44.8,3869.642578125,0.18223120272159576,43.79561996459961,0.9950112700462341,-17.0667,-44.79999999,11285.14,0.212,45.875,1.225,3498.6484,0.17979363,54.324005,1.0147734,370.99417812499996,10.603928594968274,0.0024375727215957543,1.35576144805339,-10.52838503540039,-19.380723191157188,-0.019762129953765806,-1.947442646187396
standard,Standard,103,1744025,Pirapora,-17.35,-44.95,-17.35,-44.95,4379.9140625,0.1936149150133133,39.0955924987793,1.0146563053131104,-17.35,-44.95,3210.188,0.181,33.293,0.948,3061.2195,0.16571939,41.75215,1.0081319,1318.6945624999998,43.077425924537586,0.0278955250133133,16.83298798849869,-2.6565575012207034,-6.3626843197792295,0.006524405313110382,0.6471777465935145
standard,Standard,104,1745001,Cachoeira do Paredão,-17.1111,-45.4378,-17.1111,-45.4378,4745.84130859375,0.13792288303375244,32.64716720581055,1.0240238904953003,-17.1111,-45.4378,3352.251,0.2,27.381,1.009,3619.2476,0.16976768,37.623783,1.0332212,1126.5937085937499,31.127842941548124,-0.03184479696624756,-18.75786779099977,-4.976615794189456,-13.22731367600503,-0.009197309504699769,-0.8901588067201649
standard,Standard,105,1745007,Porto do Cavalo,-17.0269,-45.5406,-17.0269,-45.5406,4085.887451171875,0.17540837824344635,30.031536102294922,0.9984341263771057,-17.0269,-45.5406,1446.429,0.226,14.002,0.873,3819.4995,0.17429852,41.738117,1.0339636,266.3879511718751,6.974420370309647,0.0011098582434463378,0.6367571241834628,-11.70658089770508,-28.047697738029434,-0.03552947362289438,-3.436240272181185
standard,Standard,106,1746001,Porto da Extrema,-17.03079999,-46.0136,-17.0308,-46.0136,2618.369384765625,0.16509582102298737,18.488431930541992,0.9451329708099365,-17.03079999,-46.0136,5212.471,0.181,33.706,1.061,2584.531,0.18242325,24.821098,0.98127425,33.83838476562505,1.3092659660737307,-0.017327428977012643,-9.498476195886568,-6.332666069458007,-25.51323905758725,-0.03614127919006349,-3.683096666407326
standard,Standard,107,1746002,Santa Rosa,-17.25529999,-46.4739,-17.2553,-46.4739,2616.468994140625,0.16070325672626495,14.830531120300293,0.9314379096031189,-17.25529999,-46.4739,2144.847,0.171,19.378,0.909,1615.739,0.18777078,10.289324,0.908731,1000.729994140625,61.93636435962893,-0.027067523273735045,-14.415194565275304,4.541207120300292,44.13513579998348,0.02270690960311894,2.498749311195386
standard,Standard,108,1746006,Ponte da BR-040 - Prata,-17.66359999,-46.35499999,-17.6636,-46.355,1865.4398193359375,0.1439935266971588,8.076704025268555,0.8979387879371643,-17.66359999,-46.35499999,2404.064,0.231,22.736,0.918,1851.2336,0.1596109,9.742901,0.92434394,14.206219335937476,0.7673920425783908,-0.015617373302841187,-9.784653368185497,-1.6661969747314451,-17.101651497140793,-0.02640515206283567,-2.8566371152750425
standard,Standard,109,1746007,Ponte da BR-040 - Paracatu,-17.4972,-46.5817,-17.4972,-46.5817,1888.7708740234375,0.1593831330537796,8.139421463012695,0.8857401609420776,-17.4972,-46.5817,1421.988,0.194,7.5,0.867,1510.0703,0.18725857,7.7577014,0.89259034,378.7005740234374,25.078340658937364,-0.02787543694622041,-14.886067401999497,0.3817200630126951,4.920530493899844,-0.006850179057922401,-0.7674493830980067
standard,Standard,110,1746012,João Pinheiro,-17.6999999,-46.16669999,-17.7,-46.1667,2280.87451171875,0.13837186992168427,13.904707908630371,0.9281467795372009,-17.6999999,-46.16669999,4741.682,0.202,42.383,0.993,2270.2861,0.17039646,15.684696,0.963236,10.588411718750194,0.46639107373956945,-0.032024590078315734,-18.794163962276993,-1.7799880913696295,-11.348566088686892,-0.03508922046279905,-3.6428476990892213
standard,Standard,111,1746013,Paracatu,-17.21669999,-46.8667,-17.2167,-46.8667,1847.474609375,0.18588736653327942,7.668337345123291,0.8814682960510254,-17.21669999,-46.8667,9099.043,0.184,49.164,1.125,1637.8137,0.1918978,10.335905,0.9069226,209.66090937500007,12.801267285467212,-0.006010433466720588,-3.1321012886654187,-2.6675676548767093,-25.808747805602984,-0.025454303948974633,-2.8066677298563993
standard,Standard,112,1747002,Fazenda Buriti II (Faz. Angical),-17.41669999,-47.5167,-17.4167,-47.5167,2292.6064453125,0.18366193771362305,12.484432220458984,0.9022473692893982,-17.41669999,-47.5167,10030.56,0.138,45.209,1.155,2265.7278,0.15054652,26.822798,0.96628684,26.878645312499884,1.186313965539015,0.03311541771362306,21.996800532900433,-14.338365779541014,-53.45589143810058,-0.06403947071060179,-6.62737688848187
standard,Standard,113,1841001,Vila Matias - Montante,-18.5747,-41.9178,-18.5747,-41.9178,1323.376708984375,0.16574040055274963,8.021615028381348,0.8153939247131348,-18.5747,-41.9178,3600.0,0.194,46.187,0.91,1796.0352,0.16925842,17.972437,0.92074716,-472.65849101562503,-26.316772133175622,-0.003518019447250359,-2.0784900669936297,-9.950821971618652,-55.36712673756293,-0.10535323528686524,-11.442146103048012
standard,Standard,114,1841011,Tumiritinga,-18.9764,-41.6403,-18.9764,-41.6403,1343.141845703125,0.19681905210018158,9.837173461914062,0.8238859176635742,-18.9764,-41.6403,2077.822,0.178,31.713,0.842,1412.0997,0.1773186,14.817668,0.8771717,-68.95785429687498,-4.8833559200441,0.019500452100181587,10.997409239742241,-4.980494538085937,-33.611864823033805,-0.05328578233642578,-6.074726571368613
standard,Standard,115,1841015,Governador Valadares,-18.85,-41.9333,-18.85,-41.9333,1372.4365234375,0.1902896612882614,11.477168083190918,0.8370805978775024,-18.85,-41.9333,4980.581,0.202,52.547,0.969,2159.2844,0.17209162,24.43049,0.9343865,-786.8478765625,-36.4402149416955,0.018198041288261413,10.574623731394599,-12.953321916809081,-53.02113022214897,-0.09730590212249757,-10.413881420857168
standard,Standard,116,1841018,Central de Minas,-18.7631,-41.3083,-18.7631,-41.3083,1164.592529296875,0.19008392095565796,5.953763484954834,0.8078963160514832,-18.7631,-41.3083,3157.322,0.188,32.251,0.959,1207.3512,0.15705559,14.324373,0.8729903,-42.75867070312506,-3.5415271631920406,0.033028330955657964,21.029707351172895,-8.370609515045166,-58.43613200413844,-0.06509398394851684,-7.456438398973831
standard,Standard,117,1843002,Gouveia,-18.46559999,-43.7431,-18.4656,-43.7431,1623.81103515625,0.12673351168632507,16.037504196166992,0.8747021555900574,-18.46559999,-43.7431,2817.621,0.189,31.104,0.955,3183.8887,0.18309659,39.450695,1.0042915,-1560.07766484375,-48.999126911809135,-0.05636307831367493,-30.783248510349058,-23.41319080383301,-59.34798057127514,-0.12958934440994252,-12.90355881832541
standard,Standard,118,1843003,Mendanha - Montante,-18.11329999,-43.52029999,-18.1133,-43.5203,1426.498046875,0.12495462596416473,11.81890869140625,0.8485623598098755,-18.11329999,-43.52029999,640.852,0.184,7.15,0.7,3402.8865,0.18479131,37.19777,1.0091462,-1976.388453125,-58.07976413920946,-0.05983668403583525,-32.38068069101045,-25.37886130859375,-68.22683539522329,-0.1605838401901245,-15.912841983661487
standard,Standard,119,1843009,Diamantina,-18.25,-43.6,-18.25,-43.6,1420.8536376953125,0.1712677776813507,12.638063430786133,0.8527910113334656,-18.25,-43.6,523.6,0.193,5.055,0.637,3338.1345,0.16857536,37.91101,1.0068073,-1917.2808623046876,-57.43569836100635,0.0026924176813507006,1.5971596806026103,-25.272946569213865,-66.66387038808479,-0.15401628866653438,-15.29749423415329
standard,Standard,120,1844001,Santo Hipólito,-18.3061,-44.2258,-18.3061,-44.2258,1904.840576171875,0.1732727587223053,19.236011505126953,0.8949080109596252,-18.3061,-44.2258,520.911,0.179,1.979,0.737,2789.1306,0.14781314,42.57228,0.99429333,-884.290023828125,-31.704862577181757,0.02545961872230529,17.22419178856852,-23.336268494873046,-54.8156417623699,-0.09938531904037473,-9.995573342564285
standard,Standard,121,1844009,Presidente Juscelino - Jusante,-18.64389999,-44.04809999,-18.6439,-44.0481,1788.640380859375,0.1502591371536255,18.562786102294922,0.8878961205482483,-18.64389999,-44.04809999,3574.346,0.188,21.695,1.033,2915.5042,0.19225627,38.072163,0.987582,-1126.8638191406249,-38.6507355791367,-0.04199713284637452,-21.844350171973336,-19.50937689770508,-51.24315342342141,-0.09968587945175167,-10.093934422837968
standard,Standard,122,1844010,Ponte do Licínio - Jusante,-18.67139999,-44.1914,-18.6714,-44.1914,1849.4603271484375,0.14578655362129211,18.369384765625,0.8873264193534851,-18.67139999,-44.1914,2302.718,0.192,30.652,0.922,2811.6965,0.19230527,37.19479,0.98343784,-962.2361728515625,-34.222618723306816,-0.046518716378707886,-24.19003721463686,-18.825405234374998,-50.61301659284808,-0.0961114206465149,-9.77300412261083
standard,Standard,123,1845004,Lagoa do Gouveia,-18.8414,-45.85139999,-18.8414,-45.8514,2107.130615234375,0.15059393644332886,11.434833526611328,0.8989066481590271,-18.8414,-45.85139999,2147.37,0.147,19.64,0.878,3575.5889,0.16774207,29.578606,1.0227649,-1468.4582847656252,-41.068991034333536,-0.017148133556671136,-10.222917576175814,-18.143772473388672,-61.3408639791499,-0.12385825184097299,-12.110139078978266
standard,Standard,124,1845004,Lagoa do Gouveia,-18.8414,-45.85139999,-18.8414,-45.8514,2107.130615234375,0.15059393644332886,11.434833526611328,0.8989066481590271,-18.8414,-45.85139999,2147.37,0.147,19.64,0.878,3575.5889,0.16774207,29.578606,1.0227649,-1468.4582847656252,-41.068991034333536,-0.017148133556671136,-10.222917576175814,-18.143772473388672,-61.3408639791499,-0.12385825184097299,-12.110139078978266
standard,Standard,125,1845009,UHE Três Marias Barramento,-18.215,-45.2592,-18.215,-45.2592,3225.46826171875,0.13712626695632935,23.39934730529785,0.9674959182739258,-18.215,-45.2592,6168.218,0.155,37.065,1.089,3232.1538,0.14967129,26.36581,1.0146646,-6.685538281250047,-0.2068446829866217,-0.012545023043670667,-8.381716389075464,-2.966462694702148,-11.25117223670408,-0.047168681726074135,-4.648696892162606
standard,Standard,126,1845011,São Gonçalo do Abaeté,-18.35,-45.8333,-18.35,-45.8333,1960.35986328125,0.13489733636379242,10.458210945129395,0.8982680439949036,-18.35,-45.8333,3600.0,0.195,32.524,0.962,2893.4224,0.15797235,23.812838,1.0024542,-933.0625367187499,-32.24771249157226,-0.023075013636207592,-14.606995234423993,-13.354627054870605,-56.08162729226397,-0.10418615600509651,-10.393108832812162
standard,Standard,127,1845021,Canoeiros,-18.0383,-45.5236,-18.0383,-45.5236,4123.76513671875,0.1795269250869751,28.03790283203125,1.020583987236023,-18.0383,-45.5236,1664.16,0.191,24.171,0.828,3242.7961,0.15116635,25.420408,1.0328567,880.96903671875,27.16695745127947,0.028360575086975093,18.76116945800113,2.6174948320312517,10.29682463016035,-0.012272712763977012,-1.1882299610369
standard,Standard,128,1845022,UHE Três Marias Porto Indaiá,-18.6999999,-45.5833,-18.7,-45.5833,2123.47119140625,0.1563495546579361,14.323216438293457,0.9033459424972534,-18.6999999,-45.5833,4000.0,0.153,43.614,0.947,3227.5308,0.1384931,28.040642,1.0086522,-1104.05960859375,-34.207562282403316,0.01785645465793609,12.893389387583992,-13.717425561706541,-48.919798490015104,-0.10530625750274658,-10.44029423648177
standard,Standard,129,1845026,Fazenda das Pedras,-18.0167,-45.1058,-18.0167,-45.1058,3892.650390625,0.1701490432024002,28.142465591430664,1.0016168355941772,-18.0167,-45.1058,4782.164,0.167,33.788,1.037,3668.4546,0.14258003,35.371895,1.0427146,224.19579062499997,6.111450598979744,0.02756901320240021,19.3358166654897,-7.229429408569338,-20.438343516990926,-0.0410977644058228,-3.9414202511236343
standard,Standard,130,1845028,São José dos Buritis,-18.71669999,-45.1833,-18.7167,-45.1833,2039.327880859375,0.1451387256383896,16.89307975769043,0.9018548130989075,-18.71669999,-45.1833,2960.921,0.162,18.136,1.003,2954.0518,0.16195934,31.744534,0.99466044,-914.7239191406252,-30.965060231530984,-0.01682061436161042,-10.385701967920108,-14.851454242309572,-46.78428809920338,-0.09280562690109251,-9.330382829047922
standard,Standard,131,1846005,Presidente Olegário,-18.4125,-46.42219999,-18.4125,-46.4222,2062.630615234375,0.16757871210575104,6.302427768707275,0.882152259349823,-18.4125,-46.42219999,2727.363,0.189,25.419,0.935,2116.6553,0.1720697,12.7537775,0.94384676,-54.0246847656249,-2.552361018141447,-0.0044909878942489545,-2.6099818237894032,-6.451349731292725,-50.58383472106774,-0.06169450065017701,-6.5364954635408195
standard,Standard,132,1846018,Patos de Minas,-18.6,-46.5167,-18.6,-46.5167,1887.065673828125,0.17632539570331573,6.074585437774658,0.8740910291671753,-18.6,-46.5167,2837.142,0.208,29.438,0.943,1974.4819,0.15934856,11.136244,0.93240887,-87.416226171875,-4.427299443559092,0.016976835703315735,10.653899667066797,-5.061658562225341,-45.45211619128803,-0.05831784083282465,-6.254535183993333
standard,Standard,133,1846019,Rocinha,-18.3736,-46.91499999,-18.3736,-46.915,1579.585693359375,0.13442949950695038,4.0088276863098145,0.864875078201294,-18.3736,-46.91499999,523.763,0.168,5.128,0.661,1592.9666,0.15014745,6.289133,0.9017075,-13.380906640624971,-0.8399991965070059,-0.01571795049304961,-10.468343280588256,-2.280305313690185,-36.25786437797046,-0.03683242179870605,-4.084741648340072
standard,Standard,134,1847010,Iraí de Minas,-18.9819,-47.4575,-18.9819,-47.4575,1205.838623046875,0.16511127352714539,3.1415653228759766,0.8393886089324951,-18.9819,-47.4575,2891.439,0.178,23.854,0.958,1433.566,0.16727401,6.5127864,0.8829845,-227.72737695312503,-15.88537792840546,-0.002162736472854615,-1.2929303678764053,-3.371221077124024,-51.763114434768255,-0.04359589106750483,-4.937333675450117
standard,Standard,135,1847014,Coromandel,-18.46669999,-47.2,-18.4667,-47.2,1392.9039306640625,0.14279763400554657,2.1541004180908203,0.8494536876678467,-18.46669999,-47.2,2587.15,0.166,26.069,0.927,1201.3208,0.14191827,3.0938017,0.8730131,191.58313066406254,15.947707778310553,0.0008793640055465568,0.6196270610870304,-0.9397012819091799,-30.373675271727333,-0.023559412332153307,-2.6986321662473687
standard,Standard,136,1847041,UHE Emborcação Barrament (Araguari),-18.45189999,-47.9844,-18.4519,-47.9844,1705.19580078125,0.1657327115535736,1.0759778022766113,0.8732106685638428,-18.45189999,-47.9844,6000.0,0.173,58.696,0.997,1821.809,0.13365862,5.5064354,0.9315685,-116.61319921874997,-6.400956369122667,0.0320740915535736,23.997024324786235,-4.430457597723389,-80.45963088431743,-0.05835783143615725,-6.264470238759388
standard,Standard,137,1848000,Monte Alegre de Minas,-18.87219999,-48.86939999,-18.8722,-48.8694,970.2612915039062,0.15561732649803162,11.343729972839355,0.8122053146362305,-18.87219999,-48.86939999,5942.282,0.177,40.081,1.061,531.07465,0.15220925,10.725398,0.7562504,439.18664150390623,82.69772272201398,0.003408076498031626,2.2390731824981898,0.6183319728393553,5.765119139069293,0.05595491463623048,7.398993063174642
standard,Standard,138,1848010,Araguari,-18.6511,-48.2092,-18.6511,-48.2092,968.23388671875,0.18063442409038544,2.7837350368499756,0.8109947443008423,-18.6511,-48.2092,10246.18,0.186,53.003,1.146,833.8258,0.13750973,2.433489,0.8232536,134.40808671875004,16.119444459352305,0.04312469409038544,31.361194651742416,0.3502460368499758,14.392752005452904,-0.012258855699157745,-1.4890740470685757
standard,Standard,139,1848013,Capim Branco,-18.75,-48.2667,-18.75,-48.2667,1044.47998046875,0.1571284830570221,3.5803298950195312,0.8131150007247925,-18.75,-48.2667,4061.385,0.169,35.786,0.973,878.07336,0.14139302,3.4223769,0.8284591,166.40662046875002,18.951334597914464,0.015735463057022087,11.128882498600063,0.15795299501953108,4.61530099211256,-0.015344099275207523,-1.852125141145474
standard,Standard,140,1848049,Uberlândia,-18.9231,-48.2886,-18.9231,-48.2886,1184.390625,0.17403779923915863,7.67958927154541,0.8218936324119568,-18.9231,-48.2886,6050.0,0.19,54.122,0.999,946.91205,0.14211144,8.06262,0.83529073,237.47857499999998,25.07926422522556,0.031926359239158625,22.465720732376383,-0.38303072845459063,-4.7506980169546695,-0.013397097588043194,-1.60388438502642
standard,Standard,141,1849017,Capinópolis,-18.68329999,-49.56669999,-18.6833,-49.5667,2515.951171875,0.17219500243663788,20.803068161010742,0.9097194075584412,-18.68329999,-49.56669999,2737.464,0.184,26.848,0.938,2159.684,0.12516986,32.733353,0.9645113,356.2671718749998,16.496263892078645,0.047025142436637885,37.569062102200874,-11.930284838989259,-36.446876795631844,-0.0547918924415588,-5.680793210153038
standard,Standard,142,1849020,Ituiutaba,-18.96669999,-49.35,-18.9667,-49.35,1843.68310546875,0.12556219100952148,18.80377960205078,0.8866387009620667,-18.96669999,-49.35,4020.0,0.158,38.215,0.952,1599.4915,0.12364559,26.849386,0.9165242,244.1916054687499,15.266827330357797,0.0019166010095214847,1.5500763185500468,-8.045606397949218,-29.96569976665097,-0.02988549903793336,-3.2607430374378943
standard,Standard,143,1941005,Barra do Cuieté - Jusante,-19.06169999,-41.5328,-19.0617,-41.5328,1327.017822265625,0.20359835028648376,9.222265243530273,0.8229851722717285,-19.06169999,-41.5328,5400.428,0.17,47.595,1.041,1326.5431,0.17191961,14.162084,0.87523025,0.47472226562490505,0.035786418520808334,0.031678740286483764,18.426484498472142,-4.939818756469727,-34.88059212521071,-0.05224507772827147,-5.969295248681301
standard,Standard,144,1941006,Assaraí - Montante,-19.5947,-41.4581,-19.5947,-41.4581,1668.7705078125,0.20800314843654633,18.223037719726562,0.8658260703086853,-19.5947,-41.4581,3447.244,0.193,29.506,0.985,2409.8237,0.15802144,31.80741,0.9408701,-741.0531921874999,-30.751344680837025,0.04998170843654631,31.629700651092858,-13.584372280273438,-42.708200008342196,-0.07504402969131474,-7.976024500227474
standard,Standard,145,1941017,Aimorés,-19.4833,-41.06669999,-19.4833,-41.0667,1217.064208984375,0.16861288249492645,5.428380012512207,0.815954864025116,-19.4833,-41.06669999,5695.919,0.179,36.719,1.033,1401.2455,0.17707838,12.600139,0.8703888,-184.181291015625,-13.144112934930032,-0.008465497505073555,-4.780649961375045,-7.171758987487793,-56.91809421695898,-0.054433935974883996,-6.253979368172477
standard,Standard,146,1942001,Cachoeira Escura,-19.38333333,-42.3667,-19.38333,-42.3667,4279.314453125,0.20370043814182281,40.39669418334961,0.9752623438835144,-19.38333333,-42.3667,815.784,0.189,11.694,0.702,4092.8035,0.14022586,49.815918,1.0091833,186.51095312500001,4.557046365040492,0.06347457814182281,45.26595746449536,-9.419223816650394,-18.908060304440028,-0.03392095611648549,-3.361228442492607
standard,Standard,147,1942008,Dom Cavati,-19.3736,-42.105,-19.3736,-42.105,3725.376708984375,0.1883513182401657,37.14516830444336,0.9618586897850037,-19.3736,-42.105,4296.27,0.201,39.781,0.994,3674.0356,0.14673273,47.221382,1.0008093,51.34110898437484,1.397403688314148,0.041618588240165705,28.36353432541308,-10.076213695556639,-21.33824396659259,-0.03895061021499635,-3.891911297686417
standard,Standard,148,1942009,Acesita,-19.5333,-42.63329999,-19.5333,-42.6333,7619.43505859375,0.17921209335327148,67.89214324951172,1.081885814666748,-19.5333,-42.63329999,6010.412,0.204,44.788,1.03,8160.2876,0.1427828,81.615,1.1026212,-540.8525414062497,-6.627861270554358,0.0364292933532715,25.513782719817442,-13.722856750488276,-16.814135576166485,-0.02073538533325192,-1.880553841450892
standard,Standard,149,1942021,Caratinga,-19.7356,-42.1375,-19.7356,-42.1375,15874.513671875,0.2027977705001831,94.56169128417969,1.1684194803237915,-19.7356,-42.1375,5069.841,0.176,35.87,1.048,10691.449,0.1773589,91.917404,1.1371235,5183.0646718749995,48.478598849183115,0.02543887050018309,14.343159830255539,2.6442872841796827,2.876808057133209,0.03129598032379155,2.752205923436773
standard,Standard,150,1942025,UHE Salto Grande Barramento Guanhães,-19.1464,-42.7486,-19.1464,-42.7486,2435.98828125,0.14554964005947113,23.767196655273438,0.9082492589950562,-19.1464,-42.7486,2600.0,0.2,25.779,0.912,5542.0146,0.15709233,60.17383,1.0582703,-3106.0263187500004,-56.04507643754673,-0.011542689940528872,-7.347710700152497,-36.406633344726565,-60.50243659864523,-0.15002104100494384,-14.176060785693773
standard,Standard,151,1942030,Belo Oriente,-19.3164,-42.39609999,-19.3164,-42.3961,4279.314453125,0.20370043814182281,40.39669418334961,0.9752623438835144,,,,,,,,,,,,,,,,,,
standard,Standard,152,1942031,Cachoeira dos Óculos - Montante,-19.7769,-42.4769,-19.7769,-42.4769,14077.955078125,0.20316021144390106,90.78829193115234,1.1538735628128052,-19.7769,-42.4769,2710.218,0.186,28.981,0.917,12631.225,0.14446387,101.90542,1.1564487,1446.7300781249996,11.453600724593217,0.05869634144390107,40.6304645195377,-11.117128068847663,-10.909260831119347,-0.0025751371871949313,-0.22267630091978408
standard,Standard,153,1942032,Naque Velho,-19.1886,-42.4228,-19.1886,-42.4228,2387.547119140625,0.17989593744277954,22.53094482421875,0.8992574214935303,-19.1886,-42.4228,842.329,0.209,11.609,0.709,4919.3516,0.13599128,49.989525,1.0384017,-2531.804480859375,-51.466223330314,0.04390465744277955,32.28490638721802,-27.45858017578125,-54.928667907489114,-0.13914427850646982,-13.399850800173942
standard,Standard,154,1943002,Conceição do Mato Dentro (ANEEL),-19.0167,-43.4442,-19.0167,-43.4442,2301.668701171875,0.15907706320285797,23.045703887939453,0.9013510942459106,-19.0167,-43.4442,9459.772,0.23,34.548,1.221,3922.501,0.16309792,48.826065,1.0120745,-1620.8322988281252,-41.32139925083831,-0.004020856797142036,-2.4653023147947173,-25.780361112060547,-52.80040714331689,-0.11072340575408934,-10.940242615942733
standard,Standard,155,1943003,Ferros,-19.2503,-43.0144,-19.2503,-43.0144,2670.252197265625,0.17175224423408508,27.373693466186523,0.9207915663719177,-19.2503,-43.0144,1365.299,0.171,16.667,0.807,5118.883,0.16536269,57.50717,1.0434506,-2448.630802734375,-47.835256299750846,0.006389554234085076,3.863963651102359,-30.13347653381348,-52.399512154420876,-0.12265903362808217,-11.75513566507913
standard,Standard,156,1943009,Vespasiano,-19.6872,-43.9208,-19.6872,-43.9208,11200.53515625,0.19991269707679749,86.029052734375,1.1334935426712036,-19.6872,-43.9208,1463.173,0.184,17.791,0.843,4058.8718,0.18872397,57.54981,1.008743,7141.66335625,175.95193216622414,0.011188727076797494,5.9286200246834015,28.479242734375,49.48624979713225,0.12475054267120367,12.366930196413128
standard,Standard,157,1943010,Caeté,-19.90279999,-43.6664,-19.9028,-43.6664,6662.32470703125,0.21375904977321625,60.72111892700195,1.0547442436218262,-19.90279999,-43.6664,902.136,0.189,15.774,0.716,4632.554,0.17132026,51.26862,1.003665,2029.77070703125,43.81537067957005,0.042438789773216246,24.77161181824978,9.452498927001955,18.437201795175987,0.05107924362182614,5.089272179644218
standard,Standard,158,1943022,Caixa de Areia,-19.945,-43.9125,-19.945,-43.9125,8781.9638671875,0.16496968269348145,74.3571548461914,1.0982824563980103,,,,,,,,,,,,,,,,,,
standard,Standard,159,1943025,Morro do Pilar,-19.2175,-43.3742,-19.2175,-43.3742,2669.497802734375,0.1489519327878952,27.911592483520508,0.9245250821113586,-19.2175,-43.3742,1645.627,0.188,25.051,0.819,4562.0586,0.17149939,53.14213,1.0231072,-1892.5607972656253,-41.48479805291465,-0.0225474572121048,-13.147252134310682,-25.230537516479494,-47.47746753184243,-0.09858211788864146,-9.635560954770082
standard,Standard,160,1943035,Vau da Lagoa,-19.2189,-43.58809999,-19.2189,-43.5881,2984.866455078125,0.15979789197444916,31.558034896850586,0.943733274936676,-19.2189,-43.58809999,837.596,0.186,5.391,0.763,3916.722,0.17250372,51.266426,1.0124502,-931.8555449218752,-23.79172034476471,-0.012705828025550842,-7.365538566676036,-19.708391103149417,-38.443075987293156,-0.06871692506332394,-6.787190625605481
standard,Standard,161,1943049,Ponte Raul Soares,-19.5614,-43.9178,-19.5614,-43.9178,8220.974609375,0.20624570548534393,71.79740142822266,1.0895850658416748,-19.5614,-43.9178,3316.813,0.235,32.054,1.006,3747.4248,0.18855017,54.527252,1.0022095,4473.549809375,119.37663990949198,0.017695535485343944,9.385054113366191,17.27014942822266,31.672510157347855,0.08737556584167483,8.71829351464687
standard,Standard,162,1943059,Conceição do Mato Dentro (INMET),-19.0333,-43.4333,-19.0333,-43.4333,2301.668701171875,0.15907706320285797,23.045703887939453,0.9013510942459106,,,,,,,,,,,,,,,,,,
standard,Standard,163,1943063,Belo Horizonte (Gameleira),-19.93329999,-43.9333,-19.9333,-43.9333,8781.9638671875,0.16496968269348145,74.3571548461914,1.0982824563980103,,,,,,,,,,,,,,,,,,
standard,Standard,164,1944004,Ponte Nova do Paraopeba (Betim),-19.9489,-44.4722,-19.9489,-44.4722,5090.3779296875,0.13206030428409576,49.79966354370117,1.0152931213378906,-19.9489,-44.4722,3317.441,0.175,30.14,0.951,3696.76,0.18271415,45.045055,0.9729321,1393.6179296874998,37.698360988744184,-0.05065384571590423,-27.723001046117243,4.754608543701174,10.55522863431108,0.04236102133789066,4.353954539879059
standard,Standard,165,1944009,Pedro Leopoldo,-19.63439999,-44.0533,-19.6344,-44.0533,16001.896484375,0.1598019152879715,103.90484619140625,1.184004306793213,-19.63439999,-44.0533,925.109,0.196,11.264,0.761,4412.6865,0.18818644,60.675266,1.0155264,11589.209984375,262.6338849219178,-0.028384524712028514,-15.083193407574164,43.22958019140625,71.24745063566141,0.16847790679321295,16.59020452774177
standard,Standard,166,1944016,Sete Lagoas,-19.46666667,-44.25,-19.46667,-44.25,4364.92724609375,0.2203066349029541,50.51649856567383,1.0145384073257446,-19.46666667,-44.25,1590.06,0.16,15.0,0.86,3345.4666,0.20525466,48.54983,0.99129814,1019.4606460937498,30.47289864121644,0.015051974902954096,7.3333170135840495,1.966668565673828,4.050824824049493,0.02324026732574458,2.344427613446806
standard,Standard,167,1944021,Velho da Taipa,-19.6961,-44.9294,-19.6961,-44.9294,2122.432861328125,0.14534328877925873,20.112653732299805,0.8993950486183167,-19.6961,-44.9294,1958.651,0.22,16.239,0.919,2484.483,0.20026377,32.331017,0.9614278,-362.0501386718752,-14.572453853452616,-0.05492048122074128,-27.42407237252214,-12.218363267700198,-37.79145972333687,-0.062032751381683404,-6.452148708585647
standard,Standard,168,1944027,Juatuba,-19.9556,-44.3344,-19.9556,-44.3344,7383.05712890625,0.13343751430511475,66.12059783935547,1.0713016986846924,-19.9556,-44.3344,6985.577,0.226,46.471,1.092,4144.2593,0.1883597,50.87934,0.9887008,3238.7978289062503,78.15142814317267,-0.054922185694885245,-29.158140353209973,15.24125783935547,29.95569093340336,0.08260089868469234,8.354488909556089
standard,Standard,169,1944027,Juatuba,-19.9556,-44.3344,-19.9556,-44.3344,7383.05712890625,0.13343751430511475,66.12059783935547,1.0713016986846924,-19.9556,-44.3344,6985.577,0.226,46.471,1.092,4144.2593,0.1883597,50.87934,0.9887008,3238.7978289062503,78.15142814317267,-0.054922185694885245,-29.158140353209973,15.24125783935547,29.95569093340336,0.08260089868469234,8.354488909556089
standard,Standard,170,1944032,SE Pitangui,-19.6844,-44.8789,-19.6844,-44.8789,2379.151123046875,0.1492663472890854,22.23996353149414,0.907212495803833,-19.6844,-44.8789,909.652,0.178,9.89,0.754,2643.6174,0.19341172,34.668324,0.96561176,-264.4662769531251,-10.003954314762986,-0.04414537271091462,-22.824559292950095,-12.428360468505858,-35.84932593945371,-0.05839926419616703,-6.047903165156877
standard,Standard,171,1944048,Mateus Leme,-19.9917,-44.4239,-19.9917,-44.4239,5090.3779296875,0.13206030428409576,49.79966354370117,1.0152931213378906,,,,,,,,,,,,,,,,,,
standard,Standard,172,1944049,Papagaios,-19.4283,-44.7197,-19.4283,-44.7197,2139.177734375,0.16081738471984863,21.010419845581055,0.9037006497383118,-19.4283,-44.7197,1272.181,0.2,18.22,0.791,2559.4905,0.17454836,35.06154,0.9682339,-420.3127656249999,-16.421735717518775,-0.01373097528015138,-7.86657364191298,-14.051120154418946,-40.07559324096701,-0.06453325026168821,-6.665047594562452
standard,Standard,173,1944051,Florestal (Esc. Agron.),-19.8667,-44.4167,-19.8667,-44.4167,5693.837890625,0.12432228773832321,56.968666076660156,1.0398950576782227,-19.8667,-44.4167,1127.442,0.139,12.655,0.787,3989.1401,0.17974347,48.63751,0.9831893,1704.697790625,42.73346505491246,-0.05542118226167678,-30.833488561045797,8.331156076660157,17.129076049863897,0.05670575767822261,5.767532018322678
standard,Standard,174,1944052,Sete Lagoas,-19.4667,-44.25,-19.4667,-44.25,4364.92724609375,0.2203066349029541,50.51649856567383,1.0145384073257446,,,,,,,,,,,,,,,,,,
standard,Standard,175,1944062,Fazenda Santa Rita,-19.9828,-44.4922,-19.9828,-44.4922,5090.3779296875,0.13206030428409576,49.79966354370117,1.0152931213378906,,,,,,,,,,,,,,,,,,
standard,Standard,176,1945012,Luz,-19.8167,-45.7,-19.8167,-45.7,1825.8907470703125,0.14300107955932617,14.334526062011719,0.8737366795539856,-19.8167,-45.7,1084.147,0.171,12.327,0.76,1723.8262,0.15552545,16.500986,0.88695353,102.06454707031253,5.920814236975429,-0.012524370440673838,-8.052939528979879,-2.1664599379882823,-13.129275656547325,-0.013216850446014394,-1.4901401256066251
standard,Standard,177,1945017,PCH Gafanhoto Porto Pará,-19.28689999,-45.09329999,-19.2869,-45.0933,1842.5704345703125,0.1620880663394928,16.059772491455078,0.8897035121917725,-19.28689999,-45.09329999,777.016,0.162,12.738,0.69,2849.8582,0.17662537,30.926476,0.9695813,-1007.2877654296876,-35.345188944126676,-0.014537303660507206,-8.230586387735356,-14.866703508544923,-48.07112038418125,-0.07987778780822752,-8.2383795776824
standard,Standard,178,1945022,Pompéu,-19.2167,-45.0,-19.2167,-45.0,1797.31591796875,0.13589730858802795,16.801517486572266,0.8889936208724976,,,,,,,,,,,,,,,,,,
standard,Standard,179,1946007,Fazenda São Mateus,-19.5167,-46.5711,-19.5167,-46.5711,1613.583984375,0.12870122492313385,9.503377914428711,0.8675535917282104,-19.5167,-46.5711,1197.97,0.187,11.112,0.819,1809.0554,0.16344287,17.46589,0.9153168,-195.47141562499996,-10.805164707780644,-0.03474164507686614,-21.25613988353615,-7.962512085571291,-45.58892839455241,-0.04776320827178959,-5.218216061563558
standard,Standard,180,1946008,Serra do Salitre,-19.1128,-46.6883,-19.1128,-46.6883,1598.689453125,0.15635448694229126,7.665452480316162,0.8675797581672668,-19.1128,-46.6883,5786.512,0.192,35.268,1.077,1728.8353,0.14228481,14.9257345,0.91790676,-130.14584687499996,-7.527949416291995,0.014069676942291248,9.888390013165317,-7.260282019683839,-48.64271181886451,-0.0503270018327332,-5.482801088939927
standard,Standard,181,1946009,São Gotardo,-19.3153,-46.0444,-19.3153,-46.0444,1744.714111328125,0.17307855188846588,8.710588455200195,0.870964765548706,-19.3153,-46.0444,5154.329,0.21,28.923,1.072,1857.6259,0.14985402,16.118017,0.9263216,-112.911788671875,-6.078284582050401,0.023224531888465877,15.498104013803484,-7.407428544799803,-45.95744342991948,-0.05535683445129391,-5.975984415271534
standard,Standard,182,1946015,Araxá,-19.60559999,-46.9497,-19.6056,-46.9497,1775.8870849609375,0.13603715598583221,11.146272659301758,0.8732293248176575,-19.60559999,-46.9497,2500.0,0.154,27.096,0.912,2101.9858,0.14005195,23.307838,0.9404045,-326.0987150390624,-15.513840057295461,-0.004014794014167794,-2.8666462795896765,-12.161565340698242,-52.1780069893151,-0.0671751751823425,-7.14322136722469
standard,Standard,183,1946022,Carmo do Paranaíba,-19.0033,-46.3061,-19.0033,-46.3061,1770.7315673828125,0.1780768483877182,8.646888732910156,0.8749966621398926,-19.0033,-46.3061,809.788,0.169,13.193,0.71,2329.5127,0.15103064,20.292053,0.96143407,-558.7811326171877,-23.98703954767826,0.027046208387718207,17.90776254918751,-11.645164267089843,-57.38780727159466,-0.08643740786010745,-8.990466487224387
standard,Standard,184,1947001,Santa Juliana,-19.3158,-47.5261,-19.3158,-47.5261,1726.794189453125,0.1657666712999344,18.229812622070312,0.874133288860321,-19.3158,-47.5261,853.403,0.161,12.747,0.706,1274.003,0.15269883,19.151731,0.87904966,452.79118945312507,35.54082599908517,0.01306784129993438,8.557918420157103,-0.9219183779296891,-4.813760061321293,-0.00491637113967891,-0.5592825255946189
standard,Standard,185,1947013,PCH Pai Joaquim Barramento,-19.4858,-47.5417,-19.4858,-47.5417,1861.393310546875,0.17643356323242188,18.366241455078125,0.8788657784461975,-19.4858,-47.5417,2150.903,0.177,19.901,0.896,1501.6903,0.16305056,22.461557,0.90101445,359.703010546875,23.953208630759285,0.013383003232421864,8.207885475782398,-4.095315544921874,-18.232554158742754,-0.022148671553802513,-2.4581927130916172
standard,Standard,186,1947016,Uberaba,-19.7667,-47.9333,-19.7667,-47.9333,6449.47998046875,0.14703521132469177,47.033363342285156,1.052391767501831,-19.7667,-47.9333,2400.0,0.164,31.194,0.867,4024.2573,0.2224565,44.668724,1.0405015,2425.22268046875,60.26509986001019,-0.07542128867530823,-33.903836783959214,2.364639342285159,5.293724849371473,0.011890267501831087,1.1427439078012946
standard,Standard,187,1947021,UHE Nova Ponte,-19.1167,-47.6667,-19.1167,-47.6667,1724.1038818359375,0.16355425119400024,18.765426635742188,0.8693467378616333,-19.1167,-47.6667,3865.965,0.147,35.838,0.971,967.9506,0.16231832,14.242626,0.8395925,756.1532818359375,78.11899510532227,0.001235931194000256,0.761424338300357,4.522800635742188,31.755384405531593,0.029754237861633337,3.543890382731306
standard,Standard,188,2041044,Caparaó,-20.5167,-41.8667,-20.5167,-41.8667,21976.595703125,0.17495135962963104,112.95697021484375,1.2184638977050781,-20.5167,-41.8667,1088.097,0.14,13.969,0.782,8104.385,0.14544879,87.043976,1.1074891,13872.210703125,171.1691967141862,0.029502569629631048,20.283819225743336,25.91299421484375,29.770002940632846,0.11097479770507812,10.020396381786341
standard,Standard,189,2042008,Raul Soares,-20.1036,-42.43999999,-20.1036,-42.44,32706.107421875,0.1931702345609665,129.6274871826172,1.2738193273544312,-20.1036,-42.43999999,1289.065,0.189,12.647,0.832,14836.975,0.1763681,111.58157,1.1874868,17869.132421875,120.43649343531955,0.016802134560966492,9.526742398974923,18.04591718261719,16.172847525462483,0.08633252735443109,7.270188380572405
standard,Standard,190,2042018,Ponte Nova Jusante,-20.38469999,-42.9028,-20.3847,-42.9028,10873.806640625,0.17469453811645508,81.65743255615234,1.1228723526000977,-20.38469999,-42.9028,9920.044,0.197,46.664,1.147,10030.554,0.16847521,97.97641,1.1292849,843.2526406249999,8.406840146865267,0.006219328116455092,3.6915390201650986,-16.318977443847658,-16.65602714352124,-0.00641254739990238,-0.567841418928242
standard,Standard,191,2042024,Viçosa,-20.75,-42.85,-20.75,-42.85,13751.884765625,0.20388421416282654,94.82267761230469,1.156064748764038,-20.75,-42.85,3510.725,0.223,29.319,0.995,9470.678,0.16066352,102.7493,1.1243718,4281.206765625,45.20486036612162,0.043220694162826534,26.901373854392418,-7.926622387695318,-7.71452689964342,0.031692948764038054,2.8187249772751373
standard,Standard,192,2042033,Fazenda Três Marias,-20.0167,-42.5667,-20.0167,-42.5667,22043.8125,0.15397363901138306,112.4771957397461,1.2234631776809692,-20.0167,-42.5667,731.981,0.228,3.999,0.711,13570.033,0.17057078,106.04294,1.1706102,8473.7795,62.44479656018523,-0.01659714098861695,-9.73035416066981,6.434255739746092,6.067594636423785,0.05285297768096919,4.514993776832731
standard,Standard,193,2043002,Lagoa Grande (MMV),-20.1792,-43.9428,-20.1792,-43.9428,6239.01513671875,0.20791195333003998,58.07391357421875,1.0473086833953857,-20.1792,-43.9428,1200.0,0.215,23.151,0.765,3833.9514,0.22297417,44.010456,0.9722793,2405.06373671875,62.73067876444,-0.015062216669960021,-6.755139696207871,14.063457574218752,31.95480995293199,0.07502938339538578,7.716854960851865
standard,Standard,194,2043009,Acaiaca - Jusante,-20.3625,-43.1439,-20.3625,-43.1439,7630.685546875,0.1536380499601364,69.72247314453125,1.083365797996521,-20.3625,-43.1439,766.466,0.191,8.951,0.701,8596.345,0.17164832,92.59497,1.1092919,-965.6594531249993,-11.233372475453224,-0.01801027003986358,-10.492540818263516,-22.872496855468754,-24.701662364023395,-0.025926102003479112,-2.3371758149031026
standard,Standard,195,2043009,Acaiaca - Jusante,-20.3625,-43.1439,-20.3625,-43.1439,7630.685546875,0.1536380499601364,69.72247314453125,1.083365797996521,-20.3625,-43.1439,766.466,0.191,8.951,0.701,8596.345,0.17164832,92.59497,1.1092919,-965.6594531249993,-11.233372475453224,-0.01801027003986358,-10.492540818263516,-22.872496855468754,-24.701662364023395,-0.025926102003479112,-2.3371758149031026
standard,Standard,196,2043010,Piranga,-20.6906,-43.2994,-20.6906,-43.2994,10917.02734375,0.15610036253929138,79.60093688964844,1.1147674322128296,-20.6906,-43.2994,1031.255,0.172,13.92,0.745,6137.1704,0.16809319,82.69888,1.0756068,4779.85694375,77.88372543395569,-0.011992827460708622,-7.134630177884435,-3.097943110351565,-3.746052075132777,0.039160632212829505,3.640794406732042
standard,Standard,197,2043013,Congonhas - Linigrafo,-20.52189999,-43.82999999,-20.5219,-43.83,4132.75439453125,0.19683152437210083,37.758522033691406,0.9772493839263916,-20.52189999,-43.82999999,3359.638,0.221,25.101,1.026,3195.49,0.19825275,35.345573,0.9812676,937.2643945312502,29.330850496520107,-0.0014212256278991753,-0.7168756185723403,2.4129490336914046,6.826736218681203,-0.004018216073608416,-0.4094923824661505
standard,Standard,198,2043018,Carandaí,-20.9558,-43.8008,-20.9558,-43.8008,4884.646484375,0.1976650059223175,43.618553161621094,1.002563238143921,-20.9558,-43.8008,2413.956,0.181,24.472,0.939,3498.8452,0.16925433,42.45328,0.99743724,1385.8012843749998,39.60739058632831,0.028410675922317497,16.78578971794547,1.1652731616210943,2.744836586527812,0.005125998143920896,0.5139168599641313
standard,Standard,199,2043026,Braz Pires,-20.8475,-43.2419,-20.8475,-43.2419,9913.7783203125,0.1923384964466095,76.66050720214844,1.1021260023117065,-20.8475,-43.2419,4645.625,0.185,34.958,1.046,4385.9487,0.1599679,63.46387,1.0258276,5527.8296203125,126.03498121882959,0.0323705964466095,20.23568256294513,13.196637202148437,20.79393708916339,0.07629840231170659,7.437741225884992
standard,Standard,200,2043063,UHE Peti São Gonçalo do Rio Acima,-20.0253,-43.5392,-20.0253,-43.5392,5880.4169921875,0.1879637986421585,55.97037124633789,1.0393342971801758,-20.0253,-43.5392,801.119,0.167,6.251,0.706,4136.971,0.19481018,50.262997,1.0056263,1743.4459921875005,42.143055684642235,-0.006846381357841491,-3.5143858282156977,5.707374246337892,11.355021759522005,0.0337079971801757,3.3519406940904086
standard,Standard,201,2044007,Entre Rios de Minas,-20.6611,-44.0722,-20.6611,-44.0722,2917.66162109375,0.19010235369205475,23.000200271606445,0.9215751886367798,-20.6611,-44.0722,3655.166,0.172,27.646,1.004,2502.1619,0.20753193,25.555367,0.94797695,415.49972109374994,16.605628960050506,-0.017429576307945255,-8.398503453394017,-2.555166728393555,-9.998552274336562,-0.026401761363220255,-2.7850636413913077
standard,Standard,202,2044021,Alto da Boa Vista,-20.1056,-44.4011,-20.1056,-44.4011,3525.81689453125,0.18208962678909302,33.67690658569336,0.9571368098258972,-20.1056,-44.4011,1123.0,0.103,13.0,0.7594,2761.9324,0.1820384,34.04286,0.9417369,763.8844945312499,27.657610104115864,5.122678909302847e-05,0.02814065004583015,-0.3659534143066381,-1.074978466282322,0.015399909825897229,1.6352666892310612
standard,Standard,203,2044021,Alto da Boa Vista,-20.1056,-44.4011,-20.1056,-44.4011,3525.81689453125,0.18208962678909302,33.67690658569336,0.9571368098258972,-20.1056,-44.4011,1123.0,0.103,13.0,0.7594,2761.9324,0.1820384,34.04286,0.9417369,763.8844945312499,27.657610104115864,5.122678909302847e-05,0.02814065004583015,-0.3659534143066381,-1.074978466282322,0.015399909825897229,1.6352666892310612
standard,Standard,204,2044024,Fazenda Curralinho,-20.0075,-44.33109999,-20.0075,-44.3311,5128.21728515625,0.11805907636880875,50.8386116027832,1.0198653936386108,-20.0075,-44.33109999,4784.31,0.211,34.152,1.066,3552.1003,0.19343139,44.43434,0.97112244,1576.11698515625,44.37140992770531,-0.07537231363119126,-38.96591635472984,6.404271602783204,14.412887876320893,0.04874295363861081,5.019238731483829
standard,Standard,205,2044041,Fazenda Laranjeiras - Jusante,-20.1022,-44.48469999,-20.1022,-44.4847,3525.81689453125,0.18208962678909302,33.67690658569336,0.9571368098258972,,,,,,,,,,,,,,,,,,
standard,Standard,206,2044042,Carmo da Mata,-20.5625,-44.8675,-20.5625,-44.8675,2499.29736328125,0.1710393726825714,20.377561569213867,0.9112697839736938,-20.5625,-44.8675,692.012,0.204,9.714,0.688,1708.8314,0.21969852,18.989553,0.9100225,790.46596328125,46.25769185194338,-0.0486591473174286,-22.148145248055652,1.3880085692138664,7.309327234895242,0.0012472839736938912,0.13706078406785452
standard,Standard,207,2044046,Bonfim,-20.3333,-44.25,-20.3333,-44.25,3153.40576171875,0.1829519122838974,28.77513885498047,0.9399908185005188,-20.3333,-44.25,2004.267,0.168,16.731,0.907,2734.5693,0.16731739,30.626127,0.9501477,418.8364617187499,15.3163593886156,0.01563452228389739,9.344230318138115,-1.8509881450195316,-6.043820509917991,-0.01015688149948124,-1.0689792228599027
standard,Standard,208,2044052,Jardim,-20.045,-44.4078,-20.045,-44.4078,4067.73388671875,0.150318905711174,41.182533264160156,0.9845474362373352,,,,,,,,,,,,,,,,,,
standard,Standard,209,2044054,Serra Azul,-20.0867,-44.4272,-20.0867,-44.4272,4067.73388671875,0.150318905711174,41.182533264160156,0.9845474362373352,-20.0867,-44.4272,2326.0,0.1423,28.2,0.8882,2899.1775,0.18470745,39.867554,0.9583067,1168.5563867187502,40.30647956942099,-0.034388544288825984,-18.61784367053196,1.3149792641601579,3.2983695567582547,0.02624073623733525,2.7382398805450543
standard,Standard,210,2044054,Serra Azul,-20.0867,-44.4272,-20.0867,-44.4272,4067.73388671875,0.150318905711174,41.182533264160156,0.9845474362373352,-20.0867,-44.4272,2326.0,0.1423,28.2,0.8882,2899.1775,0.18470745,39.867554,0.9583067,1168.5563867187502,40.30647956942099,-0.034388544288825984,-18.61784367053196,1.3149792641601579,3.2983695567582547,0.02624073623733525,2.7382398805450543
standard,Standard,211,2045002,Iguatama,-20.1789,-45.7003,-20.1789,-45.7003,2295.811279296875,0.1485467404127121,28.558883666992188,0.9296291470527649,-20.1789,-45.7003,819.687,0.194,10.121,0.741,2255.4873,0.16591702,31.435371,0.93122053,40.32397929687522,1.7878167301972938,-0.0173702795872879,-10.469257215015013,-2.8764873330078125,-9.150479989588202,-0.0015913829472351537,-0.17089216742624366
standard,Standard,212,2045004,Santana do Jacaré,-20.905,-45.125,-20.905,-45.125,7593.7041015625,0.1850583851337433,81.27422332763672,1.1086206436157227,-20.905,-45.125,3628.1,0.171,29.525,1.011,901.5707,0.19296879,15.638396,0.83512133,6692.1334015625,742.274943225473,-0.007910404866256715,-4.0993182712379115,65.63582732763672,419.7094595100208,0.27349931361572266,32.7496501155973
standard,Standard,213,2045012,Piumhi,-20.4619,-45.945,-20.4619,-45.945,2367.746826171875,0.19733309745788574,25.97037696838379,0.9178776144981384,-20.4619,-45.945,2049.118,0.168,16.674,0.913,1277.6672,0.15687768,19.686869,0.86665666,1090.079626171875,85.31796278184763,0.04045541745788575,25.787873365978992,6.283507968383788,31.917253923840235,0.05122095449813846,5.91017837422936
standard,Standard,214,2045013,Santo Antonio do Monte,-20.0844,-45.2967,-20.0844,-45.2967,2224.368408203125,0.1562298685312271,22.489259719848633,0.9089437127113342,-20.0844,-45.2967,1496.37,0.119,16.33,0.8085,1920.324,0.15847963,26.324516,0.9156007,304.04440820312493,15.832974446141636,-0.0022497614687728984,-1.4195903087184758,-3.8352562801513663,-14.569142620329151,-0.006656987288665817,-0.7270622760189913
standard,Standard,215,2045013,Santo Antonio do Monte,-20.0844,-45.2967,-20.0844,-45.2967,2224.368408203125,0.1562298685312271,22.489259719848633,0.9089437127113342,-20.0844,-45.2967,1496.37,0.119,16.33,0.8085,1920.324,0.15847963,26.324516,0.9156007,304.04440820312493,15.832974446141636,-0.0022497614687728984,-1.4195903087184758,-3.8352562801513663,-14.569142620329151,-0.006656987288665817,-0.7270622760189913
standard,Standard,216,2045023,Bambuí,-20.0,-45.9833,-20.0,-45.9833,1805.0682373046875,0.15408076345920563,14.65885066986084,0.8743897080421448,-20.0,-45.9833,978.205,0.187,17.83,0.722,1754.4448,0.17258207,20.943602,0.89597964,50.62343730468751,2.885439160279509,-0.018501306540794377,-10.7202947216906,-6.284751330139159,-30.007977281745323,-0.02158993195785519,-2.4096453751845512
standard,Standard,217,2048042,UHE Volta Grande Barramento,-20.03389999,-48.2222,-20.0339,-48.2222,23929.109375,0.14521096646785736,81.76927947998047,1.2343671321868896,-20.03389999,-48.2222,2618.624,0.165,31.915,0.888,7104.499,0.21345507,56.552586,1.1183707,16824.610375,236.8162818377482,-0.06824410353214264,-31.9711794768532,25.21669347998047,44.58981500860186,0.1159964321868896,10.371912657126085
standard,Standard,218,2142006,Usina Maurício,-21.47139999,-42.81309999,-21.4714,-42.8131,11367.6103515625,0.1543278694152832,94.40728759765625,1.1153125762939453,-21.47139999,-42.81309999,1450.4,0.1848,12.9,0.8231,6526.1997,0.15719764,90.90934,1.0795697,4841.4106515625,74.18422472671959,-0.0028697705847167965,-1.8255812140161878,3.4979475976562497,3.8477318146367026,0.03574287629394535,3.3108447091415543
standard,Standard,219,2142009,Jussara,-20.9114,-42.3481,-20.9114,-42.3481,18636.466796875,0.14170588552951813,110.43000793457031,1.1956874132156372,-20.9114,-42.3481,2025.9,0.157,22.0,0.8914,6054.2495,0.14733662,79.1867,1.0612217,12582.217296875,207.82455854974265,-0.005630734470481874,-3.8216802248360753,31.24330793457031,39.455246821209,0.13446571321563727,12.670840901164881
standard,Standard,220,2143003,Desterro de Melo,-21.1492,-43.52,-21.1492,-43.52,56916.64453125,0.16810713708400726,168.1245574951172,1.344786286354065,-21.1492,-43.52,3077.737,0.16,34.357,0.908,5893.8965,0.13487826,78.129906,1.068257,51022.74803125,865.6878862947457,0.03322887708400726,24.636199402340498,89.99465149511718,115.18592060653083,0.27652928635406493,25.886026148582683
standard,Standard,221,2143018,Rio Novo,-21.4725,-43.1211,-21.4725,-43.1211,11027.291015625,0.16331975162029266,93.25924682617188,1.1232210397720337,-21.4725,-43.1211,2066.0,0.179,13.2,0.9057,5471.381,0.1698329,84.40389,1.0677375,5555.910015625,101.54493016708213,-0.006513148379707345,-3.8350333649766006,8.855356826171871,10.491645380529109,0.055483539772033685,5.196365190136498
standard,Standard,222,2143055,Barbacena,-21.25,-43.7667,-21.25,-43.7667,34253.38671875,0.1751365214586258,143.4142608642578,1.2897530794143677,-21.25,-43.7667,3000.0,0.208,23.08,1.003,5589.157,0.15624757,73.6844,1.0588585,28664.22971875,512.8542590367385,0.01888895145862579,12.08911694346721,69.72986086425782,94.63313925913467,0.23089457941436775,21.805990074629214
standard,Standard,223,2143056,Juiz de Fora,-21.76719999,-43.3136,-21.7672,-43.3136,6602.4345703125,0.1783464550971985,69.58770751953125,1.0735729932785034,-21.76719999,-43.3136,3000.0,0.173,23.965,0.96,4122.2773,0.14463578,63.053886,1.0348372,2480.1572703125003,60.16473637793606,0.033710675097198495,23.307286134315103,6.5338215195312515,10.36228206383862,0.038735793278503516,3.7431775044909017
standard,Standard,224,2144001,Bom Jardim de Minas,-21.94719999,-44.19389999,-21.9472,-44.1939,1937.2208251953125,0.15808309614658356,14.163846015930176,0.8939251899719238,-21.94719999,-44.19389999,3195.314,0.203,30.111,1.011,3086.95,0.13509442,27.39672,0.9998817,-1149.7291748046873,-37.24482660246157,0.022988676146583564,17.016747358316923,-13.232873984069823,-48.300942536441674,-0.10595651002807616,-10.596904616623762
standard,Standard,225,2144005,Itumirim,-21.32079999,-44.8728,-21.3208,-44.8728,2272.389892578125,0.14775364100933075,9.93862533569336,0.8987783789634705,-21.32079999,-44.8728,4159.341,0.179,33.817,1.005,4232.594,0.12936316,30.198912,1.0380071,-1960.204107421875,-46.312122245173406,0.018390481009330745,14.216165567794373,-20.26028666430664,-67.08945893251598,-0.1392287210365295,-13.413079836980835
standard,Standard,226,2144007,Madre de Deus de Minas,-21.4922,-44.32609999,-21.4922,-44.3261,2085.693115234375,0.1605166494846344,10.665592193603516,0.8985800743103027,-21.4922,-44.32609999,1193.646,0.18,11.303,0.8,2449.5664,0.16324472,18.274324,0.97149265,-363.87328476562516,-14.854599767764006,-0.0027280705153656104,-1.6711539064575014,-7.608731806396484,-41.636187507655464,-0.07291257568969722,-7.5052112529824315
standard,Standard,227,2144018,Aiuruoca,-21.9772,-44.6033,-21.9772,-44.6033,1934.46923828125,0.17407910525798798,10.64963150024414,0.8871259093284607,-21.9772,-44.6033,8394.51,0.205,40.691,1.165,3154.8364,0.18902615,22.311743,0.99573576,-1220.3671617187501,-38.682423016253715,-0.014947044742012028,-7.907395215959288,-11.66211149975586,-52.26893972270951,-0.10860985067153928,-10.90749725324109
standard,Standard,228,2144019,Andrelândia,-21.7347,-44.31219999,-21.7347,-44.3122,1948.364990234375,0.13239149749279022,11.775331497192383,0.8910096883773804,-21.7347,-44.31219999,3306.25,0.178,33.972,0.944,3046.9875,0.17113912,25.979332,1.0052513,-1098.6225097656252,-36.056022867360795,-0.038747622507209784,-22.641008383828186,-14.204000502807617,-54.6742329741489,-0.1142416116226197,-11.364482853453628
standard,Standard,229,2144023,Ibituruna,-21.1431,-44.7378,-21.1431,-44.7378,2237.694091796875,0.16044510900974274,8.785675048828125,0.9055346846580505,-21.1431,-44.7378,2808.539,0.174,26.892,0.933,2298.3574,0.17283691,12.354671,0.94574213,-60.66330820312487,-2.6394201442789043,-0.012391800990257273,-7.169649694765587,-3.5689959511718747,-28.88782672700774,-0.04020744534194942,-4.25141738604258
standard,Standard,230,2144026,Macaia,-21.145,-44.9136,-21.145,-44.9136,1986.455078125,0.14530444145202637,15.378388404846191,0.9025437235832214,-21.145,-44.9136,2579.574,0.205,21.318,0.995,1891.6628,0.15926223,17.475576,0.921684,94.79227812499994,5.011055782510494,-0.013957788547973637,-8.764029329473559,-2.097187595153809,-12.000677947060566,-0.019140276416778512,-2.076663630569535
standard,Standard,231,2144032,São João Del Rei,-21.13329999,-44.2667,-21.1333,-44.2667,2275.654052734375,0.16153652966022491,10.82111644744873,0.9011512398719788,-21.13329999,-44.2667,1050.322,0.174,16.061,0.777,2445.207,0.17764962,13.667088,0.9420637,-169.55294726562488,-6.934093811510637,-0.016113090339775094,-9.070151875233448,-2.845971552551269,-20.823540117333476,-0.04091246012802119,-4.342854960659368
standard,Standard,232,2144036,Caxambu,-21.9833,-44.95,-21.9833,-44.95,1848.48681640625,0.13375484943389893,10.703357696533203,0.8845772743225098,-21.9833,-44.95,2534.108,0.215,25.804,0.97,2911.2947,0.21521762,21.820631,0.9875623,-1062.80788359375,-36.506365487277876,-0.08146277056610107,-37.851348122008346,-11.117273303466796,-50.94845013174365,-0.10298502567749024,-10.428205458783738
standard,Standard,233,2145008,Fazenda Juca Casimiro,-21.87419999,-45.25829999,-21.8742,-45.2583,1761.0595703125,0.16247232258319855,12.463719367980957,0.885333240032196,-21.87419999,-45.25829999,6058.805,0.22,32.869,1.09,1871.811,0.2154486,16.627213,0.9306852,-110.75142968749992,-5.916806220686806,-0.05297627741680144,-24.58882416353666,-4.163493632019044,-25.04023754323135,-0.045351959967803945,-4.872964560713327
standard,Standard,234,2145033,Machado,-21.66669999,-45.91669999,-21.6667,-45.9167,2064.5908203125,0.17256268858909607,20.897300720214844,0.9008018374443054,-21.66669999,-45.91669999,3811.29,0.207,20.34,1.075,828.6707,0.20752408,10.863465,0.8089891,1235.9201203124999,149.14490403878162,-0.03496139141090393,-16.846908277296752,10.033835720214844,92.36312465879757,0.0918127374443054,11.34906977662683
standard,Standard,235,2145036,Lavras,-21.2333,-45.0,-21.2333,-45.0,1994.1802978515625,0.13905102014541626,12.73800277709961,0.8966293931007385,-21.2333,-45.0,10224.81,0.187,56.281,1.149,1961.966,0.16120356,19.695837,0.9278684,32.214297851562606,1.641939659074755,-0.022152539854583736,-13.741966898611754,-6.9578342229003916,-35.32642061822705,-0.031239006899261512,-3.3667497351199276
standard,Standard,236,2146103,Caldas,-21.92579999,-46.3889,-21.9258,-46.3889,2812.982177734375,0.1610013097524643,28.915616989135742,0.9476133584976196,-21.92579999,-46.3889,3600.0,0.194,46.187,0.91,922.4671,0.20599052,15.480603,0.82985365,1890.5150777343752,204.94119277905685,-0.044989210247535716,-21.84042753401259,13.435013989135742,86.78611543191012,0.11775970849761963,14.190418816332208
standard,Standard,237,2245064,Delfim Moreira,-22.50969999,-45.2867,-22.5097,-45.2867,1372.4366455078125,0.17502544820308685,5.201801776885986,0.8505090475082397,-22.50969999,-45.2867,1005.939,0.158,16.605,0.824,1115.1576,0.24591234,5.7488008,0.8789942,257.2790455078125,23.07109286685689,-0.07088689179691315,-28.826081601644372,-0.5469990231140134,-9.515010906518336,-0.0284851524917602,-3.240653065942893
standard,Standard,238,2245065,Cristina - Montante,-22.2103,-45.26579999,-22.2103,-45.2658,1580.2052001953125,0.13387562334537506,9.321854591369629,0.8655454516410828,-22.2103,-45.26579999,1961.391,0.181,24.802,0.882,1739.7239,0.23095953,13.670249,0.9156127,-159.51869980468746,-9.169196319294542,-0.09708390665462494,-42.03502953726349,-4.348394408630371,-31.809182178249795,-0.05006724835891718,-5.468168840265888
standard,Standard,239,2245088,Maria da Fé,-22.31469999,-45.3731,-22.3147,-45.3731,1515.59619140625,0.17643992602825165,8.47928237915039,0.8602886199951172,-22.31469999,-45.3731,1198.222,0.172,11.101,0.851,1330.2765,0.22184615,10.8824625,0.8934893,185.31969140625006,13.93091521997495,-0.045406223971748344,-20.46743834488376,-2.40318012084961,-22.083054463542695,-0.033200680004882854,-3.7158452826332504
standard,Standard,240,2245089,Silvianópolis,-22.03419999,-45.83529999,-22.0342,-45.8353,1945.5811767578125,0.12526552379131317,18.469261169433594,0.8992601037025452,-22.03419999,-45.83529999,666.894,0.184,20.877,0.635,997.1482,0.19271067,11.903355,0.84279424,948.4329767578125,95.11454533617095,-0.06744514620868683,-34.99813799032863,6.565906169433594,55.16013064748212,0.05646586370254514,6.69983977376793
standard,Standard,241,2245107,São Lourenço,-22.1,-45.0167,-22.1,-45.0167,1702.6956787109375,0.16669297218322754,10.012561798095703,0.874859094619751,-22.1,-45.0167,1125.279,0.175,7.1,0.845,2542.4417,0.22627024,16.26997,0.9550725,-839.7460212890624,-33.029116116568666,-0.05957726781677247,-26.330138606284446,-6.257408201904298,-38.459863182933326,-0.08021340538024901,-8.398671868392087
standard,Standard,242,-,Barbacena,-21.25,-43.76666667,-21.25,-43.76667,34253.38671875,0.1751365214586258,143.4142608642578,1.2897530794143677,,,,,,,,,,,,,,,,,,
standard,Standard,243,-,Belo Horizonte,-19.93333333,-43.93333333,-19.93333,-43.93333,8781.9638671875,0.16496968269348145,74.3571548461914,1.0982824563980103,,,,,,,,,,,,,,,,,,
standard,Standard,244,-,Passa Quatro,-22.38333333,-44.96666667,-22.38333,-44.96667,1620.8280029296875,0.18248163163661957,8.129955291748047,0.8653998970985413,-22.38333333,-44.96666667,530.52,0.2,3.0,0.72,2164.769,0.2602066,13.552231,0.9383332,-543.9409970703123,-25.12697646124424,-0.07772496836338044,-29.870483055918044,-5.422275708251954,-40.010207236372764,-0.07293330290145872,-7.772644397689298
standard,Standard,245,2053000,Ribas do Rio Prado,-20.4447,-53.7581,-20.4447,-53.7581,1266.2742919921875,0.17837098240852356,15.470662117004395,0.8264947533607483,-20.4447,-53.7581,3217.5,0.1515,22.14,0.9418,4515.534,0.14947087,64.65933,1.0623817,-3249.259708007812,-71.95737443252143,0.028900112408523554,19.334946273159147,-49.1886678829956,-76.07358115680383,-0.2358869466392517,-22.203596564139957
standard,Standard,246,2054000,Campo Grande (INMET),-20.45,-54.63333333,-20.45,-54.63333,1810.2532958984375,0.15577393770217896,19.163721084594727,0.8488733172416687,-20.45,-54.63333333,2575.12,0.16,19.87,0.93,3521.316,0.1829052,39.78012,1.0018106,-1711.0627041015623,-48.591569291184385,-0.027131262297821035,-14.833510637106565,-20.61639891540527,-51.825884173816654,-0.1529372827583313,-15.266087497809595
standard,Standard,247,-,Dourados (Embrapa),-22.26666667,-54.81666667,-22.26667,-54.81667,12379.794921875,0.17126460373401642,85.0672378540039,1.1083086729049683,-22.26666667,-54.81666667,2455.13,0.18,28.14,0.88,10196.728,0.14209864,99.21608,1.1407923,2183.066921875001,21.409484707986728,0.02916596373401642,20.52515332589842,-14.148842145996099,-14.26063410890261,-0.03248362709503172,-2.847461987167315
standard,Standard,248,956000,Alta Floresta,-9.8703,-56.1022,-9.8703,-56.1022,3888.23291015625,0.22853803634643555,24.596786499023438,0.9366915822029114,-9.8703,-56.1022,4766.289,0.098,29.239,1.036,2042.3367,0.12506534,16.397926,0.91827106,1845.89621015625,90.381581555884,0.10347269634643555,82.73490988505333,8.19886049902344,49.99937491499499,0.01842052220291135,2.006000516112459
standard,Standard,249,956001,Jusante Foz Peixoto de Azevedo,-9.6433,-56.01859999,-9.6433,-56.0186,3345.394775390625,0.19295115768909454,21.31430435180664,0.9201629757881165,-9.6433,-56.01859999,3407.41,0.163,19.952,1.029,1731.3644,0.13476864,12.140837,0.89468,1614.030375390625,93.22303123424653,0.05818251768909455,43.17214872027688,9.173467351806641,75.55877203364679,0.025482975788116424,2.8482782434072993
standard,Standard,250,1059000,Humboldt,-10.1753,-59.4517,-10.1753,-59.4517,5495.71826171875,0.23973269760608673,40.49723815917969,0.9987353086471558,-10.1753,-59.4517,470.837,0.112,4.347,0.58,3547.9526,0.14789745,37.676727,1.0155329,1947.76566171875,54.89829998627236,0.09183524760608672,62.09386815397203,2.820511159179688,7.486083276765755,-0.0167975913528442,-1.6540666829055168
standard,Standard,251,1157000,Porto dos Gaúchos,-11.5358,-57.4172,-11.5358,-57.4172,7677.84814453125,0.23109285533428192,44.091583251953125,1.0423678159713745,-11.5358,-57.4172,5979.295,0.131,48.214,1.022,1957.1073,0.14301601,21.779642,0.9279514,5720.74084453125,292.30593767297535,0.08807684533428192,61.58530456435047,22.311941251953126,102.44402204569353,0.11441641597137453,12.330000899979733
standard,Standard,252,1454000,Paranatinga,-14.4178,-54.04939999,-14.4178,-54.0494,1595.35986328125,0.1899460256099701,10.231026649475098,0.8415994048118591,-14.4178,-54.04939999,9895.483,0.124,46.84,1.174,1634.0928,0.18017343,21.230518,0.92701775,-38.7329367187499,-2.3703021467783163,0.009772595609970097,5.423993765323831,-10.999491350524902,-51.80981147292262,-0.08541834518814084,-9.214316035279891
standard,Standard,253,1556003,Várzea Grande,-15.6,-56.1,-15.6,-56.1,982.3318481445312,0.12182091921567917,16.046751022338867,0.780393660068512,-15.6,-56.1,1016.453,0.133,7.5,0.739,293.6335,0.14530733,1.8155488e-09,0.70253026,688.6983481445312,234.54352045816677,-0.023486410784320844,-16.16326635712104,16.046751020523317,883851264175.5107,0.077863400068512,11.083280607516038
standard,Standard,254,1556009,Cuiabá,-15.6067,-56.06029999,-15.6067,-56.0603,982.3318481445312,0.12182091921567917,16.046751022338867,0.780393660068512,-15.6067,-56.06029999,1382.435,0.3002,27.7109,0.9315,310.86172,0.14639068,1.275557e-09,0.7146551,671.4701281445313,216.00283500475106,-0.024569760784320827,-16.783691956565015,16.04675102106331,1258019125845.6748,0.06573856006851198,9.198641424165585
standard,Standard,255,1559006,Mato Grosso,-15.0081,-59.94919999,-15.0081,-59.9492,2143.704833984375,0.2097282111644745,18.182527542114258,0.8788272738456726,-15.0081,-59.94919999,987.684,0.207,13.729,0.832,2392.253,0.17708543,35.368256,0.9818371,-248.54816601562516,-10.38971070432873,0.0326427811644745,18.43335228904744,-17.185728457885745,-48.590828051815,-0.10300982615432741,-10.491539396334423
standard,Standard,256,1652001,Ponte Branca,-16.7664,-52.8372,-16.7664,-52.8372,1037.47802734375,0.17465385794639587,4.947380065917969,0.7897071242332458,-16.7664,-52.8372,10828.492,0.086,47.69,1.19,865.16675,0.1556826,7.2021832,0.83109003,172.31127734375002,19.916539481406332,0.01897125794639587,12.185856316888252,-2.2548031340820316,-31.307217151627462,-0.041382905766754186,-4.979352930843627
standard,Standard,257,1653004,Alto Garças,-16.9442,-53.5336,-16.9442,-53.5336,1041.01025390625,0.16140301525592804,2.1971800327301025,0.8141079545021057,-16.9442,-53.5336,6037.949,0.182,17.764,1.178,811.0683,0.17465477,2.6815194e-08,0.82453096,229.94195390624998,28.350504378761933,-0.013251754744071947,-7.587399270041091,2.1971800059149085,8193787469.577539,-0.010423005497894322,-1.264113296351458
standard,Standard,258,1654000,Rondonópolis,-16.4711,-54.6561,-16.4711,-54.6561,1560.6866455078125,0.1706957370042801,17.966697692871094,0.8508358597755432,-16.4711,-54.6561,14615.726,0.207,39.234,1.331,420.76794,0.18194811,1.8235193e-06,0.73818904,1139.9187055078125,270.91386893873437,-0.011252372995719906,-6.184385754663737,17.966695869351796,985275882.1555547,0.11264681977554325,15.259887870394724
standard,Standard,259,1657003,Cáceres (DNPVN),-16.0817,-57.6942,-16.0817,-57.6942,3845.719482421875,0.26902151107788086,33.305721282958984,0.9629811644554138,-16.0817,-57.6942,5378.867,0.2151,93.244,1.0368,2584.794,0.18467292,37.443226,0.98269266,1260.9254824218751,48.78243614082496,0.08434859107788087,45.674585682557506,-4.137504717041018,-11.050075431644213,-0.019711495544586177,-2.005865755076076
standard,Standard,260,1753000,Alto Araguaia,-17.3,-53.2194,-17.3,-53.2194,1042.923828125,0.16360996663570404,2.9438507556915283,0.7904951572418213,-17.3,-53.2194,7339.183,0.121,37.977,1.161,658.137,0.15945153,0.4392929,0.78094447,384.78682812500006,58.46606832999817,0.0041584366357040325,2.6079628309016742,2.5045578556915284,570.1339256089794,0.009550687241821287,1.2229662426345482
standard,Standard,261,1853000,Fazenda Taquari,-17.8111,-53.28889999,-17.8111,-53.2889,943.5822143554688,0.2092873454093933,2.727005958557129,0.7691503763198853,-17.8111,-53.28889999,7964.394,0.228,21.612,1.351,667.184,0.18236803,5.645349,0.77985835,276.3982143554688,41.42758434786637,0.026919315409393324,14.760983824518654,-2.9183430414428715,-51.69464352766979,-0.01070797368011478,-1.3730664908716794
standard,Standard,262,-,Cuiabá,-15.55,-56.11666667,-15.55,-56.11667,983.9317626953125,0.17770706117153168,16.005949020385742,0.7853977680206299,-15.55,-56.11666667,2350.99,0.2,19.0,0.9,270.51483,0.1359259,4.577579e-09,0.68430316,713.4169326953124,263.72562742505187,0.04178116117153169,30.738189831026826,16.005949015808163,349659700374.5465,0.10109460802062986,14.773365655746769
standard,Standard,263,82246,Belterra,-2.633333,-54.95,-2.63333,-54.95,4396.96923828125,0.18265308439731598,54.23564529418945,0.9496349096298218,-2.633333,-54.95,1310.41,0.1064,9.7941,0.7244,2113.9917,0.116397485,57.436745,0.92652094,2282.97753828125,107.99368504054438,0.06625559939731598,56.921847922501065,-3.201099705810549,-5.573260994874533,0.023113969629821818,2.494705584292765
standard,Standard,264,254000,Santarém,-2.4433,-54.7025,-2.4433,-54.7025,4993.98486328125,0.15776056051254272,56.11842727661133,0.9691934585571289,-2.4433,-54.7025,2980.0,0.0931,27.0,0.8835,751.65656,0.1265537,20.140556,0.7801958,4242.32830328125,564.3971634174588,0.031206860512542733,24.658987064418294,35.977871276611324,178.63395269033944,0.1889976585571289,24.224388103233693
standard,Standard,265,254001,Santarém - Taperinha,-2.41666667,-54.33333333,-2.41667,-54.33333,6817.22705078125,0.1873820424079895,64.77063751220703,1.0090012550354004,-2.41666667,-54.33333333,1712.51,0.19,15.0,0.84,783.6241,0.16352788,17.6913,0.7932738,6033.60295078125,769.9613820939466,0.023854162407989515,14.5872143685771,47.07933751220703,266.1157603579558,0.21572745503540036,27.194577084910705
standard,Standard,266,651002,Projeto Tucumã,-6.7444,-51.1492,-6.7444,-51.1492,1516.44580078125,0.15919765830039978,11.487279891967773,0.8386160731315613,-6.7444,-51.1492,3171.5,0.1708,3.1,0.9353,762.2934,0.1411127,9.705023,0.80537474,754.15240078125,98.93203860629647,0.018084958300399773,12.815967875605649,1.7822568919677728,18.36427272730598,0.0332413331315613,4.127436767083271
standard,Standard,267,-,Alto Tapajós,-7.33333333,-57.5,-7.33333,-57.5,2821.4482421875,0.17123742401599884,25.382783889770508,0.8830859661102295,-7.33333333,-57.5,1562.35,0.2,11.0,0.82,485.58337,0.115953624,1.6512526,0.7321891,2335.8648721875,481.0430126936802,0.055283800015998835,47.67750942911351,23.73153128977051,1437.1835835274694,0.15089686611022946,20.60900197916487
standard,Standard,268,-,Belém,-1.45,-48.46666667,-1.45,-48.46667,1974.7491455078125,0.16574189066886902,31.010839462280273,0.888970136642456,-1.45,-48.46666667,1373.85,0.15,15.0,0.8,781.90906,0.1913144,16.097797,0.80432075,1192.8400855078125,152.55483617337964,-0.025572509331130977,-13.36674569772635,14.913042462280274,92.64026911434075,0.08464938664245603,10.524332070564638
standard,Standard,269,734006,João Pessoa,-7.1,-34.86666667,-7.1,-34.86667,,,,,,,,,,,,,,,,,,,,,,
standard,Standard,270,-,São Gonçalo,-6.76666667,-38.23333333,-6.76667,-38.23333,1386.638427734375,0.2015373408794403,13.38701343536377,0.861144483089447,-6.76666667,-38.23333333,3077.38,0.14,30.0,0.93,604.1867,0.16773574,2.2244248e-11,0.74783224,782.451727734375,129.50495728131304,0.03380160087944031,20.151698665675134,13.387013435341526,60181910556569.62,0.11331224308944698,15.152093882639639
standard,Standard,271,82899,Aeroporto de Recife,-8.11333,-35.01528,-8.11333,-35.01528,1218.466552734375,0.25577104091644287,14.502005577087402,0.8608615398406982,-8.11333,-35.01528,1423.97,0.1124,21.0,0.7721,822.6625,0.19995299,5.507732e-12,0.7685833,395.804052734375,48.11256775826964,0.055818050916442874,27.915587016949775,14.502005577081894,263302672989206.7,0.09227823984069827,12.006276982689876
standard,Standard,272,735086,Vertentes,-7.9167,-35.9833,-7.9167,-35.9833,1277.3292236328125,0.30241501331329346,14.50129508972168,0.860855221748352,-7.9167,-35.9833,2282.3,0.17,17.913,0.909,485.19516,0.19251274,1.1310713e-10,0.7876377,792.1340636328125,163.2609162121099,0.10990227331329347,57.088311824606244,14.501295089608572,12820849657849.662,0.07321752174835205,9.295837635546402
standard,Standard,273,737037,Tabira,-7.5833,-37.55,-7.5833,-37.55,1470.56884765625,0.19403807818889618,13.356571197509766,0.8555589318275452,-7.5833,-37.55,599.973,0.103,7.628,0.632,571.20087,0.15678747,1.2267817e-10,0.79421085,899.36797765625,157.45213722385438,0.03725060818889617,23.75866399840253,13.356571197387087,10887488130436.805,0.06134808182754514,7.724407419962236
standard,Standard,274,738030,Serra Talhada,-7.98333,-38.3,-7.98333,-38.3,1467.1331787109375,0.20831164717674255,15.213725090026855,0.8612566590309143,-7.98333,-38.3,764.167,0.76,12.879,0.66,645.1832,0.18494639,1.6860842e-10,0.8093805,821.9499787109374,127.39792026682304,0.023365257176742565,12.633529736234681,15.213725089858247,9023111117379.693,0.05187615903091436,6.409366056003864
standard,Standard,275,740014,Araripina,-7.55,-40.5667,-7.55,-40.5667,1701.4757080078125,0.1574590802192688,20.895559310913086,0.898543655872345,-7.55,-40.5667,387.23,0.143,0.725,0.609,816.2653,0.20321275,24.1513,0.8333564,885.2104080078125,108.44640927500072,-0.0457536697807312,-22.5151570365202,-3.255740689086913,-13.480602241233031,0.06518725587234497,7.822254184685565
standard,Standard,276,740024,Serrolândia,-7.4167,-40.1833,-7.4167,-40.1833,1658.3260498046875,0.21276743710041046,20.404897689819336,0.8896556496620178,-7.4167,-40.1833,947.444,0.116,11.767,0.749,250.02295,0.19115928,1.11222036e-07,0.66780734,1408.3030998046875,563.2695317788576,0.021608157100410474,11.303744762174496,20.4048975785973,18346092476.31225,0.22184830966201785,33.22040600242847
standard,Standard,277,835007,Bezerros,-8.2333,-35.75,-8.2333,-35.75,1367.4803466796875,0.28716838359832764,14.500842094421387,0.8608511686325073,-8.2333,-35.75,768.7,0.24,9.0,0.824,482.4767,0.25528216,2.1853432e-13,0.7890319,885.0036466796876,183.42930273724878,0.031886223598327657,12.490580461371708,14.500842094421168,6635498760295942.0,0.07181926863250732,9.102200891054888
standard,Standard,278,835027,Glória do Goita,-8.0,-35.29999999,-8.0,-35.3,1367.4803466796875,0.28716838359832764,14.500842094421387,0.8608511686325073,-8.0,-35.29999999,565.2,0.2333,17.0,0.7533,567.54297,0.21880357,1.6927271e-10,0.78568304,799.9373766796875,140.94745578113452,0.06836481359832763,31.24483462419175,14.500842094252114,8566556354094.002,0.07516812863250733,9.56723319781821
standard,Standard,279,836004,Belo Jardim,-8.33333,-36.45,-8.33333,-36.45,1328.4400634765625,0.28485482931137085,14.501096725463867,0.8608534336090088,-8.33333,-36.45,2178.87,0.123,22.834,0.875,471.30078,0.22592442,1.8278829e-13,0.7945198,857.1392834765625,181.86672287632592,0.05893040931137086,26.084125528073002,14.501096725463684,7933274459465476.0,0.06633363360900879,8.34889622750859
standard,Standard,280,837003,Arcoverde (Rio Branco),-8.43329999,-37.06669999,-8.4333,-37.0667,1277.3292236328125,0.30241501331329346,14.50129508972168,0.860855221748352,-8.43329999,-37.06669999,1116.5,0.257,19.0,0.8837,578.924,0.21838035,0.5010358,0.80903536,698.4052236328125,120.63849894507959,0.08403466331329346,38.480872163312064,14.00025928972168,2794.263262170424,0.05181986174835207,6.405141766405868
standard,Standard,281,837011,Custódia,-8.1,-37.65,-8.1,-37.65,1329.3912353515625,0.22459863126277924,13.360357284545898,0.8555938005447388,-8.1,-37.65,3112.238,0.122,26.796,0.935,491.1319,0.16473724,1.9293053e-11,0.80306053,838.2593353515625,170.6790651048247,0.05986139126277923,36.337497983321335,13.360357284526605,69249575401708.61,0.052533270544738775,6.541632739033853
standard,Standard,282,839017,Salgueiro,-8.0667,-39.1167,-8.0667,-39.1167,1435.4581298828125,0.22610406577587128,16.400192260742188,0.8660032153129578,-8.0667,-39.1167,1719.692,0.11,16.676,0.795,745.0934,0.17055678,3.7551073e-10,0.82012177,690.3647298828125,92.65479064541607,0.055547285775871286,32.56820735937398,16.400192260366676,4367436387334.837,0.04588144531295779,5.594467430483864
standard,Standard,283,840013,Jutaí,-8.6333,-40.2333,-8.6333,-40.2333,4676.60498046875,0.2930990755558014,47.650550842285156,1.0237711668014526,-8.6333,-40.2333,395.531,0.133,1.34,0.565,1024.4584,0.19395019,1.316376,0.8758795,3652.14658046875,356.495352126426,0.0991488855558014,51.120798363642436,46.33417484228516,3519.8282893554087,0.1478916668014526,16.88493300750304
standard,Standard,284,3878358,Catende,-8.66694,-35.71694,-8.66694,-35.71694,1218.466552734375,0.25577104091644287,14.502005577087402,0.8608615398406982,-8.66694,-35.71694,743.4,0.267,12.0,0.8155,791.12085,0.2237535,3.7239432,0.8126972,427.345702734375,54.01775250069253,0.03201754091644288,14.30929166088704,10.778062377087402,289.4260679670786,0.048164339840698234,5.926480347255808
standard,Standard,285,-,Nazaré,-7.73333333,-35.25,-7.73333,-35.25,1328.4400634765625,0.28485482931137085,14.501096725463867,0.8608534336090088,-7.73333333,-35.25,421.19,0.23,4.0,0.68,655.02905,0.21248762,5.885981e-11,0.7833111,673.4110134765625,102.80628217581534,0.07236720931137086,34.05714145199182,14.501096725405008,24636669274679.97,0.07754233360900875,9.899302283474439
standard,Standard,286,-,Olinda,-8.01666667,-34.85,-8.01667,-34.85,,,,,,,,,,,,,,,,,,,,,,
standard,Standard,287,342004,Luzilândia (Porto Alegre),-3.4667,-42.3667,-3.4667,-42.3667,1633.8245849609375,0.18241308629512787,12.876516342163086,0.85650235414505,-3.4667,-42.3667,3480.4,0.1546,32.7,0.9615,4403.267,0.16134742,43.74006,1.0431818,-2769.4424150390623,-62.895173402818,0.021065666295127877,13.056091194472076,-30.863543657836914,-70.56127416797534,-0.1866794458549499,-17.895197735902784
standard,Standard,288,442004,Campo Maior,-4.8167,-42.1833,-4.8167,-42.1833,1549.2652587890625,0.21739080548286438,11.214983940124512,0.8465719223022461,-4.8167,-42.1833,1738.6,0.1363,22.3,0.838,2499.164,0.14778127,31.404675,0.97793686,-949.8987412109377,-38.008659744255986,0.06960953548286439,47.10308382304766,-20.18969105987549,-64.28880750995032,-0.13136493769775393,-13.432864949763108
standard,Standard,289,542011,Teresina,-5.08333333,-42.81666667,-5.08333,-42.81667,1706.7640380859375,0.16634929180145264,11.208197593688965,0.8483017086982727,,,,,,,,,,,,,,,,,,
standard,Standard,290,542012,Teresina,-5.0878,-42.79919999,-5.0878,-42.7992,1655.255859375,0.18431510031223297,11.203535079956055,0.8482558131217957,-5.0878,-42.79919999,2491.6,0.142,20.0,0.8943,2468.1753,0.13284351,31.62081,0.9699648,-812.9194406249999,-32.936049583876795,0.05147159031223297,38.74603306720289,-20.417274920043944,-64.56910787561718,-0.1217089868782043,-12.54777357675292
standard,Standard,291,742002,Oeiras,-7.0167,-42.13329999,-7.0167,-42.1333,5819.1484375,0.24535633623600006,74.00759887695312,1.0296635627746582,-7.0167,-42.13329999,2521.4,0.1654,31.3,0.9304,2055.9817,0.2292212,52.55163,0.9428847,3763.1667375,183.03503078359114,0.016135136236000047,7.039111668554238,21.455968876953122,40.82836037046447,0.08677886277465818,9.203549784470804
standard,Standard,292,2349033,Tomazina,-23.76666667,-49.95,-23.76667,-49.95,4215.806640625,0.1472453773021698,30.214319229125977,0.9724686741828918,-23.76666667,-49.95,2676.7,0.149,29.0,0.931,4111.921,0.16196088,34.57516,1.01196,103.88564062499972,2.5264503044927107,-0.014715502697830202,-9.085837702184751,-4.36084077087402,-12.612640898477464,-0.039491325817108125,-3.9024591700371682
standard,Standard,293,2350018,Bandeirantes,-23.1,-50.35,-23.1,-50.35,2559.167236328125,0.14347080886363983,24.477392196655273,0.9156466126441956,-23.1,-50.35,1077.21,0.157,10.0,0.781,3496.5535,0.20974456,33.61403,0.98543745,-937.386263671875,-26.808863747455174,-0.06627375113636017,-31.59736354371249,-9.136637803344726,-27.181024718978136,-0.06979083735580449,-7.082218902458445
standard,Standard,294,2350068,Cambará,-23.0,-50.03333333,-23.0,-50.03333,2232.26318359375,0.145784392952919,21.30010986328125,0.9028833508491516,-23.0,-50.03333333,1772.96,0.126,17.0,0.867,3169.087,0.19420093,31.297298,0.9784198,-936.82381640625,-29.561315811344087,-0.04841653704708099,-24.931156121178716,-9.997188136718751,-31.94265567819545,-0.07553644915084834,-7.7202494420951355
standard,Standard,295,2352017,Paranavaí,-23.08333333,-52.43333333,-23.08333,-52.43333,7968.84033203125,0.14295898377895355,73.80764770507812,1.0583058595657349,-23.08333333,-52.43333333,2808.67,0.104,33.0,0.93,3063.1038,0.15367478,68.27106,0.95253223,4905.73653203125,160.15573915683987,-0.010715796221046459,-6.973035016576213,5.536587705078119,8.109713991665163,0.10577362956573488,11.10446725416681
standard,Standard,296,2352019,Cianorte,-23.66666667,-52.58333333,-23.66667,-52.58333,26957.31640625,0.15749624371528625,114.98115539550781,1.216653823852539,-23.66666667,-52.58333333,2115.81,0.145,22.0,0.849,4260.9507,0.14046645,70.54976,0.99471647,22696.36570625,532.6596645732136,0.017029793715286262,12.123744648836972,44.431395395507806,62.97880445731892,0.2219373538525391,22.311619496210724
standard,Standard,297,2353053,Umuarama,-23.73333333,-53.28333333,-23.73333,-53.28333,35474.50390625,0.187183678150177,127.7520751953125,1.2540041208267212,-23.73333333,-53.28333333,1752.27,0.148,17.0,0.84,11023.224,0.16578062,92.61809,1.1237663,24451.279906249998,221.81604861018877,0.021403058150177012,12.91047056656985,35.133985195312505,37.934257978449466,0.1302378208267212,11.589404382986142
standard,Standard,298,2449013,Cerro Azul,-24.81666667,-49.25,-24.81667,-49.25,5599.05810546875,0.16038572788238525,41.212806701660156,1.0257830619812012,-24.81666667,-49.25,1625.55,0.138,18.0,0.86,3894.5913,0.1847685,36.041077,1.0123142,1704.46680546875,43.764972346873726,-0.02438277211761475,-13.196390140968157,5.171729701660155,14.349542611227058,0.013468861981201119,1.3305021288055743
standard,Standard,299,2450011,Telêmaco Borba,-24.33333333,-50.61666667,-24.33333,-50.61667,7700.33935546875,0.18254803121089935,34.62080383300781,1.0541878938674927,-24.33333333,-50.61666667,3235.19,0.163,24.0,0.968,4650.809,0.17121175,29.998697,1.0333979,3049.53035546875,65.56989021627741,0.011336281210899357,6.621205151456811,4.6221068330078126,15.407691984114553,0.020789993867492695,2.0118091847770057
standard,Standard,300,2451014,Ivaiporã,-24.25,-51.65,-24.25,-51.65,11018.1669921875,0.1712227612733841,60.07423782348633,1.0891460180282593,-24.25,-51.65,676.71,0.158,1.0,0.726,6913.745,0.2002706,55.350716,1.0600088,4104.4219921875,59.36611767121148,-0.0290478387266159,-14.504295052102455,4.72352182348633,8.53380437479134,0.029137218028259193,2.7487713336209274
standard,Standard,301,2452013,Nova Cantu,-24.66666667,-52.56666667,-24.66667,-52.56667,42566.265625,0.12855497002601624,120.17325592041016,1.2714011669158936,-24.66666667,-52.56666667,2778.43,0.149,24.0,0.94,9378.683,0.1157526,71.77249,1.0994081,33187.582624999995,353.8618655199242,0.012802370026016238,11.060114438912162,48.40076592041015,67.4363755812431,0.17199306691589356,15.644151331602302
standard,Standard,302,2452061,Palmital,-24.88333333,-52.21666667,-24.88333,-52.21667,50228.51171875,0.13529616594314575,130.9312286376953,1.2879092693328857,-24.88333333,-52.21666667,1548.46,0.13,16.0,0.834,8688.891,0.16516033,72.485565,1.0781121,41539.62071875,478.07736014584594,-0.029864164056854242,-18.081923217793427,58.44566363769532,80.63076232860338,0.20979716933288572,19.459680429603353
standard,Standard,303,2453023,Cascavel,-24.93333333,-53.43333333,-24.93333,-53.43333,49845.484375,0.1407756507396698,123.81343841552734,1.2986454963684082,-24.93333333,-53.43333333,1062.92,0.141,5.0,0.776,22857.484,0.17483683,99.09739,1.2160095,26988.000375,118.07073943483894,-0.0340611792603302,-19.481695739010025,24.71604841552734,24.941169909245176,0.08263599636840824,6.795670294385713
standard,Standard,304,2548000,Morretes,-25.46669999,-48.8333,-25.4667,-48.8333,5508.49609375,0.15670685470104218,43.47389602661133,1.00734281539917,-25.46669999,-48.8333,2160.23,0.155,24.0,0.89,3340.4873,0.22608791,33.515854,0.9570009,2168.00879375,64.90097399112999,-0.06938105529895783,-30.687645039912937,9.95804202661133,29.711437538220963,0.05034191539916988,5.260383286909121
standard,Standard,305,2549001,Porto Amazonas,-25.55,-49.88333333,-25.55,-49.88333,5439.66650390625,0.16012927889823914,36.948509216308594,1.0146886110305786,-25.55,-49.88333333,2543.31,0.196,27.0,0.952,4526.9824,0.16282262,37.88624,1.0263228,912.6841039062501,20.16098193591939,-0.0026933411017608655,-1.6541565918549066,-0.937730783691407,-2.4751223232799218,-0.011634188969421366,-1.1335798999516884
standard,Standard,306,2549003,Rio da Várzea dos Lima,-25.95,-49.39305556,-25.95,-49.39306,4811.796875,0.15582238137722015,41.366943359375,0.9977396726608276,-25.95,-49.39305556,454.6,0.1423,0.0,0.6766,2856.613,0.14557704,33.117485,0.96494555,1955.1838750000002,68.44412858864678,0.010245341377220163,7.037745359584289,8.249458359374998,24.90967644244422,0.032794122660827596,3.3985464424212948
standard,Standard,307,2550008,Ponta Grossa,-25.1,-50.16666667,-25.1,-50.16667,6694.03076171875,0.13156162202358246,33.9700813293457,1.0314730405807495,-25.1,-50.16666667,1421.85,0.19,17.0,0.86,4111.411,0.19152567,30.286709,1.0165728,2582.61976171875,62.81589852531771,-0.05996404797641755,-31.30862195987491,3.683372329345705,12.161679003637222,0.014900240580749458,1.4657327621543146
standard,Standard,308,2550025,Teixeiras Soares (Est. Exper.),-25.45,-50.58333333,-25.45,-50.58333,6814.00390625,0.17957866191864014,34.45094680786133,1.0251538753509521,-25.45,-50.58333333,959.18,0.177,9.0,0.789,5749.64,0.18229766,36.362465,1.0356491,1064.3639062499997,18.511835632317844,-0.0027189980813598635,-1.4915156241500103,-1.9115181921386721,-5.256844364480439,-0.010495224649047952,-1.013395816116477
standard,Standard,309,2550071,Ponta Grossa,-25.21666667,-50.01666667,-25.21667,-50.01667,6135.51171875,0.14323142170906067,34.78103256225586,1.025044560432434,-25.21666667,-50.01666667,1902.39,0.152,21.0,0.893,4047.2532,0.1734245,31.714752,1.0162151,2088.25851875,51.59693292107348,-0.03019307829093934,-17.409926677568244,3.0662805622558587,9.668310073040642,0.008829460432434155,0.8688574330802756
standard,Standard,310,2553015,Planalto,-25.7,-53.76666667,-25.7,-53.76667,62502.1796875,0.14149072766304016,132.004638671875,1.319636344909668,-25.7,-53.76666667,1659.59,0.156,14.0,0.84,35458.395,0.19467457,107.77944,1.2630762,27043.784687500003,76.26906036638152,-0.05318384233695983,-27.319357806702662,24.225198671875006,22.476641808377373,0.056560144909667986,4.477967751246361
standard,Standard,311,2554026,São Miguel do Iguaçu,-25.18333333,-54.13333333,-25.18333,-54.13333,114506.875,0.1580764204263687,162.12176513671875,1.4083281755447388,-25.18333333,-54.13333333,2886.0,0.124,26.0,0.927,48756.83,0.19078101,127.085884,1.315707,65750.045,134.85299392926078,-0.03270458957363129,-17.142476378351958,35.03588113671876,27.568664617951402,0.09262117554473881,7.039650586698925
standard,Standard,312,2651006,Palmas,-26.48333333,-51.98333333,-26.48333,-51.98333,9024.6552734375,0.12739300727844238,56.102294921875,1.041414737701416,-26.48333333,-51.98333333,1303.47,0.126,12.0,0.815,6461.444,0.17087345,58.287693,1.0467088,2563.2112734374996,39.669325826200755,-0.04348044272155763,-25.44599100770636,-2.1853980781249973,-3.7493302027325,-0.005294062298583979,-0.50578177030555
standard,Standard,313,2652003,Clevelândia,-26.41666667,-52.35,-26.41667,-52.35,7853.025390625,0.13713008165359497,49.61195755004883,1.0197067260742188,-26.41666667,-52.35,2553.88,0.166,24.0,0.917,7099.11,0.16896777,59.041595,1.0591999,753.9153906250003,10.619857850138965,-0.03183768834640502,-18.842462291125116,-9.429637449951173,-15.971176676292659,-0.03949317392578133,-3.7285855036222464
standard,Standard,314,2652035,Pato Branco,-26.11666667,-52.68333333,-26.11667,-52.68333,6244.5068359375,0.13509482145309448,41.136024475097656,0.9887486696243286,-26.11666667,-52.68333333,879.43,0.152,9.0,0.732,9893.331,0.16192715,61.772358,1.0868359,-3648.8241640625,-36.88165456166887,-0.02683232854690551,-16.570617433151583,-20.63633352490234,-33.407067810010325,-0.09808723037567146,-9.025026719826927
standard,Standard,315,-,Curitiba,-25.41666667,-49.28333333,-25.41667,-49.28333,5559.216796875,0.11138355731964111,42.97759246826172,1.0153061151504517,-25.41666667,-49.28333333,1790.34,0.2,13.0,0.9,3798.5754,0.16516943,35.056293,0.9887326,1760.6413968749998,46.3500447266362,-0.05378587268035889,-32.56406023824075,7.921299468261722,22.59594152827774,0.0265735151504517,2.6876341642271835
standard,Standard,316,-,Jacarezinho,-23.15,-50.01666667,-23.15,-50.01667,2353.0556640625,0.14910145103931427,21.96998405456543,0.9083491563796997,-23.15,-50.01666667,1667.47,0.14,19.0,0.86,3214.3865,0.2250328,29.919914,0.97481704,-861.3308359375001,-26.796119133075628,-0.07593134896068574,-33.742347320339846,-7.949929945434569,-26.57069784837807,-0.06646788362030032,-6.81849833280513
standard,Standard,317,-,Paranaguá,-25.51666667,-48.5,-25.51667,-48.5,6549.9130859375,0.1925046145915985,49.66339874267578,1.022524118423462,-25.51666667,-48.5,637.22,0.2,6.0,0.65,2366.824,0.19804849,24.391024,0.9023763,4183.0890859374995,176.738493691863,-0.005543875408401483,-2.7992515410753613,25.27237474267578,103.6134224732663,0.1201478184234619,13.314602613506349
standard,Standard,318,-,Apucarana,-23.5,-51.53333333,-23.5,-51.53333,8819.41796875,0.1759481430053711,63.875816345214844,1.068961501121521,-23.5,-51.53333333,1301.07,0.177,15.0,0.836,3983.6309,0.23511665,49.845978,0.9947419,4835.78706875,121.3914438897941,-0.05916850699462892,-25.16559630916352,14.029838345214841,28.146379925005867,0.07421960112152104,7.461191804780822
standard,Standard,319,-,Curitiba,-25.43333333,-49.26666667,-25.43333,-49.26667,5559.216796875,0.11138355731964111,42.97759246826172,1.0153061151504517,,,,,,,,,,,,,,,,,,
standard,Standard,320,-,Francisco Beltrão,-26.08333333,-53.05,-26.08333,-53.05,13931.2470703125,0.13937348127365112,65.9646987915039,1.1050344705581665,-26.08333333,-53.05,1012.28,0.182,9.0,0.76,11536.413,0.16953121,63.681755,1.1008564,2394.8340703124995,20.75891414699265,-0.030157728726348865,-17.78889487448881,2.2829437915039037,3.5849259988263573,0.004178070558166436,0.3795291155291858
standard,Standard,321,-,Guarapuava,-25.36472222,-51.51361111,-25.36472,-51.51361,15828.8291015625,0.20672860741615295,77.00112915039062,1.138044834136963,-25.36472222,-51.51361111,1039.68,0.171,10.0,0.799,7127.6514,0.19532502,60.216053,1.066675,8701.177701562501,122.0763644748746,0.011403587416152966,5.838262510431571,16.785076150390623,27.874753183159683,0.07136983413696285,6.690869677920908
standard,Standard,322,-,Guaraqueçaba,-25.21666667,-48.33333333,-25.21667,-48.33333,10445.95703125,0.17767886817455292,64.83393859863281,1.0778017044067383,-25.21666667,-48.33333333,1479.78,0.172,19.0,0.802,2511.845,0.15601079,28.354038,0.91216606,7934.112031250001,315.8678991438565,0.021668078174552907,13.88883305735001,36.47990059863281,128.6585727176948,0.16563564440673828,18.158496755156435
standard,Standard,323,-,Laranjeiras do Sul,-25.41666667,-52.41666667,-25.41667,-52.41667,51995.4296875,0.15970247983932495,143.6551055908203,1.3080388307571411,-25.41666667,-52.41666667,771.97,0.148,8.0,0.726,8577.235,0.21425216,74.28861,1.0728393,43418.1946875,506.2026945455033,-0.054549680160675046,-25.460504183796814,69.3664955908203,93.37433503039065,0.23519953075714106,21.923090509188192
standard,Standard,324,-,Londrina,-23.3,-51.15,-23.3,-51.15,5535.89599609375,0.17214441299438477,48.0186653137207,1.0093923807144165,-23.3,-51.15,3132.56,0.093,30.0,0.939,4297.907,0.20851068,43.56567,1.0008576,1237.9889960937498,28.80446217411754,-0.03636626700561524,-17.440961300215047,4.452995313720706,10.22134013713253,0.00853478071441649,0.8527467558238544
standard,Standard,325,-,Piraquara,-25.41666667,-49.13333333,-25.41667,-49.13333,5563.6455078125,0.13028371334075928,43.027320861816406,1.0114078521728516,-25.41666667,-49.13333333,1537.8,0.12,17.0,0.859,3244.9941,0.17129646,33.82974,0.9778704,2318.6514078125,71.45317792141749,-0.041012746659240734,-23.94255354678125,9.197580861816405,27.187855602249396,0.033537452172851534,3.4296418188802456
standard,Standard,326,-,Santa Isabel do Ivaí,-23.0,-53.18333333,-23.0,-53.18333,14374.7236328125,0.2200581282377243,94.24422454833984,1.1440781354904175,-23.0,-53.18333333,1824.73,0.166,17.0,0.892,5891.908,0.1629608,85.54331,1.0558945,8482.8156328125,143.97400015092734,0.057097328237724315,35.037461915825354,8.700914548339838,10.171355946291811,0.08818363549041752,8.351557422679777
standard,Standard,327,-,UHE Tibagi Montante Jusante,-24.5,-50.4,-24.5,-50.4,7729.79833984375,0.18523992598056793,32.433502197265625,1.0507198572158813,-24.5,-50.4,1592.58,0.136,11.0,0.882,4640.5625,0.18522227,28.706226,1.0315727,3089.23583984375,66.57028840455764,1.7655980567937712e-05,0.009532320583231009,3.727276197265624,12.984208363947333,0.01914715721588145,1.8561132158578306
standard,Standard,328,11,Irajá,-22.82694444,-43.33694444,-22.82694,-43.33694,6218.9853515625,0.15876851975917816,47.484676361083984,1.0420860052108765,-22.82694444,-43.33694444,1642.0,0.1915,25.3,0.8445,2252.101,0.20363623,24.210098,0.9241166,3966.8843515625,176.14149416755728,-0.04486771024082184,-22.03326502401947,23.274578361083986,96.13582878137869,0.11796940521087651,12.765640743914405
standard,Standard,329,24,Anchieta,-22.82694444,-43.40333333,-22.82694,-43.40333,5274.2158203125,0.17666183412075043,44.170623779296875,1.025661826133728,,,,,,,,,,,,,,,,,,
standard,Standard,330,83057,Macaé,-22.38222222,-41.775,-22.38222,-41.775,,,,,,,,,,,,,,,,,,,,,,
standard,Standard,331,83695,Itaperuna,-21.2,-41.9,-21.2,-41.9,70149.1015625,0.17299845814704895,169.22134399414062,1.3695427179336548,-21.2,-41.9,4999.882,0.196,34.462,0.986,2333.011,0.15357794,43.382298,0.94344026,67816.0905625,2906.8054356580406,0.019420518147048954,12.645382629203747,125.83904599414063,290.07003269891476,0.42610245793365475,45.164752449047995
standard,Standard,332,83738,Resende,-22.46666667,-44.45,-22.46667,-44.45,1952.502685546875,0.21794407069683075,9.121169090270996,0.8813864588737488,,,,,,,,,,,,,,,,,,
standard,Standard,333,83758,Ilha Guaíba,-23.01666667,-44.03666667,-23.01667,-44.03667,,,,,,,,,,,,,,,,,,,,,,
standard,Standard,334,83788,Angra dos Reis,-23.05638889,-44.32138889,-23.05639,-44.32139,,,,,,,,,,,,,,,,,,,,,,
standard,Standard,335,83789,Santa Cruz (Rio de Janeiro),-22.91666667,-43.66666667,-22.91667,-43.66667,,,,,,,,,,,,,,,,,,,,,,
standard,Standard,336,2141044,Campos,-21.75,-41.33333333,-21.75,-41.33333,14433.947265625,0.1866936832666397,98.98664093017578,1.1572471857070923,-21.75,-41.33333333,1467.4,0.17,10.0,0.84,1778.3055,0.191481,38.28962,0.9324549,12655.641765625,711.6685949419265,-0.004787316733360303,-2.500152356296605,60.69702093017578,158.52082347689998,0.2247922857070923,24.107577289485242
standard,Standard,337,2141044,Campos,-21.75,-41.33333333,-21.75,-41.33333,14433.947265625,0.1866936832666397,98.98664093017578,1.1572471857070923,-21.75,-41.33333333,1467.4,0.17,10.0,0.84,1778.3055,0.191481,38.28962,0.9324549,12655.641765625,711.6685949419265,-0.004787316733360303,-2.500152356296605,60.69702093017578,158.52082347689998,0.2247922857070923,24.107577289485242
standard,Standard,338,2142052,Niterói,-22.9,-43.11666667,-22.9,-43.11667,,,,,,,,,,,,,,,,,,,,,,
standard,Standard,339,2242019,Vargem Alta,-22.29939999,-42.4011,-22.2994,-42.4011,4047.72216796875,0.19012154638767242,41.217350006103516,0.9796631932258606,-22.29939999,-42.4011,1172.5,0.1652,9.0,0.7729,3962.821,0.19762473,40.08032,0.9888832,84.90116796875009,2.1424426682090885,-0.007503183612327574,-3.7966825368098287,1.1370300061035152,2.836878563104075,-0.009220006774139367,-0.9323655993083275
standard,Standard,340,2242070,Nova Friburgo,-22.28333333,-42.53333333,-22.28333,-42.53333,4187.31591796875,0.15788808465003967,45.657596588134766,0.9938531517982483,-22.28333333,-42.53333333,2063.87,0.18,28.0,0.88,3689.0837,0.20826097,49.29905,0.99501973,498.23221796874986,13.505581832386993,-0.05037288534996032,-24.18738631149193,-3.6414534118652355,-7.386457572438485,-0.0011665782017517001,-0.1172417155739917
standard,Standard,341,2242070,Nova Friburgo,-22.28333333,-42.53333333,-22.28333,-42.53333,4187.31591796875,0.15788808465003967,45.657596588134766,0.9938531517982483,-22.28333333,-42.53333333,2063.87,0.18,28.0,0.88,3689.0837,0.20826097,49.29905,0.99501973,498.23221796874986,13.505581832386993,-0.05037288534996032,-24.18738631149193,-3.6414534118652355,-7.386457572438485,-0.0011665782017517001,-0.1172417155739917
standard,Standard,342,2242074,Cordeiro,-22.03333333,-42.38333333,-22.03333,-42.38333,6037.63427734375,0.18213187158107758,60.49760818481445,1.035099983215332,-22.03333333,-42.38333333,612.197,0.185,5.0,0.695,4024.4666,0.17944737,65.62207,1.0329921,2013.1676773437498,50.023217420757064,0.0026845015810775807,1.495982683433912,-5.124461815185541,-7.8090523739734845,0.0021078832153320626,0.20405608284245955
standard,Standard,343,2243004,Conservatória,-22.2875,-43.9294,-22.2875,-43.9294,1998.8388671875,0.17125999927520752,12.750835418701172,0.8882384896278381,-22.2875,-43.9294,1970.4,0.1468,19.0,0.8742,3002.4058,0.1462997,28.668716,0.9955133,-1003.5669328125,-33.4254261303552,0.024960299275207515,17.06107345073675,-15.917880581298828,-55.52352111374234,-0.10727481037216191,-10.775828948961495
standard,Standard,344,2243008,Manuel Duarte,-22.08579999,-43.55669999,-22.0858,-43.5567,3508.436279296875,0.12327113002538681,36.82843017578125,0.9799665808677673,-22.08579999,-43.55669999,1994.9,0.1437,17.0,0.9011,2744.033,0.113711394,45.70273,1.0032566,764.4032792968751,27.856927350978474,0.009559736025386817,8.407016824881083,-8.874299824218753,-19.417439230038887,-0.02329001913223272,-2.3214419055137756
standard,Standard,345,2243011,Rio da Cidade,-22.4381,-43.1703,-22.4381,-43.1703,4758.68115234375,0.18325160443782806,44.70616149902344,1.0141929388046265,-22.4381,-43.1703,2655.6,0.1644,30.6,0.8862,1900.0632,0.13524126,24.53736,0.88823986,2858.61795234375,150.44857204453777,0.04801034443782806,35.499776057859904,20.168801499023438,82.19629780474932,0.12595307880462647,14.180075053671478
standard,Standard,346,2243141,Bangu,-22.86666667,-43.45,-22.86667,-43.45,5274.2158203125,0.17666183412075043,44.170623779296875,1.025661826133728,-22.86666667,-43.45,2396.68,0.22,24.0,0.9,2757.1401,0.22285065,29.346748,0.9469997,2517.0757203125,91.29299306598529,-0.046188815879249584,-20.726354569416596,14.823875779296873,50.512839716676176,0.07866212613372803,8.30645734457234
standard,Standard,347,2243149,Alto da Boa Vista (Rio de Janeiro),-22.95,-43.26666667,-22.95,-43.26667,,,,,,,,,,,,,,,,,,,,,,
standard,Standard,348,2243151,Vassouras,-22.41666667,-43.66666667,-22.41667,-43.66667,2838.440185546875,0.19636499881744385,26.54088592529297,0.9424203634262085,,,,,,,,,,,,,,,,,,
standard,Standard,349,2243186,Ecologia Agric. (Km 47),-22.76666667,-43.68333333,-22.76667,-43.68333,4017.389404296875,0.15530771017074585,38.07168960571289,0.9942547082901001,-22.76666667,-43.68333333,3812.02,0.218,34.565,0.999,2403.0562,0.28247386,28.175951,0.95474935,1614.333204296875,67.17833749776119,-0.12716614982925417,-45.01873193833021,9.89573860571289,35.121223080324384,0.039505358290100046,4.1377727348125495
standard,Standard,350,2243186,Ecologia Agric. (Km 47),-22.76666667,-43.68333333,-22.76667,-43.68333,4017.389404296875,0.15530771017074585,38.07168960571289,0.9942547082901001,-22.76666667,-43.68333333,3812.02,0.218,34.565,0.999,2403.0562,0.28247386,28.175951,0.95474935,1614.333204296875,67.17833749776119,-0.12716614982925417,-45.01873193833021,9.89573860571289,35.121223080324384,0.039505358290100046,4.1377727348125495
standard,Standard,351,2244085,Volta Redonda,-22.48333333,-44.08333333,-22.48333,-44.08333,1843.837646484375,0.19972315430641174,9.147148132324219,0.8834930658340454,-22.48333333,-44.08333333,1707.29,0.15,12.0,0.84,3737.4236,0.15143506,27.258324,1.0138849,-1893.585953515625,-50.66554279572765,0.04828809430641173,31.886997836836283,-18.111175867675783,-66.44273458513364,-0.13039183416595468,-12.860615062513965
standard,Standard,352,2244087,Resende,-22.48333333,-44.46666667,-22.48333,-44.46667,1952.502685546875,0.21794407069683075,9.121169090270996,0.8813864588737488,-22.48333333,-44.46666667,2393.05,0.17,18.0,0.9,3608.5625,0.19177932,23.266535,0.9968673,-1656.059814453125,-45.8925074583889,0.026164750696830746,13.64315542303036,-14.145365909729005,-60.797045669795715,-0.11548084112625123,-11.584374482566659
standard,Standard,353,2244091,Alto do Itatiaia,-22.41666667,-44.83333333,-22.41667,-44.83333,1646.1591796875,0.19451847672462463,7.678500175476074,0.8657546043395996,-22.41666667,-44.83333333,893.45,0.23,7.0,0.72,2021.8734,0.225971,14.835487,0.9381639,-375.71422031249995,-18.5824800065375,-0.03145252327537537,-13.918831741849782,-7.156986824523926,-48.24234502395456,-0.07240929566040044,-7.718192488583332
standard,Standard,354,2244093,Pinheiral,-22.51666667,-44.0,-22.51667,-44.0,1883.3966064453125,0.14557136595249176,11.332072257995605,0.8870483040809631,-22.51666667,-44.0,2313.3,0.21,16.0,0.93,3303.393,0.19146332,26.141863,1.009485,-1419.9963935546875,-42.98599632422444,-0.04589195404750823,-23.96905791015649,-14.809790742004395,-56.651627093311575,-0.12243669591903683,-12.128629540710048
standard,Standard,355,-,Cabo Frio,-22.86666667,-42.0,-22.86667,-42.0,,,,,,,,,,,,,,,,,,,,,,
standard,Standard,356,-,Jardim Botânico,-22.96666667,-43.23333333,-22.96667,-43.23333,,,,,,,,,,,,,,,,,,,,,,
standard,Standard,357,-,Petrópolis,-22.51666667,-43.18333333,-22.51667,-43.18333,5226.80615234375,0.1852264404296875,45.05126190185547,1.0249457359313965,-22.51666667,-43.18333333,2187.74,0.15,29.0,0.85,2399.3105,0.15322417,24.197044,0.90581685,2827.49565234375,117.84617507170289,0.03200227042968751,20.88591534200349,20.854217901855467,86.18498152855145,0.11912888593139648,13.151542271640949
standard,Standard,358,-,Teresópolis,-22.45,-42.91666667,-22.45,-42.91667,4504.89990234375,0.17238278687000275,42.61961364746094,1.0046967267990112,-22.45,-42.91666667,934.49,0.25,17.0,0.76,1982.1394,0.15690139,22.859674,0.8998026,2522.76050234375,127.27462570713998,0.015481396870002745,9.866959668109214,19.75993964746094,86.44016379000392,0.10489412679901122,11.657459847194398
standard,Standard,359,-,Vassouras,-22.4,-43.65,-22.4,-43.65,2974.263427734375,0.14007581770420074,27.182037353515625,0.9432879686355591,-22.4,-43.65,1366.08,0.2,11.0,0.85,2452.1611,0.33666036,30.915426,0.9714791,522.1023277343752,21.29151823403345,-0.19658454229579925,-58.39254205508461,-3.733388646484375,-12.076135216394478,-0.028191131364440958,-2.9018772883987887
standard,Standard,360,-,Anchieta,-22.83,-43.4,-22.83,-43.4,6218.9853515625,0.15876851975917816,47.484676361083984,1.0420860052108765,,,,,,,,,,,,,,,,,,
standard,Standard,361,-,Bangu,-22.88,-43.47,-22.88,-43.47,5274.2158203125,0.17666183412075043,44.170623779296875,1.025661826133728,,,,,,,,,,,,,,,,,,
standard,Standard,362,-,Campo Grande,-22.9,-43.56,-22.9,-43.56,4425.716796875,0.1678178459405899,40.70405197143555,1.0056787729263306,-22.9,-43.56,3763.91,0.22,72.8,0.9,2987.715,0.24273403,34.59504,0.966821,1438.0017968749999,48.13048757578952,-0.07491618405941008,-30.863486285548873,6.1090119714355495,17.658635375000436,0.038857772926330525,4.0191279385047
standard,Standard,363,-,Cidade de Deus,-22.95,-43.36,-22.95,-43.36,6206.6982421875,0.1889442354440689,49.12890625,1.0490037202835083,-22.95,-43.36,1306.84,0.19,19.46,0.79,2372.7783,0.21427555,25.214367,0.92873204,3833.9199421875,161.57935792768754,-0.0253313145559311,-11.821840875420037,23.91453925,94.84489239805228,0.12027168028350832,12.950094871660541
standard,Standard,364,-,Copacabana,-22.99,-43.19,-22.99,-43.19,,,,,,,,,,,,,,,,,,,,,,
standard,Standard,365,-,Gericinó,-22.52,-43.35,-22.52,-43.35,4569.8681640625,0.1742878258228302,40.72590255737305,1.0058929920196533,-22.52,-43.35,11547.76,0.2,61.63,1.15,2608.0542,0.16274038,28.052217,0.9268946,1961.8139640625,75.22136480378742,0.01154744582283021,7.095624222353549,12.673685557373048,45.17890888043911,0.07899839201965331,8.52290994247386
standard,Standard,366,-,Grajaú,-22.92,-43.27,-22.92,-43.27,,,,,,,,,,,,,,,,,,,,,,
standard,Standard,367,-,Grande Méier,-22.89,-43.28,-22.89,-43.28,7560.57080078125,0.16763770580291748,53.023399353027344,1.066365361213684,,,,,,,,,,,,,,,,,,
standard,Standard,368,-,Grota Funda,-23.01,-43.52,-23.01,-43.52,,,,,,,,,,,,,,,,,,,,,,
standard,Standard,369,-,Guaratiba,-23.05,-43.59,-23.05,-43.59,,,,,,,,,,,,,,,,,,,,,,
standard,Standard,370,-,Ilha do Governador,-22.82,-43.21,-22.82,-43.21,7560.57080078125,0.16763770580291748,53.023399353027344,1.066365361213684,,,,,,,,,,,,,,,,,,
standard,Standard,371,-,Irajá,-22.83,-43.34,-22.83,-43.34,6218.9853515625,0.15876851975917816,47.484676361083984,1.0420860052108765,,,,,,,,,,,,,,,,,,
standard,Standard,372,-,Itanhangá,-23.0,-43.3,-23.0,-43.3,,,,,,,,,,,,,,,,,,,,,,
standard,Standard,373,-,Jardim Botânico,-22.97,-43.22,-22.97,-43.22,,,,,,,,,,,,,,,,,,,,,,
standard,Standard,374,-,Laranjeiras,-22.94,-43.19,-22.94,-43.19,,,,,,,,,,,,,,,,,,,,,,
standard,Standard,375,-,Madureira,-22.87,-43.34,-22.87,-43.34,6218.9853515625,0.15876851975917816,47.484676361083984,1.0420860052108765,,,,,,,,,,,,,,,,,,
standard,Standard,376,-,Mendanha,-22.49,-43.31,-22.49,-43.31,4115.30517578125,0.1272512823343277,38.95183181762695,0.9889199137687683,-22.49,-43.31,531.79,0.17,7.06,0.63,2735.8794,0.16941644,31.331131,0.93861896,1379.4257757812502,50.41983121702113,-0.042165157665672304,-24.88846871394081,7.620700817626954,24.323095191255476,0.05030095376876831,5.359038748670526
standard,Standard,377,-,Penha,-22.84,-43.28,-22.84,-43.28,7560.57080078125,0.16763770580291748,53.023399353027344,1.066365361213684,,,,,,,,,,,,,,,,,,
standard,Standard,378,-,Piedade,-22.89,-43.31,-22.89,-43.31,6218.9853515625,0.15876851975917816,47.484676361083984,1.0420860052108765,,,,,,,,,,,,,,,,,,
standard,Standard,379,-,Recreio,-23.01,-43.44,-23.01,-43.44,,,,,,,,,,,,,,,,,,,,,,
standard,Standard,380,-,Riocentro,-22.98,-43.41,-22.98,-43.41,5656.30419921875,0.17578965425491333,46.742515563964844,1.035269021987915,-22.98,-43.41,1886.83,0.18,37.42,0.78,2789.2744,0.2288425,30.898754,0.9507646,2867.02979921875,102.78765686225601,-0.053052845745086674,-23.183126274659067,15.843761563964843,51.276376917868085,0.08450442198791508,8.888048838578454
standard,Standard,381,-,Rocinha,-22.99,-43.25,-22.99,-43.25,,,,,,,,,,,,,,,,,,,,,,
standard,Standard,382,-,Santa Cruz,-22.91,-43.68,-22.91,-43.68,,,,,-22.91,-43.68,6455.6,0.17,45.89,1.05,2991.8657,0.24071245,37.080154,0.97614306,,,,,,,,
standard,Standard,383,-,Santa Teresa,-22.93,-43.2,-22.93,-43.2,,,,,,,,,,,,,,,,,,,,,,
standard,Standard,384,-,São Cristóvão,-22.9,-43.22,-22.9,-43.22,7560.57080078125,0.16763770580291748,53.023399353027344,1.066365361213684,,,,,,,,,,,,,,,,,,
standard,Standard,385,-,Saúde,-22.9,-43.19,-22.9,-43.19,,,,,,,,,,,,,,,,,,,,,,
standard,Standard,386,-,Sepetiba,-22.97,-43.71,-22.97,-43.71,,,,,,,,,,,,,,,,,,,,,,
standard,Standard,387,-,Sumaré,-22.57,-43.14,-22.57,-43.14,5226.80615234375,0.1852264404296875,45.05126190185547,1.0249457359313965,,,,,,,,,,,,,,,,,,
standard,Standard,388,-,Tanque,-22.91,-43.36,-22.91,-43.36,6206.6982421875,0.1889442354440689,49.12890625,1.0490037202835083,,,,,,,,,,,,,,,,,,
standard,Standard,389,-,Tijuca,-22.93,-43.22,-22.93,-43.22,,,,,,,,,,,,,,,,,,,,,,
standard,Standard,390,-,Urca,-22.96,-43.17,-22.96,-43.17,,,,,,,,,,,,,,,,,,,,,,
standard,Standard,391,-,Vidigal,-22.99,-43.23,-22.99,-43.23,,,,,,,,,,,,,,,,,,,,,,
standard,Standard,392,-,Natal,-5.76666667,-35.2,-5.76667,-35.2,,,,,,,,,,,,,,,,,,,,,,
standard,Standard,393,863000,Porto Velho,-8.7667,-63.91669999,-8.7667,-63.9167,3970.080810546875,0.20227932929992676,36.146419525146484,0.9619765281677246,-8.7667,-63.91669999,2362.74,0.12,24.0,0.86,2697.6147,0.13610078,31.216263,0.9607666,1272.466110546875,47.17004658029462,0.06617854929992675,48.62466570722574,4.930156525146483,15.793551345804854,0.0012099281677245832,0.12593362089445898
standard,Standard,394,964005,Jaciparaná,-9.25,-64.4,-9.25,-64.4,3371.324462890625,0.21700698137283325,31.625625610351562,0.9363735318183899,-9.25,-64.4,1012.9,0.1658,12.1,0.7118,933.8368,0.15192065,11.037881,0.8258939,2437.487662890625,261.0185915666019,0.06508633137283326,42.842320232853965,20.587744610351564,186.5189940927209,0.11047963181838993,13.376976366866245
standard,Standard,395,8161001,Caracaraí,1.8214,-61.1236,1.8214,-61.1236,4237.98779296875,0.20026789605617523,47.57821273803711,0.9550676345825195,1.8214,-61.1236,860.7,0.1635,0.0,0.7595,798.3995,0.13743599,22.920645,0.8061199,3439.58829296875,430.8104267310726,0.06283190605617522,45.7172142873022,24.65756773803711,107.57798368255828,0.14894773458251953,18.47711917079823
standard,Standard,396,2755001,Porto Lucena,-27.85439999,-55.0236,-27.8544,-55.0236,,,,,,,,,,,,,,,,,,,,,,
standard,Standard,397,2854011,São Luiz Gonzaga,-28.4,-54.96666667,-28.4,-54.96667,2359.435546875,0.13238558173179626,30.095888137817383,0.8482619524002075,-28.4,-54.96666667,1038.51,0.15,6.0,0.76,1912.7881,0.14303167,39.094902,0.8650127,446.647446875,23.350597323090835,-0.010646088268203735,-7.443168543165116,-8.999013862182615,-23.018381941928425,-0.016750747599792448,-1.936474181222131
standard,Standard,398,2950061,Morungava,-29.8508,-50.91029999,-29.8508,-50.9103,2600.45654296875,0.15949200093746185,12.408121109008789,0.8791001439094543,-29.8508,-50.91029999,1138.7,0.1776,18.4,0.8037,5810.792,0.16791159,37.065086,1.0524175,-3210.3354570312504,-55.247812295316194,-0.008419589062538146,-5.0142989310851895,-24.656964890991212,-66.52342555199039,-0.17331735609054566,-16.468498109404837
standard,Standard,399,2951003,Bento Gonçalves,-29.15,-51.5167,-29.15,-51.5167,2487.527099609375,0.1641341596841812,1.342369556427002,0.8780661225318909,-29.15,-51.5167,704.7,0.1696,7.1,0.7278,1925.2656,0.17178561,1.34986,0.89225215,562.261499609375,29.204360146951934,-0.007651450315818792,-4.454069415836863,-0.007490443572998107,-0.5549052178002242,-0.014186027468109152,-1.5899123883432673
standard,Standard,400,2957001,Uruguaiana,-29.75,-57.0833,-29.75,-57.0833,,,,,,,,,,,,,,,,,,,,,,
standard,Standard,401,3050006,Viamão,-30.08333333,-50.78333333,-30.08333,-50.78333,2339.472412109375,0.1312590092420578,13.228622436523438,0.8698296546936035,-30.08333333,-50.78333333,505.02,0.19,5.3,0.71,4734.9634,0.17531456,37.03733,1.0364645,-2395.4909878906246,-50.5915418034831,-0.04405555075794221,-25.129430640525353,-23.80870756347656,-64.28300194284135,-0.16663484530639638,-16.077236152940735
standard,Standard,402,3051011,Porto Alegre,-30.05359999,-51.17329999,-30.0536,-51.1733,2196.0498046875,0.13537947833538055,11.548555374145508,0.8606334924697876,-30.05359999,-51.17329999,573.1,0.1889,0.0,0.7256,4205.7417,0.17483146,31.216618,1.0052799,-2009.6918953124996,-47.784482230863105,-0.03945198166461944,-22.56572224736866,-19.668062625854493,-63.00510396691433,-0.1446464075302123,-14.388670014213186
standard,Standard,403,3051020,Porto Alegre (Salgado Filho),-30.0,-51.1833,-30.0,-51.1833,2196.0498046875,0.13537947833538055,11.548555374145508,0.8606334924697876,,,,,,,,,,,,,,,,,,
standard,Standard,404,3051028,Porto Alegre (Central),-30.0667,-51.13329999,-30.0667,-51.1333,2196.0498046875,0.13537947833538055,11.548555374145508,0.8606334924697876,,,,,,,,,,,,,,,,,,
standard,Standard,405,3054016,Granja Umbu,-30.51439999,-54.77029999,-30.5144,-54.7703,1297.0904541015625,0.18856020271778107,10.990283012390137,0.7911509871482849,-30.51439999,-54.77029999,1595.2,0.1767,22.0,0.8278,1966.9933,0.16869655,20.41296,0.8696641,-669.9028458984376,-34.05720018967211,0.019863652717781066,11.774783015883292,-9.422676987609865,-46.160267729961085,-0.07851311285171514,-9.02798136104677
standard,Standard,406,3152011,Passo do Mendonça,-31.0006,-52.0492,-31.0006,-52.0492,3219.41064453125,0.14101693034172058,40.78389358520508,0.9305896162986755,-31.0006,-52.0492,880.1,0.1783,0.0,0.7595,1486.6113,0.16186732,25.689762,0.86015964,1732.79934453125,116.56035068018451,-0.020850389658279428,-12.881160729836898,15.094131585205076,58.75543566812755,0.07042997629867553,8.188012204185206
standard,Standard,407,3152013,Pedro Osório,-31.8797,-52.8103,-31.8797,-52.8103,6053.4814453125,0.17224857211112976,58.13676834106445,1.011267900466919,-31.8797,-52.8103,813.4,0.1742,10.5,0.7474,2226.3496,0.16517267,36.533657,0.9236166,3827.1318453125,171.90165665412565,0.007075902111129767,4.283942441040499,21.603111341064455,59.132080155743665,0.08765130046691894,9.490009216694345
standard,Standard,408,-,Alegrete,-29.76666667,-55.78333333,-29.76667,-55.78333,2799.68408203125,0.17895358800888062,35.49435043334961,0.8817640542984009,-29.76666667,-55.78333333,777.44,0.13,3.5,0.67,2759.556,0.17797306,46.008083,0.92037624,40.12808203124996,1.4541499440942658,0.0009805280088806267,0.550941816070717,-10.51373256665039,-22.85192488165697,-0.03861218570159908,-4.195261027338025
standard,Standard,409,-,Bagé,-31.33333333,-54.08333333,-31.33333,-54.08333,1756.2862548828125,0.18801060318946838,15.31047248840332,0.8401623964309692,-31.33333333,-54.08333333,604.9,0.21,3.25,0.72,1781.9208,0.17794591,22.499971,0.87995964,-25.6345451171876,-1.4385905993794785,0.010064693189468371,5.656040753883228,-7.189498511596678,-31.95336790254831,-0.039797243569030805,-4.522621465801636
standard,Standard,410,-,Caxias do Sul,-29.16666667,-51.2,-29.16667,-51.2,2526.979248046875,0.1546059548854828,6.01505184173584,0.8709874153137207,-29.16666667,-51.2,702.71,0.24,8.85,0.74,3786.126,0.1692928,19.262032,0.9885778,-1259.1467519531252,-33.25686339950454,-0.014686845114517205,-8.675410362707218,-13.246980158264162,-68.77249585227644,-0.11759038468627925,-11.894904446193234
standard,Standard,411,-,Cruz Alta,-28.63333333,-53.61666667,-28.63333,-53.61667,2155.6337890625,0.15360529720783234,21.676483154296875,0.8453637361526489,-28.63333333,-53.61666667,863.25,0.14,3.6,0.7,931.684,0.15841062,2.8775688e-07,0.7839449,1223.9497890625,131.36962629630864,-0.0048053227921676656,-3.0334599991892373,21.676482866539995,7532915587.123406,0.06141883615264898,7.834585843041901
standard,Standard,412,-,Encruzilhada do Sul,-30.55,-52.51666667,-30.55,-52.51667,1768.392822265625,0.15128076076507568,13.339659690856934,0.8300992846488953,-30.55,-52.51666667,431.09,0.19,3.7,0.64,2297.2605,0.14585957,28.864119,0.93134207,-528.8676777343749,-23.02166766609076,0.00542119076507569,3.7167192835380565,-15.524459309143065,-53.784628968384816,-0.10124278535110476,-10.870633745891533
standard,Standard,413,-,Iraí,-27.18333333,-53.28333333,-27.18333,-53.28333,2338.413818359375,0.14287760853767395,8.762128829956055,0.8524249792098999,-27.18333333,-53.28333333,598.65,0.2,4.4,0.67,1361.8992,0.14989713,8.351948,0.8339056,976.5146183593749,71.70241515373347,-0.007019521462326039,-4.682892502562284,0.41018082995605454,4.911199518436352,0.018519379209899878,2.2208004371118117
standard,Standard,414,-,Passo Fundo,-28.26666667,-52.41666667,-28.26667,-52.41667,1610.8018798828125,0.17339688539505005,5.258862495422363,0.7957806587219238,-28.26666667,-52.41666667,670.74,0.21,7.9,0.74,1143.9353,0.16823173,9.844828e-12,0.82287276,466.8665798828124,40.81232390352954,0.005165155395050053,3.0702623072651356,5.258862495412519,53417515221317.414,-0.027092101278076153,-3.2923803770191826
standard,Standard,415,-,Porto Alegre,-30.03333333,-51.21666667,-30.03333,-51.21667,2124.734619140625,0.13688910007476807,11.033360481262207,0.8558033108711243,-30.03333333,-51.21666667,627.54,0.31,7.9,0.74,3894.766,0.18063433,30.023033,0.99558926,-1770.031380859375,-45.4464114367686,-0.04374522992523194,-24.21756148193532,-18.989672518737795,-63.25034688779709,-0.13978594912887576,-14.040524013776098
standard,Standard,416,-,Rio Grande,-32.03333333,-52.1,-32.03333,-52.1,60156.29296875,0.19948558509349823,176.82530212402344,1.3172248601913452,-32.03333333,-52.1,774.14,0.23,6.9,0.74,3708.0466,0.15221033,55.822227,1.0033853,56448.24636875,1522.317609728799,0.047275255093498225,31.05916339153737,121.00307512402344,216.76504436847966,0.3138395601913453,31.27807036751937
standard,Standard,417,-,Santa Maria,-29.68333333,-53.81666667,-29.68333,-53.81667,1637.68701171875,0.17371581494808197,9.942747116088867,0.8160983920097351,-29.68333333,-53.81666667,870.38,0.24,15.2,0.73,825.701,0.14438269,0.026205398,0.761925,811.98601171875,98.33898853443921,0.029333124948081962,20.316233856068177,9.916541718088867,37841.59934563431,0.054173392009735144,7.110068840074174
standard,Standard,418,-,Santa Vitória do Palmar,-33.51666667,-53.36666667,-33.51667,-53.36667,4148.25439453125,0.2135607749223709,42.08156967163086,0.9557402729988098,-33.51666667,-53.36666667,1036.5,0.28,22.8,0.77,2326.7878,0.17400774,36.443832,0.93703204,1821.46659453125,78.28245422858285,0.03955303492237092,22.730618145130165,5.637737671630859,15.469662113552877,0.01870823299880986,1.9965414415082179
standard,Standard,419,-,Pelotas,-31.77611111,-52.35944444,-31.77611,-52.35944,11953.9619140625,0.16961941123008728,95.1345443725586,1.115509271621704,-31.77611111,-52.35944444,1100.0,0.163,16.47,0.766,2505.0115,0.16967115,43.090584,0.94230384,9448.9504140625,377.20187767850564,-5.1738769912712534e-05,-0.030493557633523752,52.043960372558594,120.77803441364033,0.1732054316217041,18.38105972503562
standard,Standard,420,2649020,Blumenau,-26.91666667,-49.05,-26.91667,-49.05,3531.921630859375,0.19754056632518768,33.32818603515625,0.9453481435775757,-26.91666667,-49.05,6649.15,0.21,43.0,1.1,1449.8062,0.17374885,18.318623,0.85835344,2082.115430859375,143.61336231417516,0.023791716325187673,13.69316477501156,15.009563035156251,81.93608785527303,0.08699470357757566,10.135067854749398
standard,Standard,421,2649060,Primeiro Salto do Cubatão,-26.2158,-49.0806,-26.2158,-49.0806,3827.0,0.18311317265033722,35.457420349121094,0.9603301286697388,-26.2158,-49.0806,608.2,0.161,12.0,0.6552,2635.5874,0.14649343,24.92744,0.9121015,1191.4126,45.20482227225703,0.03661974265033721,24.997532415165107,10.529980349121093,42.24252610424934,0.04822862866973876,5.287638346142262
standard,Standard,422,2652031,São Lourenço do Oeste,-26.4003,-52.8956,-26.4003,-52.8956,5525.58447265625,0.1694709062576294,35.749080657958984,0.9651600122451782,-26.4003,-52.8956,1092.8,0.1237,10.1,0.7499,8732.611,0.15948893,54.887,1.0823485,-3207.026527343751,-36.724715292410835,0.009981976257629394,6.258726707633811,-19.137919342041016,-34.867854577661404,-0.11718848775482171,-10.827241665214276
standard,Standard,423,2653005,São José do Cedro,-26.465,-53.4536,-26.465,-53.4536,9728.57421875,0.15180885791778564,50.45624923706055,1.040719985961914,-26.465,-53.4536,835.5,0.1672,11.0,0.7116,12675.916,0.17155398,65.911514,1.1333733,-2947.3417812499993,-23.251509249903513,-0.01974512208221435,-11.509568056779768,-15.45526476293945,-23.448505162450754,-0.09265331403808585,-8.175004126009132
standard,Standard,424,2749016,Neisse Central,-27.0403,-49.3814,-27.0403,-49.3814,3718.95654296875,0.175108402967453,30.353605270385742,0.9418445825576782,-27.0403,-49.3814,1251.6,0.1495,18.9,0.8083,1620.4183,0.16419591,17.09414,0.8684307,2098.5382429687497,129.50595799669443,0.010912492967453002,6.6460199693482025,13.259465270385743,77.56731412276805,0.07341388255767822,8.45362589757343
standard,Standard,425,2749035,Bocaina do Sul,-27.7536,-49.9639,-27.7536,-49.9639,2219.0205078125,0.1723424643278122,15.301889419555664,0.8743029236793518,-27.7536,-49.9639,9763.0,0.1743,9.1,0.7887,3310.3416,0.19263372,26.894064,0.9727497,-1091.3210921875002,-32.96702346934528,-0.020291255672187813,-10.533594882654922,-11.592174580444336,-43.10309732454097,-0.09844677632064824,-10.120463292936327
standard,Standard,426,2751011,Irani,-27.0511,-51.9122,-27.0511,-51.9122,5266.95947265625,0.17757290601730347,39.24714279174805,0.9686578512191772,-27.0511,-51.9122,730.6,0.1387,6.4,0.7065,4875.764,0.1732031,48.91501,1.015649,391.1954726562499,8.023265126373014,0.004369806017303468,2.522937532471109,-9.667867208251955,-19.764622777858893,-0.04699114878082278,-4.626711470283807
standard,Standard,427,-,Florianópolis,-27.58333333,-48.55,-27.58333,-48.55,4075.907470703125,0.1957734376192093,38.72847366333008,0.9609528183937073,-27.58333333,-48.55,1625.5,0.23,33.0,0.82,1420.2545,0.21415883,14.532612,0.8271641,2655.652970703125,186.9843025107912,-0.018385392380790705,-8.58493314554936,24.195861663330078,166.49355025325164,0.13378871839370732,16.17438648433936
standard,Standard,428,-,São Francisco do Sul,-26.25,-48.63333333,-26.25,-48.63333,3209.2373046875,0.16663406789302826,28.76251792907715,0.9287952780723572,,,,,,,,,,,,,,,,,,
standard,Standard,429,-,Lages (CAV Weather Station),-27.81666667,-50.33333333,-27.81667,-50.33333,3321.143310546875,0.18172267079353333,22.507265090942383,0.9322957992553711,-27.81666667,-50.33333333,2050.0,0.2,30.0,0.89,1843.6553,0.18720612,13.532569,0.89136446,1477.488010546875,80.13905910431711,-0.0054834492064666784,-2.9290971932256693,8.974696090942382,66.31923392330297,0.04093133925537107,4.591986902346439
standard,Standard,430,2048077,Fazenda Continental,-20.25,-48.65,-20.25,-48.65,2149.197509765625,0.22036391496658325,16.032699584960938,0.8945987820625305,-20.25,-48.65,1680.649,0.183,24.999,0.814,1807.8286,0.17800048,16.45107,0.90815294,341.36890976562495,18.882813877688676,0.04236343496658326,23.79961838675001,-0.4183704150390639,-2.5431197790725095,-0.013554157937469502,-1.492497281071347
standard,Standard,431,2049028,Nipoã,-20.9167,-49.7833,-20.9167,-49.7833,1223.63330078125,0.1539171189069748,7.664872646331787,0.8288635611534119,-20.9167,-49.7833,1999.898,0.165,20.137,0.875,1301.2715,0.1675374,15.270453,0.8633928,-77.63819921875006,-5.966333637426937,-0.01362028109302521,-8.129695872697804,-7.605580353668213,-49.80585941797675,-0.034529238846588095,-3.9992502655324547
standard,Standard,432,2050015,Auriflama,-20.7,-50.55,-20.7,-50.55,1180.920654296875,0.1556408405303955,6.461026668548584,0.8152133822441101,-20.7,-50.55,1999.979,0.137,19.24,0.895,1129.5613,0.16051954,6.7431455,0.8366801,51.359354296874926,4.54684082190802,-0.0048786994696044805,-3.039318122643811,-0.2821188314514158,-4.183786801744317,-0.02146671775588993,-2.5657019637361915
standard,Standard,434,2147048,Mococa (IAC),-21.46666667,-47.01666667,-21.46667,-47.01667,2654.1455078125,0.15447264909744263,26.618478775024414,0.945708692073822,-21.46666667,-47.01666667,2667.0,0.1366,20.0,0.96,2106.9778,0.19319856,24.178543,0.9415479,547.1677078124999,25.9693152824154,-0.038725910902557364,-20.044616741738327,2.439935775024413,10.091326739681595,0.004160792073822028,0.4419097609183801
standard,Standard,435,2147049,São Simão,-21.4833,-47.55,-21.4833,-47.55,1918.3289794921875,0.14666754007339478,15.469221115112305,0.887416422367096,-21.4833,-47.55,874.46,0.2,12.0,0.75,1771.5511,0.17763251,17.288727,0.9059519,146.7778794921876,8.285274948726435,-0.030964969926605218,-17.43203984822667,-1.8195058848876968,-10.524232841942016,-0.018535477632904085,-2.0459670798089924
standard,Standard,436,2148030,São Lourenço do Turvo,-21.53333333,-48.51666667,-21.53333,-48.51667,967.218017578125,0.19448550045490265,6.177481174468994,0.7899011373519897,-21.53333333,-48.51666667,2000.0,0.129,19.5,0.867,940.60736,0.16408506,10.637098,0.82425547,26.61065757812503,2.829093063669524,0.030400440454902644,18.527244622333466,-4.459616825531006,-41.92512681119423,-0.034354332648010244,-4.167922919335949
standard,Standard,437,2148071,Itaju,-21.9833,-48.8,-21.9833,-48.8,685.0214233398438,0.13901637494564056,21.18122100830078,0.7371869087219238,-21.9833,-48.8,2000.0,0.151,21.057,0.864,2297.1084,0.17034088,59.471752,0.9509649,-1612.0869766601563,-70.17896833515371,-0.031324505054359436,-18.389305640759538,-38.29053099169922,-64.38440049941562,-0.21377799127807617,-22.480113753733303
standard,Standard,438,2148087,Chibarro,-21.88333333,-48.05,-21.88333,-48.05,1544.91943359375,0.17663869261741638,14.749984741210938,0.8603933453559875,-21.88333333,-48.05,1999.924,0.125,24.998,0.841,2398.1458,0.17800641,28.843958,0.9466632,-853.2263664062498,-35.57858602284522,-0.001367717382583622,-0.768352882676316,-14.093973258789063,-48.86282686581731,-0.08626985464401249,-9.11304618622679
standard,Standard,439,2149030,Fazenda Chantebled,-21.9167,-49.7833,-21.9167,-49.7833,1710.4158935546875,0.14700114727020264,16.6335506439209,0.8628807663917542,-21.9167,-49.7833,1500.353,0.128,25.0,0.75,2629.9753,0.17418624,37.90383,0.9778426,-919.5594064453126,-34.96456436093953,-0.027185092729797355,-15.606911734128573,-21.2702793560791,-56.116438249324936,-0.11496183360824586,-11.756680840888487
standard,Standard,440,2149030,Fazenda Chantebled,-21.9167,-49.7833,-21.9167,-49.7833,1710.4158935546875,0.14700114727020264,16.6335506439209,0.8628807663917542,-21.9167,-49.7833,1500.353,0.128,25.0,0.75,2629.9753,0.17418624,37.90383,0.9778426,-919.5594064453126,-34.96456436093953,-0.027185092729797355,-15.606911734128573,-21.2702793560791,-56.116438249324936,-0.11496183360824586,-11.756680840888487
standard,Standard,441,2150025,Piacatu,-21.6,-50.6,-21.6,-50.6,1415.948486328125,0.15816451609134674,16.138826370239258,0.8341604471206665,-21.6,-50.6,1995.396,0.099,25.0,0.818,1198.8228,0.22095042,20.559238,0.8514541,217.12568632812508,18.111574648740838,-0.06278590390865327,-28.416286291129598,-4.420411629760743,-21.500853435135788,-0.017293652879333488,-2.03107282933202
standard,Standard,442,2150034,Queiroz,-21.8,-50.2333,-21.8,-50.2333,1361.0540771484375,0.16237090528011322,13.43354320526123,0.839445173740387,-21.8,-50.2333,915.365,0.132,10.85,0.723,2731.6023,0.15542415,41.983494,0.9621458,-1370.5482228515625,-50.17378345491811,0.006946755280113209,4.469546901246177,-28.54995079473877,-68.00279842058589,-0.12270062625961309,-12.75281004808347
standard,Standard,443,2150040,Usina Quatiara,-21.95,-50.9333,-21.95,-50.9333,2124.73193359375,0.20683418214321136,32.22477722167969,0.8759947419166565,-21.95,-50.9333,1106.774,0.138,25.0,0.707,1437.0627,0.19446053,33.283173,0.87392575,687.66923359375,47.85241684957449,0.012373652143211372,6.363066141602809,-1.0583957783203104,-3.179972589513357,0.0020689919166565485,0.2367468765689246
standard,Standard,444,2151007,Tabajara,-21.28333333,-51.13333333,-21.28333,-51.13333,1170.992919921875,0.1836727261543274,14.944528579711914,0.8045825958251953,-21.28333333,-51.13333333,1999.658,0.144,21.307,0.857,881.98804,0.13352905,14.749343,0.8071845,289.00487992187504,32.767437517846055,0.05014367615432738,37.55263454231673,0.19518557971191441,1.323351011037674,-0.002601904174804659,-0.32234317864189155
standard,Standard,445,2151008,Panorama,-21.35,-51.85,-21.35,-51.85,5458.64013671875,0.17496441304683685,85.64077758789062,1.0102933645248413,-21.35,-51.85,2000.0,0.101,23.017,0.867,966.809,0.17305101,36.328568,0.8257744,4491.83113671875,464.60377765605716,0.001913403046836848,1.1056873038977628,49.31220958789063,135.7394808072001,0.1845189645248413,22.344960624214224
standard,Standard,446,2151017,Emilianópolis,-20.8333,-51.4833,-20.8333,-51.4833,1107.982421875,0.16566875576972961,5.212427139282227,0.8049521446228027,-20.8333,-51.4833,2000.0,0.11,22.913,0.852,944.3021,0.1574712,5.174419,0.8170968,163.680321875,17.33347007011845,0.008197555769729609,5.205749222543302,0.03800813928222624,0.7345392648377767,-0.012144655377197222,-1.4863178239343517
standard,Standard,447,2244002,Queluz,-22.5333,-44.7667,-22.5333,-44.7667,1585.6776123046875,0.1615888625383377,7.7101149559021,0.8673828840255737,-22.5333,-44.7667,2000.0,0.152,24.051,0.834,2100.482,0.19397227,15.503412,0.9431907,-514.8043876953125,-24.508869283112755,-0.032383407461662295,-16.694864405959827,-7.793297044097901,-50.26827026268734,-0.07580781597442632,-8.037379500712456
standard,Standard,448,2244015,Campos de Cunha,-22.91666667,-44.8167,-22.91667,-44.8167,1525.19970703125,0.18447427451610565,4.002968788146973,0.8482400178909302,-22.91666667,-44.8167,1999.897,0.138,13.449,0.925,1185.3516,0.23143291,3.4035738,0.86082065,339.84810703125004,28.670658311951495,-0.04695863548389434,-20.290388036815656,0.5993949881469725,17.610753383604386,-0.01258063210906979,-1.461469599860295
standard,Standard,449,2245012,São Bento do Sapucai (Fazenda Est.),-22.68333333,-45.75,-22.68333,-45.75,1900.424560546875,0.15234743058681488,22.39617347717285,0.90666663646698,-22.68333333,-45.75,629.16,0.113,5.0,0.704,1028.4844,0.19435354,13.68194,0.8509215,871.940160546875,84.77913330983678,-0.04200610941318511,-21.613246361854337,8.71423347717285,63.69150483902758,0.05574513646697998,6.551149132673223
standard,Standard,450,2245050,São Francisco Xavier,-22.9167,-45.9667,-22.9167,-45.9667,3342.703369140625,0.20953357219696045,44.92728042602539,0.9920280575752258,-22.9167,-45.9667,1326.828,0.104,13.697,0.8,976.4987,0.16580537,20.184214,0.8628776,2366.204669140625,242.3151888620666,0.04372820219696044,26.37321227711771,24.74306642602539,122.58622716755474,0.1291504575752258,14.967413405473245
standard,Standard,451,2245050,São Francisco Xavier,-22.9167,-45.9667,-22.9167,-45.9667,3342.703369140625,0.20953357219696045,44.92728042602539,0.9920280575752258,-22.9167,-45.9667,1326.828,0.104,13.697,0.8,976.4987,0.16580537,20.184214,0.8628776,2366.204669140625,242.3151888620666,0.04372820219696044,26.37321227711771,24.74306642602539,122.58622716755474,0.1291504575752258,14.967413405473245
standard,Standard,452,2246024,Arcadas,-22.7167,-46.8333,-22.7167,-46.8333,6541.55712890625,0.1464424729347229,44.81930923461914,1.0646069049835205,-22.7167,-46.8333,2000.0,0.142,20.721,0.848,2655.7349,0.1715845,23.66451,0.96342856,3885.82222890625,146.31815204545643,-0.0251420270652771,-14.652854462540091,21.15479923461914,89.39462188153966,0.10117834498352052,10.501904259877922
standard,Standard,453,2246095,Pedra Bela,-22.8,-46.45,-22.8,-46.45,6845.72119140625,0.15865476429462433,60.7322998046875,1.0677584409713745,-22.8,-46.45,2065.3,0.1467,16.7,0.8878,1853.1921,0.16467516,29.259842,0.91674155,4992.52909140625,269.40159584137285,-0.0060203957053756585,-3.655922183634532,31.4724578046875,107.56195404160933,0.1510168909713745,16.47322421148845
standard,Standard,454,2246095,Pedra Bela,-22.8,-46.45,-22.8,-46.45,6845.72119140625,0.15865476429462433,60.7322998046875,1.0677584409713745,-22.8,-46.45,2065.3,0.1467,16.7,0.8878,1853.1921,0.16467516,29.259842,0.91674155,4992.52909140625,269.40159584137285,-0.0060203957053756585,-3.655922183634532,31.4724578046875,107.56195404160933,0.1510168909713745,16.47322421148845
standard,Standard,455,2247015,Grauna,-22.3,-47.75,-22.3,-47.75,4694.84716796875,0.1878032237291336,37.64653778076172,1.019187569618225,-22.3,-47.75,3257.6,0.1754,31.0,0.9625,4637.301,0.1714187,39.232864,1.0454199,57.546167968749614,1.2409409690841635,0.0163845237291336,9.558189234391346,-1.5863262192382805,-4.043360737666974,-0.02623233038177486,-2.509262582601963
standard,Standard,456,2247015,Grauna,-22.3,-47.75,-22.3,-47.75,4694.84716796875,0.1878032237291336,37.64653778076172,1.019187569618225,-22.3,-47.75,3257.6,0.1754,31.0,0.9625,4637.301,0.1714187,39.232864,1.0454199,57.546167968749614,1.2409409690841635,0.0163845237291336,9.558189234391346,-1.5863262192382805,-4.043360737666974,-0.02623233038177486,-2.509262582601963
standard,Standard,457,2247031,Usina Ester,-22.6667,-47.2167,-22.6667,-47.2167,7549.01123046875,0.17481818795204163,40.790504455566406,1.0828927755355835,-22.6667,-47.2167,1811.9,0.1739,15.1,0.8801,1606.1537,0.15988292,8.129964,0.887679,5942.85753046875,370.0055312557416,0.014935267952041614,9.341378023394627,32.660540455566405,401.73044377030953,0.1952137755355835,21.991482904922105
standard,Standard,458,2247031,Usina Ester,-22.6667,-47.2167,-22.6667,-47.2167,7549.01123046875,0.17481818795204163,40.790504455566406,1.0828927755355835,-22.6667,-47.2167,1811.9,0.1739,15.1,0.8801,1606.1537,0.15988292,8.129964,0.887679,5942.85753046875,370.0055312557416,0.014935267952041614,9.341378023394627,32.660540455566405,401.73044377030953,0.1952137755355835,21.991482904922105
standard,Standard,459,2247067,Piracicaba,-22.71666667,-47.63333333,-22.71667,-47.63333,7846.57861328125,0.17364928126335144,46.32915115356445,1.1015007495880127,,,,,,,,,,,,,,,,,,
standard,Standard,460,2248023,Santa Maria da Serra,-22.5667,-48.15,-22.5667,-48.15,6143.07470703125,0.1823309361934662,50.23006057739258,1.0555181503295898,-22.5667,-48.15,2000.0,0.136,24.598,0.877,7943.434,0.13682666,66.13772,1.1079555,-1800.3592929687502,-22.664747928524996,0.0455042761934662,33.25687858891403,-15.907659422607423,-24.05232509165333,-0.05243734967041025,-4.732802867119685
standard,Standard,461,2248048,Bairro Anhumas,-22.93333333,-48.3,-22.93333,-48.3,13649.314453125,0.22751222550868988,81.69126892089844,1.164157509803772,-22.93333333,-48.3,1405.75,0.139,18.368,0.787,5946.0513,0.2135336,57.116478,1.0698792,7703.263153125,129.55258480741665,0.01397862550868989,6.546335334902746,24.574790920898437,43.02574630196637,0.09427830980377205,8.812051846953569
standard,Standard,462,2249012,Bauru (PDV),-22.31666667,-49.03333333,-22.31667,-49.03333,1626.3997802734375,0.16581474244594574,19.02130699157715,0.87434983253479,-22.31666667,-49.03333333,1057.97,0.183,10.76,0.7881,4004.974,0.15958269,50.202076,1.032358,-2378.5742197265627,-59.39050340218345,0.0062320524459457405,3.905218320323928,-31.18076900842285,-62.110517119696105,-0.15800816746521007,-15.305559453717612
standard,Standard,463,2249014,Mundo Novo,-22.3167,-49.7667,-22.3167,-49.7667,1620.5257568359375,0.16637153923511505,16.56658935546875,0.8707855343818665,-22.3167,-49.7667,576.243,0.148,5.0,0.611,3196.0095,0.15146567,37.27834,0.9835195,-1575.4837431640626,-49.295339803090776,0.014905869235115055,9.841087577874944,-20.71175064453125,-55.559745000800056,-0.11273396561813354,-11.462301013669128
standard,Standard,464,2249024,Ubirajara,-22.5333,-49.65,-22.5333,-49.65,1636.8133544921875,0.19799254834651947,16.672868728637695,0.8738340735435486,-22.5333,-49.65,1600.105,0.144,25.0,0.82,3106.6902,0.16371253,38.508057,0.9944859,-1469.8768455078125,-47.3132739630045,0.034280018346519475,20.939153738885764,-21.835188271362306,-56.70290835853469,-0.12065182645645145,-12.132080148793607
standard,Standard,465,2249029,Águas de Santa Bárbara,-22.8833,-49.2333,-22.8833,-49.2333,1720.171142578125,0.1778152734041214,12.506691932678223,0.8762644529342651,-22.8833,-49.2333,822.899,0.145,11.156,0.772,2568.2068,0.17473923,24.922354,0.96930784,-848.0356574218749,-33.02053625206019,0.0030760434041214035,1.7603622289748007,-12.415662067321776,-49.81737305922938,-0.0930433870657349,-9.598951254302749
standard,Standard,466,2250011,Agropecuária Santo Antônio,-22.36666667,-50.38333333,-22.36667,-50.38333,2089.449951171875,0.15319420397281647,20.37848472595215,0.8811090588569641,-22.36666667,-50.38333333,1467.047,0.142,25.0,0.78,3091.1057,0.15736437,39.86119,0.9866722,-1001.6557488281251,-32.40444831207568,-0.004170166027183536,-2.6500064958691323,-19.482705274047852,-48.87637643042732,-0.10556314114303589,-10.69890700711299
standard,Standard,467,2251002,Marabá Paulista,-22.1,-51.9667,-22.1,-51.9667,26174.796875,0.18047858774662018,187.3885498046875,1.2184298038482666,-22.1,-51.9667,2000.0,0.146,23.925,0.856,1215.5358,0.1829758,50.17207,0.8501071,24959.261075,2053.354666723925,-0.0024972122533798158,-1.3647773385222612,137.2164798046875,273.4917650491349,0.3683227038482666,43.32662365109838
standard,Standard,468,2251010,Usina Laranja Doce,-22.25,-51.1667,-22.25,-51.1667,2602.1669921875,0.16855576634407043,44.27784729003906,0.9172777533531189,-22.25,-51.1667,2000.0,0.136,24.661,0.856,1477.9414,0.17118904,37.37452,0.8715293,1124.2255921875,76.06699373787757,-0.002633273655929552,-1.5382256106638326,6.903327290039066,18.47067812520152,0.045748453353118945,5.249215758221663
standard,Standard,469,2251015,Fazenda Vista Bonita,-22.51666667,-51.81666667,-22.51667,-51.81667,8071.47216796875,0.1859721690416336,94.84415435791016,1.0620208978652954,-22.51666667,-51.81666667,1633.205,0.111,21.157,0.831,1392.2303,0.21407518,41.799232,0.8574905,6679.24186796875,479.75122132945603,-0.028103010958366398,-13.127636262347835,53.04492235791015,126.90405976337114,0.20453039786529537,23.85220569385846
standard,Standard,470,2252036,Fazenda Guana,-22.31666667,-52.65,-22.31667,-52.65,8199.2392578125,0.16232214868068695,89.0621337890625,1.0604536533355713,-22.31666667,-52.65,1533.476,0.12,25.0,0.763,1362.1554,0.1770568,45.024044,0.86761075,6837.0838578125,501.931267006136,-0.014734651319313036,-8.32199120243506,44.0380897890625,97.81016069783179,0.1928429033355713,22.22689187928703
standard,Standard,471,2345040,Ubatuba,-23.4331,-45.0683,-23.4331,-45.0683,,,,,,,,,,,,,,,,,,,,,,
standard,Standard,472,2345049,Ponte Nova,-23.56666667,-45.96666667,-23.56667,-45.96667,2022.7681884765625,0.22466522455215454,16.278823852539062,0.8879584670066833,-23.56666667,-45.96666667,1838.304,0.132,20.919,0.861,1246.2589,0.14977384,10.753415,0.8508223,776.5092884765625,62.30722111405282,0.07489138455215455,50.002980862448716,5.525408852539062,51.38282910627984,0.03713616700668332,4.36473832511011
standard,Standard,473,2345053,Casa Grande,-23.63333333,-45.95,-23.63333,-45.95,2308.3916015625,0.1699654757976532,16.933734893798828,0.8915558457374573,-23.63333333,-45.95,1194.852,0.124,20.373,0.756,1386.1835,0.15504546,11.506782,0.8553549,922.2081015624999,66.5285729892543,0.014920015797653202,9.622994312541111,5.426952893798829,47.16308081441735,0.036200945737457246,4.232271977100645
standard,Standard,474,2345059,Boraceia,-23.75,-45.85,-23.75,-45.85,,,,,-23.75,-45.85,582.081,0.113,12.978,0.624,1541.0841,0.1494263,12.117697,0.8607889,,,,,,,,
standard,Standard,475,2346003,Vinhedo,-23.0333,-46.9667,-23.0333,-46.9667,8033.58349609375,0.18539346754550934,44.526668548583984,1.0811619758605957,-23.0333,-46.9667,1999.873,0.151,23.164,0.856,3332.1274,0.1335249,26.06856,0.99669766,4701.456096093751,141.09472813355669,0.051868567545509336,38.845614222897254,18.458108548583983,70.80601517147085,0.08446431586059566,8.474416992269818
standard,Standard,476,2346003,Vinhedo,-23.0333,-46.9667,-23.0333,-46.9667,8033.58349609375,0.18539346754550934,44.526668548583984,1.0811619758605957,-23.0333,-46.9667,1999.873,0.151,23.164,0.856,3332.1274,0.1335249,26.06856,0.99669766,4701.456096093751,141.09472813355669,0.051868567545509336,38.845614222897254,18.458108548583983,70.80601517147085,0.08446431586059566,8.474416992269818
standard,Standard,477,2346004,Piracaia,-23.05,-46.35,-23.05,-46.35,4993.08349609375,0.16784316301345825,47.73321533203125,1.0173132419586182,-23.05,-46.35,1158.201,0.139,5.0,0.818,1540.3861,0.21204771,27.839922,0.9132321,3452.6973960937503,224.14493327963362,-0.04420454698654175,-20.846509960679015,19.89329333203125,71.45599521446665,0.10408114195861817,11.397008707711672
standard,Standard,478,2346015,Rio Acima,-23.2167,-46.6667,-23.2167,-46.6667,7766.40478515625,0.1780390739440918,51.72788619995117,1.0737425088882446,-23.2167,-46.6667,2144.7,0.1566,19.0,0.9165,2809.2188,0.18296905,31.296213,0.9858759,4957.185985156249,176.46137015586856,-0.004929976055908197,-2.694431684434169,20.43167319995117,65.28481001823182,0.0878666088882446,8.9125425307835
standard,Standard,479,2346015,Rio Acima,-23.2167,-46.6667,-23.2167,-46.6667,7766.40478515625,0.1780390739440918,51.72788619995117,1.0737425088882446,-23.2167,-46.6667,2144.7,0.1566,19.0,0.9165,2809.2188,0.18296905,31.296213,0.9858759,4957.185985156249,176.46137015586856,-0.004929976055908197,-2.694431684434169,20.43167319995117,65.28481001823182,0.0878666088882446,8.9125425307835
standard,Standard,480,2346021,Franco da Rocha (Hosp. Juqueri),-23.3333,-46.6833,-23.3333,-46.6833,7201.072265625,0.19637010991573334,48.69011306762695,1.0608266592025757,-23.3333,-46.6833,2034.4,0.1516,18.0,0.8944,2863.0085,0.16635822,31.147432,0.9860745,4338.063765625,151.52116263800824,0.030011889915733336,18.04052118117959,17.542681067626955,56.32143628285939,0.07475215920257572,7.580782101410768
standard,Standard,481,2346021,Franco da Rocha (Hosp. Juqueri),-23.3333,-46.6833,-23.3333,-46.6833,7201.072265625,0.19637010991573334,48.69011306762695,1.0608266592025757,-23.3333,-46.6833,2034.4,0.1516,18.0,0.8944,2863.0085,0.16635822,31.147432,0.9860745,4338.063765625,151.52116263800824,0.030011889915733336,18.04052118117959,17.542681067626955,56.32143628285939,0.07475215920257572,7.580782101410768
standard,Standard,482,2346044,Ponte Pequena,-23.51666667,-46.65,-23.51667,-46.65,6589.7392578125,0.20810198783874512,46.23164749145508,1.0452277660369873,-23.51666667,-46.65,2000.0,0.108,20.206,0.838,3540.5078,0.15609275,30.117298,0.98510504,3049.2314578125,86.12412766927108,0.052009237838745115,33.31944490615042,16.114349491455076,53.50529616386927,0.06012272603698732,6.10317921396355
standard,Standard,483,2346049,Fazenda Santo Angelo,-23.58333333,-46.23333333,-23.58333,-46.23333,3457.748291015625,0.16937322914600372,29.49860954284668,0.9508454203605652,-23.58333333,-46.23333333,919.028,0.147,6.853,0.752,2082.6633,0.12602803,21.421566,0.9241194,1375.0849910156248,66.0253143662552,0.04334519914600371,34.393300558616765,8.077043542846681,37.705196449441104,0.02672602036056515,2.8920527326409498
standard,Standard,484,2346051,Vila Prosperidade (GM),-23.61666667,-46.55,-23.61667,-46.55,5431.17236328125,0.211747407913208,41.962562561035156,1.0183137655258179,-23.61666667,-46.55,2000.0,0.128,22.469,0.849,3289.066,0.15415083,28.778597,0.97434485,2142.10636328125,65.12810516059119,0.05759657791320802,37.36378059930525,13.183965561035155,45.811703610968785,0.04396891552581783,4.512664640842288
standard,Standard,485,2346052,Cachoeira da Graça,-23.65,-46.95,-23.65,-46.95,6920.9267578125,0.20241719484329224,47.44631576538086,1.068985939025879,-23.65,-46.95,1999.91,0.197,17.527,0.894,3817.0676,0.16611218,32.768177,1.0146178,3103.8591578125,81.31527871847227,0.03630501484329224,21.855721141756273,14.678138765380858,44.79388269106597,0.054368139025879,5.358484645733498
standard,Standard,486,2346055,Mauá,-23.6667,-46.4833,-23.6667,-46.4833,4896.30615234375,0.20045271515846252,37.42474365234375,0.9910023212432861,-23.6667,-46.4833,2093.1,0.1639,26.5,0.8942,2964.5686,0.14785168,27.500612,0.9635562,1931.73755234375,65.16083157406949,0.05260103515846251,35.576893788736456,9.92413165234375,36.08694836443549,0.02744612124328616,2.84841934941482
standard,Standard,487,2346055,Mauá,-23.6667,-46.4833,-23.6667,-46.4833,4896.30615234375,0.20045271515846252,37.42474365234375,0.9910023212432861,-23.6667,-46.4833,2093.1,0.1639,26.5,0.8942,2964.5686,0.14785168,27.500612,0.9635562,1931.73755234375,65.16083157406949,0.05260103515846251,35.576893788736456,9.92413165234375,36.08694836443549,0.02744612124328616,2.84841934941482
standard,Standard,488,2346056,Rudge Ramos,-23.6667,-46.5667,-23.6667,-46.5667,5431.17236328125,0.211747407913208,41.962562561035156,1.0183137655258179,,,,,,,,,,,,,,,,,,
standard,Standard,489,2346066,Usina Itatinga,-23.7667,-46.1167,-23.7667,-46.1167,2980.72607421875,0.18099986016750336,26.01226806640625,0.9290098547935486,-23.7667,-46.1167,913.343,0.138,25.0,0.615,3189.3704,0.1691779,22.924341,0.93447924,-208.6443257812498,-6.541865622796581,0.011821960167503365,6.987886814710057,3.0879270664062517,13.470079974845305,-0.00546938520645146,-0.5852869675790187
standard,Standard,490,2346067,Campo Grande,-23.7667,-46.35,-23.7667,-46.35,3748.965087890625,0.1932632476091385,32.85963821411133,0.9654838442802429,-23.7667,-46.35,577.176,0.163,5.0,0.602,3281.3884,0.18329266,23.397266,0.94613236,467.5766878906252,14.249355178150358,0.009970587609138493,5.439709156459671,9.46237221411133,40.44221326590607,0.019351484280242914,2.0453252735423737
standard,Standard,491,2346068,Recalque ABC,-23.75,-46.5333,-23.75,-46.5333,5244.18359375,0.2223571389913559,40.91737365722656,1.0093915462493896,-23.75,-46.5333,1535.589,0.127,17.996,0.843,3095.3284,0.1485875,28.387222,0.97408396,2148.85519375,69.42252698453579,0.07376963899135588,49.64727113071818,12.530151657226561,44.14011225623472,0.03530758624938968,3.6246964018778915
standard,Standard,492,2346070,Mombaca,-23.7667,-46.8333,-23.7667,-46.8333,7561.2216796875,0.21683572232723236,47.78408432006836,1.0580768585205078,-23.7667,-46.8333,2000.0,0.153,20.035,0.855,3899.793,0.15807702,35.2027,1.014177,3661.4286796875,93.88776993259643,0.05875870232723235,37.17093245256796,12.58138432006836,35.73982768386618,0.043899858520507706,4.3286190202013755
standard,Standard,493,2346070,Mombaca,-23.7667,-46.8333,-23.7667,-46.8333,7561.2216796875,0.21683572232723236,47.78408432006836,1.0580768585205078,-23.7667,-46.8333,2000.0,0.153,20.035,0.855,3899.793,0.15807702,35.2027,1.014177,3661.4286796875,93.88776993259643,0.05875870232723235,37.17093245256796,12.58138432006836,35.73982768386618,0.043899858520507706,4.3286190202013755
standard,Standard,494,2346076,Piacaguera (EFSJ),-23.8667,-46.3833,-23.8667,-46.3833,3984.26513671875,0.21810096502304077,33.072410583496094,0.9649298191070557,-23.8667,-46.3833,1231.232,0.125,25.0,0.689,3858.3774,0.21884696,23.29991,0.9478564,125.88773671875015,3.2627118518460674,-0.0007459949769592356,-0.34087518371707587,9.772500583496093,41.942224598704854,0.01707341910705562,1.8012664267557428
standard,Standard,495,2346079,Curva da Onça,-23.88333333,-46.48333333,-23.88333,-46.48333,4683.5322265625,0.1697399616241455,36.85129165649414,0.9848374128341675,-23.88333333,-46.48333333,599.148,0.166,5.702,0.589,4070.701,0.2328129,24.118229,0.9550832,612.8312265625,15.054685337058652,-0.06307293837585448,-27.09168537304182,12.733062656494141,52.7943517598002,0.02975421283416746,3.1153529696855164
standard,Standard,496,2346089,Vicente de Carvalho,-23.93333333,-46.28333333,-23.93333,-46.28333,,,,,,,,,,,,,,,,,,,,,,
standard,Standard,497,2346140,Terceiro Plano da Serra Nova,-23.8,-46.31666667,-23.8,-46.31667,3984.26513671875,0.21810096502304077,33.072410583496094,0.9649298191070557,,,,,,,,,,,,,,,,,,
standard,Standard,498,2346168,Pilões,-23.9,-46.5,-23.9,-46.5,4683.5322265625,0.1697399616241455,36.85129165649414,0.9848374128341675,-23.9,-46.5,613.854,0.136,10.342,0.594,4443.7144,0.18248479,29.391851,0.96424073,239.81782656250016,5.396787573983156,-0.0127448283758545,-6.984049671128481,7.459440656494142,25.379281680810582,0.02059668283416749,2.1360519415278683
standard,Standard,499,2346353,Cidade Universitária,-23.5667,-46.7333,-23.5667,-46.7333,7750.4462890625,0.18721288442611694,51.08844757080078,1.0771619081497192,-23.5667,-46.7333,1646.12,0.128,15.722,0.856,3738.5342,0.18112618,30.606258,0.9944359,4011.9120890625,107.31243515339514,0.006086704426116946,3.360477445125241,20.48218957080078,66.9215739173367,0.0827260081497192,8.318887939355287
standard,Standard,500,2347004,Elias Fausto,-23.0333,-47.3667,-23.0333,-47.3667,17748.765625,0.15435060858726501,60.23988723754883,1.2060483694076538,-23.0333,-47.3667,1164.95,0.123,14.507,0.815,6188.775,0.2029032,33.451187,1.0847708,11559.990625,186.78964132643375,-0.04855259141273499,-23.928943167350237,26.78870023754883,80.08295860337881,0.12127756940765377,11.180017880980365
standard,Standard,501,2347006,Pereiras,-23.0667,-47.9667,-23.0667,-47.9667,14655.5654296875,0.1894950121641159,81.96401977539062,1.1757910251617432,-23.0667,-47.9667,1382.363,0.152,11.96,0.813,6323.954,0.1856089,62.74074,1.0949348,8331.6114296875,131.74686959594425,0.0038861121641159124,2.093710034441189,19.223279775390623,30.63923022806333,0.08085622516174307,7.384569853998893
standard,Standard,502,2347020,Fazenda Pinhal,-23.26666667,-47.11666667,-23.26667,-47.11667,10012.13671875,0.2010895311832428,50.35707092285156,1.1182754039764404,-23.26666667,-47.11666667,516.072,0.104,5.004,0.632,4782.546,0.19835144,35.949062,1.0542018,5229.59071875,109.347421200967,0.002738091183242808,1.3804241518200262,14.408008922851565,40.07895650476656,0.06407360397644046,6.077925874954915
standard,Standard,503,2347021,Boituva,-23.2833,-47.6667,-23.2833,-47.6667,13327.9189453125,0.15302573144435883,63.144168853759766,1.159860372543335,-23.2833,-47.6667,1999.559,0.186,17.789,0.881,5880.011,0.18409242,41.425,1.0792352,7447.9079453125,126.66486415267758,-0.03106668855564118,-16.87559355004469,21.71916885375977,52.430099828026,0.0806251725433349,7.470584034261937
standard,Standard,504,2347024,Pirapitingui,-23.33333333,-47.33333333,-23.33333,-47.33333,10889.6611328125,0.13706594705581665,53.93140411376953,1.1336889266967773,-23.33333333,-47.33333333,1868.668,0.121,25.0,0.827,4807.6235,0.15267679,37.685566,1.0669278,6082.0376328125,126.50819334776321,-0.015610842944183356,-10.22476497192753,16.24583811376953,43.108913672066194,0.06676112669677736,6.2573237567506785
standard,Standard,505,2347042,Salto de Pirapora,-23.65,-47.5667,-23.65,-47.5667,11956.095703125,0.18413157761096954,65.70122528076172,1.1442903280258179,-23.65,-47.5667,761.717,0.138,8.919,0.671,4294.849,0.17528047,38.93806,1.0449668,7661.246703125,178.3822132774633,0.00885110761096955,5.049682723334522,26.76316528076172,68.73266228662064,0.09932352802581779,9.504945805533513
standard,Standard,506,2347043,Ibiuna,-23.65,-47.2167,-23.65,-47.2167,9371.015625,0.19557811319828033,55.239505767822266,1.1047639846801758,-23.65,-47.2167,953.1,0.1761,11.5,0.7912,5094.096,0.17867076,41.852055,1.0564554,4276.919625,83.95836326995017,0.016907353198280323,9.462854021710278,13.387450767822266,31.987558956955077,0.04830858468017585,4.572704600703054
standard,Standard,507,2347043,Ibiuna,-23.65,-47.2167,-23.65,-47.2167,9371.015625,0.19557811319828033,55.239505767822266,1.1047639846801758,-23.65,-47.2167,953.1,0.1761,11.5,0.7912,5094.096,0.17867076,41.852055,1.0564554,4276.919625,83.95836326995017,0.016907353198280323,9.462854021710278,13.387450767822266,31.987558956955077,0.04830858468017585,4.572704600703054
standard,Standard,508,2347049,Usina Batista,-23.8333,-47.65,-23.8333,-47.65,11246.13671875,0.18033139407634735,64.18940734863281,1.1256717443466187,-23.8333,-47.65,1985.607,0.143,24.251,0.857,4365.168,0.19263127,39.18463,1.034641,6880.96871875,157.63353709983215,-0.012299875923652642,-6.385191731151772,25.004777348632814,63.81271776365584,0.09103074434661873,8.79829277465505
standard,Standard,509,2347051,Juquitiba,-23.9333,-47.0667,-23.9333,-47.0667,5117.31982421875,0.16243089735507965,39.77046203613281,1.0149561166763306,-23.9333,-47.0667,938.2,0.2007,14.6,0.7582,5932.1943,0.18629158,55.219597,1.0794393,-814.8744757812501,-13.736476497090631,-0.02386068264492036,-12.80824535651067,-15.449134963867188,-27.977630774572997,-0.06448318332366942,-5.973766503004794
standard,Standard,510,2347051,Juquitiba,-23.9333,-47.0667,-23.9333,-47.0667,5117.31982421875,0.16243089735507965,39.77046203613281,1.0149561166763306,-23.9333,-47.0667,938.2,0.2007,14.6,0.7582,5932.1943,0.18629158,55.219597,1.0794393,-814.8744757812501,-13.736476497090631,-0.02386068264492036,-12.80824535651067,-15.449134963867188,-27.977630774572997,-0.06448318332366942,-5.973766503004794
standard,Standard,511,2347053,Tapiraí,-23.9667,-47.5,-23.9667,-47.5,10241.0830078125,0.18406106531620026,61.41600036621094,1.1016331911087036,-23.9667,-47.5,940.296,0.118,13.848,0.739,4893.4795,0.21543872,39.571888,1.0352889,5347.6035078125,109.28018617044373,-0.031377654683799744,-14.564538205481234,21.844112366210936,55.201087110655266,0.06634429110870355,6.4082876874951085
standard,Standard,512,2348008,Avaré,-23.1,-48.9167,-23.1,-48.9167,2874.226318359375,0.19198453426361084,28.297943115234375,0.9386547803878784,-23.1,-48.9167,1964.22,0.25,21.0,0.91,2321.2095,0.1879378,27.557102,0.93966556,553.0168183593751,23.824511245511232,0.004046734263610852,2.1532306239675316,0.7408411152343746,2.688385430494014,-0.0010107796121215928,-0.10756801729772801
standard,Standard,513,2348014,Guarei,-23.3667,-48.1833,-23.3667,-48.1833,7627.22265625,0.18009372055530548,56.08344268798828,1.0828869342803955,-23.3667,-48.1833,1358.1,0.116,15.474,0.809,4350.2407,0.1964162,45.85749,1.0373312,3276.9819562499997,75.3287503436304,-0.016322479444694532,-8.3101492874287,10.225952687988283,22.299416492242127,0.04555573428039561,4.391628660199907
standard,Standard,514,2348018,Campo do Paiol,-23.3833,-48.0333,-23.3833,-48.0333,8498.521484375,0.17958371341228485,59.11634063720703,1.099583625793457,-23.3833,-48.0333,500.0,0.096,5.077,0.598,4799.1836,0.19321474,46.78788,1.0467826,3699.3378843749997,77.08264973182104,-0.013631026587715145,-7.054858541183321,12.32846063720703,26.349688503105998,0.052801025793457024,5.044125283841843
standard,Standard,515,2348027,Buri,-23.8,-48.5833,-23.8,-48.5833,4457.8154296875,0.17783552408218384,35.95964431762695,0.9908497333526611,-23.8,-48.5833,2000.0,0.103,16.252,0.9,2813.767,0.23330468,31.918493,0.9716251,1644.0484296875002,58.42873378241696,-0.05546915591781615,-23.775415014313538,4.041151317626952,12.660846229886078,0.019224633352661114,1.9786060850693454
standard,Standard,516,2349010,Timburi,-23.2,-49.6167,-23.2,-49.6167,2228.41357421875,0.18642936646938324,17.68570327758789,0.8952835202217102,-23.2,-49.6167,1763.6,0.1692,17.1,0.8631,2769.2346,0.15952042,28.467104,0.96998763,-540.8210257812498,-19.529621137235893,0.026908946469383244,16.868653222818274,-10.781400722412108,-37.87319118380327,-0.07470410977828978,-7.701552830966492
standard,Standard,517,2349010,Timburi,-23.2,-49.6167,-23.2,-49.6167,2228.41357421875,0.18642936646938324,17.68570327758789,0.8952835202217102,-23.2,-49.6167,1763.6,0.1692,17.1,0.8631,2769.2346,0.15952042,28.467104,0.96998763,-540.8210257812498,-19.529621137235893,0.026908946469383244,16.868653222818274,-10.781400722412108,-37.87319118380327,-0.07470410977828978,-7.701552830966492
standard,Standard,518,2349022,Mosteiro Itaporanga,-23.7,-49.48333333,-23.7,-49.48333,3077.095458984375,0.19730211794376373,24.015932083129883,0.931527853012085,-23.7,-49.48333333,1991.073,0.127,24.999,0.82,2893.3557,0.15881468,29.103142,0.96838737,183.73975898437493,6.35040340820781,0.03848743794376372,24.23418159062104,-5.0872099168701155,-17.47993366788409,-0.03685951698791501,-3.806278162004014
standard,Standard,519,2446003,Itanhaém,-24.1833,-46.8,-24.1833,-46.8,,,,,-24.1833,-46.8,500.02,0.155,16.91,0.525,7577.212,0.18655014,56.26815,1.0495844,,,,,,,,
standard,Standard,520,2447003,Ilha dos Paulistas,-24.06666667,-47.01666667,-24.06667,-47.01667,5761.0888671875,0.1498076468706131,42.66707992553711,1.0194354057312012,-24.06666667,-47.01666667,1215.568,0.166,25.0,0.709,6761.264,0.18800999,58.607834,1.0853691,-1000.1751328125001,-14.792724153538451,-0.03820234312938689,-20.319315547746633,-15.940754074462888,-27.199015876380773,-0.06593369426879891,-6.074771639325176
standard,Standard,521,2447012,Ribeirão da Serra,-24.28333333,-47.95,-24.28333,-47.95,8903.26171875,0.17822781205177307,58.321533203125,1.0773036479949951,-24.28333333,-47.95,1999.51,0.16,25.0,0.824,3668.8394,0.19022785,35.556393,0.9913807,5234.42231875,142.67242983571316,-0.012000037948226933,-6.308244533188454,22.765140203125,64.02544882188978,0.08592294799499511,8.66699825758108
standard,Standard,522,2447014,Ana Dias,-24.3,-47.06666667,-24.3,-47.06667,6937.33056640625,0.24246855080127716,46.5373420715332,1.017000675201416,,,,,,,,,,,,,,,,,,
standard,Standard,523,2447027,Jurumirim,-24.5,-47.7333,-24.5,-47.7333,7869.4150390625,0.16021375358104706,51.969078063964844,1.0342649221420288,-24.5,-47.7333,1466.107,0.133,25.0,0.747,2837.9136,0.17939575,31.433165,0.94367987,5031.5014390625,177.29579360916767,-0.019181996418952935,-10.692559003740575,20.535913063964845,65.3319927025002,0.09058505214202883,9.599129431682043
standard,Standard,524,2447033,Momuna,-24.7,-47.66666667,-24.7,-47.66667,8464.38671875,0.17181406915187836,56.420772552490234,1.0444904565811157,-24.7,-47.66666667,745.325,0.17,25.0,0.558,2684.1812,0.22403002,28.814732,0.92081416,5780.20551875,215.34334264579456,-0.05221595084812164,-23.30756871249739,27.606040552490235,95.8053004015107,0.12367629658111567,13.431189696422097
standard,Standard,525,2447040,Itapitangui,-24.93333333,-47.95,-24.93333,-47.95,8562.5966796875,0.21376413106918335,57.45015335083008,1.0512272119522095,-24.93333333,-47.95,668.325,0.186,10.358,0.628,2411.1487,0.1804608,28.941938,0.9128839,6151.4479796875,255.12520151442752,0.033303331069183345,18.45460680058126,28.508215350830078,98.50140426266574,0.1383433119522095,15.154535199077289
standard,Standard,526,2448006,Barreiro,-24.1667,-48.3333,-24.1667,-48.3333,5299.99609375,0.18465197086334229,44.603816986083984,1.0206128358840942,-24.1667,-48.3333,1662.659,0.129,19.72,0.87,1976.846,0.20622334,23.47487,0.90994465,3323.15009375,168.10364053396168,-0.02157136913665772,-10.460197733514411,21.128946986083985,90.0066623844306,0.11066818588409422,12.162078856564982
standard,Standard,527,2448014,Eldorado,-24.5167,-48.1,-24.5167,-48.1,6470.56201171875,0.15700432658195496,45.767738342285156,1.0259191989898682,-24.5167,-48.1,3543.4,0.1908,37.9,0.9604,2332.0938,0.16399029,27.87727,0.9292008,4138.468211718749,177.45719369086908,-0.006985963418045055,-4.259986013833535,17.890468342285157,64.17582619203802,0.09671839898986812,10.408772677538385
standard,Standard,528,2448014,Eldorado,-24.5167,-48.1,-24.5167,-48.1,6470.56201171875,0.15700432658195496,45.767738342285156,1.0259191989898682,-24.5167,-48.1,3543.4,0.1908,37.9,0.9604,2332.0938,0.16399029,27.87727,0.9292008,4138.468211718749,177.45719369086908,-0.006985963418045055,-4.259986013833535,17.890468342285157,64.17582619203802,0.09671839898986812,10.408772677538385
standard,Standard,529,2448015,Barra dos Pilões,-24.55,-48.4333,-24.55,-48.4333,6199.208984375,0.18063315749168396,43.4490966796875,1.0197474956512451,-24.55,-48.4333,1939.411,0.128,25.0,0.848,2292.3384,0.169705,29.659588,0.9372373,3906.870584375,170.43166856930895,0.010928157491683965,6.4395023668624765,13.7895086796875,46.49258337535741,0.08251019565124507,8.803554409459062
standard,Standard,530,2448029,Faxinal,-24.8833,-48.3,-24.8833,-48.3,6761.705078125,0.17397761344909668,51.68651580810547,1.0416884422302246,-24.8833,-48.3,1999.359,0.127,23.88,0.888,1989.3044,0.14775428,30.876934,0.93382543,4772.400678125,239.90298710066693,0.026223333449096692,17.74793491538566,20.80958180810547,67.39523363331823,0.10786301223022465,11.55066126548135
standard,Standard,531,2449002,Itararé,-24.1167,-49.333,-24.1167,-49.333,3851.804931640625,0.18051265180110931,29.886598587036133,0.967658281326294,-24.1167,-49.333,1439.516,0.164,5.0,0.869,3515.86,0.18490729,31.169037,0.9848969,335.9449316406249,9.555128237205828,-0.004394638198890688,-2.3766711409218577,-1.2824384129638666,-4.114462737375771,-0.01723861867370602,-1.7502967745868647
standard,Standard,532,2449015,Barra do Chapeu,-24.4667,-49.0167,-24.4667,-49.0167,4388.06787109375,0.18912021815776825,33.017391204833984,0.9797465205192566,-24.4667,-49.0167,2000.0,0.17,23.241,0.888,3882.2288,0.17561589,38.77274,1.0152053,505.83907109375014,13.029604826324253,0.013504328157768253,7.689696050720839,-5.7553487951660145,-14.843802102110955,-0.035458779480743496,-3.492769342392469
standard,Standard,533,2548069,Rio Pardinho,-25.0608,-48.5583,-25.0608,-48.5583,6388.92529296875,0.15932412445545197,51.36945343017578,1.0367786884307861,-25.0608,-48.5583,1819.733,0.134,25.0,0.843,2639.5088,0.16516376,34.148952,0.9463729,3749.41649296875,142.04978187489846,-0.0058396355445480275,-3.535663964387846,17.22050143017578,50.427613211016784,0.09040578843078617,9.552871646132953
standard,Standard,534,-,Lins,-21.68333333,-49.75,-21.68333,-49.75,1403.791259765625,0.13346457481384277,14.459071159362793,0.8489029407501221,-21.68333333,-49.75,1084.98,0.29,17.0,0.86,2318.3933,0.17932634,32.303303,0.95517987,-914.6020402343752,-39.449822436701105,-0.04586176518615723,-25.574472320216444,-17.844231840637207,-55.23965100608197,-0.10627692924987797,-11.126378663097032
standard,Standard,535,-,Santos,-23.93333333,-46.31666667,-23.93333,-46.31667,,,,,-23.93333333,-46.31666667,748.69,0.27,10.0,0.66,4144.771,0.2033096,23.453636,0.9502234,,,,,,,,
standard,Standard,536,-,São Carlos,-22.01666667,-47.95,-22.01667,-47.95,2464.54296875,0.19462919235229492,23.315378189086914,0.9179162383079529,-22.01666667,-47.95,2081.48,0.21,23.0,0.88,3520.1396,0.20878889,37.64784,0.99607635,-1055.59663125,-29.987351389416485,-0.014159697647705083,-6.7818252435295205,-14.332461810913088,-38.06981173664435,-0.07816011169204717,-7.84679926313351
standard,Standard,537,-,Andradina,-20.87055556,-51.35388889,-20.87056,-51.35389,1170.228271484375,0.17986918985843658,5.10427188873291,0.8069769144058228,-20.87055556,-51.35388889,1844.723,0.126,25.0,0.829,945.998,0.15763307,5.0738897,0.81940293,224.23027148437495,23.70303864113613,0.022236119858436598,14.106253122163137,0.030382188732910542,0.5987948207252228,-0.01242601559417722,-1.5164719503965187
standard,Standard,538,-,Botucatu,-22.95,-48.42166667,-22.95,-48.42167,5017.07275390625,0.21824043989181519,47.20543670654297,1.0357774496078491,-22.95,-48.42166667,1280.215,0.113,25.0,0.718,6092.006,0.19796231,60.175755,1.072937,-1074.9332460937503,-17.644980095123845,0.020278129891815183,10.243429616382626,-12.970318293457034,-21.554059925724292,-0.03715955039215091,-3.4633487699791234
standard,Standard,539,-,Bragança Paulista,-22.93333333,-46.52472222,-22.93333,-46.52472,7766.1572265625,0.1659126579761505,58.25300216674805,1.0733972787857056,-22.93333333,-46.52472222,2000.0,0.151,19.787,0.904,2574.0286,0.16367105,32.582756,0.95505625,5192.1286265625,201.7121576101563,0.0022416079761505003,1.3695812278044897,25.670246166748043,78.78476015579541,0.11834102878570552,12.391000926459096
standard,Standard,540,-,Caraguatatuba,-23.61305556,-45.38694444,-23.61306,-45.38694,,,,,,,,,,,,,,,,,,,,,,
standard,Standard,541,-,Paraíso,-20.98361111,-48.75972222,-20.98361,-48.75972,1241.55615234375,0.1683514416217804,8.544571876525879,0.836331844329834,-20.98361111,-48.75972222,816.959,0.127,7.139,0.697,894.5589,0.16587164,5.190222,0.81568485,346.99725234375,38.7897602207915,0.0024798016217804086,1.4950124215208873,3.3543498765258786,64.62825436996488,0.020646994329833968,2.5312465138752995
standard,Standard,542,-,Piracicaba,-22.70805556,-47.6175,-22.70806,-47.6175,7846.57861328125,0.17364928126335144,46.32915115356445,1.1015007495880127,-22.70805556,-47.6175,1773.932,0.173,24.999,0.798,2215.2996,0.18978888,16.771042,0.9434949,5631.27901328125,254.1994325860597,-0.016139598736648553,-8.503974909725246,29.558109153564452,176.24491760001823,0.15800584958801267,16.746868434372317
standard,Standard,543,-,Salto Grande,-22.87388889,-49.98111111,-22.87389,-49.98111,2057.4716796875,0.2304885983467102,18.89765167236328,0.8875689506530762,-22.87388889,-49.98111111,2000.0,0.132,21.831,0.88,3147.872,0.20684429,37.56135,0.9944815,-1090.4003203124998,-34.63928394523347,0.02364430834671022,11.430969811499374,-18.663698327636716,-49.68857170372395,-0.10691254934692385,-10.750582021578465
standard,Standard,544,-,São José do Rio Pardo,-21.57111111,-46.87805556,-21.57111,-46.87806,3219.799072265625,0.16664674878120422,31.78158950805664,0.9623861908912659,-21.57111111,-46.87805556,701.377,0.119,11.497,0.642,1333.6179,0.1767684,14.20929,0.86263937,1886.181172265625,141.43340249599416,-0.010121651218795769,-5.725939262218682,17.57229950805664,123.66768155239735,0.09974682089126585,11.562980355425449
standard,Standard,545,-,Socorro,-22.57527778,-46.50444444,-22.57528,-46.50444,5349.3935546875,0.18995489180088043,46.41075897216797,1.0260828733444214,-22.57527778,-46.50444444,1900.574,0.166,25.0,0.849,2349.0476,0.16697939,30.74428,0.9381272,3000.3459546875,127.72606032706618,0.022975501800880427,13.759483611049498,15.666478972167969,50.95737799736396,0.08795567334442134,9.37566604447897
standard,Standard,546,1249000,Alvorada,-12.4836,-49.1244,-12.4836,-49.1244,2177.7578125,0.19414322078227997,14.984938621520996,0.8847444653511047,-12.4836,-49.1244,9989.56,0.211,56.638,1.087,2114.0884,0.18031761,24.5258,0.9528648,63.66941249999991,3.0116721940293463,0.013825610782279979,7.667365812069037,-9.540861378479004,-38.90132586288318,-0.06812033464889522,-7.149003158569319
standard,Standard,547,1146000,Dianópolis,-11.6253,-46.8106,-11.6253,-46.8106,1423.7525634765625,0.13442683219909668,11.945415496826172,0.8600978255271912,-11.6253,-46.8106,4642.242,0.162,35.878,1.051,1441.8306,0.14110938,19.876905,0.9037851,-18.078036523437504,-1.2538252776323033,-0.006682547800903327,-4.73572189240951,-7.931489503173829,-39.9030407559619,-0.043687274472808846,-4.833812205225428
standard,Standard,548,1149001,Formoso do Araguaia,-11.7972,-49.525,-11.7972,-49.525,2036.356201171875,0.16123445332050323,11.312982559204102,0.8926393985748291,-11.7972,-49.525,8740.42,0.176,54.663,1.078,2671.2725,0.16937226,22.857805,0.9815011,-634.916298828125,-23.768308880060907,-0.008137806679496762,-4.804686835669998,-11.544822440795897,-50.50713504991357,-0.08886170142517091,-9.053652759550744
standard,Standard,549,848001,Guarai,-8.8319,-48.8172,-8.8319,-48.8172,2711.018798828125,0.16214267909526825,29.516048431396484,0.9097713828086853,-8.8319,-48.8172,8650.36,0.178,41.365,1.098,2867.799,0.12687945,44.058388,0.9798814,-156.78020117187498,-5.466917352711086,0.035263229095268245,27.79270330638117,-14.542339568603516,-33.00697149565144,-0.07011001719131471,-7.154949281751313
standard,Standard,550,948000,Miracema do Tocantins,-9.5642,-48.3875,-9.5642,-48.3875,2314.420166015625,0.1880086213350296,22.663719177246094,0.8932176828384399,-9.5642,-48.3875,5958.095,0.173,35.298,1.043,3692.993,0.13910846,54.83942,1.0195154,-1378.572833984375,-37.32941909135422,0.04890016133502961,35.15254308402926,-32.1757008227539,-58.67257681199747,-0.12629771716156002,-12.388014654958623
standard,Standard,551,1249002,Projeto Rio Formoso,-11.8394,-49.7717,-11.8394,-49.7717,2289.672607421875,0.16022787988185883,11.547247886657715,0.8843600153923035,-11.8394,-49.7717,8950.25,0.194,71.072,1.027,2938.5027,0.17348838,23.007362,0.9837325,-648.830092578125,-22.080295947256577,-0.013260500118141172,-7.643451462363745,-11.460114113342286,-49.81063936553128,-0.09937248460769654,-10.101575845841886
standard,Standard,552,647000,Tocantinópolis,-6.2886,-47.3919,-6.2886,-47.3919,3247.032958984375,0.1826597899198532,24.278106689453125,0.924220085144043,-6.2886,-47.3919,9862.0,0.187,69.638,1.072,5369.5815,0.17513116,46.808136,1.068423,-2122.5485410156252,-39.52912421602363,0.0075286299198532025,4.298852311520807,-22.530029310546873,-48.13272058205197,-0.14420291485595693,-13.496799943089671
standard,Standard,553,848003,Tupiratins,-8.3992,-48.1303,-8.3992,-48.1303,4512.78564453125,0.15098442137241364,45.69477844238281,0.9884128570556641,-8.3992,-48.1303,2300.09,0.155,31.686,0.869,2028.5848,0.1474211,32.77255,0.9351502,2484.20084453125,122.45979781230983,0.003563321372413636,2.417104045766607,12.92222844238281,39.430036546996824,0.05326265705566402,5.695625906476202
disaggregation,Disaggregation,2,,,-7.6111,-72.6811,-7.6111,-72.6811,3301.968505859375,0.2154870331287384,18.796215057373047,0.9235436320304871,-7.6111,-72.6811,1019.1,0.1471,12.4,0.7615,2742.4023,0.15979974,18.801283,0.9235802,559.5662058593748,20.404234851297154,0.05568729312873841,34.84817505256167,-0.005067942626954647,-0.02695530207675001,-3.6567969512901755e-05,-0.0039593713153337155
disaggregation,Disaggregation,3,,,-8.93527778,-72.785,-8.93528,-72.785,3087.90576171875,0.1894587129354477,12.93111801147461,0.8980020880699158,-8.93527778,-72.785,668.49,0.2501,9.19,0.7062,2522.0269,0.1373618,12.931603,0.8979944,565.8788617187502,22.437463364040653,0.05209691293544769,37.92678381868007,-0.0004849885253914721,-0.0037504130415345416,7.688069915801066e-06,0.0008561378462717659
disaggregation,Disaggregation,4,,,-9.9758,-67.8,-9.9758,-67.8,3439.93408203125,0.17981626093387604,25.465503692626953,0.933853268623352,-9.9758,-67.8,883.77,0.1037,9.19,0.706,3234.553,0.16462642,25.379631,0.9336849,205.38108203125012,6.349597055025845,0.015189840933876042,9.226854920295322,0.0858726926269533,0.33835280200469936,0.00016836862335201097,0.018032702826404387
disaggregation,Disaggregation,5,,,-10.64972222,-68.50666667,-10.64972,-68.50667,3316.94921875,0.1717977225780487,21.602394104003906,0.9214662909507751,-10.64972222,-68.50666667,909.46,0.1106,9.19,0.7061,2978.9683,0.16776127,21.604445,0.9214637,337.98091875,11.345569496325288,0.004036452578048716,2.4060693973339116,-0.0020508959960920947,-0.009492935347758736,2.590950775149814e-06,0.00028117773658906087
disaggregation,Disaggregation,6,,,-0.3992,-51.4203,-0.3992,-51.4203,981.7618408203125,0.15796354413032532,26.630144119262695,0.7892937064170837,-0.3992,-51.4203,759.9,0.235,9.19,0.706,826.1878,0.13541257,26.39871,0.78833795,155.57404082031246,18.830348356670534,0.022550974130325308,16.653530857826055,0.23143411926269408,0.8766872292725443,0.0009557564170837862,0.12123689048380663
disaggregation,Disaggregation,7,,,-0.5711,-52.575,-0.5711,-52.575,1685.7049560546875,0.15407727658748627,33.76015853881836,0.8598856925964355,-0.5711,-52.575,706.0,0.178,9.19,0.706,1608.0264,0.124791816,33.973553,0.8608697,77.67855605468753,4.83067666393335,0.029285460587486267,23.46745285563139,-0.21339446118164318,-0.6281193526671854,-0.000984007403564413,-0.11430387241697705
disaggregation,Disaggregation,8,,,0.50805556,-50.74833333,0.50806,-50.74833,972.0833740234375,0.16318340599536896,4.785908222198486,0.7537208795547485,0.50805556,-50.74833333,658.9,0.25,9.19,0.706,740.4055,0.116474405,4.928174,0.7536494,231.67787402343754,31.290674370117127,0.046709000995368954,40.10237356041351,-0.14226577780151395,-2.886784796996087,7.147955474851031e-05,0.009484457195681481
disaggregation,Disaggregation,9,,,0.045,-51.11,0.045,-51.11,712.3983154296875,0.12938779592514038,15.827957153320312,0.7454387545585632,0.045,-51.11,918.8,0.171,9.19,0.706,586.66815,0.12076389,15.744882,0.7451034,125.73016542968753,21.431224011340575,0.008623905925140382,7.1411296250397225,0.08307515332031201,0.52763274643984,0.00033535455856326113,0.045007787987984105
disaggregation,Disaggregation,10,,,0.3031,-51.1267,0.3031,-51.1267,550.1107788085938,0.16388599574565887,6.832488536834717,0.6988836526870728,0.3031,-51.1267,849.0,0.2192,12.6,0.7688,404.8273,0.13883275,6.8263707,0.7000352,145.28347880859377,35.88776715616604,0.02505324574565887,18.045630980916872,0.006117836834716783,0.08962063596570845,-0.0011515473129272147,-0.1644984870656811
disaggregation,Disaggregation,11,,,0.3031,-51.1267,0.3031,-51.1267,550.1107788085938,0.16388599574565887,6.832488536834717,0.6988836526870728,0.3031,-51.1267,849.0,0.2192,12.6,0.7688,404.8273,0.13883275,6.8263707,0.7000352,145.28347880859377,35.88776715616604,0.02505324574565887,18.045630980916872,0.006117836834716783,0.08962063596570845,-0.0011515473129272147,-0.1644984870656811
disaggregation,Disaggregation,12,,,0.8803,-52.0094,0.8803,-52.0094,3183.7119140625,0.1712351143360138,100.04833221435547,0.9782998561859131,0.8803,-52.0094,878.3,0.1732,12.4,0.7703,2959.5872,0.13950787,99.25526,0.9757645,224.12471406250006,7.572836984242264,0.03172724433601379,22.7422613046947,0.7930722143554618,0.7990228571820392,0.0025353561859130513,0.2598327963266804
disaggregation,Disaggregation,13,,,0.8803,-52.0094,0.8803,-52.0094,3183.7119140625,0.1712351143360138,100.04833221435547,0.9782998561859131,0.8803,-52.0094,878.3,0.1732,12.4,0.7703,2959.5872,0.13950787,99.25526,0.9757645,224.12471406250006,7.572836984242264,0.03172724433601379,22.7422613046947,0.7930722143554618,0.7990228571820392,0.0025353561859130513,0.2598327963266804
disaggregation,Disaggregation,14,,,1.22611111,-50.89722222,1.22611,-50.89722,3177.363037109375,0.21648961305618286,32.10988998413086,0.9284177422523499,1.22611111,-50.89722222,786.5,0.157,9.19,0.706,2213.4966,0.11150084,28.248604,0.8884861,963.866437109375,43.54497030216243,0.10498877305618286,94.15962521554354,3.861285984130859,13.668944433965159,0.03993164225234991,4.4943463102405214
disaggregation,Disaggregation,15,,,1.58027778,-50.90277778,1.58028,-50.90278,2575.737548828125,0.19262927770614624,17.496809005737305,0.8988176584243774,1.58027778,-50.90277778,998.1,0.164,9.19,0.706,2938.774,0.1269593,17.645685,0.8991414,-363.0364511718749,-12.353330033948676,0.06566997770614624,51.7252203707379,-0.1488759942626956,-0.8436963159134689,-0.00032374157562253814,-0.036005635556603015
disaggregation,Disaggregation,16,,,2.4956,-50.9508,2.4956,-50.9508,3377.9716796875,0.1678299754858017,21.47727394104004,0.894416332244873,2.4956,-50.9508,1158.5,0.244,9.19,0.706,3016.122,0.16403879,21.4958,0.8944924,361.84967968750016,11.997183127456388,0.003791185485801707,2.3111518231765227,-0.018526058959960068,-0.08618455214488444,-7.606775512691843e-05,-0.008504013575399684
disaggregation,Disaggregation,17,,,2.0547,-50.7881,2.0547,-50.7881,3324.59326171875,0.173899307847023,22.69553565979004,0.8980098962783813,2.0547,-50.7881,1337.0,0.157,9.19,0.706,3241.224,0.15245226,22.766344,0.89820284,83.36926171874984,2.5721536591963354,0.021447047847023004,14.068041921466433,-0.07080834020996107,-0.31102200779343875,-0.00019294372161859918,-0.02148108567755132
disaggregation,Disaggregation,18,,,2.6983,-51.3614,2.6983,-51.3614,2810.243896484375,0.18817098438739777,24.298025131225586,0.8807128667831421,2.6983,-51.3614,853.6,0.157,9.19,0.706,2295.4998,0.15782718,24.241838,0.88072985,514.744096484375,22.42405320550997,0.030343804387397755,19.225968801696737,0.05618713122558461,0.23177752126544449,-1.698321685794646e-05,-0.0019283117130578075
disaggregation,Disaggregation,19,,,3.8436,-51.8375,3.8436,-51.8375,,,,,,,,,,,,,,,,,,,,,,
disaggregation,Disaggregation,20,,,-13.3672,-39.0772,-13.3672,-39.0772,4466.36181640625,0.25530433654785156,55.327972412109375,0.985005795955658,-13.3672,-39.0772,1172.9,0.1826,32.7,0.7706,5256.237,0.20681062,56.765503,0.9874864,-789.8751835937501,-15.027389054065678,0.04849371654785156,23.448368632061335,-1.4375305878906275,-2.5324017438736117,-0.0024806040443420274,-0.2512038691714668
disaggregation,Disaggregation,21,,,-3.9,-38.6667,-3.9,-38.6667,1708.4798583984375,0.24560928344726562,10.327884674072266,0.8508434295654297,-3.9,-38.6667,3000.3,0.137,26.1,0.9097,2463.5752,0.17006154,11.439377,0.85683435,-755.0953416015627,-30.650387355805602,0.07554774344726561,44.42376768272568,-1.1114923259277347,-9.716371144405283,-0.005990920434570279,-0.69919237418181
disaggregation,Disaggregation,22,,,-4.15,-38.83333333,-4.15,-38.83333,1388.26171875,0.23397530615329742,11.573325157165527,0.858016848564148,-4.15,-38.83333333,2552.6,0.1704,26.3,0.9097,2202.7498,0.16385032,11.501701,0.857133,-814.48808125,-36.975968911675764,0.07012498615329743,42.79819908395506,0.07162415716552673,0.6227266485672573,0.0008838485641479155,0.1031168516610509
disaggregation,Disaggregation,23,,,-5.9,-38.6167,-5.9,-38.6167,1230.736572265625,0.18027013540267944,13.30311393737793,0.860744833946228,-5.9,-38.6167,450.37,0.0745,0.0,0.6616,1995.8408,0.18103397,13.247115,0.86017597,-765.104227734375,-38.33493271278826,-0.0007638345973205452,-0.4219288773927596,0.055998937377928826,0.4227255321474058,0.0005688639462280154,0.06613343851351897
disaggregation,Disaggregation,24,,,-5.7,-39.0167,-5.7,-39.0167,1211.83154296875,0.19541151821613312,13.303112030029297,0.860744833946228,-5.7,-39.0167,449.96,0.0699,0.0,0.6575,2066.7566,0.1918476,13.2471,0.86017585,-854.9250570312502,-41.36554140101694,0.0035639182161331107,1.8576819392752948,0.05601203002929722,0.42282484490414673,0.0005689839462280633,0.06614739837535119
disaggregation,Disaggregation,25,,,-6.25,-38.9167,-6.25,-38.9167,1630.19970703125,0.22955913841724396,14.1178617477417,0.8688985109329224,-6.25,-38.9167,413.33,0.0762,0.0,0.6567,1959.8773,0.19679524,14.051033,0.8682159,-329.6775929687501,-16.82133840566193,0.03276389841724395,16.64872504906315,0.06682874774169889,0.47561448145270807,0.0006826109329223229,0.07862225662099978
disaggregation,Disaggregation,26,,,-6.4,-38.85,-6.4,-38.85,1665.9591064453125,0.21040727198123932,14.117833137512207,0.8688982725143433,-6.4,-38.85,438.86,0.0743,0.0,0.6567,2105.6147,0.18114944,14.394381,0.8691751,-439.6555935546876,-20.880154073520078,0.029257831981239324,16.151213043352122,-0.2765478624877922,-1.9212209436987404,-0.00027682748565671655,-0.031849449628356424
disaggregation,Disaggregation,27,,,-6.1167,-39.45,-6.1167,-39.45,1502.483154296875,0.16111554205417633,14.448298454284668,0.8697778582572937,-6.1167,-39.45,407.99,0.0765,0.0,0.6567,2038.4113,0.15283355,14.394396,0.8691752,-535.928145703125,-26.291462655408406,0.008281992054176318,5.418962036919457,0.053902454284667556,0.3744683297907571,0.0006026582572936645,0.06933679852964793
disaggregation,Disaggregation,28,,,-6.6,-39.06666667,-6.6,-39.06667,1746.463134765625,0.1855425238609314,14.448246002197266,0.8697773814201355,-6.6,-39.06666667,498.58,0.0705,0.0,0.6566,2703.0364,0.18355982,14.393982,0.86917144,-956.573265234375,-35.388841424198915,0.001982703860931384,1.0801404473655423,0.05426400219726624,0.37699089937215596,0.0006059414201354807,0.06971483325953286
disaggregation,Disaggregation,29,,,-6.5333,-39.5,-6.5333,-39.5,1653.7242431640625,0.16182272136211395,15.016632080078125,0.8714619874954224,-6.5333,-39.5,464.89,0.0727,0.0,0.6567,2434.8406,0.22383296,14.942926,0.8705684,-781.1163568359375,-32.08080055983695,-0.062010238637886045,-27.703801369506103,0.07370608007812507,0.4932506530389367,0.0008935874954223433,0.1026441455286389
disaggregation,Disaggregation,30,,,-6.3667,-39.3,-6.3667,-39.3,1636.536865234375,0.18658608198165894,14.448380470275879,0.869778573513031,-6.3667,-39.3,490.95,0.071,0.0,0.6567,2808.2527,0.15261105,14.393913,0.86917084,-1171.715834765625,-41.724017029009715,0.03397503198165894,22.262498018104807,0.05446747027587939,0.3784062768468824,0.0006077335130310058,0.06992106557912202
disaggregation,Disaggregation,31,,,-7.23333333,-39.4,-7.23333,-39.4,1532.79443359375,0.224686861038208,15.213719367980957,0.8612565994262695,-7.23333333,-39.4,1188.875,0.178,11.5,0.7602,2860.9392,0.18116386,15.124689,0.8606231,-1328.1447664062498,-46.42338314656425,0.043523001038208,24.024107809475904,0.08903036798095698,0.5886426357656477,0.000633499426269557,0.07360939141298403
disaggregation,Disaggregation,32,,,-6.77897222,-39.29522222,-6.77897,-39.29522,1642.6619873046875,0.168391615152359,15.016633987426758,0.8714619874954224,-6.77897222,-39.29522222,457.58,0.0719,0.0,0.6573,2755.9111,0.17331757,14.942678,0.8705662,-1113.2491126953123,-40.39495732265502,-0.004925954847640995,-2.8421554996651497,0.07395598742675702,0.49493127956553046,0.0008957874954224065,0.10289711401871639
disaggregation,Disaggregation,33,,,-15.79,-47.9228,-15.79,-47.9228,1462.65771484375,0.1281069666147232,4.7315239906311035,0.8487939238548279,-15.79,-47.9228,1926.2,0.1349,9.8,0.8678,2110.74,0.1728712,4.7309895,0.8489332,-648.0822851562498,-30.704032005659144,-0.0447642333852768,-25.894558136506713,0.0005344906311037789,0.01129764991242908,-0.00013927614517217357,-0.016406019363145837
disaggregation,Disaggregation,34,,,-18.9856,-40.7461,-18.9856,-40.7461,1218.066650390625,0.15050700306892395,3.994204044342041,0.811866819858551,-18.9856,-40.7461,3267.4,0.1649,52.2,0.9207,1683.2583,0.19245312,3.9856162,0.81189483,-465.19164960937496,-27.6363793726355,-0.041946116931076055,-21.795498525082913,0.008587844342041073,0.21547093124624175,-2.801014144893088e-05,-0.0034499716482898264
disaggregation,Disaggregation,35,,,-18.9817,-39.9933,-18.9817,-39.9933,1235.2432861328125,0.1669921725988388,3.6642394065856934,0.805018424987793,-18.9817,-39.9933,3091.8,0.1607,38.5,0.924,1405.1271,0.19744089,3.6883295,0.8045205,-169.88381386718743,-12.090280933816409,-0.0304487174011612,-15.421687676327432,-0.02409009341430668,-0.6531437447306885,0.000497924987792997,0.06189090120052839
disaggregation,Disaggregation,36,,,-20.6806,-41.3483,-20.6806,-41.3483,13419.2236328125,0.11837660521268845,89.13558197021484,1.1371794939041138,-20.6806,-41.3483,2263.8,0.1423,19.3,0.8536,17073.242,0.17033297,88.043526,1.1338216,-3654.0183671874984,-21.402018241102063,-0.051956364787311554,-30.502823256890053,1.0920559702148438,1.240359194854195,0.0033578939041136735,0.29615716477033716
disaggregation,Disaggregation,37,,,-15.93939999,-50.14059999,-15.9394,-50.1406,2122.88720703125,0.1871127337217331,28.60651206970215,0.9072218537330627,-15.93939999,-50.14059999,1174.71,0.164,13.454,0.79,2726.5537,0.17094629,28.659246,0.9072978,-603.6664929687499,-22.140275211478503,0.016166443721733093,9.457031048601928,-0.05273393029785112,-0.18400320196089986,-7.5946266937299e-05,-0.008370599701365857
disaggregation,Disaggregation,38,,,-16.6736,-49.2639,-16.6736,-49.2639,2086.0009765625,0.16122221946716309,31.84463119506836,0.912724494934082,-16.6736,-49.2639,903.0,0.197,13.8,0.7682,2880.8489,0.1679131,31.914396,0.9129757,-794.8479234375,-27.590753664223765,-0.006690880532836924,-3.9847281318949643,-0.06976480493164061,-0.2185997971938451,-0.00025120506591791436,-0.027514978319566924
disaggregation,Disaggregation,39,,,-17.72416667,-48.17111111,-17.72417,-48.17111,1647.0068359375,0.13539744913578033,13.044564247131348,0.8650323152542114,-17.72416667,-48.17111111,881.7487,0.1333,10.5332,0.7519,2093.648,0.17299804,13.001677,0.8649683,-446.64116406250014,-21.333154573381016,-0.03760059086421966,-21.734691829005495,0.04288724713134684,0.32985934915431936,6.401525421140253e-05,0.007400878646235073
disaggregation,Disaggregation,40,,,-20.76471778,-42.87062194,-20.76472,-42.87062,13751.884765625,0.20388421416282654,94.82267761230469,1.156064748764038,-20.76471778,-42.87062194,4985.9,0.1572,28.0,0.9811,25039.506,0.1606635,94.30864,1.1545911,-11287.621234375001,-45.07924890521003,0.04322071416282655,26.901389651555302,0.5140376123046906,0.5450588750984964,0.0014736487640381046,0.12763382326765768
disaggregation,Disaggregation,41,,,-16.7025,-44.11719999,-16.7025,-44.1172,2853.02978515625,0.19239772856235504,35.501644134521484,0.9554051160812378,-16.7025,-44.11719999,4361.2,0.2009,34.8,0.9851,3489.1018,0.17205061,35.36901,0.95493096,-636.0720148437499,-18.230250973008296,0.02034711856235505,11.826240291943778,0.13263413452148143,0.3750009811455888,0.0004741560812377976,0.049653441044344986
disaggregation,Disaggregation,42,,,-17.7725,-47.0986,-17.7725,-47.0986,1751.545654296875,0.15208683907985687,5.6525092124938965,0.8735418915748596,-17.7725,-47.0986,778.7,0.1834,10.0,0.7399,2344.9814,0.15683994,5.976616,0.8722642,-593.4357457031251,-25.306629114547565,-0.0047531009201431385,-3.0305424244252697,-0.32410678750610344,-5.42291469798467,0.001277691574859574,0.1464798824552898
disaggregation,Disaggregation,43,,,-18.5928,-43.4125,-18.5928,-43.4125,1668.4127197265625,0.1486794650554657,15.324563026428223,0.8676673769950867,-18.5928,-43.4125,4022.58,0.1536,31.91,0.9588,2795.4697,0.15700544,15.261402,0.8673222,-1127.0569802734376,-40.31726690771993,-0.008325974944534298,-5.3029850077387755,0.0631610264282223,0.41386123259332463,0.0003451769950866268,0.0397980122135265
disaggregation,Disaggregation,44,,,-18.3061,-44.2258,-18.3061,-44.2258,1904.840576171875,0.1732727587223053,19.236011505126953,0.8949080109596252,-18.3061,-44.2258,2518.4,0.1577,29.6,0.9121,3153.16,0.14781314,19.272802,0.8950457,-1248.3194238281249,-39.58947290426509,0.02545961872230529,17.22419178856852,-0.03679049487304553,-0.19089333700956163,-0.000137689040374811,-0.015383464819149569
disaggregation,Disaggregation,45,,,-18.9231,-48.2886,-18.9231,-48.2886,1184.390625,0.17403779923915863,7.67958927154541,0.8218936324119568,-18.9231,-48.2886,330.4083,0.1452,0.0,0.6164,1581.8157,0.14211144,7.606063,0.8217542,-397.4250750000001,-25.124613126548184,0.031926359239158625,22.465720732376383,0.07352627154541036,0.9666797598890564,0.0001394324119567969,0.016967654312785612
disaggregation,Disaggregation,46,,,-19.6783,-41.8361,-19.6783,-41.8361,5998.52197265625,0.22316479682922363,55.469303131103516,1.0323528051376343,-19.6783,-41.8361,5121.4,0.1701,29.2,0.9876,9131.907,0.15108074,54.921074,1.0302414,-3133.3850273437492,-34.31249384541202,0.07208405682922364,47.71227413184741,0.5482291311035183,0.9982126917319905,0.0021114051376343035,0.20494275784629734
disaggregation,Disaggregation,47,,,-19.9228,-43.1778,-19.9228,-43.1778,7771.0361328125,0.16460295021533966,67.27530670166016,1.0778536796569824,-19.9228,-43.1778,583.2,0.1802,6.1,0.7048,14947.617,0.1715638,67.43508,1.0784285,-7176.5808671875,-48.011538342115,-0.006960849784660328,-4.057295178038915,-0.159773298339843,-0.23692905582649712,-0.0005748203430175902,-0.05330166469242886
disaggregation,Disaggregation,48,,,-19.2372,-44.1231,-19.2372,-44.1231,2252.70849609375,0.15128834545612335,26.349769592285156,0.9167670011520386,-19.2372,-44.1231,679.1,0.2645,10.4,0.7438,4668.2275,0.1883455,26.346714,0.91683024,-2415.51900390625,-51.74381505413457,-0.03705715454387665,-19.675094198627868,0.0030555922851576156,0.011597621946925206,-6.32388479614443e-05,-0.006897552589609643
disaggregation,Disaggregation,49,,,-20.73999999,-42.02389999,-20.74,-42.0239,21732.537109375,0.11844974011182785,118.05643463134766,1.2324315309524536,-20.73999999,-42.02389999,2047.2,0.1635,20.9,0.8972,39277.28,0.1446798,118.13863,1.2326115,-17544.742890625,-44.66893555415497,-0.026230059888172147,-18.12973192399502,-0.08219536865235,-0.06957535283111882,-0.00017996904754635779,-0.014600630251004294
disaggregation,Disaggregation,50,,,-20.6825,-42.80669999,-20.6825,-42.8067,11417.2705078125,0.18650764226913452,84.21450805664062,1.1271575689315796,-20.6825,-42.80669999,4843.2,0.1501,28.702,0.9943,20717.508,0.1715252,84.43387,1.127889,-9300.237492187502,-44.89071510042376,0.014982442269134533,8.734834455307169,-0.21936194335937387,-0.25980325592013476,-0.0007314310684203296,-0.06484956129728454
disaggregation,Disaggregation,51,,,-20.2772,-42.3256,-20.2772,-42.3256,42737.30859375,0.1859188973903656,141.43594360351562,1.3063418865203857,-20.2772,-42.3256,975.8,0.183,13.9,0.7831,75025.48,0.17510232,141.69504,1.3070486,-32288.171406249996,-43.03627435139368,0.010816577390365595,6.177289592945195,-0.2590963964843809,-0.1828549513690676,-0.0007067134796141517,-0.05406941100844695
disaggregation,Disaggregation,52,,,-20.62529999,-44.4333,-20.6253,-44.4333,2529.749267578125,0.20808087289333344,15.028253555297852,0.898359477519989,-20.62529999,-44.4333,1488.24,0.135,8.95,0.8209,3976.3882,0.2036899,15.125956,0.8985951,-1446.6389324218749,-36.380726922534244,0.004390972893333428,2.155714590332377,-0.09770244470214884,-0.6459257497651641,-0.0002356224800109663,-0.026221206860683563
disaggregation,Disaggregation,53,,,-20.0211,-45.96609999,-20.0211,-45.9661,1873.648193359375,0.1307099163532257,18.11831283569336,0.8882191181182861,-20.0211,-45.96609999,1405.17,0.1604,7.85,0.8133,3498.3254,0.17258206,18.125889,0.8882273,-1624.6772066406252,-46.44156906160373,-0.0418721436467743,-24.262164704010544,-0.007576164306641431,-0.0417974771148683,-8.181881713920092e-06,-0.000921147291230532
disaggregation,Disaggregation,54,,,-20.4722,-45.03609999,-20.4722,-45.0361,2673.728271484375,0.16776646673679352,24.478973388671875,0.9232260584831238,-20.4722,-45.03609999,654.72,0.1517,9.66,0.6925,4382.1343,0.20847145,24.399765,0.92293507,-1708.4060285156247,-38.98570677114174,-0.040704983263206485,-19.525447375746886,0.0792083886718764,0.3246276702741867,0.00029098848312381076,0.0315285974693551
disaggregation,Disaggregation,55,,,-20.0367,-45.53529999,-20.0367,-45.5353,2237.84521484375,0.13091163337230682,25.293018341064453,0.9174954891204834,-20.0367,-45.53529999,1507.21,0.156,16.98,0.8087,4543.9463,0.15595123,25.134453,0.91689795,-2306.1010851562496,-50.75106378691689,-0.025039596627693173,-16.056043051211056,0.15856534106445253,0.6308684778795565,0.0005975391204834368,0.06516964297754585
disaggregation,Disaggregation,56,,,-21.7692,-42.5397,-21.7692,-42.5397,10129.630859375,0.13431772589683533,92.45323181152344,1.115724802017212,-21.7692,-42.5397,1210.6,0.221,13.9,0.8215,14456.621,0.17846821,92.55482,1.1161735,-4326.990140624999,-29.930854109165615,-0.04415048410316466,-24.738570585296205,-0.10158818847656903,-0.10976001949608785,-0.00044869798278801554,-0.04019966275744905
disaggregation,Disaggregation,57,,,-21.35559999,-43.0503,-21.3556,-43.0503,10779.5185546875,0.13547122478485107,91.87175750732422,1.1199676990509033,-21.35559999,-43.0503,2121.1,0.1637,11.6,0.8965,15285.237,0.14157195,91.80621,1.1198064,-4505.718445312499,-29.47758314321524,-0.006100725215148928,-4.309275400352208,0.06554750732422576,0.07139768358178142,0.0001612990509032297,0.014404190840776557
disaggregation,Disaggregation,58,,,-21.8964,-43.0414,-21.8964,-43.0414,8173.5693359375,0.17830906808376312,92.57542419433594,1.08345627784729,-21.8964,-43.0414,2211.0,0.1699,12.6,0.9062,12843.489,0.17309208,92.67668,1.083639,-4669.9196640625,-36.36021071892925,0.005216988083763113,3.013995836067781,-0.10125580566406711,-0.10925704898370023,-0.00018272215270997982,-0.016861902599480068
disaggregation,Disaggregation,59,,,-21.9664,-43.3725,-21.9664,-43.3725,5231.59130859375,0.19893424212932587,59.222740173339844,1.0396995544433594,-21.9664,-43.3725,3162.2,0.1447,22.5,0.6469,8349.087,0.16374071,59.624332,1.0404499,-3117.4956914062495,-37.33936047625626,0.035193532129325855,21.49345274570133,-0.4015918266601588,-0.6735368149032828,-0.0007503455566406636,-0.0721174134997431
disaggregation,Disaggregation,60,,,-21.34359999,-45.17029999,-21.3436,-45.1703,2079.26953125,0.16689179837703705,17.323450088500977,0.9081956744194031,-21.34359999,-45.17029999,655.9,0.2113,4.0,0.7317,3613.45,0.17052944,17.244518,0.90801275,-1534.1804687499998,-42.45749820116509,-0.003637641622962956,-2.133145821016568,0.07893208850097722,0.45772278761851865,0.00018292441940304105,0.020145578286542898
disaggregation,Disaggregation,61,,,-22.35419999,-45.8539,-22.3542,-45.8539,2470.86279296875,0.15921534597873688,25.116046905517578,0.9234262108802795,-22.35419999,-45.8539,1747.1,0.1703,15.2,0.8814,3389.2678,0.20685326,24.754684,0.92192775,-918.4050070312501,-27.097445856336584,-0.047637914021263134,-23.029810611282183,0.3613629055175771,1.4597758772342926,0.0014984608802794952,0.16253560870464037
disaggregation,Disaggregation,62,,,-17.8308,-54.31309999,-17.8308,-54.3131,2044.4697265625,0.25006216764450073,0.3006170094013214,0.8952919244766235,-17.8308,-54.31309999,5690.78,0.163,32.38,1.05,1924.7965,0.15429693,0.30080363,0.8952776,119.67322656250008,6.217448263361871,0.09576523764450073,62.06554961560203,-0.0001866205986785774,-0.062040673737407154,1.4324476623528426e-05,0.0016000039120300147
disaggregation,Disaggregation,63,,,-17.79029999,-55.7736,-17.7903,-55.7736,1472.887451171875,0.20784181356430054,5.974650859832764,0.8310225009918213,-17.79029999,-55.7736,7766.55,0.263,32.54,1.05,1355.449,0.15168096,5.940323,0.8311176,117.43845117187493,8.664173360404924,0.056160853564300534,37.02564485634883,0.03432785983276343,0.5778786748256522,-9.509900817872285e-05,-0.011442304696558327
disaggregation,Disaggregation,64,,,-17.6233,-56.965,-17.6233,-56.965,1522.6929931640625,0.16219523549079895,10.857540130615234,0.8331040143966675,-17.6233,-56.965,6993.54,0.263,32.62,1.05,1706.4285,0.15970725,10.8510895,0.83303607,-183.73550683593749,-10.767254932505962,0.002487985490798955,1.5578412944928643,0.006450630615233877,0.05944684739015263,6.79443966674631e-05,0.008156237060354794
disaggregation,Disaggregation,65,,,-18.9978,-52.58809999,-18.9978,-52.5881,772.3010864257812,0.13978497684001923,7.4947967529296875,0.7562702894210815,-18.9978,-52.58809999,6127.41,0.133,32.63,1.05,892.9379,0.15348479,7.508731,0.75620025,-120.63681357421876,-13.5101011586829,-0.013699813159980784,-8.92584415692316,-0.013934247070312544,-0.18557392814195295,7.003942108152472e-05,0.009262020355259698
disaggregation,Disaggregation,66,,,-18.6917,-52.59309999,-18.6917,-52.5931,624.6704711914062,0.1720217615365982,8.578306198120117,0.7310470342636108,-18.6917,-52.59309999,7140.0,0.273,32.62,1.05,768.0235,0.14320569,8.58099,0.73043406,-143.35302880859376,-18.6651878241478,0.02881607153659821,20.1221554371186,-0.002683801879882708,-0.03127613340515148,0.0006129742636108437,0.0839191786334339
disaggregation,Disaggregation,67,,,-18.1906,-54.2578,-18.1906,-54.2578,1188.513427734375,0.1431981921195984,1.5361663103103638,0.8178234100341797,-18.1906,-54.2578,5519.45,0.163,32.92,1.06,1339.464,0.16695313,1.5287824,0.8178833,-150.95057226562494,-11.269475869872199,-0.023754937880401616,-14.228507054885174,0.007383910310363673,0.4829928909675878,-5.988996582029227e-05,-0.007322556386747629
disaggregation,Disaggregation,68,,,-18.5472,-53.1353,-18.5472,-53.1353,827.3921508789062,0.17902609705924988,4.909572124481201,0.764726459980011,-18.5472,-53.1353,5701.19,0.173,32.7,1.06,1036.1769,0.12939467,4.957001,0.76456416,-208.78474912109368,-20.149527471717786,0.04963142705924989,38.35662400874,-0.04742887551879882,-0.9568058493189495,0.00016229998001093815,0.021227777667597987
disaggregation,Disaggregation,69,,,-18.0986,-54.54719999,-18.0986,-54.5472,1856.8662109375,0.1858854740858078,0.32893285155296326,0.8914605379104614,-18.0986,-54.54719999,6401.78,0.183,32.8,1.06,2135.285,0.19235648,0.32643774,0.89184326,-278.41878906249985,-13.038952133438857,-0.006471005914192196,-3.364069624372517,0.0024951115529632806,0.7643453091432629,-0.00038272208953860076,-0.04291360452044014
disaggregation,Disaggregation,70,,,-18.91,-54.8322,-18.91,-54.8322,1209.510986328125,0.15735936164855957,5.9023518562316895,0.8023370504379272,-18.91,-54.8322,6552.89,0.163,32.83,1.06,1351.9844,0.18179297,5.8799596,0.80213195,-142.47341367187505,-10.53809597742955,-0.024433608351440428,-13.440348299189143,0.022392256231689167,0.3808233007534468,0.0002051004379272081,0.02556941385107626
disaggregation,Disaggregation,71,,,-18.6492,-54.35719999,-18.6492,-54.3572,1255.7027587890625,0.18592236936092377,2.103764057159424,0.8092197775840759,-18.6492,-54.35719999,5770.01,0.183,32.3,1.05,1398.908,0.1984253,2.0978458,0.8090203,-143.2052412109374,-10.236930606654434,-0.012502930639076232,-6.301076848101645,0.005918257159423845,0.2821111618129343,0.00019947758407590221,0.024656684643871385
disaggregation,Disaggregation,72,,,-19.39079999,-51.6089,-19.3908,-51.6089,1166.462158203125,0.15747538208961487,6.7589640617370605,0.8093859553337097,-19.39079999,-51.6089,5856.28,0.183,32.49,1.05,1498.9728,0.16138637,6.815091,0.8104232,-332.510641796875,-22.18256674149624,-0.003910987910385133,-2.42336940249981,-0.05612693826293924,-0.8235684345658663,-0.0010372446662902934,-0.12798802727887026
disaggregation,Disaggregation,73,,,-19.2292,-51.875,-19.2292,-51.875,1037.5791015625,0.1569308489561081,7.998789310455322,0.7971636652946472,-19.2292,-51.875,9048.45,0.313,32.6,1.05,1360.5276,0.17082363,8.055182,0.79833657,-322.9484984374999,-23.737004558929925,-0.01389278104389191,-8.132821579714651,-0.05639268954467802,-0.7000796449376069,-0.0011729047053528063,-0.14691857412379422
disaggregation,Disaggregation,74,,,-19.7364,-51.9336,-19.7364,-51.9336,1255.5733642578125,0.17853307723999023,4.54561710357666,0.8208938837051392,-19.7364,-51.9336,5946.47,0.213,32.78,1.06,1446.9187,0.1466358,4.5338974,0.8210397,-191.34533574218744,-13.224332213149742,0.031897277239990224,21.75272153184299,0.0117197035766603,0.2584907099278493,-0.00014581629486087877,-0.017759956657501307
disaggregation,Disaggregation,75,,,-19.4442,-52.5583,-19.4442,-52.5583,970.6466064453125,0.17644304037094116,6.01671028137207,0.7838640809059143,-19.4442,-52.5583,5993.0,0.223,32.76,1.06,1107.7511,0.15513654,6.0183516,0.7838495,-137.10449355468745,-12.376832083911943,0.021306500370941173,13.734030919434696,-0.0016413186279296,-0.027271896642422817,1.4580905914329811e-05,0.0018601665133842417
disaggregation,Disaggregation,76,,,-19.6781,-52.8964,-19.6781,-52.8964,1032.8612060546875,0.12920507788658142,6.61771821975708,0.7913164496421814,-19.6781,-52.8964,5936.06,0.203,32.9,1.06,1122.5636,0.15361558,6.742631,0.79165137,-89.70239394531245,-7.990851827487766,-0.02441050211341858,-15.890642155840299,-0.12491278024292019,-1.8525821781277987,-0.0003349203578185689,-0.04230654686021309
disaggregation,Disaggregation,77,,,-19.5536,-52.1664,-19.5536,-52.1664,1175.4896240234375,0.19545981287956238,6.474230766296387,0.8010943531990051,-19.5536,-52.1664,5834.67,0.163,32.63,1.05,1217.8035,0.14313385,6.464111,0.8011837,-42.313875976562485,-3.4746062050702338,0.05232596287956237,36.5573642290502,0.010119766296386778,0.15655310214176055,-8.93468009949272e-05,-0.011151849568947445
disaggregation,Disaggregation,78,,,-19.3769,-53.5697,-19.3769,-53.5697,1019.3038330078125,0.15087267756462097,6.797842502593994,0.7931687831878662,-19.3769,-53.5697,6013.69,0.203,32.37,1.05,1170.9664,0.16744067,6.7973723,0.79304874,-151.66256699218752,-12.951914503455225,-0.016567992435379042,-9.894843609607534,0.0004702025939939958,0.006917417102399934,0.00012004318786618118,0.015136924354256105
disaggregation,Disaggregation,79,,,-19.7847,-53.9639,-19.7847,-53.9639,1238.59619140625,0.156539186835289,9.246437072753906,0.8097564578056335,-19.7847,-53.9639,5471.1,0.183,32.67,1.06,1315.178,0.15228257,9.146849,0.8092268,-76.58180859375011,-5.8229234821256215,0.0042566168352889955,2.7952094814849757,0.09958807275390669,1.088769178915129,0.000529657805633521,0.06545233124181268
disaggregation,Disaggregation,80,,,-19.2719,-53.4908,-19.2719,-53.4908,984.3114624023438,0.14703384041786194,6.424803256988525,0.7899730801582336,-19.2719,-53.4908,5963.15,0.173,32.34,1.05,1241.8771,0.17136344,6.4311857,0.7899389,-257.5656375976562,-20.74002633575063,-0.024329599582138067,-14.19766058742639,-0.0063824430114749475,-0.09924208861633317,3.4180158233643176e-05,0.004326936961028654
disaggregation,Disaggregation,81,,,-19.9533,-54.8786,-19.9533,-54.8786,1218.97509765625,0.18049356341362,5.8966546058654785,0.8022693395614624,-19.9533,-54.8786,5418.41,0.163,32.36,1.05,1260.1893,0.17661151,5.8807945,0.80214185,-41.21420234375,-3.2704770897316777,0.003882053413619996,2.198074980288655,0.015860105865478147,0.2696932508945542,0.00012748956146235724,0.015893642933897195
disaggregation,Disaggregation,82,,,-19.4397,-54.9833,-19.4397,-54.9833,1223.2691650390625,0.1950082778930664,5.8966450691223145,0.8022692203521729,-19.4397,-54.9833,6018.5,0.213,32.81,1.06,1224.81,0.19864777,5.8811502,0.8021461,-1.5408349609374454,-0.1258019579312257,-0.003639492106933595,-1.8321333820830685,0.015494869122314014,0.2634666450503851,0.00012312035217287853,0.015348868762545693
disaggregation,Disaggregation,83,,,-19.4967,-53.9967,-19.4967,-53.9967,1176.6566162109375,0.14588315784931183,7.134271144866943,0.7999730706214905,-19.4967,-53.9967,6234.04,0.183,32.29,1.05,1177.9589,0.15064268,6.867924,0.7998212,-1.3022837890625851,-0.11055426374066064,-0.004759522150688172,-3.159477878837639,0.266347144866943,3.878131803248594,0.0001518706214904686,0.01898807152029336
disaggregation,Disaggregation,84,,,-19.9178,-54.3586,-19.9178,-54.3586,1312.271240234375,0.14750686287879944,9.223404884338379,0.8112635016441345,-19.9178,-54.3586,6327.62,0.183,32.63,1.05,1346.3337,0.17804497,9.207945,0.81111294,-34.06245976562491,-2.530016129405727,-0.03053810712120056,-17.151906690315688,0.015459884338378416,0.16789722721387254,0.000150561644134517,0.01856235262804672
disaggregation,Disaggregation,85,,,-19.3222,-54.1611,-19.3222,-54.1611,1120.5618896484375,0.16496646404266357,5.895601272583008,0.7972990870475769,-19.3222,-54.1611,7003.09,0.193,33.37,1.07,1142.8221,0.14905037,5.90351,0.7973572,-22.26021035156259,-1.9478281310417946,0.015916094042663587,10.678332460807436,-0.007908727416992,-0.133966528675178,-5.81129524230839e-05,-0.007288195607073455
disaggregation,Disaggregation,86,,,-19.9447,-55.7944,-19.9447,-55.7944,2258.17724609375,0.23957295715808868,20.850744247436523,0.8608001470565796,-19.9447,-55.7944,7152.43,0.213,32.28,1.05,2302.736,0.23989087,20.781462,0.86031306,-44.558753906249876,-1.9350352757002922,-0.00031791284191132196,-0.132523943871362,0.06928224743652223,0.33338485731428436,0.00048708705657962703,0.056617419777357215
disaggregation,Disaggregation,87,,,-19.1733,-56.7122,-19.1733,-56.7122,1503.70703125,0.15841829776763916,5.5315375328063965,0.8274163603782654,-19.1733,-56.7122,5984.28,0.233,32.4,1.05,1430.8383,0.17711198,5.4927454,0.82743454,72.86873125000011,5.092729992620418,-0.018693682232360842,-10.554724887814388,0.03879213280639693,0.7062430529985412,-1.8179621734670803e-05,-0.002197106943912542
disaggregation,Disaggregation,88,,,-19.6967,-56.2828,-19.6967,-56.2828,1454.85400390625,0.2448670119047165,5.8946452140808105,0.802245557308197,-19.6967,-56.2828,6252.52,0.163,32.96,1.06,2122.697,0.18748072,20.7831,0.8603254,-667.8429960937501,-31.462003107073222,0.0573862919047165,30.60916978808088,-14.88845478591919,-71.63731486601705,-0.058079842691802996,-6.750915722330527
disaggregation,Disaggregation,89,,,-19.0033,-56.0889,-19.0033,-56.0889,1525.9166259765625,0.17111140489578247,5.530121326446533,0.8273986577987671,-19.0033,-56.0889,6481.44,0.183,32.45,1.05,1489.2861,0.18605551,5.4932456,0.8274408,36.63052597656247,2.4596030256753534,-0.014944105104217537,-8.032068012507414,0.03687572644653336,0.6712921491537419,-4.214220123288648e-05,-0.005093077502691006
disaggregation,Disaggregation,90,,,-19.8708,-56.9836,-19.8708,-56.9836,2151.495361328125,0.1990039050579071,22.103981018066406,0.8606106638908386,-19.8708,-56.9836,6665.92,0.223,32.46,1.05,2113.1865,0.17497501,22.118011,0.8607226,38.308861328125204,1.8128481006349988,0.024028895057907118,13.732758213819858,-0.01402998193359295,-0.06343238518867249,-0.0001119361091613813,-0.013004899506691389
disaggregation,Disaggregation,91,,,-19.3592,-56.4092,-19.3592,-56.4092,1554.2315673828125,0.1819642037153244,5.530942440032959,0.8274089097976685,-19.3592,-56.4092,6002.67,0.213,32.84,1.06,1469.0734,0.18672416,5.4933305,0.8274419,85.15816738281251,5.796726520459257,-0.004759956284675598,-2.5491914301157377,0.03761194003295909,0.684683727530304,-3.299020233149541e-05,-0.0039870113335444355
disaggregation,Disaggregation,92,,,-19.0,-57.64999999,-19.0,-57.65,,,,,,,,,,,,,,,,,,,,,,
disaggregation,Disaggregation,93,,,-19.2583,-57.2353,-19.2583,-57.2353,1503.70703125,0.15841829776763916,5.5315375328063965,0.8274163603782654,-19.2583,-57.2353,5944.54,0.183,32.56,1.05,1430.8383,0.17711198,5.4927454,0.82743454,72.86873125000011,5.092729992620418,-0.018693682232360842,-10.554724887814388,0.03879213280639693,0.7062430529985412,-1.8179621734670803e-05,-0.002197106943912542
disaggregation,Disaggregation,94,,,-19.9186,-57.7894,-19.9186,-57.7894,2151.495361328125,0.1990039050579071,22.103981018066406,0.8606106638908386,-19.9186,-57.7894,7430.45,0.193,32.57,1.05,2113.1865,0.17497501,22.118011,0.8607226,38.308861328125204,1.8128481006349988,0.024028895057907118,13.732758213819858,-0.01402998193359295,-0.06343238518867249,-0.0001119361091613813,-0.013004899506691389
disaggregation,Disaggregation,95,,,-19.3053,-57.5933,-19.3053,-57.5933,1503.70703125,0.15841829776763916,5.5315375328063965,0.8274163603782654,-19.3053,-57.5933,5994.5,0.243,32.79,1.06,1430.8383,0.17711198,5.4927454,0.82743454,72.86873125000011,5.092729992620418,-0.018693682232360842,-10.554724887814388,0.03879213280639693,0.7062430529985412,-1.8179621734670803e-05,-0.002197106943912542
disaggregation,Disaggregation,96,,,-19.6008,-57.4381,-19.6008,-57.4381,2151.495361328125,0.1990039050579071,22.103981018066406,0.8606106638908386,-19.6008,-57.4381,6132.64,0.223,32.41,1.05,2113.1865,0.17497501,22.118011,0.8607226,38.308861328125204,1.8128481006349988,0.024028895057907118,13.732758213819858,-0.01402998193359295,-0.06343238518867249,-0.0001119361091613813,-0.013004899506691389
disaggregation,Disaggregation,97,,,-20.8,-51.6333,-20.8,-51.6333,1032.4112548828125,0.16322362422943115,6.067332744598389,0.8016024231910706,-20.8,-51.6333,5618.3,0.203,32.93,1.06,1554.3018,0.15724218,6.0041,0.8017907,-521.8905451171875,-33.5771691905129,0.005981444229431143,3.8039692844700723,0.06323274459838846,1.0531594177043762,-0.00018827680892941068,-0.023482039505997098
disaggregation,Disaggregation,98,,,-20.3636,-51.4239,-20.3636,-51.4239,1699.4512939453125,0.20085278153419495,2.375734329223633,0.8789082765579224,-20.3636,-51.4239,5294.07,0.143,32.7,1.06,2324.7747,0.14964418,2.3750024,0.8789557,-625.3234060546874,-26.898236893867068,0.05120860153419496,34.220242667770286,0.0007319292236327435,0.030818041431568383,-4.742344207764315e-05,-0.005395430290473473
disaggregation,Disaggregation,99,,,-20.0683,-51.1036,-20.0683,-51.1036,1774.663818359375,0.17876476049423218,2.7935588359832764,0.8622169494628906,-20.0683,-51.1036,5921.58,0.173,33.07,1.06,2222.1191,0.15493524,2.8131833,0.8616735,-447.4552816406249,-20.13642210449588,0.023829520494232176,15.380310182649328,-0.019624464016723575,-0.6975892405135341,0.0005434494628906439,0.06306907000048671
disaggregation,Disaggregation,100,,,-20.4453,-52.9019,-20.4453,-52.9019,1233.5860595703125,0.1524205356836319,10.218493461608887,0.7986011505126953,-20.4453,-52.9019,6324.52,0.193,32.48,1.05,1219.7677,0.15482299,10.177765,0.7984861,13.818359570312396,1.1328681330315924,-0.0024024543163680967,-1.5517426167574317,0.04072846160888588,0.4001709767211748,0.00011505051269533606,0.014408580524487034
disaggregation,Disaggregation,101,,,-20.1019,-52.9258,-20.1019,-52.9258,1105.2506103515625,0.1474672555923462,8.492426872253418,0.7980931997299194,-20.1019,-52.9258,5496.57,0.193,32.85,1.06,1158.2064,0.13968366,8.461627,0.79800993,-52.95578964843753,-4.572223884139953,0.007783595592346204,5.572302152124454,0.03079987225341796,0.3639946815596807,8.326972991945514e-05,0.010434673403055917
disaggregation,Disaggregation,102,,,-20.6028,-52.2183,-20.6028,-52.2183,1071.4315185546875,0.17629976570606232,7.678170204162598,0.7980067133903503,-20.6028,-52.2183,5325.19,0.193,32.61,1.05,1150.7217,0.15682511,7.610355,0.79810023,-79.29018144531256,-6.890474164631861,0.019474655706062327,12.418072403113461,0.06781520416259745,0.8910912061605202,-9.351660964962427e-05,-0.011717401666407773
disaggregation,Disaggregation,103,,,-20.4447,-53.7581,-20.4447,-53.7581,1266.2742919921875,0.17837098240852356,15.470662117004395,0.8264947533607483,-20.4447,-53.7581,5962.36,0.233,32.59,1.05,1449.8077,0.14947087,13.761631,0.81805354,-183.53340800781257,-12.659155280235618,0.028900112408523554,19.334946273159147,1.709031117004395,12.418812254189893,0.008441213360748323,1.0318656356830047
disaggregation,Disaggregation,104,,,-20.6769,-53.5714,-20.6769,-53.5714,1354.4234619140625,0.1999383270740509,15.163713455200195,0.8192612528800964,-20.6769,-53.5714,5475.24,0.173,32.57,1.05,1453.6707,0.1498054,15.119508,0.8190058,-99.2472380859374,-6.827353546159896,0.0501329270740509,33.46536711897628,0.04420545520019559,0.29237363543969547,0.0002554528800964295,0.031190606964740606
disaggregation,Disaggregation,105,,,-20.4931,-54.8114,-20.4931,-54.8114,2012.58642578125,0.18289878964424133,20.16166877746582,0.8543264865875244,-20.4931,-54.8114,6581.91,0.173,32.66,1.05,2150.19,0.1723637,20.13965,0.85411406,-137.60357421875005,-6.3996006966244865,0.010535089644241324,6.112127811274256,0.022018777465820705,0.10933048720221407,0.0002124265875244058,0.02487098591075831
disaggregation,Disaggregation,106,,,-20.4517,-54.6275,-20.4517,-54.6275,1810.2532958984375,0.15577393770217896,19.163721084594727,0.8488733172416687,-20.4517,-54.6275,1009.6,0.1834,15.3,0.7796,2139.109,0.18290518,19.188408,0.8490513,-328.8557041015624,-15.373489808212787,-0.027131242297821045,-14.833501324468255,-0.024686915405272458,-0.12865536007610667,-0.0001779827583312521,-0.020962544705043395
disaggregation,Disaggregation,107,,,-20.1022,-54.4347,-20.1022,-54.4347,1354.756591796875,0.18831965327262878,9.222376823425293,0.8112530708312988,-20.1022,-54.4347,5249.12,0.213,32.51,1.05,1543.429,0.15593164,9.2125025,0.81115943,-188.6724082031251,-12.224236307800687,0.032388013272628774,20.770648774442936,0.009874323425293596,0.10718394296548193,9.364083129881351e-05,0.011544072328520363
disaggregation,Disaggregation,108,,,-20.1278,-55.3933,-20.1278,-55.3933,2041.4366455078125,0.2031659185886383,20.852802276611328,0.8608156442642212,-20.1278,-55.3933,6686.77,0.213,32.63,1.06,2312.0967,0.22935218,20.781464,0.86031306,-270.66005449218756,-11.706260144404322,-0.026186261411361683,-11.417489649046146,0.07133827661132841,0.34327839757260803,0.0005025842642212286,0.05841876493438663
disaggregation,Disaggregation,109,,,-20.4489,-55.4308,-20.4489,-55.4308,2330.034912109375,0.190923810005188,20.85053062438965,0.8607985377311707,-20.4489,-55.4308,6515.63,0.223,32.48,1.05,2403.8962,0.20614316,20.781038,0.86030984,-73.86128789062514,-3.0725656078921015,-0.015219349994812004,-7.382903218720429,0.06949262438964965,0.33440400999050024,0.000488697731170662,0.05680485197875477
disaggregation,Disaggregation,110,,,-20.0703,-55.6453,-20.0703,-55.6453,2092.973388671875,0.21267858147621155,20.85224723815918,0.8608114719390869,-20.0703,-55.6453,7107.71,0.213,32.37,1.05,2349.6406,0.23281027,20.781208,0.86031115,-256.6672113281252,-10.923679618411649,-0.020131688523788466,-8.647251052880298,0.07103923815918023,0.34184364142440726,0.0005003219390868896,0.05815592871101224
disaggregation,Disaggregation,111,,,-20.2408,-56.3958,-20.2408,-56.3958,2140.701416015625,0.18163900077342987,22.10430908203125,0.8606130480766296,-20.2408,-56.3958,6408.84,0.223,32.63,1.05,2113.1865,0.17497501,22.118011,0.8607226,27.514916015625204,1.3020581011484413,0.006663990773429884,3.808538586984441,-0.0137019179687492,-0.061949141668973765,-0.00010955192337036568,-0.012727901343634485
disaggregation,Disaggregation,112,,,-20.7644,-56.0931,-20.7644,-56.0931,2352.045166015625,0.23149532079696655,22.102294921875,0.8605983257293701,-20.7644,-56.0931,6249.01,0.183,32.48,1.06,2125.2498,0.15624702,22.118309,0.86072475,226.79536601562495,10.67146864409186,0.07524830079696657,48.15983101435572,-0.016014078124999997,-0.07240190977076953,-0.00012642427062992123,-0.014688118429256417
disaggregation,Disaggregation,113,,,-20.1019,-56.7953,-20.1019,-56.7953,2151.495361328125,0.1990039050579071,22.103981018066406,0.8606106638908386,-20.1019,-56.7953,7143.01,0.193,33.11,1.06,2113.1865,0.17497501,22.118011,0.8607226,38.308861328125204,1.8128481006349988,0.024028895057907118,13.732758213819858,-0.01402998193359295,-0.06343238518867249,-0.0001119361091613813,-0.013004899506691389
disaggregation,Disaggregation,114,,,-20.8006,-52.3883,-20.8006,-52.3883,1127.2708740234375,0.18280544877052307,13.25243854522705,0.8006628751754761,-20.8006,-52.3883,5518.75,0.163,32.76,1.06,1230.8823,0.14271846,13.176752,0.8005618,-103.61142597656249,-8.41765504114914,0.04008698877052308,28.088159562906636,0.07568654522705032,0.5743945490288526,0.00010107517547608413,0.012625530655607616
disaggregation,Disaggregation,115,,,-21.7258,-52.3342,-21.7258,-52.3342,14832.8828125,0.2182120829820633,140.55699157714844,1.1376385688781738,-21.7258,-52.3342,6326.17,0.183,32.66,1.05,18240.02,0.17769128,141.62444,1.1394402,-3407.1371875000004,-18.679459712763474,0.040520802982063286,22.804046986471867,-1.0674484228515553,-0.7537176654337029,-0.001801631121826075,-0.15811546071712013
disaggregation,Disaggregation,116,,,-21.2953,-52.8106,-21.2953,-52.8106,3012.00390625,0.1694851964712143,45.8814811706543,0.9255754351615906,-21.2953,-52.8106,5786.05,0.153,32.77,1.06,3095.0754,0.14359087,45.709896,0.9246224,-83.07149375000017,-2.6839893383534426,0.025894326471214285,18.033407326812828,0.17158517065429635,0.375378606536966,0.0009530351615906207,0.1030729043110594
disaggregation,Disaggregation,117,,,-21.6153,-53.0522,-21.6153,-53.0522,4665.9970703125,0.20562785863876343,60.08536911010742,0.9777361750602722,-21.6153,-53.0522,6424.37,0.223,32.1,1.06,4863.6963,0.13765676,60.7296,0.97964567,-197.6992296874996,-4.0647938829465895,0.06797109863876344,49.37723264644863,-0.6442308898925759,-1.060818595697281,-0.0019094949397278072,-0.1949168968130903
disaggregation,Disaggregation,118,,,-21.6472,-54.4253,-21.6472,-54.4253,3560.53173828125,0.15874773263931274,41.650634765625,0.9411484003067017,-21.6472,-54.4253,6120.84,0.213,32.72,1.06,3824.5366,0.14146027,41.593735,0.94092304,-264.0048617187499,-6.902924179592108,0.017287462639312745,12.220719385953911,0.056899765624997656,0.13679888479598587,0.00022536030670161633,0.023950981867934314
disaggregation,Disaggregation,119,,,-21.8061,-54.60309999,-21.8061,-54.6031,4662.107421875,0.1646251529455185,50.08439636230469,0.9801666736602783,-21.8061,-54.60309999,7146.46,0.223,32.55,1.06,5551.366,0.14016291,50.036434,0.9799514,-889.258578125,-16.01873445427666,0.024462242945518492,17.452721940146997,0.047962362304687645,0.09585487707754642,0.0002152736602782923,0.021967789451425072
disaggregation,Disaggregation,120,,,-21.6889,-57.3597,-21.6889,-57.3597,3142.78173828125,0.20704299211502075,24.918537139892578,0.8921826481819153,-21.6889,-57.3597,6568.71,0.203,32.86,1.06,3322.7039,0.17177023,26.9607,0.90249854,-179.92216171874998,-5.414932149649266,0.035272762115020756,20.534851769727943,-2.042162860107421,-7.574591387120591,-0.010315891818084677,-1.14303695362041
disaggregation,Disaggregation,121,,,-22.1864,-52.7133,-22.1864,-52.7133,8720.5185546875,0.14501336216926575,87.69109344482422,1.0546023845672607,-22.1864,-52.7133,5593.33,0.173,32.72,1.06,9680.145,0.20205379,88.02083,1.055103,-959.6264453125004,-9.913347840476566,-0.057040427830734264,-28.23031818939613,-0.32973655517578493,-0.3746119585282085,-0.0005006154327391599,-0.04744706751276036
disaggregation,Disaggregation,122,,,-22.6244,-54.8247,-22.6244,-54.8247,13630.2841796875,0.17745842039585114,94.51165008544922,1.1262034177780151,-22.6244,-54.8247,6149.91,0.193,32.83,1.06,17075.96,0.1690803,94.69239,1.1265689,-3445.675820312499,-20.17851892550989,0.008378120395851146,4.955113278040757,-0.18073991455078442,-0.19087058057229775,-0.0003654822219849585,-0.03244206563708251
disaggregation,Disaggregation,123,,,-22.3981,-54.7917,-22.3981,-54.7917,14988.552734375,0.1570890098810196,92.10688781738281,1.1258575916290283,-22.3981,-54.7917,6546.29,0.173,32.67,1.06,17436.352,0.15585074,94.94231,1.1306272,-2447.799265624999,-14.038482737816942,0.0012382698810196047,0.7945229397175816,-2.8354221826171937,-2.9864685013638215,-0.004769608370971623,-0.4218550881291042
disaggregation,Disaggregation,124,,,-22.11,-56.5275,-22.11,-56.5275,,,,,,,,,,,,,,,,,,,,,,
disaggregation,Disaggregation,125,,,-22.0142,-57.0322,-22.0142,-57.0322,2849.513671875,0.2235739827156067,24.91872787475586,0.8921840190887451,-22.0142,-57.0322,6395.67,0.203,32.61,1.05,3277.3252,0.14036,27.369797,0.90467334,-427.8115281250002,-13.053679510504486,0.08321398271560668,59.286109087779046,-2.451069125244139,-8.955379264391837,-0.012489320911254875,-1.3805337638505935
disaggregation,Disaggregation,126,,,-23.0578,-54.1939,-23.0578,-54.1939,16766.21875,0.18695758283138275,105.429443359375,1.1551933288574219,-23.0578,-54.1939,5813.08,0.183,32.43,1.05,20173.625,0.17950869,105.40742,1.1553307,-3407.40625,-16.890401452391426,0.007448892831382753,4.149600128764102,0.022023359374998108,0.020893556995321683,-0.00013737114257805771,-0.011890201011542213
disaggregation,Disaggregation,127,,,-23.6819,-54.5617,-23.6819,-54.5617,28821.6015625,0.1508590579032898,115.22936248779297,1.220501184463501,-23.6819,-54.5617,5959.36,0.193,32.43,1.05,36896.94,0.1747444,115.83579,1.2218413,-8075.338437500002,-21.886200962735668,-0.0238853420967102,-13.668731070472187,-0.6064275122070342,-0.5235234396959991,-0.0013401155364989314,-0.109679999890242
disaggregation,Disaggregation,128,,,-22.9703,-54.5633,-22.9703,-54.5633,15749.7177734375,0.21965768933296204,107.26319885253906,1.146611213684082,-22.9703,-54.5633,7146.46,0.183,32.32,1.05,18675.986,0.17606,107.282394,1.1466285,-2926.268226562501,-15.668614372288033,0.04359768933296204,24.762972471295036,-0.01919514746093398,-0.01789216920432814,-1.7286315918019213e-05,-0.0015075777305395088
disaggregation,Disaggregation,129,,,-23.0978,-55.2436,-23.0978,-55.2436,10212.01171875,0.17122377455234528,70.47007751464844,1.0814145803451538,-23.0978,-55.2436,7848.9,0.173,33.17,1.05,13302.58,0.1329219,70.95167,1.0827218,-3090.56828125,-23.232848674843527,0.038301874552345266,28.81532279657849,-0.4815924853515554,-0.678761310835327,-0.001307219654846259,-0.1207345834217302
disaggregation,Disaggregation,130,,,-1.5656,-48.7669,-1.5656,-48.7669,3007.95703125,0.19633547961711884,35.819358825683594,0.9373965859413147,-1.5656,-48.7669,2742.209,0.151,18.573,0.892,2819.6516,0.16340378,35.793484,0.9369364,188.30543124999986,6.678322642769052,0.03293169961711884,20.153572712405328,0.025874825683594338,0.07228920683886023,0.0004601859413146947,0.049116027652964994
disaggregation,Disaggregation,131,,,-1.5264,-52.57829999,-1.5264,-52.5783,5516.8740234375,0.15378332138061523,61.04700469970703,0.9870313405990601,-1.5264,-52.57829999,6611.0,0.1621,63.0,1.0044,3570.0344,0.1760779,61.28316,0.98884904,1946.8396234375,54.53279731527237,-0.022294578619384775,-12.661769943522028,-0.23615530029297105,-0.3853510496080343,-0.0018176994009398983,-0.18381970628599675
disaggregation,Disaggregation,132,,,-1.9014,-55.5186,-1.9014,-55.5186,15443.9150390625,0.20342318713665009,113.76622772216797,1.1270502805709839,-1.9014,-55.5186,3812.1,0.143,33.9,0.9321,14852.4795,0.09768536,113.67828,1.1268669,591.4355390625005,3.9820660184213725,0.10573782713665009,108.24326914150707,0.08794772216796787,0.0773654581754473,0.00018338057098388205,0.01627348988455354
disaggregation,Disaggregation,133,,,-4.8233,-56.0,-4.8233,-56.0,3842.397705078125,0.18045158684253693,41.76813888549805,0.9363117218017578,-4.8233,-56.0,3490.9,0.1785,33.5,0.931,3496.9514,0.19856066,41.392273,0.93475443,345.4463050781251,9.878498885575736,-0.018109073157463074,-9.12017171853834,0.3758658854980439,0.908058094557996,0.0015572918017577875,0.1665990287692766
disaggregation,Disaggregation,134,,,-5.3656,-49.125,-5.3656,-49.125,1776.810791015625,0.18954148888587952,10.659232139587402,0.8471776247024536,-5.3656,-49.125,2409.3,0.1677,17.5,0.8713,1395.7216,0.15951334,8.966534,0.8350245,381.0891910156249,27.30409782406641,0.030028148885879513,18.824851191680594,1.692698139587403,18.877953728691637,0.012153124702453666,1.4554213322427865
disaggregation,Disaggregation,135,,,-6.7947,-49.5486,-6.7947,-49.5486,2608.076904296875,0.15569835901260376,42.05364227294922,0.9198941588401794,-6.7947,-49.5486,2565.0,0.1511,24.6,0.8776,2661.913,0.13120678,42.3662,0.9207575,-53.83609570312501,-2.022458874618555,0.024491579012603765,18.666397432056307,-0.31255772705078044,-0.7377525646642381,-0.0008633411598205631,-0.09376422780379884
disaggregation,Disaggregation,136,,,-6.1053,-49.3775,-6.1053,-49.3775,3070.741943359375,0.15708287060260773,49.198665618896484,0.9360744953155518,-6.1053,-49.3775,2128.2,0.1707,24.4,0.8775,2814.167,0.150989,49.634686,0.93709254,256.5749433593751,9.11726075102775,0.006093870602607715,4.035969906819513,-0.4360203811035177,-0.8784590298476305,-0.001018044684448216,-0.10863864997241533
disaggregation,Disaggregation,137,,,-7.09540861,-34.8488925,-7.09541,-34.84889,,,,,,,,,,,,,,,,,,,,,,
disaggregation,Disaggregation,138,,,-7.9681,-35.1567,-7.9681,-35.1567,1367.4803466796875,0.28716838359832764,14.500842094421387,0.8608511686325073,-7.9681,-35.1567,304.281,0.2129,2.8307,0.558,1304.4275,0.21240783,14.535318,0.860968,63.05284667968749,4.833756316827688,0.07476055359832764,35.19670324692251,-0.034475905578613464,-0.23718714360850904,-0.00011683136749263134,-0.01356976885234194
disaggregation,Disaggregation,139,,,-7.5667,-35.0,-7.5667,-35.0,1328.4400634765625,0.28485482931137085,14.501096725463867,0.8608534336090088,-7.5667,-35.0,491.151,0.1987,2.8231,0.5573,1385.8612,0.22745553,14.534678,0.8609623,-57.42113652343755,-4.143354076399394,0.05739929931137086,25.23539406202648,-0.033581274536132355,-0.23104243889085369,-0.00010886639099116913,-0.012644733804391798
disaggregation,Disaggregation,140,,,-7.9833,-38.3,-7.9833,-38.3,1467.1331787109375,0.20831164717674255,15.213725090026855,0.8612566590309143,-7.9833,-38.3,989.995,0.2075,14.4,0.7847,1790.2234,0.18494639,15.124853,0.86062455,-323.0902212890626,-18.047480626667184,0.023365257176742565,12.633529736234681,0.08887209002685559,0.5875897770831596,0.000632109030914263,0.07344771084141893
disaggregation,Disaggregation,141,,,-8.03332999,-34.88329999,-8.03333,-34.8833,,,,,,,,,,,,,,,,,,,,,,
disaggregation,Disaggregation,142,,,-8.67939999,-35.57719999,-8.6794,-35.5772,1218.466552734375,0.25577104091644287,14.502005577087402,0.8608615398406982,-8.67939999,-35.57719999,1193.0,0.2613,12.1,0.8169,1329.0312,0.22562194,14.535061,0.8609657,-110.5646472656249,-8.319191247400731,0.030149100916442878,13.362663629451497,-0.03305542291259833,-0.22741853586027833,-0.00010416015930170275,-0.012098061432842535
disaggregation,Disaggregation,143,,,-8.69999999,-36.45,-8.7,-36.45,1367.4803466796875,0.28716838359832764,14.500842094421387,0.8608511686325073,-8.69999999,-36.45,960.2,0.2483,12.1,0.8173,1329.0312,0.22562194,14.535061,0.8609657,38.4491466796876,2.8930206213133,0.061546443598327644,27.278572109754773,-0.034218905578613956,-0.2354231989711908,-0.00011453136749262072,-0.013302663217898312
disaggregation,Disaggregation,144,,,-3.4622,-42.3733,-3.4622,-42.3733,1633.8245849609375,0.18241308629512787,12.876516342163086,0.85650235414505,-3.4622,-42.3733,4561.0,0.1594,35.0,0.9738,2307.9587,0.16134742,12.8862705,0.85670555,-674.1341150390626,-29.209106516466804,0.021065666295127877,13.056091194472076,-0.009754157836914246,-0.07569418814321992,-0.00020319585494998904,-0.023718283948316786
disaggregation,Disaggregation,145,,,-25.46669999,-48.8333,-25.4667,-48.8333,5508.49609375,0.15670685470104218,43.47389602661133,1.00734281539917,-25.46669999,-48.8333,1254.6,0.2655,34.7,0.8131,9002.364,0.1878597,43.5499,1.0075811,-3493.8679062499996,-38.81056027339041,-0.031152845298957815,-16.583037926153303,-0.07600397338867282,-0.17452157958726155,-0.00023828460082997438,-0.023649173335027265
disaggregation,Disaggregation,146,,,-20.9692,-42.0517,-20.9692,-42.0517,30507.873046875,0.14882470667362213,138.00811767578125,1.2733172178268433,-20.9692,-42.0517,1775.2,0.1784,16.8,0.8644,49767.11,0.13054293,137.23769,1.2717427,-19259.236953125,-38.69872482674803,0.01828177667362213,14.004417300593857,0.7704276757812636,0.5613819904584985,0.001574517826843369,0.123807891867071
disaggregation,Disaggregation,147,,,-21.62529999,-41.9853,-21.6253,-41.9853,26039.314453125,0.20157775282859802,152.2355499267578,1.2429455518722534,-21.62529999,-41.9853,1694.1,0.1533,25.0,0.861,43955.492,0.1663165,151.86584,1.2431571,-17916.177546875,-40.75981574014687,0.035261252828598016,21.201295619254864,0.369709926757821,0.243445087294036,-0.0002115481277464859,-0.017017006760166188
disaggregation,Disaggregation,148,,,-21.9333,-42.6167,-21.9333,-42.6167,7851.85107421875,0.1660434454679489,78.34195709228516,1.0757415294647217,-21.9333,-42.6167,1743.0,0.1864,23.4,0.8394,10814.898,0.18849473,78.52386,1.0763991,-2963.0469257812492,-27.397825904426,-0.022451284532051086,-11.910828770677611,-0.18190290771484285,-0.2316530385985137,-0.0006575705352782624,-0.06108984439677276
disaggregation,Disaggregation,149,,,-21.54189999,-42.18249999,-21.5419,-42.1825,25287.666015625,0.22223174571990967,154.77291870117188,1.2417466640472412,-21.54189999,-42.18249999,1266.9,0.1917,13.2,0.8156,46002.125,0.16213797,155.1131,1.2423421,-20714.458984375,-45.029352414426505,0.060093775719909676,37.06335765762312,-0.34018129882812786,-0.21931177884274627,-0.0005954359527586828,-0.04792850155836165
disaggregation,Disaggregation,150,,,-22.1403,-43.1542,-22.1403,-43.1542,5615.12646484375,0.19050568342208862,60.90904235839844,1.0336731672286987,-22.1403,-43.1542,2085.0,0.1877,17.3,0.8976,8738.5625,0.15598275,61.24945,1.0344728,-3123.43603515625,-35.74313321162663,0.03452293342208862,22.132532874365033,-0.34040764160156556,-0.5557725687358263,-0.0007996327713013507,-0.07729857868678139
disaggregation,Disaggregation,151,,,-22.4819,-43.83919999,-22.4819,-43.8392,2213.656494140625,0.20852446556091309,14.830716133117676,0.8964484333992004,-22.4819,-43.83919999,2055.6,0.1733,20.0,0.8908,2912.1638,0.2215227,14.977876,0.89690757,-698.5073058593748,-23.98585223329041,-0.012998234439086903,-5.867676061679865,-0.1471598668823244,-0.9825149232262599,-0.0004591366007995479,-0.0511910720967098
disaggregation,Disaggregation,152,,,-22.30359999,-44.1869,-22.3036,-44.1869,1932.93505859375,0.15118949115276337,9.103728294372559,0.883196234703064,-22.30359999,-44.1869,1078.9,0.1597,12.5,0.7675,2888.8206,0.13108179,9.156147,0.883238,-955.88554140625,-33.08912784013829,0.020107701152763363,15.339812763285703,-0.05241870562744211,-0.5724974230693556,-4.176529693600273e-05,-0.004728657161037312
disaggregation,Disaggregation,153,,,-22.4833,-44.4453,-22.4833,-44.4453,1952.502685546875,0.21794407069683075,9.121169090270996,0.8813864588737488,-22.4833,-44.4453,1020.1,0.1598,13.1,0.7734,3392.9207,0.19098854,9.113995,0.8814772,-1440.4180144531251,-42.45363042092687,0.026955530696830737,14.113690118177109,0.007174090270996913,0.07871509992047301,-9.074112625118147e-05,-0.010294211381891837
disaggregation,Disaggregation,154,,,-4.9833,-37.15,-4.9833,-37.15,,,,,,,,,,,,,,,,,,,,,,
disaggregation,Disaggregation,155,,,-5.9,-35.7667,-5.9,-35.7667,1407.54833984375,0.17630480229854584,13.302977561950684,0.8607435822486877,-5.9,-35.7667,620.735,0.221,9.778,0.741,2135.5095,0.15550342,13.247093,0.8601758,-727.9611601562501,-34.08840654449208,0.020801382298545834,13.3768005221659,0.05588456195068403,0.42186283398692853,0.0005677822486876982,0.066007698506247
disaggregation,Disaggregation,156,,,-5.6167,-35.6667,-5.6167,-35.6667,1484.6441650390625,0.20245027542114258,13.302708625793457,0.8607410192489624,-5.6167,-35.6667,657.575,0.219,9.778,0.741,2180.9348,0.17484997,13.24708,0.86017567,-696.2906349609375,-31.92624717441977,0.027600305421142585,15.785135920322196,0.05562862579345662,0.4199312285685345,0.0005653492489624545,0.06572485931419736
disaggregation,Disaggregation,157,,,-5.6333,-35.4333,-5.6333,-35.4333,1484.6441650390625,0.20245027542114258,13.302708625793457,0.8607410192489624,-5.6333,-35.4333,1037.366,0.186,9.778,0.741,2180.9348,0.17484997,13.24708,0.86017567,-696.2906349609375,-31.92624717441977,0.027600305421142585,15.785135920322196,0.05562862579345662,0.4199312285685345,0.0005653492489624545,0.06572485931419736
disaggregation,Disaggregation,158,,,-5.9833,-35.6167,-5.9833,-35.6167,1407.54833984375,0.17630480229854584,13.302977561950684,0.8607435822486877,-5.9833,-35.6167,756.019,0.235,9.778,0.741,2135.5095,0.15550342,13.247093,0.8601758,-727.9611601562501,-34.08840654449208,0.020801382298545834,13.3768005221659,0.05588456195068403,0.42186283398692853,0.0005677822486876982,0.066007698506247
disaggregation,Disaggregation,159,,,-5.95,-35.9333,-5.95,-35.9333,1407.54833984375,0.17630480229854584,13.302977561950684,0.8607435822486877,-5.95,-35.9333,674.097,0.195,9.778,0.741,2180.9348,0.17484997,13.24708,0.86017567,-773.38646015625,-35.46123708770432,0.001454832298545844,0.8320460670058131,0.05589756195068318,0.42196138281555773,0.0005679122486877963,0.0660228216740653
disaggregation,Disaggregation,160,,,-5.7,-35.8167,-5.7,-35.8167,1484.6441650390625,0.20245027542114258,13.302708625793457,0.8607410192489624,-5.7,-35.8167,584.125,0.208,9.778,0.741,2180.9348,0.17484997,13.24708,0.86017567,-696.2906349609375,-31.92624717441977,0.027600305421142585,15.785135920322196,0.05562862579345662,0.4199312285685345,0.0005653492489624545,0.06572485931419736
disaggregation,Disaggregation,161,,,-5.2167,-35.8333,-5.2167,-35.8333,1484.6441650390625,0.20245027542114258,13.302708625793457,0.8607410192489624,-5.2167,-35.8333,576.418,0.198,9.778,0.741,2180.9348,0.17484997,13.24708,0.86017567,-696.2906349609375,-31.92624717441977,0.027600305421142585,15.785135920322196,0.05562862579345662,0.4199312285685345,0.0005653492489624545,0.06572485931419736
disaggregation,Disaggregation,162,,,-5.5167,-35.25,-5.5167,-35.25,,,,,,,,,,,,,,,,,,,,,,
disaggregation,Disaggregation,163,,,-5.1167,-35.6333,-5.1167,-35.6333,,,,,,,,,,,,,,,,,,,,,,
disaggregation,Disaggregation,164,,,-5.8167,-35.8167,-5.8167,-35.8167,1407.54833984375,0.17630480229854584,13.302977561950684,0.8607435822486877,-5.8167,-35.8167,638.073,0.236,9.778,0.741,2180.9348,0.17484997,13.24708,0.86017567,-773.38646015625,-35.46123708770432,0.001454832298545844,0.8320460670058131,0.05589756195068318,0.42196138281555773,0.0005679122486877963,0.0660228216740653
disaggregation,Disaggregation,165,,,-5.8,-35.3333,-5.8,-35.3333,1407.54833984375,0.17630480229854584,13.302977561950684,0.8607435822486877,-5.8,-35.3333,922.965,0.209,9.778,0.741,2180.9348,0.17484997,13.24708,0.86017567,-773.38646015625,-35.46123708770432,0.001454832298545844,0.8320460670058131,0.05589756195068318,0.42196138281555773,0.0005679122486877963,0.0660228216740653
disaggregation,Disaggregation,166,,,-5.9167,-35.1833,-5.9167,-35.1833,,,,,,,,,,,,,,,,,,,,,,
disaggregation,Disaggregation,167,,,-5.3833,-35.4667,-5.3833,-35.4667,1484.6441650390625,0.20245027542114258,13.302708625793457,0.8607410192489624,-5.3833,-35.4667,786.762,0.198,9.778,0.741,2180.9348,0.17484997,13.24708,0.86017567,-696.2906349609375,-31.92624717441977,0.027600305421142585,15.785135920322196,0.05562862579345662,0.4199312285685345,0.0005653492489624545,0.06572485931419736
disaggregation,Disaggregation,168,,,-5.6833,-35.3,-5.6833,-35.3,1407.54833984375,0.17630480229854584,13.302977561950684,0.8607435822486877,-5.6833,-35.3,793.552,0.179,9.778,0.741,2180.9348,0.17484997,13.24708,0.86017567,-773.38646015625,-35.46123708770432,0.001454832298545844,0.8320460670058131,0.05589756195068318,0.42196138281555773,0.0005679122486877963,0.0660228216740653
disaggregation,Disaggregation,169,,,-5.8167,-35.55,-5.8167,-35.55,1407.54833984375,0.17630480229854584,13.302977561950684,0.8607435822486877,-5.8167,-35.55,810.512,0.231,9.778,0.741,2180.9348,0.17484997,13.24708,0.86017567,-773.38646015625,-35.46123708770432,0.001454832298545844,0.8320460670058131,0.05589756195068318,0.42196138281555773,0.0005679122486877963,0.0660228216740653
disaggregation,Disaggregation,170,,,-5.8333,-35.7167,-5.8333,-35.7167,1407.54833984375,0.17630480229854584,13.302977561950684,0.8607435822486877,-5.8333,-35.7167,494.926,0.226,9.778,0.741,2180.9348,0.17484997,13.24708,0.86017567,-773.38646015625,-35.46123708770432,0.001454832298545844,0.8320460670058131,0.05589756195068318,0.42196138281555773,0.0005679122486877963,0.0660228216740653
disaggregation,Disaggregation,171,,,-5.8667,-35.9333,-5.8667,-35.9333,1407.54833984375,0.17630480229854584,13.302977561950684,0.8607435822486877,-5.8667,-35.9333,529.629,0.242,9.778,0.741,2180.9348,0.17484997,13.24708,0.86017567,-773.38646015625,-35.46123708770432,0.001454832298545844,0.8320460670058131,0.05589756195068318,0.42196138281555773,0.0005679122486877963,0.0660228216740653
disaggregation,Disaggregation,172,,,-5.15,-35.8667,-5.15,-35.8667,1304.6552734375,0.20234856009483337,13.303031921386719,0.860744059085846,-5.15,-35.8667,518.113,0.19,9.778,0.741,2180.9348,0.17484997,13.24708,0.86017567,-876.2795265625,-40.17907947374218,0.02749859009483338,15.726963004244942,0.05595192138671834,0.42237173314208365,0.0005683890858459995,0.06607825653171515
disaggregation,Disaggregation,173,,,-5.7,-36.25,-5.7,-36.25,1484.6441650390625,0.20245027542114258,13.302708625793457,0.8607410192489624,-5.7,-36.25,643.977,0.217,9.778,0.741,2180.9348,0.17484997,13.24708,0.86017567,-696.2906349609375,-31.92624717441977,0.027600305421142585,15.785135920322196,0.05562862579345662,0.4199312285685345,0.0005653492489624545,0.06572485931419736
disaggregation,Disaggregation,174,,,-5.5833,-36.1167,-5.5833,-36.1167,1484.6441650390625,0.20245027542114258,13.302708625793457,0.8607410192489624,-5.5833,-36.1167,615.241,0.218,9.778,0.741,2180.9348,0.17484997,13.24708,0.86017567,-696.2906349609375,-31.92624717441977,0.027600305421142585,15.785135920322196,0.05562862579345662,0.4199312285685345,0.0005653492489624545,0.06572485931419736
disaggregation,Disaggregation,175,,,-5.9667,-36.0667,-5.9667,-36.0667,1407.54833984375,0.17630480229854584,13.302977561950684,0.8607435822486877,-5.9667,-36.0667,660.815,0.237,9.778,0.741,2180.9348,0.17484997,13.24708,0.86017567,-773.38646015625,-35.46123708770432,0.001454832298545844,0.8320460670058131,0.05589756195068318,0.42196138281555773,0.0005679122486877963,0.0660228216740653
disaggregation,Disaggregation,176,,,-5.6667,-36.6,-5.6667,-36.6,1484.6441650390625,0.20245027542114258,13.302708625793457,0.8607410192489624,-5.6667,-36.6,659.133,0.184,9.778,0.741,2180.9348,0.17484997,13.24708,0.86017567,-696.2906349609375,-31.92624717441977,0.027600305421142585,15.785135920322196,0.05562862579345662,0.4199312285685345,0.0005653492489624545,0.06572485931419736
disaggregation,Disaggregation,177,,,-5.7667,-36.0167,-5.7667,-36.0167,1484.6441650390625,0.20245027542114258,13.302708625793457,0.8607410192489624,-5.7667,-36.0167,631.163,0.203,9.778,0.741,2180.9348,0.17484997,13.24708,0.86017567,-696.2906349609375,-31.92624717441977,0.027600305421142585,15.785135920322196,0.05562862579345662,0.4199312285685345,0.0005653492489624545,0.06572485931419736
disaggregation,Disaggregation,178,,,-5.25,-36.7167,-5.25,-36.7167,1299.1011962890625,0.2114195078611374,11.00456428527832,0.8493846654891968,-5.25,-36.7167,691.068,0.195,9.778,0.741,1739.2527,0.16783817,10.976351,0.8492003,-440.1515037109375,-25.30693232276929,0.04358133786113738,25.966285178834696,0.02821328527832101,0.25703701784245975,0.00018436548919675833,0.02171048328607024
disaggregation,Disaggregation,179,,,-5.5,-36.5,-5.5,-36.5,1484.6441650390625,0.20245027542114258,13.302708625793457,0.8607410192489624,-5.5,-36.5,743.964,0.204,9.778,0.741,2180.9348,0.17484997,13.24708,0.86017567,-696.2906349609375,-31.92624717441977,0.027600305421142585,15.785135920322196,0.05562862579345662,0.4199312285685345,0.0005653492489624545,0.06572485931419736
disaggregation,Disaggregation,180,,,-5.0167,-36.9667,-5.0167,-36.9667,1299.1011962890625,0.2114195078611374,11.00456428527832,0.8493846654891968,-5.0167,-36.9667,552.732,0.217,9.778,0.741,1706.3002,0.18179,10.976432,0.8492011,-407.1990037109374,-23.864440953059574,0.029629507861137383,16.298755630748325,0.028132285278319458,0.25629717633489146,0.00018356548919673532,0.02161625664365429
disaggregation,Disaggregation,181,,,-5.5,-36.85,-5.5,-36.85,1304.6552734375,0.20234856009483337,13.303031921386719,0.860744059085846,-5.5,-36.85,646.849,0.193,9.778,0.741,2180.9348,0.17484997,13.24708,0.86017567,-876.2795265625,-40.17907947374218,0.02749859009483338,15.726963004244942,0.05595192138671834,0.42237173314208365,0.0005683890858459995,0.06607825653171515
disaggregation,Disaggregation,182,,,-5.7,-36.5333,-5.7,-36.5333,1484.6441650390625,0.20245027542114258,13.302708625793457,0.8607410192489624,-5.7,-36.5333,479.85,0.199,9.778,0.741,2180.9348,0.17484997,13.24708,0.86017567,-696.2906349609375,-31.92624717441977,0.027600305421142585,15.785135920322196,0.05562862579345662,0.4199312285685345,0.0005653492489624545,0.06572485931419736
disaggregation,Disaggregation,183,,,-5.5667,-36.9167,-5.5667,-36.9167,1304.6552734375,0.20234856009483337,13.303031921386719,0.860744059085846,-5.5667,-36.9167,703.015,0.2,9.778,0.741,2180.9348,0.17484997,13.24708,0.86017567,-876.2795265625,-40.17907947374218,0.02749859009483338,15.726963004244942,0.05595192138671834,0.42237173314208365,0.0005683890858459995,0.06607825653171515
disaggregation,Disaggregation,184,,,-5.6333,-36.8667,-5.6333,-36.8667,1484.6441650390625,0.20245027542114258,13.302708625793457,0.8607410192489624,-5.6333,-36.8667,504.731,0.195,9.778,0.741,2180.9348,0.17484997,13.24708,0.86017567,-696.2906349609375,-31.92624717441977,0.027600305421142585,15.785135920322196,0.05562862579345662,0.4199312285685345,0.0005653492489624545,0.06572485931419736
disaggregation,Disaggregation,185,,,-5.1167,-36.6333,-5.1167,-36.6333,1299.1011962890625,0.2114195078611374,11.00456428527832,0.8493846654891968,-5.1167,-36.6333,613.623,0.216,9.778,0.741,1706.3002,0.18179,10.976432,0.8492011,-407.1990037109374,-23.864440953059574,0.029629507861137383,16.298755630748325,0.028132285278319458,0.25629717633489146,0.00018356548919673532,0.02161625664365429
disaggregation,Disaggregation,186,,,-5.2833,-36.75,-5.2833,-36.75,1299.1011962890625,0.2114195078611374,11.00456428527832,0.8493846654891968,,,,,,,,,,,,,,,,,,
disaggregation,Disaggregation,187,,,-5.9667,-37.7,-5.9667,-37.7,1484.6441650390625,0.20245027542114258,13.302708625793457,0.8607410192489624,-5.9667,-37.7,768.007,0.195,9.778,0.741,2180.9348,0.17484997,13.24708,0.86017567,-696.2906349609375,-31.92624717441977,0.027600305421142585,15.785135920322196,0.05562862579345662,0.4199312285685345,0.0005653492489624545,0.06572485931419736
disaggregation,Disaggregation,188,,,-5.0833,-37.6333,-5.0833,-37.6333,1299.1011962890625,0.2114195078611374,11.00456428527832,0.8493846654891968,-5.0833,-37.6333,734.552,0.198,9.778,0.741,1706.3002,0.18179,10.976432,0.8492011,-407.1990037109374,-23.864440953059574,0.029629507861137383,16.298755630748325,0.028132285278319458,0.25629717633489146,0.00018356548919673532,0.02161625664365429
disaggregation,Disaggregation,189,,,-5.7833,-37.5667,-5.7833,-37.5667,1304.6552734375,0.20234856009483337,13.303031921386719,0.860744059085846,-5.7833,-37.5667,775.538,0.186,9.778,0.741,2180.9348,0.17484997,13.24708,0.86017567,-876.2795265625,-40.17907947374218,0.02749859009483338,15.726963004244942,0.05595192138671834,0.42237173314208365,0.0005683890858459995,0.06607825653171515
disaggregation,Disaggregation,190,,,-5.9333,-37.9667,-5.9333,-37.9667,1484.6441650390625,0.20245027542114258,13.302708625793457,0.8607410192489624,-5.9333,-37.9667,827.463,0.201,9.778,0.741,2180.9348,0.17484997,13.24708,0.86017567,-696.2906349609375,-31.92624717441977,0.027600305421142585,15.785135920322196,0.05562862579345662,0.4199312285685345,0.0005653492489624545,0.06572485931419736
disaggregation,Disaggregation,191,,,-5.8333,-37.9833,-5.8333,-37.9833,1304.6552734375,0.20234856009483337,13.303031921386719,0.860744059085846,-5.8333,-37.9833,764.248,0.185,9.778,0.741,2180.9348,0.17484997,13.24708,0.86017567,-876.2795265625,-40.17907947374218,0.02749859009483338,15.726963004244942,0.05595192138671834,0.42237173314208365,0.0005683890858459995,0.06607825653171515
disaggregation,Disaggregation,192,,,-5.9833,-37.8167,-5.9833,-37.8167,1484.6441650390625,0.20245027542114258,13.302708625793457,0.8607410192489624,-5.9833,-37.8167,784.141,0.188,9.778,0.741,2180.9348,0.17484997,13.24708,0.86017567,-696.2906349609375,-31.92624717441977,0.027600305421142585,15.785135920322196,0.05562862579345662,0.4199312285685345,0.0005653492489624545,0.06572485931419736
disaggregation,Disaggregation,193,,,-5.1833,-37.3333,-5.1833,-37.3333,1299.1011962890625,0.2114195078611374,11.00456428527832,0.8493846654891968,-5.1833,-37.3333,836.167,0.159,9.786,0.724,1706.3002,0.18179,10.976432,0.8492011,-407.1990037109374,-23.864440953059574,0.029629507861137383,16.298755630748325,0.028132285278319458,0.25629717633489146,0.00018356548919673532,0.02161625664365429
disaggregation,Disaggregation,194,,,-5.6,-37.7,-5.6,-37.7,1304.6552734375,0.20234856009483337,13.303031921386719,0.860744059085846,-5.6,-37.7,515.586,0.191,9.778,0.741,2275.191,0.17782496,13.24706,0.8601755,-970.5357265624998,-42.65732971704353,0.02452360009483337,13.790864957783974,0.05597192138671936,0.4225233477218293,0.0005685590858459655,0.06609803299977336
disaggregation,Disaggregation,195,,,-5.7833,-37.95,-5.7833,-37.95,1304.6552734375,0.20234856009483337,13.303031921386719,0.860744059085846,-5.7833,-37.95,741.668,0.165,9.778,0.741,2275.191,0.17782496,13.24706,0.8601755,-970.5357265624998,-42.65732971704353,0.02452360009483337,13.790864957783974,0.05597192138671936,0.4225233477218293,0.0005685590858459655,0.06609803299977336
disaggregation,Disaggregation,196,,,-5.8667,-37.1833,-5.8667,-37.1833,1484.6441650390625,0.20245027542114258,13.302708625793457,0.8607410192489624,-5.8667,-37.1833,527.186,0.203,9.778,0.741,2180.9348,0.17484997,13.24708,0.86017567,-696.2906349609375,-31.92624717441977,0.027600305421142585,15.785135920322196,0.05562862579345662,0.4199312285685345,0.0005653492489624545,0.06572485931419736
disaggregation,Disaggregation,197,,,-5.9833,-36.4167,-5.9833,-36.4167,1407.54833984375,0.17630480229854584,13.302977561950684,0.8607435822486877,-5.9833,-36.4167,598.44,0.2,9.778,0.741,2180.9348,0.17484997,13.24708,0.86017567,-773.38646015625,-35.46123708770432,0.001454832298545844,0.8320460670058131,0.05589756195068318,0.42196138281555773,0.0005679122486877963,0.0660228216740653
disaggregation,Disaggregation,198,,,-5.9833,-37.95,-5.9833,-37.95,1484.6441650390625,0.20245027542114258,13.302708625793457,0.8607410192489624,,,,,,,,,,,,,,,,,,
disaggregation,Disaggregation,199,,,-5.7833,-38.0667,-5.7833,-38.0667,1304.6552734375,0.20234856009483337,13.303031921386719,0.860744059085846,-5.7833,-38.0667,625.561,0.179,9.778,0.741,2275.191,0.17782496,13.24706,0.8601755,-970.5357265624998,-42.65732971704353,0.02452360009483337,13.790864957783974,0.05597192138671936,0.4225233477218293,0.0005685590858459655,0.06609803299977336
disaggregation,Disaggregation,200,,,-5.9667,-38.15,-5.9667,-38.15,1382.9998779296875,0.195174440741539,13.302973747253418,0.860743522644043,-5.9667,-38.15,611.383,0.194,9.778,0.741,2180.9348,0.17484997,13.24708,0.86017567,-797.9349220703125,-36.58683065950951,0.020324470741539008,11.62394865812045,0.05589374725341756,0.42193258630141556,0.0005678526440430209,0.06601589231685906
disaggregation,Disaggregation,201,,,-6.2667,-35.2,-6.2667,-35.2,1371.48974609375,0.27311673760414124,14.500917434692383,0.8608518242835999,-6.2667,-35.2,744.633,0.196,9.778,0.741,1745.0927,0.17641717,13.359095,0.85554945,-373.6029539062499,-21.408774095854618,0.09669956760414122,54.813013724311084,1.1418224346923829,8.547154090096544,0.005302374283599809,0.6197624559982837
disaggregation,Disaggregation,202,,,-6.3,-35.4667,-6.3,-35.4667,1371.48974609375,0.27311673760414124,14.500917434692383,0.8608518242835999,-6.3,-35.4667,827.864,0.22,9.778,0.741,1745.0927,0.17641717,13.359095,0.85554945,-373.6029539062499,-21.408774095854618,0.09669956760414122,54.813013724311084,1.1418224346923829,8.547154090096544,0.005302374283599809,0.6197624559982837
disaggregation,Disaggregation,203,,,-6.4667,-35.4333,-6.4667,-35.4333,1371.48974609375,0.27311673760414124,14.500917434692383,0.8608518242835999,-6.4667,-35.4333,779.682,0.194,9.778,0.741,1745.0927,0.17641717,13.359095,0.85554945,-373.6029539062499,-21.408774095854618,0.09669956760414122,54.813013724311084,1.1418224346923829,8.547154090096544,0.005302374283599809,0.6197624559982837
disaggregation,Disaggregation,204,,,-6.1167,-35.4833,-6.1167,-35.4833,1371.48974609375,0.27311673760414124,14.500917434692383,0.8608518242835999,-6.1167,-35.4833,627.782,0.203,9.778,0.741,1745.0927,0.17641717,13.359095,0.85554945,-373.6029539062499,-21.408774095854618,0.09669956760414122,54.813013724311084,1.1418224346923829,8.547154090096544,0.005302374283599809,0.6197624559982837
disaggregation,Disaggregation,205,,,-6.3,-35.7,-6.3,-35.7,1371.48974609375,0.27311673760414124,14.500917434692383,0.8608518242835999,-6.3,-35.7,677.535,0.247,9.778,0.741,1745.0927,0.17641717,13.359095,0.85554945,-373.6029539062499,-21.408774095854618,0.09669956760414122,54.813013724311084,1.1418224346923829,8.547154090096544,0.005302374283599809,0.6197624559982837
disaggregation,Disaggregation,206,,,-6.1833,-35.35,-6.1833,-35.35,1371.48974609375,0.27311673760414124,14.500917434692383,0.8608518242835999,-6.1833,-35.35,623.318,0.203,9.778,0.741,1745.0927,0.17641717,13.359095,0.85554945,-373.6029539062499,-21.408774095854618,0.09669956760414122,54.813013724311084,1.1418224346923829,8.547154090096544,0.005302374283599809,0.6197624559982837
disaggregation,Disaggregation,207,,,-6.0667,-35.3333,-6.0667,-35.3333,1407.54833984375,0.17630480229854584,13.302977561950684,0.8607435822486877,-6.0667,-35.3333,826.882,0.201,9.778,0.741,1745.0927,0.17641717,13.359095,0.85554945,-337.5443601562499,-19.34248880625367,-0.00011236770145417463,-0.0636943113043785,-0.05611743804931635,-0.42006915924556526,0.0051941322486876995,0.6071106992924488
disaggregation,Disaggregation,208,,,-6.0833,-35.2,-6.0833,-35.2,1371.48974609375,0.27311673760414124,14.500917434692383,0.8608518242835999,-6.0833,-35.2,922.668,0.204,9.778,0.741,1745.0927,0.17641717,13.359095,0.85554945,-373.6029539062499,-21.408774095854618,0.09669956760414122,54.813013724311084,1.1418224346923829,8.547154090096544,0.005302374283599809,0.6197624559982837
disaggregation,Disaggregation,209,,,-6.3333,-35.3167,-6.3333,-35.3167,1371.48974609375,0.27311673760414124,14.500917434692383,0.8608518242835999,-6.3333,-35.3167,787.594,0.207,9.778,0.741,1745.0927,0.17641717,13.359095,0.85554945,-373.6029539062499,-21.408774095854618,0.09669956760414122,54.813013724311084,1.1418224346923829,8.547154090096544,0.005302374283599809,0.6197624559982837
disaggregation,Disaggregation,210,,,-6.2,-35.0833,-6.2,-35.0833,,,,,,,,,,,,,,,,,,,,,,
disaggregation,Disaggregation,211,,,-6.0,-35.8667,-6.0,-35.8667,1407.54833984375,0.17630480229854584,13.302977561950684,0.8607435822486877,-6.0,-35.8667,454.995,0.245,9.778,0.741,2135.5095,0.15550342,13.247093,0.8601758,-727.9611601562501,-34.08840654449208,0.020801382298545834,13.3768005221659,0.05588456195068403,0.42186283398692853,0.0005677822486876982,0.066007698506247
disaggregation,Disaggregation,212,,,-6.0333,-35.4167,-6.0333,-35.4167,1407.54833984375,0.17630480229854584,13.302977561950684,0.8607435822486877,-6.0333,-35.4167,616.279,0.211,9.778,0.741,2135.5095,0.15550342,13.247093,0.8601758,-727.9611601562501,-34.08840654449208,0.020801382298545834,13.3768005221659,0.05588456195068403,0.42186283398692853,0.0005677822486876982,0.066007698506247
disaggregation,Disaggregation,213,,,-6.1,-35.9167,-6.1,-35.9167,1407.54833984375,0.17630480229854584,13.302977561950684,0.8607435822486877,-6.1,-35.9167,513.928,0.257,9.778,0.741,2135.5095,0.15550342,13.247093,0.8601758,-727.9611601562501,-34.08840654449208,0.020801382298545834,13.3768005221659,0.05588456195068403,0.42186283398692853,0.0005677822486876982,0.066007698506247
disaggregation,Disaggregation,214,,,-6.2667,-35.3667,-6.2667,-35.3667,1371.48974609375,0.27311673760414124,14.500917434692383,0.8608518242835999,-6.2667,-35.3667,696.862,0.214,9.778,0.741,1745.0927,0.17641717,13.359095,0.85554945,-373.6029539062499,-21.408774095854618,0.09669956760414122,54.813013724311084,1.1418224346923829,8.547154090096544,0.005302374283599809,0.6197624559982837
disaggregation,Disaggregation,215,,,-6.2667,-35.3833,-6.2667,-35.3833,1371.48974609375,0.27311673760414124,14.500917434692383,0.8608518242835999,,,,,,,,,,,,,,,,,,
disaggregation,Disaggregation,216,,,-6.3167,-35.0833,-6.3167,-35.0833,1371.48974609375,0.27311673760414124,14.500917434692383,0.8608518242835999,-6.3167,-35.0833,834.169,0.204,9.778,0.741,1745.0927,0.17641717,13.359095,0.85554945,-373.6029539062499,-21.408774095854618,0.09669956760414122,54.813013724311084,1.1418224346923829,8.547154090096544,0.005302374283599809,0.6197624559982837
disaggregation,Disaggregation,217,,,-6.3333,-35.3667,-6.3333,-35.3667,1371.48974609375,0.27311673760414124,14.500917434692383,0.8608518242835999,,,,,,,,,,,,,,,,,,
disaggregation,Disaggregation,218,,,-6.15,-35.4333,-6.15,-35.4333,1371.48974609375,0.27311673760414124,14.500917434692383,0.8608518242835999,,,,,,,,,,,,,,,,,,
disaggregation,Disaggregation,219,,,-6.2667,-35.5,-6.2667,-35.5,1371.48974609375,0.27311673760414124,14.500917434692383,0.8608518242835999,-6.2667,-35.5,551.223,0.203,9.778,0.741,1745.0927,0.17641717,13.359095,0.85554945,-373.6029539062499,-21.408774095854618,0.09669956760414122,54.813013724311084,1.1418224346923829,8.547154090096544,0.005302374283599809,0.6197624559982837
disaggregation,Disaggregation,220,,,-6.35,-36.0833,-6.35,-36.0833,1407.54833984375,0.17630480229854584,13.302977561950684,0.8607435822486877,-6.35,-36.0833,609.998,0.228,9.778,0.741,2243.4563,0.16940631,14.394359,0.86917484,-835.9079601562498,-37.259828067801,0.006898492298545833,4.072157819000858,-1.091381438049316,-7.582007910524645,-0.00843125775131226,-0.9700301209032075
disaggregation,Disaggregation,221,,,-6.4,-35.6,-6.4,-35.6,1371.48974609375,0.27311673760414124,14.500917434692383,0.8608518242835999,,,,,,,,,,,,,,,,,,
disaggregation,Disaggregation,222,,,-6.4333,-35.7833,-6.4333,-35.7833,1371.48974609375,0.27311673760414124,14.500917434692383,0.8608518242835999,-6.4333,-35.7833,540.312,0.231,9.778,0.741,1745.0927,0.17641717,13.359095,0.85554945,-373.6029539062499,-21.408774095854618,0.09669956760414122,54.813013724311084,1.1418224346923829,8.547154090096544,0.005302374283599809,0.6197624559982837
disaggregation,Disaggregation,223,,,-6.4667,-35.2833,-6.4667,-35.2833,1371.48974609375,0.27311673760414124,14.500917434692383,0.8608518242835999,-6.4667,-35.2833,585.87,0.222,9.778,0.741,1745.0927,0.17641717,13.359095,0.85554945,-373.6029539062499,-21.408774095854618,0.09669956760414122,54.813013724311084,1.1418224346923829,8.547154090096544,0.005302374283599809,0.6197624559982837
disaggregation,Disaggregation,224,,,-6.4333,-35.6333,-6.4333,-35.6333,1371.48974609375,0.27311673760414124,14.500917434692383,0.8608518242835999,-6.4333,-35.6333,551.904,0.214,9.778,0.741,1745.0927,0.17641717,13.359095,0.85554945,-373.6029539062499,-21.408774095854618,0.09669956760414122,54.813013724311084,1.1418224346923829,8.547154090096544,0.005302374283599809,0.6197624559982837
disaggregation,Disaggregation,225,,,-6.4,-35.05,-6.4,-35.05,1371.48974609375,0.27311673760414124,14.500917434692383,0.8608518242835999,-6.4,-35.05,954.191,0.22,9.778,0.741,1745.0927,0.17641717,13.359095,0.85554945,-373.6029539062499,-21.408774095854618,0.09669956760414122,54.813013724311084,1.1418224346923829,8.547154090096544,0.005302374283599809,0.6197624559982837
disaggregation,Disaggregation,226,,,-6.0333,-35.7,-6.0333,-35.7,1407.54833984375,0.17630480229854584,13.302977561950684,0.8607435822486877,-6.0333,-35.7,511.958,0.213,9.778,0.741,2135.5095,0.15550342,13.247093,0.8601758,-727.9611601562501,-34.08840654449208,0.020801382298545834,13.3768005221659,0.05588456195068403,0.42186283398692853,0.0005677822486876982,0.066007698506247
disaggregation,Disaggregation,227,,,-6.1167,-36.8167,-6.1167,-36.8167,1407.54833984375,0.17630480229854584,13.302977561950684,0.8607435822486877,-6.1167,-36.8167,615.021,0.199,9.778,0.741,2135.5095,0.15550342,13.247093,0.8601758,-727.9611601562501,-34.08840654449208,0.020801382298545834,13.3768005221659,0.05588456195068403,0.42186283398692853,0.0005677822486876982,0.066007698506247
disaggregation,Disaggregation,228,,,-6.2167,-36.6833,-6.2167,-36.6833,1407.54833984375,0.17630480229854584,13.302977561950684,0.8607435822486877,-6.2167,-36.6833,723.817,0.172,9.778,0.741,2135.5095,0.15550342,13.247093,0.8601758,-727.9611601562501,-34.08840654449208,0.020801382298545834,13.3768005221659,0.05588456195068403,0.42186283398692853,0.0005677822486876982,0.066007698506247
disaggregation,Disaggregation,229,,,-6.2333,-36.0167,-6.2333,-36.0167,1407.54833984375,0.17630480229854584,13.302977561950684,0.8607435822486877,-6.2333,-36.0167,638.232,0.228,9.778,0.741,2135.5095,0.15550342,13.247093,0.8601758,-727.9611601562501,-34.08840654449208,0.020801382298545834,13.3768005221659,0.05588456195068403,0.42186283398692853,0.0005677822486876982,0.066007698506247
disaggregation,Disaggregation,230,,,-6.3833,-36.2167,-6.3833,-36.2167,1407.54833984375,0.17630480229854584,13.302977561950684,0.8607435822486877,-6.3833,-36.2167,800.972,0.213,9.778,0.741,2135.5095,0.15550342,13.247093,0.8601758,-727.9611601562501,-34.08840654449208,0.020801382298545834,13.3768005221659,0.05588456195068403,0.42186283398692853,0.0005677822486876982,0.066007698506247
disaggregation,Disaggregation,231,,,-6.05,-36.35,-6.05,-36.35,1407.54833984375,0.17630480229854584,13.302977561950684,0.8607435822486877,-6.05,-36.35,858.941,0.204,9.778,0.741,2135.5095,0.15550342,13.247093,0.8601758,-727.9611601562501,-34.08840654449208,0.020801382298545834,13.3768005221659,0.05588456195068403,0.42186283398692853,0.0005677822486876982,0.066007698506247
disaggregation,Disaggregation,232,,,-6.7,-36.95,-6.7,-36.95,1543.3258056640625,0.18687322735786438,14.448325157165527,0.8697780966758728,-6.7,-36.95,792.436,0.18,9.778,0.741,2243.4563,0.16940631,14.394359,0.86917484,-700.1304943359373,-31.207672480000493,0.017466917357864375,10.31066514456538,0.05396615716552766,0.3749118468250491,0.0006032566758727986,0.06940567629325288
disaggregation,Disaggregation,233,,,-6.15,-36.1167,-6.15,-36.1167,1407.54833984375,0.17630480229854584,13.302977561950684,0.8607435822486877,-6.15,-36.1167,447.795,0.207,9.778,0.741,2135.5095,0.15550342,13.247093,0.8601758,-727.9611601562501,-34.08840654449208,0.020801382298545834,13.3768005221659,0.05588456195068403,0.42186283398692853,0.0005677822486876982,0.066007698506247
disaggregation,Disaggregation,234,,,-6.4333,-36.2,-6.4333,-36.2,1543.3258056640625,0.18687322735786438,14.448325157165527,0.8697780966758728,-6.4333,-36.2,582.904,0.21,9.778,0.741,2243.4563,0.16940631,14.394359,0.86917484,-700.1304943359373,-31.207672480000493,0.017466917357864375,10.31066514456538,0.05396615716552766,0.3749118468250491,0.0006032566758727986,0.06940567629325288
disaggregation,Disaggregation,235,,,-6.55,-36.5833,-6.55,-36.5833,1543.3258056640625,0.18687322735786438,14.448325157165527,0.8697780966758728,-6.55,-36.5833,515.277,0.195,9.778,0.741,2243.4563,0.16940631,14.394359,0.86917484,-700.1304943359373,-31.207672480000493,0.017466917357864375,10.31066514456538,0.05396615716552766,0.3749118468250491,0.0006032566758727986,0.06940567629325288
disaggregation,Disaggregation,236,,,-6.55,-36.5833,-6.55,-36.5833,1543.3258056640625,0.18687322735786438,14.448325157165527,0.8697780966758728,-6.55,-36.5833,515.277,0.195,9.778,0.741,2243.4563,0.16940631,14.394359,0.86917484,-700.1304943359373,-31.207672480000493,0.017466917357864375,10.31066514456538,0.05396615716552766,0.3749118468250491,0.0006032566758727986,0.06940567629325288
disaggregation,Disaggregation,237,,,-6.4333,-36.6333,-6.4333,-36.6333,1407.54833984375,0.17630480229854584,13.302977561950684,0.8607435822486877,-6.4333,-36.6333,731.885,0.188,9.778,0.741,2135.5095,0.15550342,13.247093,0.8601758,-727.9611601562501,-34.08840654449208,0.020801382298545834,13.3768005221659,0.05588456195068403,0.42186283398692853,0.0005677822486876982,0.066007698506247
disaggregation,Disaggregation,238,,,-6.2333,-36.1667,-6.2333,-36.1667,1407.54833984375,0.17630480229854584,13.302977561950684,0.8607435822486877,-6.2333,-36.1667,709.795,0.231,9.778,0.741,2135.5095,0.15550342,13.247093,0.8601758,-727.9611601562501,-34.08840654449208,0.020801382298545834,13.3768005221659,0.05588456195068403,0.42186283398692853,0.0005677822486876982,0.066007698506247
disaggregation,Disaggregation,239,,,-6.1333,-36.7167,-6.1333,-36.7167,1407.54833984375,0.17630480229854584,13.302977561950684,0.8607435822486877,-6.1333,-36.7167,469.664,0.182,9.778,0.741,2135.5095,0.15550342,13.247093,0.8601758,-727.9611601562501,-34.08840654449208,0.020801382298545834,13.3768005221659,0.05588456195068403,0.42186283398692853,0.0005677822486876982,0.066007698506247
disaggregation,Disaggregation,240,,,-6.1,-37.6333,-6.1,-37.6333,1484.6441650390625,0.20245027542114258,13.302708625793457,0.8607410192489624,-6.1,-37.6333,900.224,0.17,9.778,0.741,2063.706,0.18316448,13.247103,0.86017585,-579.0618349609376,-28.05931828278532,0.019285795421142587,10.52922238042146,0.05560562579345785,0.41975687660508,0.0005651692489624383,0.06570391960695458
disaggregation,Disaggregation,241,,,-6.6667,-37.4,-6.6667,-37.4,1405.0697021484375,0.17645470798015594,13.302978515625,0.8607435822486877,-6.6667,-37.4,881.58,0.171,9.778,0.741,2135.5095,0.15550342,13.247093,0.8601758,-730.4397978515626,-34.20447428829338,0.02095128798015594,13.473200769575318,0.05588551562500044,0.42187003310839927,0.0005677822486876982,0.066007698506247
disaggregation,Disaggregation,242,,,-6.7167,-37.2,-6.7167,-37.2,1543.3258056640625,0.18687322735786438,14.448325157165527,0.8697780966758728,-6.7167,-37.2,786.021,0.183,9.778,0.741,2243.4563,0.16940631,14.394359,0.86917484,-700.1304943359373,-31.207672480000493,0.017466917357864375,10.31066514456538,0.05396615716552766,0.3749118468250491,0.0006032566758727986,0.06940567629325288
disaggregation,Disaggregation,243,,,-6.0833,-37.9167,-6.0833,-37.9167,1484.6441650390625,0.20245027542114258,13.302708625793457,0.8607410192489624,-6.0833,-37.9167,1044.798,0.157,9.778,0.741,2180.9348,0.17484997,13.24708,0.86017567,-696.2906349609375,-31.92624717441977,0.027600305421142585,15.785135920322196,0.05562862579345662,0.4199312285685345,0.0005653492489624545,0.06572485931419736
disaggregation,Disaggregation,244,,,-6.3833,-37.1833,-6.3833,-37.1833,1407.54833984375,0.17630480229854584,13.302977561950684,0.8607435822486877,-6.3833,-37.1833,840.964,0.218,9.778,0.741,2135.5095,0.15550342,13.247093,0.8601758,-727.9611601562501,-34.08840654449208,0.020801382298545834,13.3768005221659,0.05588456195068403,0.42186283398692853,0.0005677822486876982,0.066007698506247
disaggregation,Disaggregation,245,,,-6.15,-37.7833,-6.15,-37.7833,1484.6441650390625,0.20245027542114258,13.302708625793457,0.8607410192489624,-6.15,-37.7833,817.712,0.187,9.778,0.741,2063.706,0.18316448,13.247103,0.86017585,-579.0618349609376,-28.05931828278532,0.019285795421142587,10.52922238042146,0.05560562579345785,0.41975687660508,0.0005651692489624383,0.06570391960695458
disaggregation,Disaggregation,246,,,-6.0167,-37.4,-6.0167,-37.4,1484.6441650390625,0.20245027542114258,13.302708625793457,0.8607410192489624,-6.0167,-37.4,619.027,0.189,9.778,0.741,2180.9348,0.17484997,13.24708,0.86017567,-696.2906349609375,-31.92624717441977,0.027600305421142585,15.785135920322196,0.05562862579345662,0.4199312285685345,0.0005653492489624545,0.06572485931419736
disaggregation,Disaggregation,247,,,-6.0333,-37.9833,-6.0333,-37.9833,1484.6441650390625,0.20245027542114258,13.302708625793457,0.8607410192489624,,,,,,,,,,,,,,,,,,
disaggregation,Disaggregation,248,,,-6.35,-37.15,-6.35,-37.15,1407.54833984375,0.17630480229854584,13.302977561950684,0.8607435822486877,,,,,,,,,,,,,,,,,,
disaggregation,Disaggregation,249,,,-6.0667,-37.5,-6.0667,-37.5,1484.6441650390625,0.20245027542114258,13.302708625793457,0.8607410192489624,-6.0667,-37.5,553.941,0.163,9.778,0.741,2180.9348,0.17484997,13.24708,0.86017567,-696.2906349609375,-31.92624717441977,0.027600305421142585,15.785135920322196,0.05562862579345662,0.4199312285685345,0.0005653492489624545,0.06572485931419736
disaggregation,Disaggregation,250,,,-6.0833,-37.7167,-6.0833,-37.7167,1484.6441650390625,0.20245027542114258,13.302708625793457,0.8607410192489624,-6.0833,-37.7167,602.454,0.189,9.778,0.741,2180.9348,0.17484997,13.24708,0.86017567,-696.2906349609375,-31.92624717441977,0.027600305421142585,15.785135920322196,0.05562862579345662,0.4199312285685345,0.0005653492489624545,0.06572485931419736
disaggregation,Disaggregation,251,,,-6.1667,-37.85,-6.1667,-37.85,1484.6441650390625,0.20245027542114258,13.302708625793457,0.8607410192489624,-6.1667,-37.85,636.527,0.21,9.778,0.741,2063.706,0.18316448,13.247103,0.86017585,-579.0618349609376,-28.05931828278532,0.019285795421142587,10.52922238042146,0.05560562579345785,0.41975687660508,0.0005651692489624383,0.06570391960695458
disaggregation,Disaggregation,252,,,-6.1167,-37.95,-6.1167,-37.95,1484.6441650390625,0.20245027542114258,13.302708625793457,0.8607410192489624,-6.1167,-37.95,675.184,0.209,9.778,0.741,2063.706,0.18316448,13.247103,0.86017585,-579.0618349609376,-28.05931828278532,0.019285795421142587,10.52922238042146,0.05560562579345785,0.41975687660508,0.0005651692489624383,0.06570391960695458
disaggregation,Disaggregation,253,,,-6.2167,-37.8833,-6.2167,-37.8833,1458.333740234375,0.185271754860878,13.303224563598633,0.8607458472251892,-6.2167,-37.8833,706.118,0.167,9.778,0.741,1926.4076,0.18561096,13.245848,0.86016417,-468.073859765625,-24.297758156977007,-0.0003392051391220008,-0.18275059787525522,0.0573765635986323,0.4331664050397702,0.0005816772251892033,0.06762397754712374
disaggregation,Disaggregation,254,,,-6.4667,-37.2667,-6.4667,-37.2667,1407.54833984375,0.17630480229854584,13.302977561950684,0.8607435822486877,-6.4667,-37.2667,642.164,0.203,9.778,0.741,2135.5095,0.15550342,13.247093,0.8601758,-727.9611601562501,-34.08840654449208,0.020801382298545834,13.3768005221659,0.05588456195068403,0.42186283398692853,0.0005677822486876982,0.066007698506247
disaggregation,Disaggregation,255,,,-6.4167,-38.0167,-6.4167,-38.0167,1367.031005859375,0.1794188916683197,13.303008079528809,0.8607438206672668,-6.4167,-38.0167,743.495,0.164,9.778,0.741,1982.3663,0.1375782,13.246783,0.8601729,-615.3352941406249,-31.04044364256116,0.04184069166831969,30.412297637503386,0.05622507952880795,0.42444327448262686,0.0005709206672668277,0.0663727800848908
disaggregation,Disaggregation,256,,,-6.4167,-38.4,-6.4167,-38.4,1453.867919921875,0.1645171195268631,13.303227424621582,0.860745906829834,-6.4167,-38.4,805.748,0.188,9.778,0.741,2052.2432,0.20686473,13.247098,0.86017585,-598.3752800781249,-29.157133037552516,-0.0423476104731369,-20.47116029549208,0.05612942462158266,0.4237110997562082,0.0005700568298340203,0.06627212677896273
disaggregation,Disaggregation,257,,,-6.1167,-38.2167,-6.1167,-38.2167,1403.4490966796875,0.20157308876514435,13.30294418334961,0.8607432246208191,-6.1167,-38.2167,760.427,0.185,9.778,0.741,2063.706,0.18316448,13.247103,0.86017585,-660.2569033203126,-31.993748301372023,0.018408608765144358,10.05031585007331,0.05584118334961019,0.42153505826602383,0.0005673746208191277,0.06596030576993388
disaggregation,Disaggregation,258,,,-6.0833,-38.3667,-6.0833,-38.3667,1358.1702880859375,0.19221745431423187,13.302998542785645,0.8607437610626221,-6.0833,-38.3667,567.114,0.187,9.778,0.741,2119.1616,0.16954038,13.247095,0.8601758,-760.9913119140624,-35.91001799551589,0.022677074314231882,13.375618430389201,0.05590354278564469,0.422006053294286,0.0005679610626220244,0.06602848657472395
disaggregation,Disaggregation,259,,,-6.2667,-38.3167,-6.2667,-38.3167,1459.847900390625,0.18714967370033264,13.303223609924316,0.8607458472251892,-6.2667,-38.3167,651.469,0.164,9.778,0.741,1920.8224,0.19374627,13.245831,0.86016405,-460.974499609375,-23.998809031453145,-0.006596596299667357,-3.4047604114739123,0.05739260992431561,0.43328810343658775,0.0005817972251892511,0.06763793780840424
disaggregation,Disaggregation,260,,,-6.0833,-38.1167,-6.0833,-38.1167,1366.1705322265625,0.20403145253658295,13.302974700927734,0.860743522644043,-6.0833,-38.1167,637.165,0.184,9.778,0.741,2180.9348,0.17484997,13.24708,0.86017567,-814.7642677734375,-37.358488102140306,0.029181482536582953,16.68944097421518,0.055894700927733965,0.4219397854299511,0.0005678526440430209,0.06601589231685906
disaggregation,Disaggregation,261,,,-6.1167,-38.3167,-6.1167,-38.3167,1363.3629150390625,0.21724000573158264,13.302956581115723,0.8607433438301086,-6.1167,-38.3167,618.882,0.179,9.778,0.741,2020.1182,0.17748024,13.247111,0.86017597,-656.7552849609374,-32.51073550849339,0.03975976573158263,22.40236193707121,0.055845581115722354,0.4215680016248249,0.0005673738301086306,0.06596020464378127
disaggregation,Disaggregation,262,,,-6.2,-38.2833,-6.2,-38.2833,1403.4490966796875,0.20157308876514435,13.30294418334961,0.8607432246208191,-6.2,-38.2833,607.934,0.157,9.778,0.741,1926.4076,0.18561096,13.245848,0.86016417,-522.9585033203125,-27.146825174501622,0.015962128765144357,8.59977706335033,0.057096183349608864,0.431049664389995,0.0005790546208190861,0.06731908175378731
disaggregation,Disaggregation,263,,,-6.25,-38.4333,-6.25,-38.4333,1403.72509765625,0.20514795184135437,13.302936553955078,0.8607431650161743,-6.25,-38.4333,594.226,0.167,9.778,0.741,1904.2167,0.17269242,13.24603,0.8601659,-500.49160234374995,-26.283332266949973,0.03245553184135436,18.79383695089475,0.05690655395507882,0.4296121476025558,0.0005772650161742776,0.06711089293057043
disaggregation,Disaggregation,264,,,-6.3167,-38.2833,-6.3167,-38.2833,1348.250732421875,0.17709596455097198,13.303028106689453,0.8607439994812012,-6.3167,-38.2833,767.01,0.159,9.778,0.741,1845.2045,0.14859079,13.246918,0.8601742,-496.95376757812505,-26.93217838879783,0.028505174550971984,19.183675213633354,0.056110106689452266,0.42357102753600695,0.000569799481201172,0.06624233570376466
disaggregation,Disaggregation,265,,,-6.2667,-38.05,-6.2667,-38.05,1458.333740234375,0.185271754860878,13.303224563598633,0.8607458472251892,-6.2667,-38.05,563.409,0.16,9.778,0.741,1926.4076,0.18561096,13.245848,0.86016417,-468.073859765625,-24.297758156977007,-0.0003392051391220008,-0.18275059787525522,0.0573765635986323,0.4331664050397702,0.0005816772251892033,0.06762397754712374
disaggregation,Disaggregation,266,,,-6.1833,-38.2167,-6.1833,-38.2167,1403.4490966796875,0.20157308876514435,13.30294418334961,0.8607432246208191,,,,,,,,,,,,,,,,,,
disaggregation,Disaggregation,267,,,-6.3167,-38.4833,-6.3167,-38.4833,1498.71923828125,0.17739297449588776,13.302791595458984,0.8607418537139893,-6.3167,-38.4833,628.381,0.182,9.778,0.741,1949.6746,0.18144634,13.247124,0.8601761,-450.95536171875005,-23.129775692761758,-0.004053365504112255,-2.233919683423901,0.05566759545898492,0.4202240083129359,0.0005657537139892588,0.06577184764715722
disaggregation,Disaggregation,268,,,-6.4,-38.3167,-6.4,-38.3167,1449.423828125,0.18179400265216827,13.303227424621582,0.8607458472251892,-6.4,-38.3167,633.868,0.17,9.778,0.741,2015.6442,0.18793678,13.247109,0.86017597,-566.220371875,-28.091285747504447,-0.006142777347831724,-3.2685338909348793,0.05611842462158201,0.4236277109336234,0.000569877225189197,0.0662512375449406
disaggregation,Disaggregation,269,,,-6.4667,-38.2667,-6.4667,-38.2667,1446.6705322265625,0.17853239178657532,13.303229331970215,0.860745906829834,-6.4667,-38.2667,629.153,0.159,9.778,0.741,1982.3663,0.1375782,13.246783,0.8601729,-535.6957677734374,-27.023046536527453,0.040954191786575306,29.767936916295824,0.0564463319702142,0.4261135097496064,0.0005730068298339663,0.06661530836811604
disaggregation,Disaggregation,270,,,-5.067,-36.061,-5.067,-36.061,,,,,,,,,,,,,,,,,,,,,,
disaggregation,Disaggregation,271,,,-5.05,-36.8,-5.05,-36.8,,,,,-5.05,-36.8,459.989,0.21,9.778,0.741,1706.3002,0.18179,10.976432,0.8492011,,,,,,,,
disaggregation,Disaggregation,272,,,-6.4833,-36.85,-6.4833,-36.85,1407.54833984375,0.17630480229854584,13.302977561950684,0.8607435822486877,-6.4833,-36.85,536.956,0.165,9.778,0.741,2135.5095,0.15550342,13.247093,0.8601758,-727.9611601562501,-34.08840654449208,0.020801382298545834,13.3768005221659,0.05588456195068403,0.42186283398692853,0.0005677822486876982,0.066007698506247
disaggregation,Disaggregation,273,,,-8.9322,-62.05559999,-8.9322,-62.0556,6542.49755859375,0.22226378321647644,50.47597122192383,1.0373433828353882,-8.9322,-62.05559999,918.0142,0.2085,13.8681,0.7137,7363.0093,0.1337024,50.475582,1.0373633,-820.5117414062497,-11.143701005596307,0.08856138321647644,66.23769148233424,0.0003892219238252892,0.0007711093332718565,-1.9917164611804594e-05,-0.0019199796842441403
disaggregation,Disaggregation,274,,,-8.9322,-62.05559999,-8.9322,-62.0556,6542.49755859375,0.22226378321647644,50.47597122192383,1.0373433828353882,-8.9322,-62.05559999,918.0142,0.2085,13.8681,0.7137,7363.0093,0.1337024,50.475582,1.0373633,-820.5117414062497,-11.143701005596307,0.08856138321647644,66.23769148233424,0.0003892219238252892,0.0007711093332718565,-1.9917164611804594e-05,-0.0019199796842441403
disaggregation,Disaggregation,275,,,-8.7667,-63.91669999,-8.7667,-63.9167,3970.080810546875,0.20227932929992676,36.146419525146484,0.9619765281677246,-8.7667,-63.91669999,1774.359,0.332,13.867,0.714,4791.573,0.13610078,36.151264,0.9620141,-821.4921894531253,-17.144519961464123,0.06617854929992675,48.62466570722574,-0.004844474853513248,-0.013400568382652535,-3.757183227537375e-05,-0.0039055386272793457
disaggregation,Disaggregation,276,,,-9.58639999,-62.3939,-9.5864,-62.3939,6173.271484375,0.18738560378551483,50.87190246582031,1.0355331897735596,-9.58639999,-62.3939,945.329,0.174,13.868,0.714,6824.696,0.13592231,50.862537,1.0355018,-651.4245156249999,-9.545106706950754,0.05146329378551484,37.862286026123925,0.009365465820309282,0.018413288783273397,3.138977355954253e-05,0.003031358666835976
disaggregation,Disaggregation,277,,,-9.9317,-63.0569,-9.9317,-63.0569,4391.85107421875,0.18464703857898712,38.02507781982422,0.974966824054718,-9.9317,-63.0569,1053.185,0.206,13.868,0.714,5648.166,0.15975086,38.022305,0.97496414,-1256.3149257812502,-22.242882482229632,0.024896178578987127,15.58437843714089,0.002772819824215844,0.007292613701920081,2.6840547180384533e-06,0.00027529778870004937
disaggregation,Disaggregation,278,,,-9.2606,-63.1619,-9.2606,-63.1619,4912.07373046875,0.18432863056659698,46.15353012084961,1.004659652709961,-9.2606,-63.1619,981.296,0.182,13.868,0.714,6490.848,0.13953143,46.148254,1.0046407,-1578.77426953125,-24.323081815060988,0.04479720056659697,32.10545506958323,0.005276120849607935,0.011432980432169622,1.8952709960995406e-05,0.0018865162401837201
disaggregation,Disaggregation,279,,,-9.8872,-62.9878,-9.8872,-62.9878,4541.33251953125,0.21273472905158997,38.06217956542969,0.9755096435546875,-9.8872,-62.9878,945.314,0.188,13.868,0.714,5752.772,0.15544695,38.447746,0.9768407,-1211.43948046875,-21.05836074276453,0.057287779051589965,36.85358834740081,-0.3855664345703147,-1.0028323495747051,-0.0013310564453125062,-0.1362613622991452
disaggregation,Disaggregation,280,,,-9.7031,-65.3647,-9.7031,-65.3647,,,,,,,,,,,,,,,,,,,,,,
disaggregation,Disaggregation,281,,,-9.75559999,-66.61169999,-9.7556,-66.6117,2505.998046875,0.20854206383228302,17.931425094604492,0.8940940499305725,-9.75559999,-66.61169999,918.097,0.19,13.868,0.714,2399.254,0.15025045,17.932297,0.89408785,106.7440468750001,4.449051533309941,0.05829161383228301,38.79629900095674,-0.0008719053955061895,-0.0048622069749691835,6.1999305724924625e-06,0.0006934363969371088
disaggregation,Disaggregation,282,,,-10.5169,-62.00139999,-10.5169,-62.0014,4535.5810546875,0.2611050605773926,42.75963592529297,0.9898045063018799,-10.5169,-62.00139999,1223.7,0.1361,12.7,0.7775,5473.9336,0.15401134,42.75486,0.9898028,-938.3525453125003,-17.14219816828798,0.10709372057739258,69.53625660122988,0.004775925292967997,0.011170485163483162,1.706301879900174e-06,0.00017238806355166644
disaggregation,Disaggregation,283,,,-10.4458,-62.4656,-10.4458,-62.4656,4733.84130859375,0.16556836664676666,43.53779983520508,0.9924378991127014,-10.4458,-62.4656,826.2986,0.1914,13.8681,0.7137,5518.407,0.13172224,43.526833,0.9923959,-784.5656914062502,-14.217249496208781,0.03384612664676667,25.695073699602037,0.010966835205074688,0.02519557350996496,4.199911270141854e-05,0.004232092524910526
disaggregation,Disaggregation,284,,,-10.4458,-62.4656,-10.4458,-62.4656,4733.84130859375,0.16556836664676666,43.53779983520508,0.9924378991127014,-10.4458,-62.4656,826.2986,0.1914,13.8681,0.7137,5518.407,0.13172224,43.526833,0.9923959,-784.5656914062502,-14.217249496208781,0.03384612664676667,25.695073699602037,0.010966835205074688,0.02519557350996496,4.199911270141854e-05,0.004232092524910526
disaggregation,Disaggregation,285,,,-10.2364,-62.6272,-10.2364,-62.6272,4098.4755859375,0.235788956284523,37.40974426269531,0.9721235632896423,-10.2364,-62.6272,926.701,0.173,13.868,0.714,5168.5967,0.12085819,37.77886,0.9733995,-1070.1211140625,-20.704287375768747,0.114930766284523,95.09555478575594,-0.36911573730468916,-0.9770430799253581,-0.0012759367103576391,-0.13108047727142239
disaggregation,Disaggregation,286,,,-10.7925,-65.3478,-10.7925,-65.3478,,,,,,,,,,,,,,,,,,,,,,
disaggregation,Disaggregation,287,,,-12.0153,-60.855,-12.0153,-60.855,1995.9920654296875,0.20621757209300995,19.84235382080078,0.8793677091598511,-12.0153,-60.855,940.299,0.226,13.868,0.714,2190.79,0.13469839,19.916529,0.87997663,-194.79793457031246,-8.891675357761924,0.07151918209300995,53.09579579459706,-0.07417517919921934,-0.37243025227548104,-0.0006089208401489632,-0.06919738767937089
disaggregation,Disaggregation,288,,,-11.44079999,-61.48389999,-11.4408,-61.4839,2331.0830078125,0.1861848682165146,22.78788185119629,0.8942084908485413,-11.44079999,-61.48389999,941.599,0.231,13.868,0.714,2727.0605,0.16561945,22.793236,0.8942747,-395.97749218750005,-14.520304635247367,0.020565418216514586,12.417272377437907,-0.005354148803711212,-0.023490077511202058,-6.62091514587182e-05,-0.007403670422378962
disaggregation,Disaggregation,289,,,-11.6836,-61.1922,-11.6836,-61.1922,2384.4619140625,0.2897605299949646,21.9288330078125,0.8903408646583557,-11.6836,-61.1922,867.613,0.183,13.868,0.714,2685.084,0.15379055,21.927168,0.8903595,-300.62208593749983,-11.196003027745123,0.1359699799949646,88.4124414633829,0.0016650078124982315,0.007593355477999855,-1.8635341644257508e-05,-0.002093013175493439
disaggregation,Disaggregation,290,,,-12.7,-60.0833,-12.7,-60.0833,1514.953857421875,0.15424753725528717,11.997745513916016,0.8451073169708252,-12.7,-60.0833,734.652,0.233,13.868,0.714,1755.2528,0.16545169,12.439023,0.8486312,-240.29894257812498,-13.690275416630868,-0.011204152744712842,-6.7718575402359695,-0.441277486083985,-3.5475252846142737,-0.0035238830291748346,-0.41524316206790823
disaggregation,Disaggregation,291,,,-12.8514,-62.8992,-12.8514,-62.8992,,,,,,,,,,,,,,,,,,,,,,
disaggregation,Disaggregation,292,,,-8.79277778,-63.84611111,-8.79278,-63.84611,4121.78125,0.21749454736709595,36.15422439575195,0.9621512293815613,-8.79277778,-63.84611111,1173.0054,0.1287,13.0,0.7679,4925.599,0.13534047,36.337444,0.9633148,-803.8177500000002,-16.31918777797381,0.08215407736709596,60.70178222899327,-0.18321960424804473,-0.5042170942129136,-0.0011635706184387473,-0.12078820116111029
disaggregation,Disaggregation,293,,,2.81666667,-60.65,2.81667,-60.65,3082.7958984375,0.201120987534523,41.32445526123047,0.9264764785766602,2.81666667,-60.65,951.57,0.161,12.0,0.76,2733.765,0.17142658,41.320915,0.9264558,349.0308984375001,12.767406797493573,0.029694407534523015,17.32193895166258,0.003540261230469355,0.00856772225510823,2.0678576660104753e-05,0.0022320089809038652
disaggregation,Disaggregation,294,,,-27.3889,-52.4544,-27.3889,-52.4544,2364.762939453125,0.16002975404262543,9.332470893859863,0.8601449728012085,-27.3889,-52.4544,1571.4,0.1488,16.2,0.8169,2943.6616,0.14971852,9.403272,0.860165,-578.8986605468749,-19.66593784240943,0.010311234042625433,6.887079863349862,-0.07080110614013613,-0.7529411692029767,-2.002719879146131e-05,-0.002328297337308692
disaggregation,Disaggregation,295,,,-28.66639999,-55.9797,-28.6664,-55.9797,,,,,,,,,,,,,,,,,,,,,,
disaggregation,Disaggregation,296,,,-29.82,-51.1611,-29.82,-51.1611,2603.15625,0.15329915285110474,11.556527137756348,0.8738589882850647,-29.82,-51.1611,1685.6,0.1594,23.3,0.838,3384.0012,0.18100837,11.597096,0.8743655,-780.8449500000002,-23.074606179217668,-0.027709217148895265,-15.308251849842781,-0.04056886224365286,-0.34981914647988477,-0.0005065117149353204,-0.05792905997953035
disaggregation,Disaggregation,297,,,-29.75,-57.0833,-29.75,-57.0833,,,,,,,,,,,,,,,,,,,,,,
disaggregation,Disaggregation,298,,,-30.9781,-54.6758,-30.9781,-54.6758,1467.4114990234375,0.17850695550441742,12.465563774108887,0.8108970522880554,-30.9781,-54.6758,1362.4,0.1543,12.1859,0.8011,1961.3112,0.15808621,12.389652,0.81056255,-493.8997009765626,-25.182118012509314,0.020420745504417415,12.917474272055363,0.07591177410888683,0.6127030372514646,0.00033450228805542714,0.04126791794851947
disaggregation,Disaggregation,299,,,-31.3675,-51.9867,-31.3675,-51.9867,7351.12841796875,0.16879525780677795,84.40196228027344,1.0478925704956055,-31.3675,-51.9867,1731.3,0.1795,21.7,0.8455,10760.345,0.15134148,84.595604,1.0479447,-3409.2165820312493,-31.683153114804867,0.017453777806777954,11.532712516606784,-0.19364171972655697,-0.2289028159507638,-5.2129504394482495e-05,-0.004974451838392092
disaggregation,Disaggregation,300,,,-31.40439999,-52.67329999,-31.4044,-52.6733,4205.5703125,0.12305668741464615,45.090003967285156,0.9595311284065247,-31.40439999,-52.67329999,838.44,0.1341,9.3677,0.7271,5825.206,0.17144199,45.122467,0.95956725,-1619.6356875000001,-27.80392122613346,-0.04838530258535384,-28.2225507212987,-0.032463032714844076,-0.07194427714877397,-3.612159347532451e-05,-0.0037643628912225288
disaggregation,Disaggregation,301,,,-31.67279999,-52.17779999,-31.6728,-52.1778,13142.0888671875,0.16660232841968536,101.77735900878906,1.119593858718872,-31.67279999,-52.17779999,1543.18,0.1513,13.4694,0.8341,18352.074,0.15017258,101.820305,1.1192347,-5209.9851328125005,-28.389080889781177,0.016429748419685364,10.940578113318265,-0.042945991210942225,-0.04217821898190368,0.00035915871887204354,0.032089669742373386
disaggregation,Disaggregation,302,,,-32.5381,-52.5386,-32.5381,-52.5386,19633.396484375,0.26344168186187744,109.66665649414062,1.1677324771881104,-32.5381,-52.5386,1218.48,0.0768,9.3661,0.7271,23445.328,0.1564296,110.29799,1.1693897,-3811.9315156250013,-16.258810777247398,0.10701208186187744,68.40910023542695,-0.6313335058593736,-0.5723889491180879,-0.0016572228118896248,-0.14171689830085085
disaggregation,Disaggregation,303,,,-32.5381,-52.5386,-32.5381,-52.5386,19633.396484375,0.26344168186187744,109.66665649414062,1.1677324771881104,-32.5381,-52.5386,1218.48,0.0768,9.3661,0.7271,23445.328,0.1564296,110.29799,1.1693897,-3811.9315156250013,-16.258810777247398,0.10701208186187744,68.40910023542695,-0.6313335058593736,-0.5723889491180879,-0.0016572228118896248,-0.14171689830085085
disaggregation,Disaggregation,304,,,-26.3217,-48.8464,-26.3217,-48.8464,3837.9267578125,0.1992298662662506,33.134986877441406,0.9463295936584473,-26.3217,-48.8464,1218.2,0.1997,33.7,0.7948,5934.8237,0.15698291,33.062763,0.94602203,-2096.8969421875,-35.33208479617516,0.04224695626625061,26.911818787312967,0.07222387744140946,0.21844477257212128,0.0003075636584473074,0.032511257528253054
disaggregation,Disaggregation,305,,,-26.4239,-49.2925,-26.4239,-49.2925,5352.06005859375,0.14908479154109955,45.7426872253418,1.0033338069915771,-26.4239,-49.2925,1214.9,0.1704,35.0,0.7993,8475.629,0.2084446,45.65484,1.0029168,-3123.568941406251,-36.853535488708275,-0.05935980845890046,-28.477498797714336,0.08784722534179679,0.19241601841512704,0.0004170069915772068,0.041579420304576294
disaggregation,Disaggregation,306,,,-26.5561,-52.3308,-26.5561,-52.3308,10124.5595703125,0.149028018116951,58.16667938232422,1.0518468618392944,-26.5561,-52.3308,1082.8,0.1791,14.5,0.7828,12821.038,0.18410881,58.668037,1.0535896,-2696.4784296875005,-21.03167021022401,-0.03508079188304902,-19.05437978934795,-0.5013576176757795,-0.8545668873764763,-0.0017427381607055814,-0.16540958269762546
disaggregation,Disaggregation,307,,,-26.5836,-52.6403,-26.5836,-52.6403,3769.45947265625,0.15934297442436218,22.93426513671875,0.9084793925285339,-26.5836,-52.6403,1188.2,0.1805,14.7,0.7815,5136.144,0.16034262,23.233486,0.909875,-1366.6845273437502,-26.609155182248593,-0.0009996455756378086,-0.6234434585376045,-0.2992208632812492,-1.2878862142394354,-0.0013956074714660538,-0.15338452770611938
disaggregation,Disaggregation,308,,,-26.6828,-53.2867,-26.6828,-53.2867,6291.248046875,0.15659098327159882,39.346893310546875,0.9854781627655029,-26.6828,-53.2867,785.8,0.165,11.5,0.7122,7366.587,0.16859233,39.044823,0.983884,-1075.3389531250004,-14.597519219212375,-0.012001346728401197,-7.118560333320736,0.30207031054687405,0.7736500958062329,0.0015941627655029489,0.16202751193260068
disaggregation,Disaggregation,309,,,-28.2767,-48.7003,-28.2767,-48.7003,3114.05322265625,0.19156984984874725,28.925203323364258,0.9297353029251099,-28.2767,-48.7003,1235.0,0.1854,35.0,0.7772,4822.278,0.2098867,28.564642,0.9298403,-1708.2247773437502,-35.423606381543124,-0.018316850151252756,-8.72701802984789,0.3605613233642586,1.2622644574514836,-0.00010499707489008969,-0.01129194711071242
disaggregation,Disaggregation,310,,,-28.9583,-49.6014,-28.9583,-49.6014,2618.98681640625,0.20241861045360565,15.140118598937988,0.8840456008911133,-28.9583,-49.6014,913.3,0.1756,29.4,0.7703,3653.7625,0.1591094,15.129022,0.8838826,-1034.7756835937498,-28.32082500145398,0.04330921045360564,27.219768570308002,0.011096598937987423,0.07334643930048765,0.0001630008911133185,0.01844146395837168
disaggregation,Disaggregation,311,,,-9.91666667,-37.26666667,-9.91667,-37.26667,1268.6158447265625,0.285828560590744,13.360265731811523,0.8555929660797119,-9.91666667,-37.26666667,873.7,0.125,10.52,0.753,1593.5812,0.19560361,13.360378,0.8555613,-324.9653552734376,-20.39214288380395,0.09022495059074401,46.12642404234973,-0.00011226818847731579,-0.0008403069769232261,3.1666079711945017e-05,0.0037012052452518617
disaggregation,Disaggregation,312,,,-9.7,-37.66666667,-9.7,-37.66667,1197.9874267578125,0.2828627824783325,12.955493927001953,0.8554027676582336,-9.7,-37.66666667,899.94,0.109,10.52,0.753,1375.7621,0.21391384,12.962013,0.8554337,-177.77467324218742,-12.921905120237534,0.06894894247833253,32.232109188602536,-0.006519072998047548,-0.05029367736359736,-3.093234176632098e-05,-0.0036159835375109703
disaggregation,Disaggregation,313,,,-10.6,-36.95,-10.6,-36.95,2034.9493408203125,0.2460433691740036,15.150237083435059,0.8655295372009277,-10.6,-36.95,1027.8,0.153,10.52,0.753,2521.3481,0.1695341,16.004221,0.86918086,-486.39875917968766,-19.291218026566327,0.07650926917400361,45.12913282578762,-0.8539839165649425,-5.335991777200168,-0.0036513227990723207,-0.420087805324236
disaggregation,Disaggregation,314,,,-10.45,-36.65,-10.45,-36.65,2076.777099609375,0.2499266415834427,15.147960662841797,0.8614490628242493,-10.45,-36.65,893.6,0.149,10.52,0.753,2308.1619,0.22443381,15.149016,0.86145985,-231.38480039062506,-10.02463477066427,0.025492831583442677,11.35873047979833,-0.0010553371582027182,-0.006966374305781433,-1.0787175750759381e-05,-0.001252197157042128
disaggregation,Disaggregation,315,,,-10.2,-36.86666667,-10.2,-36.86667,1882.34765625,0.2714747190475464,14.498388290405273,0.86082923412323,-10.2,-36.86666667,984.38,0.14,10.52,0.753,2130.1428,0.21727024,14.535405,0.85676837,-247.79514375000008,-11.632794935156463,0.05420447904754638,24.94795377753823,-0.03701670959472736,-0.25466582867644455,0.004060864123230035,0.4739745613193021
disaggregation,Disaggregation,316,,,-10.26666667,-37.03333333,-10.26667,-37.03333,1650.135009765625,0.2344064861536026,14.052773475646973,0.8584575057029724,-10.26666667,-37.03333333,957.79,0.168,10.52,0.753,2023.3318,0.21221249,14.03456,0.8582803,-373.19679023437493,-18.444665883982793,0.022193996153602596,10.458383553956978,0.018213475646971844,0.12977589355827218,0.0001772057029724161,0.020646600297410545
disaggregation,Disaggregation,317,,,-10.91666667,-37.05,-10.91667,-37.05,,,,,,,,,,,,,,,,,,,,,,
disaggregation,Disaggregation,318,,,-10.9417,-37.34499999,-10.9417,-37.345,1644.43896484375,0.22205515205860138,16.292219161987305,0.8650621175765991,,,,,,,,,,,,,,,,,,
disaggregation,Disaggregation,319,,,-10.75,-37.5,-10.75,-37.5,1501.9075927734375,0.23660816252231598,15.46662712097168,0.8660542964935303,-10.75,-37.5,953.39,0.183,10.52,0.753,1937.0233,0.18413013,15.150143,0.864579,-435.11570722656256,-22.46311168412701,0.052478032522315976,28.500513480502065,0.31648412097167977,2.0889843810166,0.001475296493530287,0.17063755810981843
disaggregation,Disaggregation,320,,,-10.55,-37.53333333,-10.55,-37.53333,1280.440673828125,0.1945137083530426,12.310888290405273,0.8474902510643005,-10.55,-37.53333333,795.3,0.135,10.52,0.753,1632.2233,0.18294446,12.31196,0.84759074,-351.7826261718751,-21.55235905356057,0.0115692483530426,6.323912925836946,-0.0010717095947256894,-0.00870462212942285,-0.00010048893569947204,-0.011855832179038676
disaggregation,Disaggregation,321,,,-10.11666667,-37.1,-10.11667,-37.1,1588.4620361328125,0.2627584934234619,14.05373764038086,0.8584662079811096,-10.11666667,-37.1,853.3,0.71,10.52,0.753,1906.3245,0.22239286,13.697022,0.8568821,-317.86246386718744,-16.674100546217993,0.040365633423461916,18.150597741070428,0.3567156403808589,2.6043299074854294,0.0015841079811096392,0.18486883797778472
disaggregation,Disaggregation,322,,,-10.96666667,-37.3,-10.96667,-37.3,1788.233642578125,0.19572441279888153,16.457340240478516,0.8658658266067505,-10.96666667,-37.3,1021.8,0.168,10.52,0.753,2345.9539,0.20158723,16.29194,0.86505824,-557.720257421875,-23.77370916887476,-0.005862817201118475,-2.9083276758743475,0.16540024047851531,1.0152274098634988,0.00080758660675051,0.09335632786418056
disaggregation,Disaggregation,323,,,-10.55,-37.63333333,-10.55,-37.63333,1230.7509765625,0.1715567409992218,12.00117015838623,0.8463233709335327,-10.55,-37.63333333,913.6,0.131,10.52,0.753,1521.0088,0.19673565,12.018791,0.8464541,-290.25782343750006,-19.083244188823894,-0.02517890900077821,-12.798345902625279,-0.017620841613769755,-0.1466107665385791,-0.00013072906646727223,-0.015444318418124766
disaggregation,Disaggregation,324,,,-10.21666667,-37.41666667,-10.21667,-37.41667,1250.1375732421875,0.25430744886398315,13.325580596923828,0.8568857312202454,-10.21666667,-37.41666667,905.2,0.118,10.52,0.753,1588.8184,0.198812,13.332678,0.8569233,-338.6808267578126,-21.316522187671833,0.055495448863983166,27.913530804973124,-0.00709740307617146,-0.053233139480091396,-3.756877975469308e-05,-0.004384147304046124
disaggregation,Disaggregation,325,,,-10.5,-37.21666667,-10.5,-37.21667,1528.28076171875,0.23271869122982025,14.02023983001709,0.8597051501274109,-10.5,-37.21666667,838.7,0.161,10.52,0.753,2460.5422,0.18953209,16.01721,0.8694685,-932.2614382812499,-37.88845557216007,0.043186601229820265,22.785904608459848,-1.9969701699829088,-12.467653043088708,-0.009763349872589089,-1.1229101310270688
disaggregation,Disaggregation,326,,,-10.73333333,-37.8,-10.73333,-37.8,1312.59912109375,0.2074192762374878,14.484621047973633,0.861509382724762,-10.73333333,-37.8,862.5,0.117,10.52,0.753,1609.9626,0.19373366,14.112163,0.8597794,-297.36347890625007,-18.47021035806981,0.013685616237487791,7.064139622142992,0.37245804797363213,2.639269741808057,0.0017299827247619914,0.20121239526813406
disaggregation,Disaggregation,327,,,-10.91666667,-37.66666667,-10.91667,-37.66667,1392.0574951171875,0.21701966226100922,15.748903274536133,0.8624728322029114,-10.91666667,-37.66666667,851.6,0.134,10.52,0.753,2035.9393,0.17273295,15.75402,0.8625235,-643.8818048828125,-31.62578593982701,0.04428671226100922,25.63883281157951,-0.005116725463867766,-0.03247885596100402,-5.066779708862157e-05,-0.005874367143460041
disaggregation,Disaggregation,328,,,-10.7086,-38.1775,-10.7086,-38.1775,1081.7049560546875,0.21397830545902252,11.181953430175781,0.8426216244697571,-10.7086,-38.1775,949.6,0.109,10.52,0.753,1371.9679,0.2415512,11.185929,0.8426452,-290.2629439453126,-21.156686242098854,-0.02757289454097747,-11.414927576835666,-0.003975569824218539,-0.03554081046123696,-2.3575530242903042e-05,-0.002797800336713844
disaggregation,Disaggregation,329,,,-11.0303,-37.47829999,-11.0303,-37.4783,1799.673583984375,0.23769041895866394,17.44321632385254,0.8708769083023071,-11.0303,-37.47829999,1053.3,0.173,10.52,0.753,2455.514,0.20329146,17.435024,0.87083966,-655.8404160156251,-26.708885227924785,0.03439895895866393,16.92100541688467,0.00819232385254054,0.046987740610741575,3.724830230711351e-05,0.004277285936553867
disaggregation,Disaggregation,330,,,-11.05,-37.85,-11.05,-37.85,1524.4892578125,0.24698925018310547,16.980985641479492,0.869071900844574,-11.05,-37.85,778.4,0.16,10.52,0.753,2060.078,0.19829148,16.978067,0.8690733,-535.5887421875,-25.998469096194412,0.04869777018310548,24.558680071935253,0.002918641479492834,0.017190658273953295,-1.3991554260739392e-06,-0.00016099394908046757
disaggregation,Disaggregation,331,,,-11.26666667,-37.45,-11.26667,-37.45,1948.152587890625,0.18095079064369202,18.480409622192383,0.8700035810470581,-11.26666667,-37.45,1047.5,0.166,10.52,0.753,2537.9248,0.18833272,18.472134,0.86998725,-589.7722121093748,-23.238364356161178,-0.007381929356307992,-3.9196212725584765,0.008275622192382315,0.04480057470556631,1.6331047058115722e-05,0.001877159355854436
disaggregation,Disaggregation,332,,,-11.18333333,-38.0,-11.18333,-38.0,1383.1644287109375,0.2290767878293991,17.069528579711914,0.8641400337219238,-11.18333333,-38.0,872.87,0.137,10.52,0.753,1560.6638,0.2089224,16.997368,0.8638439,-177.49937128906254,-11.373325330481974,0.0201543878293991,9.646829554609319,0.07216057971191248,0.42453972704428394,0.00029613372192383025,0.03428092991382242
disaggregation,Disaggregation,333,,,-20.08333,-47.4333,-20.08333,-47.4333,3443.868896484375,0.17824138700962067,24.398286819458008,0.9578417539596558,-20.08333,-47.4333,715.6,0.2024,18.8,0.7296,4557.5664,0.21102881,24.31386,0.95709306,-1113.6975035156247,-24.436232097806073,-0.032787422990379345,-15.536941610190258,0.08442681945800956,0.34723741708642547,0.0007486939596557107,0.07822582682353905
disaggregation,Disaggregation,334,,,-20.1786,-47.8867,-20.1786,-47.8867,27120.759765625,0.1542997807264328,86.11432647705078,1.2517311573028564,-20.1786,-47.8867,2314.0,0.2198,33.8,0.8805,35266.742,0.21621552,84.84739,1.2469544,-8145.982234374998,-23.09819896143227,-0.061915739273567194,-28.636121622336454,1.266936477050777,1.4931944012075997,0.004776757302856538,0.3830739362126264
disaggregation,Disaggregation,335,,,-20.7333,-47.8833,-20.7333,-47.8833,2700.87841796875,0.13438110053539276,22.3192081451416,0.9369810819625854,-20.7333,-47.8833,3545.1,0.148,44.55,0.9364,4304.7676,0.18080273,22.39602,0.93742573,-1603.8891820312501,-37.25843834243805,-0.046421629464607234,-25.67529232805679,-0.07681185485839848,-0.3429710049303335,-0.00044464803741450787,-0.04743288168701193
disaggregation,Disaggregation,336,,,-20.8,-47.7667,-20.8,-47.7667,2272.45361328125,0.1426987200975418,18.38807487487793,0.9101573824882507,-20.8,-47.7667,1372.4,0.1585,17.7,0.821,3630.244,0.15339309,18.49669,0.9107826,-1357.7903867187501,-37.40217976308893,-0.0106943699024582,-6.97187200704947,-0.10861512512207128,-0.5872138481105066,-0.0006252175117492653,-0.06864618535194517
disaggregation,Disaggregation,337,,,-20.4,-47.4,-20.4,-47.4,2788.169189453125,0.16564057767391205,22.482812881469727,0.9403467178344727,-20.4,-47.4,2544.9,0.1611,36.3,0.8836,5116.745,0.20335722,25.700602,0.9507556,-2328.575810546875,-45.508928245337124,-0.03771664232608796,-18.546989541894778,-3.2177891185302734,-12.520286950983769,-0.010408882165527378,-1.0948010367256713
disaggregation,Disaggregation,338,,,-20.2833,-47.6833,-20.2833,-47.6833,6541.68798828125,0.17582251131534576,41.29238510131836,1.0537972450256348,-20.2833,-47.6833,2051.4,0.2462,34.2,0.8726,8696.185,0.19147168,40.863113,1.051477,-2154.4970117187495,-24.77519753453669,-0.01564916868465424,-8.1730983321681,0.4292721013183609,1.0505124788666025,0.0023202450256347706,0.22066531418516722
disaggregation,Disaggregation,339,,,-20.7333,-47.75,-20.7333,-47.75,2837.635009765625,0.1640380322933197,22.71187400817871,0.937339186668396,-20.7333,-47.75,3881.7,0.1328,44.33,0.9346,4191.1753,0.17579208,22.725698,0.9373988,-1353.5402902343749,-32.295005418512915,-0.011754047706680287,-6.686335190231715,-0.013823991821290349,-0.060829778787390154,-5.961333160398041e-05,-0.006359441851640989
disaggregation,Disaggregation,340,,,-20.7333,-48.05,-20.7333,-48.05,2265.583251953125,0.1516430824995041,19.803119659423828,0.9243682622909546,-20.7333,-48.05,3514.8,0.1394,44.77,0.9373,3874.583,0.16988584,20.011675,0.9256279,-1608.999748046875,-41.52704298880357,-0.01824275750049592,-10.738244871082793,-0.2085553405761722,-1.0421683371140706,-0.001259637709045358,-0.13608467387871068
disaggregation,Disaggregation,341,,,-20.99919999,-48.0244,-20.9992,-48.0244,1474.100830078125,0.17618617415428162,9.074624061584473,0.8552986979484558,-20.99919999,-48.0244,1551.1,0.1555,13.73,0.8081,2010.8347,0.1568999,6.4980264,0.84086174,-536.7338699218751,-26.69209308561639,0.019286274154281607,12.292088238604109,2.576597661584473,39.65200359272892,0.014436957948455786,1.7169241103128068
disaggregation,Disaggregation,342,,,-20.7333,-48.9,-20.7333,-48.9,1398.187744140625,0.15090537071228027,8.640974998474121,0.842435359954834,-20.7333,-48.9,1787.8,0.1791,29.6,0.8536,2157.2131,0.1874584,7.674733,0.8370373,-759.0253558593749,-35.18546015965576,-0.036553029287719724,-19.499275192639928,0.9662419984741213,12.589910274065838,0.005398059954834,0.6449007654538215
disaggregation,Disaggregation,343,,,-21.4203,-46.9628,-21.4203,-46.9628,2834.12890625,0.14180617034435272,28.842390060424805,0.9536457657814026,-21.4203,-46.9628,4082.7,0.1477,20.05,0.9622,4750.5884,0.16903375,28.9317,0.9540343,-1916.4594937499996,-40.34151840538321,-0.027227579655647288,-16.107777089277903,-0.08930993957519462,-0.3086923325459431,-0.0003885342185974139,-0.040725393059496275
disaggregation,Disaggregation,344,,,-21.5333,-46.6333,-21.5333,-46.6333,3034.48583984375,0.13342969119548798,29.725435256958008,0.9528387784957886,-21.5333,-46.6333,1111.3,0.1591,15.7,0.8018,4701.469,0.15738769,29.350084,0.9509996,-1666.98316015625,-35.456644724367,-0.02395799880451202,-15.2222825079344,0.37535125695800886,1.2788762613354323,0.0018391784957886292,0.19339424493854984
disaggregation,Disaggregation,345,,,-21.0167,-47.4,-21.0167,-47.4,2282.076904296875,0.15721824765205383,20.091732025146484,0.9159272313117981,-21.0167,-47.4,1218.1,0.2148,15.0,0.8149,3670.3733,0.15527445,18.934372,0.9098614,-1388.2963957031252,-37.82439229555002,0.0019437976520538247,1.251846425509042,1.1573600251464846,6.112481708643332,0.006065831311798053,0.6666764093737851
disaggregation,Disaggregation,346,,,-21.1,-47.15,-21.1,-47.15,2375.60595703125,0.17513027787208557,22.158613204956055,0.925914466381073,-21.1,-47.15,4743.0,0.1932,35.2,0.9937,3588.7983,0.16834074,22.151999,0.92573303,-1213.19234296875,-33.804974299300966,0.006789537872085583,4.033211373601888,0.006614204956054692,0.029858275797388274,0.00018143638107304128,0.019599212212730626
disaggregation,Disaggregation,347,,,-21.1,-47.75,-21.1,-47.75,1509.565185546875,0.12901167571544647,11.148929595947266,0.8635050058364868,-21.1,-47.75,1372.4,0.1585,17.7,0.8167,3030.1096,0.16562028,11.28329,0.8643218,-1520.5444144531248,-50.181168841322595,-0.036608604284553536,-22.103938167809844,-0.13436040405273353,-1.190791019753401,-0.0008167941635132125,-0.09450116420911893
disaggregation,Disaggregation,348,,,-21.3183,-47.4767,-21.3183,-47.4767,2001.7957763671875,0.15036047995090485,17.599491119384766,0.9010682702064514,-21.3183,-47.4767,1842.2,0.1532,21.2,0.855,3301.3496,0.16362341,17.736755,0.9018258,-1299.5538236328125,-39.364320083907884,-0.01326293004909515,-8.105765580301224,-0.1372638806152331,-0.7738951156242114,-0.0007575297935485947,-0.08399956993341672
disaggregation,Disaggregation,349,,,-21.3,-47.9333,-21.3,-47.9333,1254.5634765625,0.13298647105693817,4.988048553466797,0.8333523869514465,-21.3,-47.9333,1353.8,0.1523,13.62,0.8074,2105.3203,0.16520146,5.0718246,0.83362395,-850.7568234374999,-40.409852288865494,-0.03221498894306182,-19.500426293485436,-0.08377604653320336,-1.65179305556433,-0.00027156304855346924,-0.03257620520061465
disaggregation,Disaggregation,350,,,-21.3667,-47.7167,-21.3667,-47.7167,1435.8570556640625,0.14432094991207123,9.839101791381836,0.8552897572517395,-21.3667,-47.7167,1392.4,0.1617,13.67,0.8076,2571.7234,0.16757916,9.949915,0.85596997,-1135.8663443359374,-44.16751600642345,-0.023258210087928777,-13.8789394146198,-0.1108132086181648,-1.1137101032336938,-0.000680212748260467,-0.07946689394494377
disaggregation,Disaggregation,351,,,-21.45,-47.9,-21.45,-47.9,1345.9112548828125,0.11899030208587646,7.36029577255249,0.8413161635398865,-21.45,-47.9,1164.8,0.1862,13.63,0.8075,1974.0339,0.16392452,5.4363284,0.83263063,-628.1226451171874,-31.819243079725606,-0.044934217914123525,-27.411529351511003,1.9239673725524904,35.39093356745134,0.008685533539886436,1.0431436494098754
disaggregation,Disaggregation,352,,,-21.8342,-47.2939,-21.8342,-47.2939,3600.95361328125,0.16579636931419373,31.269140243530273,0.9743205904960632,-21.8342,-47.2939,1340.0,0.1474,15.6,0.815,5888.885,0.14550763,31.29578,0.9743615,-2287.93138671875,-38.8516907142651,0.020288739314193727,13.943419540400546,-0.02663975646972716,-0.0851225196167891,-4.090950393675907e-05,-0.00419859609978012
disaggregation,Disaggregation,353,,,-21.0167,-47.7667,-21.0167,-47.7667,1747.38330078125,0.1363813728094101,13.046887397766113,0.8760301470756531,-21.0167,-47.7667,1348.06,0.1504,13.68,0.8076,3274.2966,0.16715345,13.176404,0.8767988,-1526.9132992187501,-46.63332268734451,-0.030772077190589914,-18.409477752681692,-0.1295166022338865,-0.9829434664714781,-0.0007686529243469131,-0.08766582759316198
disaggregation,Disaggregation,354,,,-21.4333,-47.3333,-21.4333,-47.3333,2575.1865234375,0.164760559797287,22.0269718170166,0.9243579506874084,-21.4333,-47.3333,1212.9,0.161,18.2,0.8129,3941.6807,0.15898103,22.095552,0.924758,-1366.4941765625,-34.6678049432695,0.005779529797286992,3.6353581287572436,-0.06858018298339985,-0.3103800393101736,-0.00040004931259152166,-0.043259892057329774
disaggregation,Disaggregation,355,,,-21.7,-47.4667,-21.7,-47.4667,2568.65478515625,0.16699016094207764,21.038721084594727,0.9191246032714844,-21.7,-47.4667,1311.8,0.1556,13.8,0.8,4081.3977,0.16583417,21.977419,0.9229376,-1512.74291484375,-37.06433496651772,0.0011559909420776338,0.6970764481636286,-0.9386979154052746,-4.271192697401249,-0.0038129967285156496,-0.4131370017339904
disaggregation,Disaggregation,356,,,-21.05,-48.2667,-21.05,-48.2667,1285.1053466796875,0.1849820613861084,4.880517959594727,0.8331805467605591,-21.05,-48.2667,1373.5,0.1376,13.57,0.8073,2000.7965,0.15130922,4.9331017,0.8334159,-715.6911533203124,-35.77031213920618,0.033672841386108404,22.25432223238505,-0.05258374040527336,-1.0659366784445852,-0.00023535323944090525,-0.028239590754256697
disaggregation,Disaggregation,357,,,-21.1833,-48.1167,-21.1833,-48.1167,1278.9891357421875,0.1420009583234787,3.723590612411499,0.8313755393028259,-21.1833,-48.1167,1541.47,0.1499,13.6,0.8076,1905.0289,0.15883651,3.7831998,0.83147454,-626.0397642578125,-32.862481207388115,-0.016835551676521288,-10.59929589017115,-0.059609187588500756,-1.5756288522879696,-9.900069717405646e-05,-0.011906642045113788
disaggregation,Disaggregation,358,,,-21.2667,-48.5,-21.2667,-48.5,1114.636474609375,0.17403264343738556,3.6178619861602783,0.8255490064620972,-21.2667,-48.5,1473.3,0.1466,19.66,0.8094,1979.7452,0.20929606,4.7257204,0.82196283,-865.1087253906251,-43.697983224842524,-0.03526341656261445,-16.848581173775774,-1.1078584138397218,-23.44316464088146,0.003586176462097135,0.4362942375505149
disaggregation,Disaggregation,359,,,-21.3667,-48.0667,-21.3667,-48.0667,1240.310546875,0.1592252552509308,3.4122345447540283,0.8299465179443359,-21.3667,-48.0667,1065.2,0.1622,11.4,0.79,1998.6592,0.17723842,3.471381,0.8300178,-758.348653125,-37.942869556000346,-0.01801316474906922,-10.163239296011113,-0.05914645524597173,-1.703830701555713,-7.12820556640903e-05,-0.008588015300887559
disaggregation,Disaggregation,360,,,-21.35,-48.2,-21.35,-48.2,1270.2611083984375,0.14941133558750153,2.5452792644500732,0.8325981497764587,-21.35,-48.2,1389.4,0.1372,13.72,0.808,2053.6785,0.16330107,2.300504,0.8348188,-783.4173916015625,-38.14703185535431,-0.013889734412498467,-8.505599144266762,0.24477526445007314,10.640071238740429,-0.0022206502235412318,-0.2660038589860736
disaggregation,Disaggregation,361,,,-21.5,-48.0333,-21.5,-48.0333,1241.1593017578125,0.204656183719635,5.004716873168945,0.8268507719039917,-21.5,-48.0333,1321.0,0.1764,13.61,0.8075,1900.3167,0.1992408,5.0314183,0.8270584,-659.1573982421876,-34.686712916967345,0.005415383719635014,2.7180094235894527,-0.02670142683105503,-0.530693836985389,-0.00020762809600827214,-0.02510440568746683
disaggregation,Disaggregation,362,,,-21.1167,-48.4167,-21.1167,-48.4167,1184.12646484375,0.1879352331161499,4.295192718505859,0.827238917350769,-21.1167,-48.4167,1831.5,0.1667,21.6,0.8543,2023.9021,0.16627242,4.2847643,0.82733196,-839.77563515625,-41.492898058470814,0.021662813116149898,13.028506541343356,0.010428418505859405,0.24338371438212844,-9.304264923093442e-05,-0.011246108421936754
disaggregation,Disaggregation,363,,,-22.45,-46.8167,-22.45,-46.8167,5558.869140625,0.16170281171798706,42.69098663330078,1.0456997156143188,-22.45,-46.8167,1319.3,0.1681,17.8,0.8177,9903.161,0.17730731,42.694138,1.0451037,-4344.291859375,-43.867729297494,-0.015604498282012935,-8.800820610279935,-0.0031513666992211142,-0.007381263205785099,0.0005960156143187678,0.057029327742191306
disaggregation,Disaggregation,364,,,-22.6,-46.7,-22.6,-46.7,6160.89501953125,0.1498335748910904,50.750423431396484,1.0537164211273193,-22.6,-46.7,2668.6,0.1564,24.9,0.9045,10383.557,0.18839689,46.883152,1.0537564,-4222.661980468751,-40.66681562463374,-0.03856331510890962,-20.469188800786263,3.8672714313964818,8.24874451998552,-3.997887268059053e-05,-0.003793938777557178
disaggregation,Disaggregation,365,,,-22.7,-46.6667,-22.7,-46.6667,6160.89501953125,0.1498335748910904,50.750423431396484,1.0537164211273193,-22.7,-46.6667,2574.5,0.1424,24.8,0.9031,9251.905,0.19400968,46.716583,1.0392513,-3091.0099804687507,-33.409443573715365,-0.0441761051089096,-22.770052045294648,4.033840431396484,8.63470778972958,0.014465121127319236,1.3918790505548788
disaggregation,Disaggregation,366,,,-22.1333,-47.6667,-22.1333,-47.6667,3756.978271484375,0.18674689531326294,31.455507278442383,0.9818553924560547,-22.1333,-47.6667,3781.1,0.1757,34.4,0.9808,6507.629,0.17143944,31.434399,0.98187435,-2750.650728515625,-42.26809377909565,0.015307455313262941,8.92878284790416,0.02110827844238372,0.06715025295181792,-1.8957543945319344e-05,-0.0019307505023753134
disaggregation,Disaggregation,367,,,-22.1667,-47.2833,-22.1667,-47.2833,4366.09423828125,0.19155023992061615,35.03874969482422,1.0087488889694214,-22.1667,-47.2833,1277.8,0.1957,17.6,0.8559,6648.2563,0.1592799,34.99079,1.0084821,-2282.16206171875,-34.327227452388534,0.03227033992061615,20.26014576893641,0.0479596948242218,0.137063766848996,0.0002667889694214498,0.026454507166904583
disaggregation,Disaggregation,368,,,-22.4167,-47.55,-22.4167,-47.55,6232.8095703125,0.20052173733711243,40.53337860107422,1.060221552848816,-22.4167,-47.55,4595.3,0.1466,35.3,0.9957,10838.429,0.16424003,40.483467,1.0599967,-4605.6194296875,-42.493422521728014,0.03628170733711242,22.090660441983854,0.04991160107422132,0.12328885041941029,0.00022485284881601508,0.021212598946394372
disaggregation,Disaggregation,369,,,-22.4333,-47.7167,-22.4333,-47.7167,5664.6962890625,0.18786431849002838,41.214988708496094,1.0423046350479126,-22.4333,-47.7167,4373.4,0.1727,35.7,0.9989,8751.005,0.17680262,41.13439,1.0422843,-3086.308710937499,-35.26804876625599,0.011061698490028388,6.256524077543866,0.08059870849609041,0.19593996287799675,2.033504791265628e-05,0.0019510077924666312
disaggregation,Disaggregation,370,,,-22.6333,-47.05,-22.6333,-47.05,7715.32275390625,0.18315917253494263,42.4945182800293,1.0768626928329468,-22.6333,-47.05,1821.2,0.1635,15.4,0.8838,11558.335,0.14081919,42.477253,1.0761755,-3843.012246093749,-33.24883944005559,0.042339982534942616,30.066912425034268,0.01726528002929939,0.040645942969286156,0.0006871928329468258,0.06385508989442946
disaggregation,Disaggregation,371,,,-22.6667,-47.2167,-22.6667,-47.2167,7549.01123046875,0.17481818795204163,40.790504455566406,1.0828927755355835,-22.6667,-47.2167,1680.1,0.1683,13.7,0.1683,11896.464,0.1598829,40.828568,1.0827428,-4347.45276953125,-36.54407536164738,0.014935287952041632,9.341391701077246,-0.038063544433590835,-0.09322772337641339,0.00014997553558360188,0.01385144612216326
disaggregation,Disaggregation,372,,,-22.8833,-47.0833,-22.8833,-47.0833,8461.7216796875,0.18302366137504578,46.06982421875,1.1018717288970947,-22.8833,-47.0833,1887.4,0.1972,14.9,0.8768,14119.905,0.17935528,46.01597,1.101009,-5658.183320312501,-40.07238944109398,0.0036683813750457706,2.0453155184758267,0.053854218749997074,0.11703375751939396,0.0008627288970948221,0.07835802405746203
disaggregation,Disaggregation,373,,,-22.9333,-47.25,-22.9333,-47.25,12392.2998046875,0.18500758707523346,51.72797775268555,1.1575403213500977,-22.9333,-47.25,3096.5,0.1393,19.4,0.9302,19246.875,0.20452556,51.461243,1.1555984,-6854.5751953125,-35.613964320506575,-0.019517972924766536,-9.543048274634494,0.2667347526855437,0.5183216283476552,0.0019419213500977417,0.16804465548738573
disaggregation,Disaggregation,374,,,-22.5667,-47.1667,-22.5667,-47.1667,7313.19091796875,0.18647760152816772,40.68745803833008,1.070280909538269,-22.5667,-47.1667,1796.9,0.1502,14.9,0.8763,10498.79,0.1694586,40.668655,1.0696709,-3185.599082031251,-30.342535492482952,0.017019001528167738,10.043161886246988,0.018803038330077015,0.0462347189256124,0.0006100095382690629,0.057027777260189365
disaggregation,Disaggregation,375,,,-22.1333,-48.3167,-22.1333,-48.3167,3317.037109375,0.17747847735881805,28.267091751098633,0.9681483507156372,-22.1333,-48.3167,2958.3,0.1554,25.0,0.9175,5360.388,0.18336226,28.247213,0.96673006,-2043.350890625,-38.11945871502212,-0.005883782641181945,-3.2088296911163425,0.01987875109863424,0.07037420328382216,0.0014182907156372604,0.1467101080561476
disaggregation,Disaggregation,376,,,-22.6833,-48.1167,-22.6833,-48.1167,9038.068359375,0.21779979765415192,63.90458297729492,1.107146143913269,-22.6833,-48.1167,4373.4,0.1509,35.4,0.9939,16127.23,0.1582482,63.697006,1.106536,-7089.161640625,-43.957714006838124,0.05955159765415191,37.631769368720725,0.20757697729492008,0.32588184332387626,0.0006101439132690789,0.055139996644400086
disaggregation,Disaggregation,377,,,-22.05,-49.6167,-22.05,-49.6167,1590.8489990234375,0.14637888967990875,16.6411075592041,0.8634675145149231,-22.05,-49.6167,4062.5,0.1681,30.2,0.9729,2684.7979,0.15405507,16.610226,0.8633667,-1093.9489009765625,-40.746042783204004,-0.007676180320091236,-4.982750856619803,0.03088155920410074,0.18591895862284316,0.00010081451492305327,0.011676905644270652
disaggregation,Disaggregation,378,,,-22.9997,-49.8333,-22.9997,-49.8333,2027.6405029296875,0.1673593521118164,18.838279724121094,0.8907452821731567,-22.9997,-49.8333,1375.6,0.1746,20.1,0.8082,3669.0742,0.18366744,19.151638,0.89461964,-1641.4336970703125,-44.73699924276028,-0.01630808788818358,-8.87913932278012,-0.31335827587890464,-1.6361956918719154,-0.003874357826843311,-0.43307319151223983
disaggregation,Disaggregation,379,,,-23.25,-45.6833,-23.25,-45.6833,1542.438720703125,0.1791159063577652,6.583115100860596,0.8477388024330139,-23.25,-45.6833,2569.9,0.172,33.4,0.9376,1933.2485,0.1042511,6.4971547,0.84764194,-390.8097792968749,-20.215185957567012,0.0748648063577652,71.81200616373852,0.08596040086059542,1.3230468540420535,9.686243301387787e-05,0.011427281785263936
disaggregation,Disaggregation,380,,,-23.2833,-45.5333,-23.2833,-45.5333,1367.1348876953125,0.1708657443523407,4.8493266105651855,0.8476383090019226,-23.2833,-45.5333,883.1,0.1644,13.9,0.7703,1938.7395,0.13774416,4.757699,0.8475048,-571.6046123046874,-29.483311827333555,0.033121584352340694,24.045726767901225,0.09162761056518587,1.925880779031752,0.00013350900192266035,0.01575318534156507
disaggregation,Disaggregation,381,,,-23.2833,-45.95,-23.2833,-45.95,2142.9521484375,0.2393590658903122,18.64345932006836,0.8969588279724121,-23.2833,-45.95,2594.3,0.2255,23.7,0.9644,2469.7876,0.13986808,18.474585,0.896123,-326.8354515625001,-13.233342477000859,0.09949098589031219,71.13201660472653,0.16887432006835823,0.9140899244467912,0.0008358279724121065,0.0932715678999542
disaggregation,Disaggregation,382,,,-23.3692,-45.9003,-23.3692,-45.9003,2062.28515625,0.21642501652240753,18.19134521484375,0.895155131816864,-23.3692,-45.9003,3671.3,0.1383,26.4,0.9689,2609.4175,0.14556949,18.019672,0.89433086,-547.13234375,-20.96760459949395,0.07085552652240754,48.674709599111424,0.1716732148437501,0.9526988884356502,0.0008242718168640639,0.09216631715739564
disaggregation,Disaggregation,383,,,-23.3333,-46.23333,-23.3333,-46.23333,3208.29833984375,0.19132918119430542,28.346403121948242,0.9459409713745117,-23.3333,-46.23333,3177.7,0.2047,25.7,0.9718,4227.76,0.14186794,28.402895,0.94604594,-1019.4616601562502,-24.113517800354092,0.04946124119430542,34.864283779905044,-0.056491878051758704,-0.1988947889000706,-0.00010496862548825536,-0.011095510381689854
disaggregation,Disaggregation,384,,,-23.3833,-46.35,-23.3833,-46.35,3772.067626953125,0.2292744666337967,33.18165588378906,0.970964789390564,-23.3833,-46.35,3494.3,0.1733,25.5,0.9703,5221.4536,0.13752928,33.016724,0.96997553,-1449.3859730468748,-27.758285030951438,0.09174518663379669,66.70956659832487,0.164931883789059,0.4995404262066066,0.0009892593905639346,0.10198807701509074
disaggregation,Disaggregation,385,,,-23.65,-46.95,-23.65,-46.95,6920.9267578125,0.20241719484329224,47.44631576538086,1.068985939025879,-23.65,-46.95,1432.0,0.1681,15.7,0.8531,10760.88,0.16611218,47.62598,1.0696392,-3839.953242187499,-35.68437936476849,0.03630501484329224,21.855721141756273,-0.17966423461913905,-0.37723997410476184,-0.0006532609741209949,-0.06107302108234206
disaggregation,Disaggregation,386,,,-23.7833,-46.9167,-23.7833,-46.9167,6601.15185546875,0.1969735473394394,45.68407440185547,1.0534182786941528,-23.7833,-46.9167,883.5,0.2656,17.3,0.7893,9523.319,0.15933739,45.802246,1.0539225,-2922.1671445312495,-30.684335414273637,0.0376361573394394,23.620417868925426,-0.11817159814452793,-0.2580039375023835,-0.0005042213058472633,-0.04784235139180189
disaggregation,Disaggregation,387,,,-23.1953,-46.8967,-23.1953,-46.8967,6583.02490234375,0.1823762208223343,44.01845932006836,1.0638692378997803,-23.1953,-46.8967,3091.8,0.1681,23.2,0.9301,11340.964,0.16741908,44.083782,1.0760424,-4757.93909765625,-41.9535684766855,0.014957140822334292,8.933952344221634,-0.06532267993163998,-0.14817848416825938,-0.012173162100219681,-1.1312901889572085
disaggregation,Disaggregation,388,,,-23.0,-46.7167,-23.0,-46.7167,6575.1357421875,0.1846988946199417,45.706233978271484,1.057560682296753,-23.0,-46.7167,3118.3,0.1411,23.5,0.9329,9594.55,0.1934923,45.998287,1.0581938,-3019.4142578124993,-31.470097688922355,-0.008793405380058295,-4.544576388858003,-0.29205302172851333,-0.6349215172480518,-0.0006331177032470325,-0.0598300333310432
disaggregation,Disaggregation,389,,,-23.2,-46.15,-23.2,-46.15,3291.05126953125,0.18584398925304413,34.88074493408203,0.9633606672286987,-23.2,-46.15,3124.0,0.2044,25.9,0.9733,3378.607,0.14544031,28.130806,0.93902683,-87.55573046874997,-2.591474251629443,0.04040367925304414,27.780248304644115,6.7499389340820315,23.994829490779722,0.02433383722869875,2.591388920026785
disaggregation,Disaggregation,390,,,-23.0333,-47.85,-23.0333,-47.85,13579.603515625,0.18799518048763275,72.29646301269531,1.1597951650619507,-23.0333,-47.85,1175.2,0.155,14.8,0.7966,21373.783,0.20319206,71.998825,1.159683,-7794.179484374999,-36.46607380815553,-0.015196879512367256,-7.47907153083012,0.297638012695316,0.4133928750855531,0.00011216506195066422,0.00967204502874184
disaggregation,Disaggregation,391,,,-23.2,-47.5167,-23.2,-47.5167,17623.123046875,0.18650175631046295,64.36553192138672,1.1924011707305908,-23.2,-47.5167,2464.0,0.174,27.6,0.9108,21053.758,0.16740921,59.2118,1.1598378,-3430.6349531250016,-16.294644182406778,0.01909254631046295,11.404716807673216,5.153731921386722,8.703893347925115,0.03256337073059079,2.8075797090412804
disaggregation,Disaggregation,392,,,-23.3333,-47.6833,-23.3333,-47.6833,12531.5126953125,0.19261595606803894,60.96807098388672,1.1431270837783813,-23.3333,-47.6833,2539.9,0.1637,27.6,0.906,18471.285,0.1542982,60.802837,1.1431202,-5939.7723046875,-32.15678987513592,0.038317756068038944,24.833572956806332,0.16523398388672206,0.27175374051497314,6.8837783813169295e-06,0.0006021919988219024
disaggregation,Disaggregation,393,,,-23.4167,-47.4,-23.4167,-47.4,9391.8408203125,0.1548285037279129,51.522857666015625,1.1132160425186157,-23.4167,-47.4,2595.1,0.1702,27.5,0.903,13214.981,0.14742133,52.70322,1.1167299,-3823.1401796874998,-28.930349424547035,0.0074071737279129135,5.024492539792521,-1.1803623339843767,-2.239639881556339,-0.0035138574813842194,-0.3146559863207943
disaggregation,Disaggregation,394,,,-23.55,-47.1833,-23.55,-47.1833,9019.361328125,0.16211628913879395,54.958099365234375,1.1098408699035645,-23.55,-47.1833,965.3,0.2242,11.8,0.7967,14622.592,0.17344278,54.906963,1.109641,-5603.230671875001,-38.31899756127368,-0.011326490861206046,-6.530390519113016,0.05113636523437748,0.09313275118563283,0.00019986990356435363,0.018012123160946074
disaggregation,Disaggregation,395,,,-23.65,-47.2167,-23.65,-47.2167,9371.015625,0.19557811319828033,55.239505767822266,1.1047639846801758,-23.65,-47.2167,513.8,0.2132,0.0,0.7182,14082.437,0.17867075,55.24271,1.1049532,-4711.421375,-33.45600889249496,0.016907363198280345,9.462860148222552,-0.003204232177736799,-0.0058002805759109185,-0.0001892153198241875,-0.01712428361890689
disaggregation,Disaggregation,396,,,-23.7333,-47.4167,-23.7333,-47.4167,12153.0478515625,0.21541999280452728,65.06953430175781,1.1348187923431396,-23.7333,-47.4167,864.3,0.2272,12.0,0.7891,16734.17,0.15412436,64.55801,1.1332476,-4581.122148437498,-27.375855201886313,0.061295632804527295,39.77024320135201,0.5115243017578166,0.7923483108568815,0.0015711923431396269,0.13864510660685508
disaggregation,Disaggregation,397,,,-23.8333,-47.65,-23.8333,-47.65,11246.13671875,0.18033139407634735,64.18940734863281,1.1256717443466187,-23.8333,-47.65,921.7,0.1804,32.5,0.7728,16470.78,0.19263126,64.17774,1.125663,-5224.643281249999,-31.72067917396747,-0.012299865923652648,-6.385186871358598,0.011667348632812491,0.018179743681863043,8.744346618572152e-06,0.0007768174505666573
disaggregation,Disaggregation,398,,,-23.9667,-47.5,-23.9667,-47.5,10241.0830078125,0.18406106531620026,61.41600036621094,1.1016331911087036,-23.9667,-47.5,1135.8,0.1692,17.2,0.7937,14979.187,0.20534061,60.389256,1.0974356,-4738.1039921875,-31.631249360779726,-0.02127954468379975,-10.363047369830912,1.0267443662109343,1.700210325841627,0.004197591108703547,0.3824908822625716
disaggregation,Disaggregation,399,,,-23.0897,-47.7267,-23.0897,-47.7267,13535.7099609375,0.17835664749145508,65.30658721923828,1.1584177017211914,-23.0897,-47.7267,1045.5,0.1903,14.9,0.8004,20086.963,0.20146114,65.15287,1.1590109,-6551.2530390625,-32.61445266296602,-0.023104492508544933,-11.468461117883544,0.1537172192382883,0.2359331511233324,-0.0005931982788085488,-0.05118142364394924
disaggregation,Disaggregation,400,,,-23.3278,-47.7642,-23.3278,-47.7642,11828.8955078125,0.17207838594913483,60.85288619995117,1.1318867206573486,-23.3278,-47.7642,808.8,0.2248,19.6,0.7777,16182.127,0.181798,60.912582,1.1326479,-4353.2314921875,-26.901478972371805,-0.00971961405086516,-5.346381176286407,-0.05969580004882857,-0.09800241278366524,-0.000761179342651408,-0.06720352747322517
disaggregation,Disaggregation,401,,,-23.9328,-47.0728,-23.9328,-47.0728,5117.31982421875,0.16243089735507965,39.77046203613281,1.0149561166763306,-23.9328,-47.0728,364.3,0.2431,12.9,0.6565,7329.208,0.18629156,40.092197,1.0165036,-2211.8881757812496,-30.17908859703872,-0.023860662644920344,-12.808235995726454,-0.32173496386718625,-0.8024877356239326,-0.0015474833236694963,-0.1522358920981191
disaggregation,Disaggregation,402,,,-23.7333,-47.9333,-23.7333,-47.9333,7825.56494140625,0.18609951436519623,53.745052337646484,1.0820516347885132,-23.7333,-47.9333,887.2,0.2254,19.3,0.7722,12515.812,0.22379357,54.01487,1.083259,-4690.24705859375,-37.47457263335172,-0.03769405563480377,-16.843225493388292,-0.26981766235351756,-0.4995247833670942,-0.0012073652114867883,-0.11145674409229818
disaggregation,Disaggregation,403,,,-23.0,-48.0167,-23.0,-48.0167,16068.0146484375,0.22688789665699005,88.73017120361328,1.189409852027893,-23.0,-48.0167,1337.1,0.1514,0.0,0.8373,25436.207,0.19201614,88.6765,1.1894798,-9368.192351562499,-36.830146694287,0.03487175665699005,18.160846612680604,0.05367120361327693,0.06052472031854767,-6.994797210690962e-05,-0.005880551490400225
disaggregation,Disaggregation,404,,,-24.93333333,-47.95,-24.93333,-47.95,8562.5966796875,0.21376413106918335,57.45015335083008,1.0512272119522095,-24.93333333,-47.95,909.3,0.2864,80.9,0.6971,12311.521,0.1743183,57.418198,1.0510423,-3748.9243203125006,-30.45053751126689,0.03944583106918334,22.62862308156019,0.031955350830081386,0.05565369855403924,0.00018491195220948775,0.01759319793404012
disaggregation,Disaggregation,405,,,-24.2483,-47.3733,-24.2483,-47.3733,5302.1259765625,0.17906703054904938,39.48930358886719,0.9954094290733337,-24.2483,-47.3733,861.4,0.1926,17.7,0.746,7569.323,0.22076236,39.486958,0.99551547,-2267.1970234375003,-29.952441234671852,-0.04169532945095061,-18.886973961933826,0.0023455888671861658,0.005940160969569157,-0.00010604092666621767,-0.010651861257989058
disaggregation,Disaggregation,406,,,-24.3211,-47.6247,-24.3211,-47.6247,9063.5,0.1916045993566513,57.747982025146484,1.0642979145050049,-24.3211,-47.6247,870.0,0.183,17.2,0.742,13130.401,0.22479819,57.821487,1.064677,-4066.901,-30.97316677533306,-0.0331935906433487,-14.765951026273255,-0.07350497485351326,-0.1271239787615861,-0.0003790854949952127,-0.03560568087741284
disaggregation,Disaggregation,407,,,-24.55,-48.4333,-24.55,-48.4333,6199.208984375,0.18063315749168396,43.4490966796875,1.0197474956512451,-24.55,-48.4333,1634.6,0.1571,1.0,0.8559,8275.3955,0.16970499,43.41234,1.0196033,-2076.1865156250005,-25.08866815640413,0.01092816749168396,6.43950863889386,0.03675667968749963,0.08466873632589174,0.000144195651245127,0.014142328810148713
disaggregation,Disaggregation,408,,,-20.584475,-47.382549,-20.58448,-47.38255,2443.135498046875,0.14429201185703278,21.693273544311523,0.924201250076294,-20.584475,-47.382549,877.38,0.155,12.0,0.759,3914.4565,0.19736394,21.68423,0.9242818,-1471.3210019531248,-37.58685278411255,-0.05307192814296721,-26.89038744512661,0.009043544311523988,0.0417056280602262,-8.054992370609693e-05,-0.008714866365008693
disaggregation,Disaggregation,409,,,-12.4836,-49.1244,-12.4836,-49.1244,2177.7578125,0.19414322078227997,14.984938621520996,0.8847444653511047,-12.4836,-49.1244,3423.8,0.1636,33.3,0.9448,2821.1821,0.18031761,14.97473,0.88487726,-643.4242875,-22.80690379752516,0.013825610782279979,7.667365812069037,0.010208621520996886,0.06817232444923471,-0.0001327946488952625,-0.015007126400249282
disaggregation,Disaggregation,410,,,-11.3389,-49.2653,-11.3389,-49.2653,1738.903564453125,0.14657609164714813,10.126907348632812,0.8731825947761536,-11.3389,-49.2653,5750.9,0.1215,39.2,0.9795,2360.293,0.16231476,10.116717,0.87308496,-621.3894355468751,-26.326792290062084,-0.01573866835285187,-9.69638765621307,0.010190348632812984,0.10072782141492131,9.763477615354343e-05,0.011182734857045691
disaggregation,Disaggregation,411,,,-11.5314,-48.2947,-11.5314,-48.2947,1845.5618896484375,0.17394424974918365,10.753792762756348,0.8734553456306458,-11.5314,-48.2947,12470.27,0.129,54.796,1.128,2415.7708,0.14058806,10.771933,0.8735542,-570.2089103515623,-23.6036013992537,0.03335618974918367,23.726189655923605,-0.01814023724365299,-0.16840280424741771,-9.885436935419545e-05,-0.011316340686610568
disaggregation,Disaggregation,412,,,-11.7972,-49.525,-11.7972,-49.525,2036.356201171875,0.16123445332050323,11.312982559204102,0.8926393985748291,-11.7972,-49.525,3050.6,0.1706,32.08,0.9201,2921.3245,0.16937226,11.305844,0.89263374,-884.9682988281252,-30.293392563137886,-0.008137806679496762,-4.804686835669998,0.007138559204101114,0.06314043607979301,5.658574829148222e-06,0.0006339189944969167
disaggregation,Disaggregation,413,,,-9.5642,-48.3875,-9.5642,-48.3875,2314.420166015625,0.1880086213350296,22.663719177246094,0.8932176828384399,-9.5642,-48.3875,5063.8,0.1492,36.3,0.9903,2762.8538,0.13910843,22.436869,0.89163876,-448.43363398437486,-16.230813008794563,0.0489001913350296,35.1525722309062,0.22685017724609224,1.011059864217651,0.0015789228384399667,0.1770810006554635
disaggregation,Disaggregation,414,,,-9.9606,-47.6747,-9.9606,-47.6747,1678.6163330078125,0.16930724680423737,14.118656158447266,0.8541894555091858,-9.9606,-47.6747,4275.0,0.1743,36.7,0.9652,1794.4565,0.1516066,14.143645,0.8543759,-115.8401669921875,-6.45544581282341,0.017700646804237358,11.675380098384474,-0.02498884155273373,-0.17667893638969115,-0.0001864444908141749,-0.02182230219908765
disaggregation,Disaggregation,415,,,-11.1403,-47.5767,-11.1403,-47.5767,2065.25,0.17404820024967194,17.89825439453125,0.9097976088523865,-11.1403,-47.5767,11107.23,0.146,54.576,1.126,2397.5508,0.13407175,18.077133,0.9097171,-332.3008,-13.860010807695922,0.039976450249671946,29.817206271770118,-0.1788786054687499,-0.9895297305648517,8.050885238652938e-05,0.008849877878136993
