classification,type,size_mb,path
ARCHIVE_OR_DELETE_BACKUP,file,0.006,.DS_Store
REVIEW_OTHER,file,0.0,.gitignore
REVIEW_OTHER,file,0.01,01_core_config_runner.zip
REVIEW_OTHER,file,0.014,02_gauge_event_selection.zip
REVIEW_OTHER,file,0.011,03_gee_product_inspection.zip
REVIEW_OTHER,file,0.011,04_gee_pair_exports.zip
REVIEW_OTHER,file,0.011,05_zeta_station.zip
REVIEW_OTHER,file,0.013,06_idw_interpolation.zip
REVIEW_OTHER,file,0.013,07_apply_bias_rasters.zip
REVIEW_OTHER,file,0.014,08_diagnostics_sensitivity.zip
REVIEW_OTHER,file,0.008,09_interactive_runner_bugfix.zip
REVIEW_OTHER,file,0.001,README.md
REVIEW_OTHER,file,0.001,README_INTERACTIVE_RUNNER.md
REVIEW_OTHER,file,0.001,README_PART01.md
REVIEW_OTHER,file,0.002,README_PART02.md
REVIEW_OTHER,file,0.003,README_PART03.md
REVIEW_OTHER,file,0.003,README_PART04.md
REVIEW_OTHER,file,0.003,README_PART05.md
REVIEW_OTHER,file,0.003,README_PART06.md
REVIEW_OTHER,file,0.003,README_PART07.md
REVIEW_OTHER,file,0.002,README_PART08.md
ARCHIVE_OR_DELETE_BACKUP,file,0.006,ana_rainfall_1995_2025/.DS_Store
REVIEW_SCRIPT,file,0.004,ana_rainfall_1995_2025/inspect_ana_download.py
REVIEW_OTHER,file,0.0,ana_rainfall_1995_2025/station_cache/1036005.csv
REVIEW_OTHER,file,0.0,ana_rainfall_1995_2025/station_cache/1036007.csv
REVIEW_OTHER,file,0.0,ana_rainfall_1995_2025/station_cache/1036048.csv
REVIEW_OTHER,file,0.0,ana_rainfall_1995_2025/station_cache/1036062.csv
REVIEW_OTHER,file,0.0,ana_rainfall_1995_2025/station_cache/1036063.csv
REVIEW_OTHER,file,0.0,ana_rainfall_1995_2025/station_cache/1037007.csv
REVIEW_OTHER,file,0.0,ana_rainfall_1995_2025/station_cache/1037049.csv
REVIEW_OTHER,file,0.0,ana_rainfall_1995_2025/station_cache/1037078.csv
REVIEW_OTHER,file,0.0,ana_rainfall_1995_2025/station_cache/1039019.csv
REVIEW_OTHER,file,0.0,ana_rainfall_1995_2025/station_cache/1039025.csv
REVIEW_OTHER,file,0.0,ana_rainfall_1995_2025/station_cache/1040025.csv
REVIEW_OTHER,file,0.0,ana_rainfall_1995_2025/station_cache/1040026.csv
REVIEW_OTHER,file,0.0,ana_rainfall_1995_2025/station_cache/1040027.csv
REVIEW_OTHER,file,0.0,ana_rainfall_1995_2025/station_cache/1042012.csv
REVIEW_OTHER,file,0.0,ana_rainfall_1995_2025/station_cache/1046001.csv
REVIEW_OTHER,file,0.0,ana_rainfall_1995_2025/station_cache/1047000.csv
REVIEW_OTHER,file,0.0,ana_rainfall_1995_2025/station_cache/1047001.csv
REVIEW_OTHER,file,0.0,ana_rainfall_1995_2025/station_cache/1047002.csv
REVIEW_OTHER,file,0.0,ana_rainfall_1995_2025/station_cache/1047004.csv
REVIEW_OTHER,file,0.0,ana_rainfall_1995_2025/station_cache/1048000.csv
REVIEW_OTHER,file,0.0,ana_rainfall_1995_2025/station_cache/1048001.csv
REVIEW_OTHER,file,0.0,ana_rainfall_1995_2025/station_cache/1048005.csv
REVIEW_OTHER,file,0.0,ana_rainfall_1995_2025/station_cache/1049001.csv
REVIEW_OTHER,file,0.0,ana_rainfall_1995_2025/station_cache/1049002.csv
REVIEW_OTHER,file,0.0,ana_rainfall_1995_2025/station_cache/1050000.csv
REVIEW_OTHER,file,0.0,ana_rainfall_1995_2025/station_cache/1050002.csv
REVIEW_OTHER,file,0.0,ana_rainfall_1995_2025/station_cache/1051001.csv
REVIEW_OTHER,file,0.0,ana_rainfall_1995_2025/station_cache/1052000.csv
REVIEW_OTHER,file,0.0,ana_rainfall_1995_2025/station_cache/1052001.csv
REVIEW_OTHER,file,0.0,ana_rainfall_1995_2025/station_cache/1053001.csv
REVIEW_OTHER,file,0.0,ana_rainfall_1995_2025/station_cache/1054000.csv
REVIEW_OTHER,file,0.0,ana_rainfall_1995_2025/station_cache/1055000.csv
REVIEW_OTHER,file,0.0,ana_rainfall_1995_2025/station_cache/1055001.csv
REVIEW_OTHER,file,0.0,ana_rainfall_1995_2025/station_cache/1055002.csv
REVIEW_OTHER,file,0.0,ana_rainfall_1995_2025/station_cache/1055003.csv
REVIEW_OTHER,file,0.0,ana_rainfall_1995_2025/station_cache/1057001.csv
REVIEW_OTHER,file,0.0,ana_rainfall_1995_2025/station_cache/1058002.csv
REVIEW_OTHER,file,0.0,ana_rainfall_1995_2025/station_cache/1058003.csv
REVIEW_OTHER,file,0.0,ana_rainfall_1995_2025/station_cache/1058004.csv
REVIEW_OTHER,file,0.0,ana_rainfall_1995_2025/station_cache/1058005.csv
REVIEW_OTHER,file,0.0,ana_rainfall_1995_2025/station_cache/1059000.csv
REVIEW_OTHER,file,0.0,ana_rainfall_1995_2025/station_cache/1060001.csv
REVIEW_OTHER,file,0.0,ana_rainfall_1995_2025/station_cache/1061002.csv
REVIEW_OTHER,file,0.0,ana_rainfall_1995_2025/station_cache/1061003.csv
REVIEW_OTHER,file,0.0,ana_rainfall_1995_2025/station_cache/1062001.csv
REVIEW_OTHER,file,0.0,ana_rainfall_1995_2025/station_cache/1062002.csv
REVIEW_OTHER,file,0.0,ana_rainfall_1995_2025/station_cache/1062003.csv
REVIEW_OTHER,file,0.0,ana_rainfall_1995_2025/station_cache/1062004.csv
REVIEW_OTHER,file,0.0,ana_rainfall_1995_2025/station_cache/1063000.csv
REVIEW_OTHER,file,0.0,ana_rainfall_1995_2025/station_cache/1063001.csv
REVIEW_OTHER,file,0.0,ana_rainfall_1995_2025/station_cache/1065002.csv
REVIEW_OTHER,file,0.0,ana_rainfall_1995_2025/station_cache/1067002.csv
REVIEW_OTHER,file,0.0,ana_rainfall_1995_2025/station_cache/1067003.csv
REVIEW_OTHER,file,0.0,ana_rainfall_1995_2025/station_cache/1068000.csv
REVIEW_OTHER,file,0.0,ana_rainfall_1995_2025/station_cache/1069000.csv
REVIEW_OTHER,file,0.0,ana_rainfall_1995_2025/station_cache/1137001.csv
REVIEW_OTHER,file,0.0,ana_rainfall_1995_2025/station_cache/1137017.csv
REVIEW_OTHER,file,0.0,ana_rainfall_1995_2025/station_cache/1137027.csv
REVIEW_OTHER,file,0.0,ana_rainfall_1995_2025/station_cache/1137042.csv
REVIEW_OTHER,file,0.0,ana_rainfall_1995_2025/station_cache/1137043.csv
REVIEW_OTHER,file,0.0,ana_rainfall_1995_2025/station_cache/1138002.csv
REVIEW_OTHER,file,0.0,ana_rainfall_1995_2025/station_cache/1138014.csv
REVIEW_OTHER,file,0.0,ana_rainfall_1995_2025/station_cache/1138026.csv
REVIEW_OTHER,file,0.0,ana_rainfall_1995_2025/station_cache/1139022.csv
REVIEW_OTHER,file,0.0,ana_rainfall_1995_2025/station_cache/1140000.csv
REVIEW_OTHER,file,0.0,ana_rainfall_1995_2025/station_cache/1140010.csv
REVIEW_OTHER,file,0.0,ana_rainfall_1995_2025/station_cache/1140031.csv
REVIEW_OTHER,file,0.0,ana_rainfall_1995_2025/station_cache/1140032.csv
REVIEW_OTHER,file,0.0,ana_rainfall_1995_2025/station_cache/1140033.csv
REVIEW_OTHER,file,0.0,ana_rainfall_1995_2025/station_cache/1142017.csv
REVIEW_OTHER,file,0.0,ana_rainfall_1995_2025/station_cache/1142020.csv
REVIEW_OTHER,file,0.0,ana_rainfall_1995_2025/station_cache/1143002.csv
REVIEW_OTHER,file,0.0,ana_rainfall_1995_2025/station_cache/1143010.csv
REVIEW_OTHER,file,0.0,ana_rainfall_1995_2025/station_cache/1144005.csv
REVIEW_OTHER,file,0.0,ana_rainfall_1995_2025/station_cache/1144014.csv
REVIEW_OTHER,file,0.0,ana_rainfall_1995_2025/station_cache/1144027.csv
REVIEW_OTHER,file,0.0,ana_rainfall_1995_2025/station_cache/1145001.csv
REVIEW_OTHER,file,0.0,ana_rainfall_1995_2025/station_cache/1145004.csv
REVIEW_OTHER,file,0.0,ana_rainfall_1995_2025/station_cache/1145013.csv
REVIEW_OTHER,file,0.0,ana_rainfall_1995_2025/station_cache/1145014.csv
REVIEW_OTHER,file,0.0,ana_rainfall_1995_2025/station_cache/1145019.csv
REVIEW_OTHER,file,0.0,ana_rainfall_1995_2025/station_cache/1146000.csv
REVIEW_OTHER,file,0.0,ana_rainfall_1995_2025/station_cache/1147000.csv
REVIEW_OTHER,file,0.0,ana_rainfall_1995_2025/station_cache/1147001.csv
REVIEW_OTHER,file,0.0,ana_rainfall_1995_2025/station_cache/1147002.csv
REVIEW_OTHER,file,0.0,ana_rainfall_1995_2025/station_cache/1147003.csv
REVIEW_OTHER,file,0.0,ana_rainfall_1995_2025/station_cache/1148000.csv
REVIEW_OTHER,file,0.0,ana_rainfall_1995_2025/station_cache/1149000.csv
REVIEW_OTHER,file,0.0,ana_rainfall_1995_2025/station_cache/1149001.csv
REVIEW_OTHER,file,0.0,ana_rainfall_1995_2025/station_cache/1149002.csv
REVIEW_OTHER,file,0.0,ana_rainfall_1995_2025/station_cache/1150001.csv
REVIEW_OTHER,file,0.0,ana_rainfall_1995_2025/station_cache/1151000.csv
REVIEW_OTHER,file,0.0,ana_rainfall_1995_2025/station_cache/1152000.csv
REVIEW_OTHER,file,0.0,ana_rainfall_1995_2025/station_cache/1154001.csv
REVIEW_OTHER,file,0.0,ana_rainfall_1995_2025/station_cache/1154002.csv
REVIEW_OTHER,file,0.0,ana_rainfall_1995_2025/station_cache/1155000.csv
REVIEW_OTHER,file,0.0,ana_rainfall_1995_2025/station_cache/1156000.csv
REVIEW_OTHER,file,0.0,ana_rainfall_1995_2025/station_cache/1156001.csv
REVIEW_OTHER,file,0.0,ana_rainfall_1995_2025/station_cache/1157000.csv
REVIEW_OTHER,file,0.0,ana_rainfall_1995_2025/station_cache/1157001.csv
REVIEW_OTHER,file,0.0,ana_rainfall_1995_2025/station_cache/1157002.csv
REVIEW_OTHER,file,0.0,ana_rainfall_1995_2025/station_cache/1158001.csv
REVIEW_OTHER,file,0.0,ana_rainfall_1995_2025/station_cache/1158002.csv
REVIEW_OTHER,file,0.0,ana_rainfall_1995_2025/station_cache/1158003.csv
REVIEW_OTHER,file,0.0,ana_rainfall_1995_2025/station_cache/1160000.csv
REVIEW_OTHER,file,0.0,ana_rainfall_1995_2025/station_cache/1160002.csv
REVIEW_OTHER,file,0.0,ana_rainfall_1995_2025/station_cache/1161000.csv
REVIEW_OTHER,file,0.0,ana_rainfall_1995_2025/station_cache/1161001.csv
REVIEW_OTHER,file,0.0,ana_rainfall_1995_2025/station_cache/1161002.csv
REVIEW_OTHER,file,0.0,ana_rainfall_1995_2025/station_cache/1161003.csv
REVIEW_OTHER,file,0.0,ana_rainfall_1995_2025/station_cache/1168001.csv
REVIEW_OTHER,file,0.0,ana_rainfall_1995_2025/station_cache/1237000.csv
REVIEW_OTHER,file,0.0,ana_rainfall_1995_2025/station_cache/1237003.csv
REVIEW_OTHER,file,0.0,ana_rainfall_1995_2025/station_cache/1238000.csv
REVIEW_OTHER,file,0.0,ana_rainfall_1995_2025/station_cache/1238010.csv
REVIEW_OTHER,file,0.0,ana_rainfall_1995_2025/station_cache/1238042.csv
REVIEW_OTHER,file,0.0,ana_rainfall_1995_2025/station_cache/1238046.csv
REVIEW_OTHER,file,0.0,ana_rainfall_1995_2025/station_cache/1238051.csv
REVIEW_OTHER,file,0.0,ana_rainfall_1995_2025/station_cache/1239007.csv
REVIEW_OTHER,file,0.0,ana_rainfall_1995_2025/station_cache/1240012.csv
REVIEW_OTHER,file,0.0,ana_rainfall_1995_2025/station_cache/1240016.csv
REVIEW_OTHER,file,0.0,ana_rainfall_1995_2025/station_cache/1241001.csv
REVIEW_OTHER,file,0.0,ana_rainfall_1995_2025/station_cache/1241008.csv
REVIEW_OTHER,file,0.0,ana_rainfall_1995_2025/station_cache/1241017.csv
REVIEW_OTHER,file,0.0,ana_rainfall_1995_2025/station_cache/1241026.csv
REVIEW_OTHER,file,0.0,ana_rainfall_1995_2025/station_cache/1241027.csv
REVIEW_OTHER,file,0.0,ana_rainfall_1995_2025/station_cache/1241028.csv
REVIEW_OTHER,file,0.0,ana_rainfall_1995_2025/station_cache/1241032.csv
REVIEW_OTHER,file,0.0,ana_rainfall_1995_2025/station_cache/1241033.csv
REVIEW_OTHER,file,0.0,ana_rainfall_1995_2025/station_cache/1242015.csv
REVIEW_OTHER,file,0.0,ana_rainfall_1995_2025/station_cache/1242016.csv
REVIEW_OTHER,file,0.0,ana_rainfall_1995_2025/station_cache/1243000.csv
REVIEW_OTHER,file,0.0,ana_rainfall_1995_2025/station_cache/1243011.csv
REVIEW_OTHER,file,0.0,ana_rainfall_1995_2025/station_cache/1243019.csv
REVIEW_OTHER,file,0.0,ana_rainfall_1995_2025/station_cache/1244011.csv
REVIEW_OTHER,file,0.0,ana_rainfall_1995_2025/station_cache/1244019.csv
REVIEW_OTHER,file,0.0,ana_rainfall_1995_2025/station_cache/1245004.csv
REVIEW_OTHER,file,0.0,ana_rainfall_1995_2025/station_cache/1245005.csv
REVIEW_OTHER,file,0.0,ana_rainfall_1995_2025/station_cache/1245007.csv
REVIEW_OTHER,file,0.0,ana_rainfall_1995_2025/station_cache/1245014.csv
REVIEW_OTHER,file,0.0,ana_rainfall_1995_2025/station_cache/1245015.csv
REVIEW_OTHER,file,0.0,ana_rainfall_1995_2025/station_cache/1246000.csv
REVIEW_OTHER,file,0.0,ana_rainfall_1995_2025/station_cache/1246001.csv
REVIEW_OTHER,file,0.0,ana_rainfall_1995_2025/station_cache/1247000.csv
REVIEW_OTHER,file,0.0,ana_rainfall_1995_2025/station_cache/1247002.csv
REVIEW_OTHER,file,0.0,ana_rainfall_1995_2025/station_cache/1247005.csv
REVIEW_OTHER,file,0.0,ana_rainfall_1995_2025/station_cache/1248001.csv
REVIEW_OTHER,file,0.0,ana_rainfall_1995_2025/station_cache/1248003.csv
REVIEW_OTHER,file,0.0,ana_rainfall_1995_2025/station_cache/1249000.csv
REVIEW_OTHER,file,0.0,ana_rainfall_1995_2025/station_cache/1249001.csv
REVIEW_OTHER,file,0.0,ana_rainfall_1995_2025/station_cache/1249002.csv
REVIEW_OTHER,file,0.0,ana_rainfall_1995_2025/station_cache/1249003.csv
REVIEW_OTHER,file,0.0,ana_rainfall_1995_2025/station_cache/1249004.csv
REVIEW_OTHER,file,0.0,ana_rainfall_1995_2025/station_cache/1250000.csv
REVIEW_OTHER,file,0.0,ana_rainfall_1995_2025/station_cache/1250001.csv
REVIEW_OTHER,file,0.0,ana_rainfall_1995_2025/station_cache/1251000.csv
REVIEW_OTHER,file,0.0,ana_rainfall_1995_2025/station_cache/1251001.csv
REVIEW_OTHER,file,0.0,ana_rainfall_1995_2025/station_cache/1254001.csv
REVIEW_OTHER,file,0.0,ana_rainfall_1995_2025/station_cache/1255001.csv
REVIEW_OTHER,file,0.0,ana_rainfall_1995_2025/station_cache/1255002.csv
REVIEW_OTHER,file,0.0,ana_rainfall_1995_2025/station_cache/1256002.csv
REVIEW_OTHER,file,0.0,ana_rainfall_1995_2025/station_cache/1257000.csv
REVIEW_OTHER,file,0.0,ana_rainfall_1995_2025/station_cache/1261001.csv
REVIEW_OTHER,file,0.0,ana_rainfall_1995_2025/station_cache/1262000.csv
REVIEW_OTHER,file,0.0,ana_rainfall_1995_2025/station_cache/1262001.csv
REVIEW_OTHER,file,0.0,ana_rainfall_1995_2025/station_cache/1264000.csv
REVIEW_OTHER,file,0.0,ana_rainfall_1995_2025/station_cache/1338009.csv
REVIEW_OTHER,file,0.0,ana_rainfall_1995_2025/station_cache/1339000.csv
REVIEW_OTHER,file,0.0,ana_rainfall_1995_2025/station_cache/1339012.csv
REVIEW_OTHER,file,0.0,ana_rainfall_1995_2025/station_cache/1339020.csv
REVIEW_OTHER,file,0.0,ana_rainfall_1995_2025/station_cache/1339027.csv
REVIEW_OTHER,file,0.0,ana_rainfall_1995_2025/station_cache/1339030.csv
REVIEW_OTHER,file,0.0,ana_rainfall_1995_2025/station_cache/1339034.csv
REVIEW_OTHER,file,0.0,ana_rainfall_1995_2025/station_cache/1339038.csv
REVIEW_OTHER,file,0.0,ana_rainfall_1995_2025/station_cache/1339041.csv
REVIEW_OTHER,file,0.0,ana_rainfall_1995_2025/station_cache/1339044.csv
REVIEW_OTHER,file,0.0,ana_rainfall_1995_2025/station_cache/1340003.csv
REVIEW_OTHER,file,0.0,ana_rainfall_1995_2025/station_cache/1341029.csv
REVIEW_OTHER,file,0.0,ana_rainfall_1995_2025/station_cache/1343008.csv
REVIEW_OTHER,file,0.0,ana_rainfall_1995_2025/station_cache/1343019.csv
REVIEW_OTHER,file,0.0,ana_rainfall_1995_2025/station_cache/1344002.csv
REVIEW_OTHER,file,0.0,ana_rainfall_1995_2025/station_cache/1344013.csv
REVIEW_OTHER,file,0.0,ana_rainfall_1995_2025/station_cache/1344014.csv
REVIEW_OTHER,file,0.0,ana_rainfall_1995_2025/station_cache/1344015.csv
REVIEW_OTHER,file,0.0,ana_rainfall_1995_2025/station_cache/1344016.csv
REVIEW_OTHER,file,0.0,ana_rainfall_1995_2025/station_cache/1344017.csv
REVIEW_OTHER,file,0.0,ana_rainfall_1995_2025/station_cache/1345000.csv
REVIEW_OTHER,file,0.0,ana_rainfall_1995_2025/station_cache/1346000.csv
REVIEW_OTHER,file,0.0,ana_rainfall_1995_2025/station_cache/1346001.csv
REVIEW_OTHER,file,0.0,ana_rainfall_1995_2025/station_cache/1346002.csv
REVIEW_OTHER,file,0.0,ana_rainfall_1995_2025/station_cache/1346004.csv
REVIEW_OTHER,file,0.0,ana_rainfall_1995_2025/station_cache/1346005.csv
REVIEW_OTHER,file,0.0,ana_rainfall_1995_2025/station_cache/1346006.csv
REVIEW_OTHER,file,0.0,ana_rainfall_1995_2025/station_cache/1346007.csv
REVIEW_OTHER,file,0.0,ana_rainfall_1995_2025/station_cache/1347001.csv
REVIEW_OTHER,file,0.0,ana_rainfall_1995_2025/station_cache/1348000.csv
REVIEW_OTHER,file,0.0,ana_rainfall_1995_2025/station_cache/1348003.csv
REVIEW_OTHER,file,0.0,ana_rainfall_1995_2025/station_cache/1349000.csv
REVIEW_OTHER,file,0.0,ana_rainfall_1995_2025/station_cache/1349001.csv
REVIEW_OTHER,file,0.0,ana_rainfall_1995_2025/station_cache/1349002.csv
REVIEW_OTHER,file,0.0,ana_rainfall_1995_2025/station_cache/1349003.csv
REVIEW_OTHER,file,0.0,ana_rainfall_1995_2025/station_cache/1350000.csv
REVIEW_OTHER,file,0.0,ana_rainfall_1995_2025/station_cache/1350001.csv
REVIEW_OTHER,file,0.0,ana_rainfall_1995_2025/station_cache/1350002.csv
REVIEW_OTHER,file,0.0,ana_rainfall_1995_2025/station_cache/1351000.csv
REVIEW_OTHER,file,0.0,ana_rainfall_1995_2025/station_cache/1352000.csv
REVIEW_OTHER,file,0.0,ana_rainfall_1995_2025/station_cache/1352001.csv
REVIEW_OTHER,file,0.0,ana_rainfall_1995_2025/station_cache/1352002.csv
REVIEW_OTHER,file,0.0,ana_rainfall_1995_2025/station_cache/1353001.csv
REVIEW_OTHER,file,0.0,ana_rainfall_1995_2025/station_cache/1354000.csv
REVIEW_OTHER,file,0.0,ana_rainfall_1995_2025/station_cache/1354001.csv
REVIEW_OTHER,file,0.0,ana_rainfall_1995_2025/station_cache/1355001.csv
REVIEW_OTHER,file,0.0,ana_rainfall_1995_2025/station_cache/1356002.csv
REVIEW_OTHER,file,0.0,ana_rainfall_1995_2025/station_cache/1357000.csv
REVIEW_OTHER,file,0.0,ana_rainfall_1995_2025/station_cache/1358001.csv
REVIEW_OTHER,file,0.0,ana_rainfall_1995_2025/station_cache/1358002.csv
REVIEW_OTHER,file,0.0,ana_rainfall_1995_2025/station_cache/1358005.csv
REVIEW_OTHER,file,0.0,ana_rainfall_1995_2025/station_cache/1359000.csv
REVIEW_OTHER,file,0.0,ana_rainfall_1995_2025/station_cache/1359001.csv
REVIEW_OTHER,file,0.0,ana_rainfall_1995_2025/station_cache/1360000.csv
REVIEW_OTHER,file,0.0,ana_rainfall_1995_2025/station_cache/1360001.csv
REVIEW_OTHER,file,0.0,ana_rainfall_1995_2025/station_cache/1360002.csv
REVIEW_OTHER,file,0.0,ana_rainfall_1995_2025/station_cache/1360003.csv
REVIEW_OTHER,file,0.0,ana_rainfall_1995_2025/station_cache/1439001.csv
REVIEW_OTHER,file,0.0,ana_rainfall_1995_2025/station_cache/1439002.csv
REVIEW_OTHER,file,0.0,ana_rainfall_1995_2025/station_cache/1439006.csv
REVIEW_OTHER,file,0.0,ana_rainfall_1995_2025/station_cache/1439023.csv
REVIEW_OTHER,file,0.0,ana_rainfall_1995_2025/station_cache/1439044.csv
REVIEW_OTHER,file,0.0,ana_rainfall_1995_2025/station_cache/1439089.csv
REVIEW_OTHER,file,0.0,ana_rainfall_1995_2025/station_cache/1440009.csv
REVIEW_OTHER,file,0.0,ana_rainfall_1995_2025/station_cache/144002.csv
REVIEW_OTHER,file,0.0,ana_rainfall_1995_2025/station_cache/1440032.csv
REVIEW_OTHER,file,0.0,ana_rainfall_1995_2025/station_cache/1441000.csv
REVIEW_OTHER,file,0.0,ana_rainfall_1995_2025/station_cache/1442031.csv
REVIEW_OTHER,file,0.0,ana_rainfall_1995_2025/station_cache/1443001.csv
REVIEW_OTHER,file,0.0,ana_rainfall_1995_2025/station_cache/1443002.csv
REVIEW_OTHER,file,0.0,ana_rainfall_1995_2025/station_cache/1443026.csv
REVIEW_OTHER,file,0.0,ana_rainfall_1995_2025/station_cache/1444000.csv
REVIEW_OTHER,file,0.0,ana_rainfall_1995_2025/station_cache/1444001.csv
REVIEW_OTHER,file,0.0,ana_rainfall_1995_2025/station_cache/1444003.csv
REVIEW_OTHER,file,0.0,ana_rainfall_1995_2025/station_cache/1444004.csv
REVIEW_OTHER,file,0.0,ana_rainfall_1995_2025/station_cache/1444005.csv
REVIEW_OTHER,file,0.0,ana_rainfall_1995_2025/station_cache/1444017.csv
REVIEW_OTHER,file,0.0,ana_rainfall_1995_2025/station_cache/1445000.csv
REVIEW_OTHER,file,0.0,ana_rainfall_1995_2025/station_cache/1446004.csv
REVIEW_OTHER,file,0.0,ana_rainfall_1995_2025/station_cache/1447000.csv
REVIEW_OTHER,file,0.0,ana_rainfall_1995_2025/station_cache/1447002.csv
REVIEW_OTHER,file,0.0,ana_rainfall_1995_2025/station_cache/1448001.csv
REVIEW_OTHER,file,0.0,ana_rainfall_1995_2025/station_cache/1448004.csv
REVIEW_OTHER,file,0.0,ana_rainfall_1995_2025/station_cache/1448005.csv
REVIEW_OTHER,file,0.0,ana_rainfall_1995_2025/station_cache/1449000.csv
REVIEW_OTHER,file,0.0,ana_rainfall_1995_2025/station_cache/1449001.csv
REVIEW_OTHER,file,0.0,ana_rainfall_1995_2025/station_cache/1449002.csv
REVIEW_OTHER,file,0.0,ana_rainfall_1995_2025/station_cache/1449003.csv
REVIEW_OTHER,file,0.0,ana_rainfall_1995_2025/station_cache/1450000.csv
REVIEW_OTHER,file,0.0,ana_rainfall_1995_2025/station_cache/1450001.csv
REVIEW_OTHER,file,0.0,ana_rainfall_1995_2025/station_cache/1450002.csv
REVIEW_OTHER,file,0.0,ana_rainfall_1995_2025/station_cache/145006.csv
REVIEW_OTHER,file,0.0,ana_rainfall_1995_2025/station_cache/1451000.csv
REVIEW_OTHER,file,0.0,ana_rainfall_1995_2025/station_cache/1452000.csv
REVIEW_OTHER,file,0.0,ana_rainfall_1995_2025/station_cache/1452004.csv
REVIEW_OTHER,file,0.0,ana_rainfall_1995_2025/station_cache/1453000.csv
REVIEW_OTHER,file,0.0,ana_rainfall_1995_2025/station_cache/1454000.csv
REVIEW_OTHER,file,0.0,ana_rainfall_1995_2025/station_cache/1454002.csv
REVIEW_OTHER,file,0.0,ana_rainfall_1995_2025/station_cache/1455008.csv
REVIEW_OTHER,file,0.0,ana_rainfall_1995_2025/station_cache/1456001.csv
REVIEW_OTHER,file,0.0,ana_rainfall_1995_2025/station_cache/1456003.csv
REVIEW_OTHER,file,0.0,ana_rainfall_1995_2025/station_cache/1456009.csv
REVIEW_OTHER,file,0.0,ana_rainfall_1995_2025/station_cache/1457000.csv
REVIEW_OTHER,file,0.0,ana_rainfall_1995_2025/station_cache/1457001.csv
REVIEW_OTHER,file,0.0,ana_rainfall_1995_2025/station_cache/1457003.csv
REVIEW_OTHER,file,0.0,ana_rainfall_1995_2025/station_cache/1457004.csv
REVIEW_OTHER,file,0.0,ana_rainfall_1995_2025/station_cache/1458002.csv
REVIEW_OTHER,file,0.0,ana_rainfall_1995_2025/station_cache/1459003.csv
REVIEW_OTHER,file,0.0,ana_rainfall_1995_2025/station_cache/146005.csv
REVIEW_OTHER,file,0.0,ana_rainfall_1995_2025/station_cache/146008.csv
REVIEW_OTHER,file,0.0,ana_rainfall_1995_2025/station_cache/146009.csv
REVIEW_OTHER,file,0.0,ana_rainfall_1995_2025/station_cache/146010.csv
REVIEW_OTHER,file,0.0,ana_rainfall_1995_2025/station_cache/146011.csv
REVIEW_OTHER,file,0.0,ana_rainfall_1995_2025/station_cache/147002.csv
REVIEW_OTHER,file,0.0,ana_rainfall_1995_2025/station_cache/147007.csv
REVIEW_OTHER,file,0.0,ana_rainfall_1995_2025/station_cache/147008.csv
REVIEW_OTHER,file,0.0,ana_rainfall_1995_2025/station_cache/147010.csv
REVIEW_OTHER,file,0.0,ana_rainfall_1995_2025/station_cache/147011.csv
REVIEW_OTHER,file,0.0,ana_rainfall_1995_2025/station_cache/147016.csv
REVIEW_OTHER,file,0.0,ana_rainfall_1995_2025/station_cache/147017.csv
REVIEW_OTHER,file,0.0,ana_rainfall_1995_2025/station_cache/147018.csv
REVIEW_OTHER,file,0.0,ana_rainfall_1995_2025/station_cache/147019.csv
REVIEW_OTHER,file,0.0,ana_rainfall_1995_2025/station_cache/148003.csv
REVIEW_OTHER,file,0.0,ana_rainfall_1995_2025/station_cache/148009.csv
REVIEW_OTHER,file,0.0,ana_rainfall_1995_2025/station_cache/148010.csv
REVIEW_OTHER,file,0.0,ana_rainfall_1995_2025/station_cache/148011.csv
REVIEW_OTHER,file,0.0,ana_rainfall_1995_2025/station_cache/148012.csv
REVIEW_OTHER,file,0.0,ana_rainfall_1995_2025/station_cache/148017.csv
REVIEW_OTHER,file,0.0,ana_rainfall_1995_2025/station_cache/148018.csv
REVIEW_OTHER,file,0.0,ana_rainfall_1995_2025/station_cache/149003.csv
REVIEW_OTHER,file,0.0,ana_rainfall_1995_2025/station_cache/149004.csv
REVIEW_OTHER,file,0.0,ana_rainfall_1995_2025/station_cache/150003.csv
REVIEW_OTHER,file,0.0,ana_rainfall_1995_2025/station_cache/151000.csv
REVIEW_OTHER,file,0.0,ana_rainfall_1995_2025/station_cache/151001.csv
REVIEW_OTHER,file,0.0,ana_rainfall_1995_2025/station_cache/151002.csv
REVIEW_OTHER,file,0.0,ana_rainfall_1995_2025/station_cache/151003.csv
REVIEW_OTHER,file,0.0,ana_rainfall_1995_2025/station_cache/152005.csv
REVIEW_OTHER,file,0.0,ana_rainfall_1995_2025/station_cache/152006.csv
REVIEW_OTHER,file,0.0,ana_rainfall_1995_2025/station_cache/153000.csv
REVIEW_OTHER,file,0.0,ana_rainfall_1995_2025/station_cache/1538001.csv
REVIEW_OTHER,file,0.0,ana_rainfall_1995_2025/station_cache/1539002.csv
REVIEW_OTHER,file,0.0,ana_rainfall_1995_2025/station_cache/1539006.csv
REVIEW_OTHER,file,0.0,ana_rainfall_1995_2025/station_cache/1539008.csv
REVIEW_OTHER,file,0.0,ana_rainfall_1995_2025/station_cache/1539010.csv
REVIEW_OTHER,file,0.0,ana_rainfall_1995_2025/station_cache/1539014.csv
REVIEW_OTHER,file,0.0,ana_rainfall_1995_2025/station_cache/1539016.csv
REVIEW_OTHER,file,0.0,ana_rainfall_1995_2025/station_cache/1539022.csv
REVIEW_OTHER,file,0.0,ana_rainfall_1995_2025/station_cache/154000.csv
REVIEW_OTHER,file,0.0,ana_rainfall_1995_2025/station_cache/1540003.csv
REVIEW_OTHER,file,0.0,ana_rainfall_1995_2025/station_cache/1540004.csv
REVIEW_OTHER,file,0.0,ana_rainfall_1995_2025/station_cache/154001.csv
REVIEW_OTHER,file,0.0,ana_rainfall_1995_2025/station_cache/1540019.csv
REVIEW_OTHER,file,0.0,ana_rainfall_1995_2025/station_cache/1540020.csv
REVIEW_OTHER,file,0.0,ana_rainfall_1995_2025/station_cache/154003.csv
REVIEW_OTHER,file,0.0,ana_rainfall_1995_2025/station_cache/1541001.csv
REVIEW_OTHER,file,0.0,ana_rainfall_1995_2025/station_cache/1541010.csv
REVIEW_OTHER,file,0.0,ana_rainfall_1995_2025/station_cache/1541013.csv
REVIEW_OTHER,file,0.0,ana_rainfall_1995_2025/station_cache/1542014.csv
REVIEW_OTHER,file,0.0,ana_rainfall_1995_2025/station_cache/1542015.csv
REVIEW_OTHER,file,0.0,ana_rainfall_1995_2025/station_cache/1542016.csv
REVIEW_OTHER,file,0.0,ana_rainfall_1995_2025/station_cache/1543002.csv
REVIEW_OTHER,file,0.0,ana_rainfall_1995_2025/station_cache/1543013.csv
REVIEW_OTHER,file,0.0,ana_rainfall_1995_2025/station_cache/1544012.csv
REVIEW_OTHER,file,0.0,ana_rainfall_1995_2025/station_cache/1544017.csv
REVIEW_OTHER,file,0.0,ana_rainfall_1995_2025/station_cache/1544018.csv
REVIEW_OTHER,file,0.0,ana_rainfall_1995_2025/station_cache/1544019.csv
REVIEW_OTHER,file,0.0,ana_rainfall_1995_2025/station_cache/1544030.csv
REVIEW_OTHER,file,0.0,ana_rainfall_1995_2025/station_cache/1544032.csv
REVIEW_OTHER,file,0.0,ana_rainfall_1995_2025/station_cache/1545002.csv
REVIEW_OTHER,file,0.0,ana_rainfall_1995_2025/station_cache/1545004.csv
REVIEW_OTHER,file,0.0,ana_rainfall_1995_2025/station_cache/1546000.csv
REVIEW_OTHER,file,0.0,ana_rainfall_1995_2025/station_cache/1546001.csv
REVIEW_OTHER,file,0.0,ana_rainfall_1995_2025/station_cache/1546005.csv
REVIEW_OTHER,file,0.0,ana_rainfall_1995_2025/station_cache/1546010.csv
REVIEW_OTHER,file,0.0,ana_rainfall_1995_2025/station_cache/1546011.csv
REVIEW_OTHER,file,0.0,ana_rainfall_1995_2025/station_cache/1548001.csv
REVIEW_OTHER,file,0.0,ana_rainfall_1995_2025/station_cache/1548003.csv
REVIEW_OTHER,file,0.0,ana_rainfall_1995_2025/station_cache/1548011.csv
REVIEW_OTHER,file,0.0,ana_rainfall_1995_2025/station_cache/1548020.csv
REVIEW_OTHER,file,0.0,ana_rainfall_1995_2025/station_cache/1549001.csv
REVIEW_OTHER,file,0.0,ana_rainfall_1995_2025/station_cache/1549002.csv
REVIEW_OTHER,file,0.0,ana_rainfall_1995_2025/station_cache/1549003.csv
REVIEW_OTHER,file,0.0,ana_rainfall_1995_2025/station_cache/1549004.csv
REVIEW_OTHER,file,0.0,ana_rainfall_1995_2025/station_cache/1549009.csv
REVIEW_OTHER,file,0.0,ana_rainfall_1995_2025/station_cache/155000.csv
REVIEW_OTHER,file,0.0,ana_rainfall_1995_2025/station_cache/1550000.csv
REVIEW_OTHER,file,0.0,ana_rainfall_1995_2025/station_cache/1550001.csv
REVIEW_OTHER,file,0.0,ana_rainfall_1995_2025/station_cache/1550002.csv
REVIEW_OTHER,file,0.0,ana_rainfall_1995_2025/station_cache/155002.csv
REVIEW_OTHER,file,0.0,ana_rainfall_1995_2025/station_cache/1551000.csv
REVIEW_OTHER,file,0.0,ana_rainfall_1995_2025/station_cache/1551001.csv
REVIEW_OTHER,file,0.0,ana_rainfall_1995_2025/station_cache/1551002.csv
REVIEW_OTHER,file,0.0,ana_rainfall_1995_2025/station_cache/1551003.csv
REVIEW_OTHER,file,0.0,ana_rainfall_1995_2025/station_cache/1552001.csv
REVIEW_OTHER,file,0.0,ana_rainfall_1995_2025/station_cache/1552002.csv
REVIEW_OTHER,file,0.0,ana_rainfall_1995_2025/station_cache/1552006.csv
REVIEW_OTHER,file,0.0,ana_rainfall_1995_2025/station_cache/1553003.csv
REVIEW_OTHER,file,0.0,ana_rainfall_1995_2025/station_cache/1554005.csv
REVIEW_OTHER,file,0.0,ana_rainfall_1995_2025/station_cache/1554006.csv
REVIEW_OTHER,file,0.0,ana_rainfall_1995_2025/station_cache/1555005.csv
REVIEW_OTHER,file,0.0,ana_rainfall_1995_2025/station_cache/1555008.csv
REVIEW_OTHER,file,0.0,ana_rainfall_1995_2025/station_cache/1556000.csv
REVIEW_OTHER,file,0.0,ana_rainfall_1995_2025/station_cache/1556001.csv
REVIEW_OTHER,file,0.0,ana_rainfall_1995_2025/station_cache/1556006.csv
REVIEW_OTHER,file,0.0,ana_rainfall_1995_2025/station_cache/1556007.csv
REVIEW_OTHER,file,0.0,ana_rainfall_1995_2025/station_cache/1557001.csv
REVIEW_OTHER,file,0.0,ana_rainfall_1995_2025/station_cache/1557003.csv
REVIEW_OTHER,file,0.0,ana_rainfall_1995_2025/station_cache/1557005.csv
REVIEW_OTHER,file,0.0,ana_rainfall_1995_2025/station_cache/1558000.csv
REVIEW_OTHER,file,0.0,ana_rainfall_1995_2025/station_cache/1558001.csv
REVIEW_OTHER,file,0.0,ana_rainfall_1995_2025/station_cache/1558004.csv
REVIEW_OTHER,file,0.0,ana_rainfall_1995_2025/station_cache/1558005.csv
REVIEW_OTHER,file,0.0,ana_rainfall_1995_2025/station_cache/1559000.csv
REVIEW_OTHER,file,0.0,ana_rainfall_1995_2025/station_cache/1559006.csv
REVIEW_OTHER,file,0.0,ana_rainfall_1995_2025/station_cache/156000.csv
REVIEW_OTHER,file,0.0,ana_rainfall_1995_2025/station_cache/1560000.csv
REVIEW_OTHER,file,0.0,ana_rainfall_1995_2025/station_cache/156002.csv
REVIEW_OTHER,file,0.0,ana_rainfall_1995_2025/station_cache/157000.csv
REVIEW_OTHER,file,0.0,ana_rainfall_1995_2025/station_cache/157001.csv
REVIEW_OTHER,file,0.0,ana_rainfall_1995_2025/station_cache/157002.csv
REVIEW_OTHER,file,0.0,ana_rainfall_1995_2025/station_cache/158003.csv
REVIEW_OTHER,file,0.0,ana_rainfall_1995_2025/station_cache/159000.csv
REVIEW_OTHER,file,0.0,ana_rainfall_1995_2025/station_cache/160000.csv
REVIEW_OTHER,file,0.0,ana_rainfall_1995_2025/station_cache/161002.csv
REVIEW_OTHER,file,0.0,ana_rainfall_1995_2025/station_cache/162000.csv
REVIEW_OTHER,file,0.0,ana_rainfall_1995_2025/station_cache/162002.csv
REVIEW_OTHER,file,0.0,ana_rainfall_1995_2025/station_cache/1639000.csv
REVIEW_OTHER,file,0.0,ana_rainfall_1995_2025/station_cache/1640000.csv
REVIEW_OTHER,file,0.0,ana_rainfall_1995_2025/station_cache/1640001.csv
REVIEW_OTHER,file,0.0,ana_rainfall_1995_2025/station_cache/1640009.csv
REVIEW_OTHER,file,0.0,ana_rainfall_1995_2025/station_cache/1640010.csv
REVIEW_OTHER,file,0.0,ana_rainfall_1995_2025/station_cache/1640012.csv
REVIEW_OTHER,file,0.0,ana_rainfall_1995_2025/station_cache/1641001.csv
REVIEW_OTHER,file,0.0,ana_rainfall_1995_2025/station_cache/1641002.csv
REVIEW_OTHER,file,0.0,ana_rainfall_1995_2025/station_cache/1641007.csv
REVIEW_OTHER,file,0.0,ana_rainfall_1995_2025/station_cache/1641010.csv
REVIEW_OTHER,file,0.0,ana_rainfall_1995_2025/station_cache/1641011.csv
REVIEW_OTHER,file,0.0,ana_rainfall_1995_2025/station_cache/1641012.csv
REVIEW_OTHER,file,0.0,ana_rainfall_1995_2025/station_cache/1641013.csv
REVIEW_OTHER,file,0.0,ana_rainfall_1995_2025/station_cache/1642002.csv
REVIEW_OTHER,file,0.0,ana_rainfall_1995_2025/station_cache/1642007.csv
REVIEW_OTHER,file,0.0,ana_rainfall_1995_2025/station_cache/1642008.csv
REVIEW_OTHER,file,0.0,ana_rainfall_1995_2025/station_cache/1642013.csv
REVIEW_OTHER,file,0.0,ana_rainfall_1995_2025/station_cache/1642014.csv
REVIEW_OTHER,file,0.0,ana_rainfall_1995_2025/station_cache/1642026.csv
REVIEW_OTHER,file,0.0,ana_rainfall_1995_2025/station_cache/1642027.csv
REVIEW_OTHER,file,0.0,ana_rainfall_1995_2025/station_cache/1642028.csv
REVIEW_OTHER,file,0.0,ana_rainfall_1995_2025/station_cache/1643020.csv
REVIEW_OTHER,file,0.0,ana_rainfall_1995_2025/station_cache/1643026.csv
REVIEW_OTHER,file,0.0,ana_rainfall_1995_2025/station_cache/1644027.csv
REVIEW_OTHER,file,0.0,ana_rainfall_1995_2025/station_cache/1644028.csv
REVIEW_OTHER,file,0.0,ana_rainfall_1995_2025/station_cache/1645000.csv
REVIEW_OTHER,file,0.0,ana_rainfall_1995_2025/station_cache/1645002.csv
REVIEW_OTHER,file,0.0,ana_rainfall_1995_2025/station_cache/1645003.csv
REVIEW_OTHER,file,0.0,ana_rainfall_1995_2025/station_cache/1645005.csv
REVIEW_OTHER,file,0.0,ana_rainfall_1995_2025/station_cache/1645007.csv
REVIEW_OTHER,file,0.0,ana_rainfall_1995_2025/station_cache/1645009.csv
REVIEW_OTHER,file,0.0,ana_rainfall_1995_2025/station_cache/1645013.csv
REVIEW_OTHER,file,0.0,ana_rainfall_1995_2025/station_cache/1645019.csv
REVIEW_OTHER,file,0.0,ana_rainfall_1995_2025/station_cache/1646000.csv
REVIEW_OTHER,file,0.0,ana_rainfall_1995_2025/station_cache/1646001.csv
REVIEW_OTHER,file,0.0,ana_rainfall_1995_2025/station_cache/1646003.csv
REVIEW_OTHER,file,0.0,ana_rainfall_1995_2025/station_cache/1646004.csv
REVIEW_OTHER,file,0.0,ana_rainfall_1995_2025/station_cache/1647008.csv
REVIEW_OTHER,file,0.0,ana_rainfall_1995_2025/station_cache/1648001.csv
REVIEW_OTHER,file,0.0,ana_rainfall_1995_2025/station_cache/1649000.csv
REVIEW_OTHER,file,0.0,ana_rainfall_1995_2025/station_cache/1649001.csv
REVIEW_OTHER,file,0.0,ana_rainfall_1995_2025/station_cache/1649004.csv
REVIEW_OTHER,file,0.0,ana_rainfall_1995_2025/station_cache/1649006.csv
REVIEW_OTHER,file,0.0,ana_rainfall_1995_2025/station_cache/1649007.csv
REVIEW_OTHER,file,0.0,ana_rainfall_1995_2025/station_cache/1649009.csv
REVIEW_OTHER,file,0.0,ana_rainfall_1995_2025/station_cache/1649010.csv
REVIEW_OTHER,file,0.0,ana_rainfall_1995_2025/station_cache/1649012.csv
REVIEW_OTHER,file,0.0,ana_rainfall_1995_2025/station_cache/165000.csv
REVIEW_OTHER,file,0.0,ana_rainfall_1995_2025/station_cache/1650000.csv
REVIEW_OTHER,file,0.0,ana_rainfall_1995_2025/station_cache/1650001.csv
REVIEW_OTHER,file,0.0,ana_rainfall_1995_2025/station_cache/1650002.csv
REVIEW_OTHER,file,0.0,ana_rainfall_1995_2025/station_cache/1650003.csv
REVIEW_OTHER,file,0.0,ana_rainfall_1995_2025/station_cache/1651000.csv
REVIEW_OTHER,file,0.0,ana_rainfall_1995_2025/station_cache/1651001.csv
REVIEW_OTHER,file,0.0,ana_rainfall_1995_2025/station_cache/1651002.csv
REVIEW_OTHER,file,0.0,ana_rainfall_1995_2025/station_cache/1651003.csv
REVIEW_OTHER,file,0.0,ana_rainfall_1995_2025/station_cache/1652000.csv
REVIEW_OTHER,file,0.0,ana_rainfall_1995_2025/station_cache/1652001.csv
REVIEW_OTHER,file,0.0,ana_rainfall_1995_2025/station_cache/1652002.csv
REVIEW_OTHER,file,0.0,ana_rainfall_1995_2025/station_cache/1652003.csv
REVIEW_OTHER,file,0.0,ana_rainfall_1995_2025/station_cache/1653000.csv
REVIEW_OTHER,file,0.0,ana_rainfall_1995_2025/station_cache/1653002.csv
REVIEW_OTHER,file,0.0,ana_rainfall_1995_2025/station_cache/1653004.csv
REVIEW_OTHER,file,0.0,ana_rainfall_1995_2025/station_cache/1653005.csv
REVIEW_OTHER,file,0.0,ana_rainfall_1995_2025/station_cache/1654000.csv
REVIEW_OTHER,file,0.0,ana_rainfall_1995_2025/station_cache/1654001.csv
REVIEW_OTHER,file,0.0,ana_rainfall_1995_2025/station_cache/1654004.csv
REVIEW_OTHER,file,0.0,ana_rainfall_1995_2025/station_cache/1654005.csv
REVIEW_OTHER,file,0.0,ana_rainfall_1995_2025/station_cache/1655000.csv
REVIEW_OTHER,file,0.0,ana_rainfall_1995_2025/station_cache/1655001.csv
REVIEW_OTHER,file,0.0,ana_rainfall_1995_2025/station_cache/1655002.csv
REVIEW_OTHER,file,0.0,ana_rainfall_1995_2025/station_cache/1655004.csv
REVIEW_OTHER,file,0.0,ana_rainfall_1995_2025/station_cache/1656001.csv
REVIEW_OTHER,file,0.0,ana_rainfall_1995_2025/station_cache/1656002.csv
REVIEW_OTHER,file,0.0,ana_rainfall_1995_2025/station_cache/1656003.csv
REVIEW_OTHER,file,0.0,ana_rainfall_1995_2025/station_cache/1656004.csv
REVIEW_OTHER,file,0.0,ana_rainfall_1995_2025/station_cache/1657002.csv
REVIEW_OTHER,file,0.0,ana_rainfall_1995_2025/station_cache/1657003.csv
REVIEW_OTHER,file,0.0,ana_rainfall_1995_2025/station_cache/1657004.csv
REVIEW_OTHER,file,0.0,ana_rainfall_1995_2025/station_cache/1658000.csv
REVIEW_OTHER,file,0.0,ana_rainfall_1995_2025/station_cache/1659001.csv
REVIEW_OTHER,file,0.0,ana_rainfall_1995_2025/station_cache/166000.csv
REVIEW_OTHER,file,0.0,ana_rainfall_1995_2025/station_cache/167001.csv
REVIEW_OTHER,file,0.0,ana_rainfall_1995_2025/station_cache/169000.csv
REVIEW_OTHER,file,0.0,ana_rainfall_1995_2025/station_cache/169002.csv
REVIEW_OTHER,file,0.0,ana_rainfall_1995_2025/station_cache/1739001.csv
REVIEW_OTHER,file,0.0,ana_rainfall_1995_2025/station_cache/1739005.csv
REVIEW_OTHER,file,0.0,ana_rainfall_1995_2025/station_cache/1739006.csv
REVIEW_OTHER,file,0.0,ana_rainfall_1995_2025/station_cache/1739010.csv
REVIEW_OTHER,file,0.0,ana_rainfall_1995_2025/station_cache/1739020.csv
REVIEW_OTHER,file,0.0,ana_rainfall_1995_2025/station_cache/1739021.csv
REVIEW_OTHER,file,0.0,ana_rainfall_1995_2025/station_cache/1739022.csv
REVIEW_OTHER,file,0.0,ana_rainfall_1995_2025/station_cache/1740000.csv
REVIEW_OTHER,file,0.0,ana_rainfall_1995_2025/station_cache/1740001.csv
REVIEW_OTHER,file,0.0,ana_rainfall_1995_2025/station_cache/1740005.csv
REVIEW_OTHER,file,0.0,ana_rainfall_1995_2025/station_cache/1740006.csv
REVIEW_OTHER,file,0.0,ana_rainfall_1995_2025/station_cache/1740008.csv
REVIEW_OTHER,file,0.0,ana_rainfall_1995_2025/station_cache/1740026.csv
REVIEW_OTHER,file,0.0,ana_rainfall_1995_2025/station_cache/1740033.csv
REVIEW_OTHER,file,0.0,ana_rainfall_1995_2025/station_cache/1741001.csv
REVIEW_OTHER,file,0.0,ana_rainfall_1995_2025/station_cache/1741003.csv
REVIEW_OTHER,file,0.0,ana_rainfall_1995_2025/station_cache/1741006.csv
REVIEW_OTHER,file,0.0,ana_rainfall_1995_2025/station_cache/1741007.csv
REVIEW_OTHER,file,0.0,ana_rainfall_1995_2025/station_cache/1741009.csv
REVIEW_OTHER,file,0.0,ana_rainfall_1995_2025/station_cache/1741013.csv
REVIEW_OTHER,file,0.0,ana_rainfall_1995_2025/station_cache/1742008.csv
REVIEW_OTHER,file,0.0,ana_rainfall_1995_2025/station_cache/1742014.csv
REVIEW_OTHER,file,0.0,ana_rainfall_1995_2025/station_cache/1742017.csv
REVIEW_OTHER,file,0.0,ana_rainfall_1995_2025/station_cache/1742019.csv
REVIEW_OTHER,file,0.0,ana_rainfall_1995_2025/station_cache/1742020.csv
REVIEW_OTHER,file,0.0,ana_rainfall_1995_2025/station_cache/1742022.csv
REVIEW_OTHER,file,0.0,ana_rainfall_1995_2025/station_cache/1742023.csv
REVIEW_OTHER,file,0.0,ana_rainfall_1995_2025/station_cache/1742025.csv
REVIEW_OTHER,file,0.0,ana_rainfall_1995_2025/station_cache/1743002.csv
REVIEW_OTHER,file,0.0,ana_rainfall_1995_2025/station_cache/1743016.csv
REVIEW_OTHER,file,0.0,ana_rainfall_1995_2025/station_cache/1743018.csv
REVIEW_OTHER,file,0.0,ana_rainfall_1995_2025/station_cache/1744009.csv
REVIEW_OTHER,file,0.0,ana_rainfall_1995_2025/station_cache/1744010.csv
REVIEW_OTHER,file,0.0,ana_rainfall_1995_2025/station_cache/1744030.csv
REVIEW_OTHER,file,0.0,ana_rainfall_1995_2025/station_cache/1745001.csv
REVIEW_OTHER,file,0.0,ana_rainfall_1995_2025/station_cache/1745014.csv
REVIEW_OTHER,file,0.0,ana_rainfall_1995_2025/station_cache/1746001.csv
REVIEW_OTHER,file,0.0,ana_rainfall_1995_2025/station_cache/1746002.csv
REVIEW_OTHER,file,0.0,ana_rainfall_1995_2025/station_cache/1746006.csv
REVIEW_OTHER,file,0.0,ana_rainfall_1995_2025/station_cache/1746007.csv
REVIEW_OTHER,file,0.0,ana_rainfall_1995_2025/station_cache/1746017.csv
REVIEW_OTHER,file,0.0,ana_rainfall_1995_2025/station_cache/1746018.csv
REVIEW_OTHER,file,0.0,ana_rainfall_1995_2025/station_cache/1746019.csv
REVIEW_OTHER,file,0.0,ana_rainfall_1995_2025/station_cache/1747005.csv
REVIEW_OTHER,file,0.0,ana_rainfall_1995_2025/station_cache/1748004.csv
REVIEW_OTHER,file,0.0,ana_rainfall_1995_2025/station_cache/1749000.csv
REVIEW_OTHER,file,0.0,ana_rainfall_1995_2025/station_cache/1749001.csv
REVIEW_OTHER,file,0.0,ana_rainfall_1995_2025/station_cache/1749002.csv
REVIEW_OTHER,file,0.0,ana_rainfall_1995_2025/station_cache/1749003.csv
REVIEW_OTHER,file,0.0,ana_rainfall_1995_2025/station_cache/1749004.csv
REVIEW_OTHER,file,0.0,ana_rainfall_1995_2025/station_cache/1749005.csv
REVIEW_OTHER,file,0.0,ana_rainfall_1995_2025/station_cache/1749009.csv
REVIEW_OTHER,file,0.0,ana_rainfall_1995_2025/station_cache/1750000.csv
REVIEW_OTHER,file,0.0,ana_rainfall_1995_2025/station_cache/1750001.csv
REVIEW_OTHER,file,0.0,ana_rainfall_1995_2025/station_cache/1750003.csv
REVIEW_OTHER,file,0.0,ana_rainfall_1995_2025/station_cache/1750004.csv
REVIEW_OTHER,file,0.0,ana_rainfall_1995_2025/station_cache/1750008.csv
REVIEW_OTHER,file,0.0,ana_rainfall_1995_2025/station_cache/1750013.csv
REVIEW_OTHER,file,0.0,ana_rainfall_1995_2025/station_cache/1751001.csv
REVIEW_OTHER,file,0.0,ana_rainfall_1995_2025/station_cache/1751002.csv
REVIEW_OTHER,file,0.0,ana_rainfall_1995_2025/station_cache/1751004.csv
REVIEW_OTHER,file,0.0,ana_rainfall_1995_2025/station_cache/1752002.csv
REVIEW_OTHER,file,0.0,ana_rainfall_1995_2025/station_cache/1752003.csv
REVIEW_OTHER,file,0.0,ana_rainfall_1995_2025/station_cache/1752006.csv
REVIEW_OTHER,file,0.0,ana_rainfall_1995_2025/station_cache/1753000.csv
REVIEW_OTHER,file,0.0,ana_rainfall_1995_2025/station_cache/1753002.csv
REVIEW_OTHER,file,0.0,ana_rainfall_1995_2025/station_cache/1754000.csv
REVIEW_OTHER,file,0.0,ana_rainfall_1995_2025/station_cache/1754002.csv
REVIEW_OTHER,file,0.0,ana_rainfall_1995_2025/station_cache/1754004.csv
REVIEW_OTHER,file,0.0,ana_rainfall_1995_2025/station_cache/1755000.csv
REVIEW_OTHER,file,0.0,ana_rainfall_1995_2025/station_cache/1755001.csv
REVIEW_OTHER,file,0.0,ana_rainfall_1995_2025/station_cache/1755003.csv
REVIEW_OTHER,file,0.0,ana_rainfall_1995_2025/station_cache/1756000.csv
REVIEW_OTHER,file,0.0,ana_rainfall_1995_2025/station_cache/1756001.csv
REVIEW_OTHER,file,0.0,ana_rainfall_1995_2025/station_cache/1756002.csv
REVIEW_OTHER,file,0.0,ana_rainfall_1995_2025/station_cache/1756003.csv
REVIEW_OTHER,file,0.0,ana_rainfall_1995_2025/station_cache/1757001.csv
REVIEW_OTHER,file,0.0,ana_rainfall_1995_2025/station_cache/1757003.csv
REVIEW_OTHER,file,0.0,ana_rainfall_1995_2025/station_cache/1839000.csv
REVIEW_OTHER,file,0.0,ana_rainfall_1995_2025/station_cache/1839001.csv
REVIEW_OTHER,file,0.0,ana_rainfall_1995_2025/station_cache/1839006.csv
REVIEW_OTHER,file,0.0,ana_rainfall_1995_2025/station_cache/1840000.csv
REVIEW_OTHER,file,0.0,ana_rainfall_1995_2025/station_cache/1840003.csv
REVIEW_OTHER,file,0.0,ana_rainfall_1995_2025/station_cache/1840004.csv
REVIEW_OTHER,file,0.0,ana_rainfall_1995_2025/station_cache/1840007.csv
REVIEW_OTHER,file,0.0,ana_rainfall_1995_2025/station_cache/1840008.csv
REVIEW_OTHER,file,0.0,ana_rainfall_1995_2025/station_cache/1840009.csv
REVIEW_OTHER,file,0.0,ana_rainfall_1995_2025/station_cache/1840010.csv
REVIEW_OTHER,file,0.0,ana_rainfall_1995_2025/station_cache/1840012.csv
REVIEW_OTHER,file,0.0,ana_rainfall_1995_2025/station_cache/1840013.csv
REVIEW_OTHER,file,0.0,ana_rainfall_1995_2025/station_cache/1840015.csv
REVIEW_OTHER,file,0.0,ana_rainfall_1995_2025/station_cache/1840016.csv
REVIEW_OTHER,file,0.0,ana_rainfall_1995_2025/station_cache/1840017.csv
REVIEW_OTHER,file,0.0,ana_rainfall_1995_2025/station_cache/1840019.csv
REVIEW_OTHER,file,0.0,ana_rainfall_1995_2025/station_cache/1840020.csv
REVIEW_OTHER,file,0.0,ana_rainfall_1995_2025/station_cache/1840026.csv
REVIEW_OTHER,file,0.0,ana_rainfall_1995_2025/station_cache/1841001.csv
REVIEW_OTHER,file,0.0,ana_rainfall_1995_2025/station_cache/1841003.csv
REVIEW_OTHER,file,0.0,ana_rainfall_1995_2025/station_cache/1841006.csv
REVIEW_OTHER,file,0.0,ana_rainfall_1995_2025/station_cache/1841007.csv
REVIEW_OTHER,file,0.0,ana_rainfall_1995_2025/station_cache/1841008.csv
REVIEW_OTHER,file,0.0,ana_rainfall_1995_2025/station_cache/1841009.csv
REVIEW_OTHER,file,0.0,ana_rainfall_1995_2025/station_cache/1841010.csv
REVIEW_OTHER,file,0.0,ana_rainfall_1995_2025/station_cache/1841011.csv
REVIEW_OTHER,file,0.0,ana_rainfall_1995_2025/station_cache/1841018.csv
REVIEW_OTHER,file,0.0,ana_rainfall_1995_2025/station_cache/1841019.csv
REVIEW_OTHER,file,0.0,ana_rainfall_1995_2025/station_cache/1841020.csv
REVIEW_OTHER,file,0.0,ana_rainfall_1995_2025/station_cache/1841021.csv
REVIEW_OTHER,file,0.0,ana_rainfall_1995_2025/station_cache/1842004.csv
REVIEW_OTHER,file,0.0,ana_rainfall_1995_2025/station_cache/1842005.csv
REVIEW_OTHER,file,0.0,ana_rainfall_1995_2025/station_cache/1842007.csv
REVIEW_OTHER,file,0.0,ana_rainfall_1995_2025/station_cache/1842008.csv
REVIEW_OTHER,file,0.0,ana_rainfall_1995_2025/station_cache/1842020.csv
REVIEW_OTHER,file,0.0,ana_rainfall_1995_2025/station_cache/1842026.csv
REVIEW_OTHER,file,0.0,ana_rainfall_1995_2025/station_cache/1843000.csv
REVIEW_OTHER,file,0.0,ana_rainfall_1995_2025/station_cache/1843002.csv
REVIEW_OTHER,file,0.0,ana_rainfall_1995_2025/station_cache/1843003.csv
REVIEW_OTHER,file,0.0,ana_rainfall_1995_2025/station_cache/1843011.csv
REVIEW_OTHER,file,0.0,ana_rainfall_1995_2025/station_cache/1843012.csv
REVIEW_OTHER,file,0.0,ana_rainfall_1995_2025/station_cache/1843015.csv
REVIEW_OTHER,file,0.0,ana_rainfall_1995_2025/station_cache/1844001.csv
REVIEW_OTHER,file,0.0,ana_rainfall_1995_2025/station_cache/1844009.csv
REVIEW_OTHER,file,0.0,ana_rainfall_1995_2025/station_cache/1844010.csv
REVIEW_OTHER,file,0.0,ana_rainfall_1995_2025/station_cache/1844017.csv
REVIEW_OTHER,file,0.0,ana_rainfall_1995_2025/station_cache/1844018.csv
REVIEW_OTHER,file,0.0,ana_rainfall_1995_2025/station_cache/1844019.csv
REVIEW_OTHER,file,0.0,ana_rainfall_1995_2025/station_cache/1845002.csv
REVIEW_OTHER,file,0.0,ana_rainfall_1995_2025/station_cache/1845004.csv
REVIEW_OTHER,file,0.0,ana_rainfall_1995_2025/station_cache/1845013.csv
REVIEW_OTHER,file,0.0,ana_rainfall_1995_2025/station_cache/1845014.csv
REVIEW_OTHER,file,0.0,ana_rainfall_1995_2025/station_cache/1845021.csv
REVIEW_OTHER,file,0.0,ana_rainfall_1995_2025/station_cache/1845027.csv
REVIEW_OTHER,file,0.0,ana_rainfall_1995_2025/station_cache/1846002.csv
REVIEW_OTHER,file,0.0,ana_rainfall_1995_2025/station_cache/1846003.csv
REVIEW_OTHER,file,0.0,ana_rainfall_1995_2025/station_cache/1846004.csv
REVIEW_OTHER,file,0.0,ana_rainfall_1995_2025/station_cache/1846005.csv
REVIEW_OTHER,file,0.0,ana_rainfall_1995_2025/station_cache/1846006.csv
REVIEW_OTHER,file,0.0,ana_rainfall_1995_2025/station_cache/1846007.csv
REVIEW_OTHER,file,0.0,ana_rainfall_1995_2025/station_cache/1846015.csv
REVIEW_OTHER,file,0.0,ana_rainfall_1995_2025/station_cache/1846016.csv
REVIEW_OTHER,file,0.0,ana_rainfall_1995_2025/station_cache/1846017.csv
REVIEW_OTHER,file,0.0,ana_rainfall_1995_2025/station_cache/1846019.csv
REVIEW_OTHER,file,0.0,ana_rainfall_1995_2025/station_cache/1846023.csv
REVIEW_OTHER,file,0.0,ana_rainfall_1995_2025/station_cache/1847000.csv
REVIEW_OTHER,file,0.0,ana_rainfall_1995_2025/station_cache/1847001.csv
REVIEW_OTHER,file,0.0,ana_rainfall_1995_2025/station_cache/1847003.csv
REVIEW_OTHER,file,0.0,ana_rainfall_1995_2025/station_cache/1847006.csv
REVIEW_OTHER,file,0.0,ana_rainfall_1995_2025/station_cache/1847007.csv
REVIEW_OTHER,file,0.0,ana_rainfall_1995_2025/station_cache/1847008.csv
REVIEW_OTHER,file,0.0,ana_rainfall_1995_2025/station_cache/1847010.csv
REVIEW_OTHER,file,0.0,ana_rainfall_1995_2025/station_cache/1847011.csv
REVIEW_OTHER,file,0.0,ana_rainfall_1995_2025/station_cache/1848000.csv
REVIEW_OTHER,file,0.0,ana_rainfall_1995_2025/station_cache/1848004.csv
REVIEW_OTHER,file,0.0,ana_rainfall_1995_2025/station_cache/1848006.csv
REVIEW_OTHER,file,0.0,ana_rainfall_1995_2025/station_cache/1848007.csv
REVIEW_OTHER,file,0.0,ana_rainfall_1995_2025/station_cache/1848008.csv
REVIEW_OTHER,file,0.0,ana_rainfall_1995_2025/station_cache/1848009.csv
REVIEW_OTHER,file,0.0,ana_rainfall_1995_2025/station_cache/1848010.csv
REVIEW_OTHER,file,0.0,ana_rainfall_1995_2025/station_cache/1849000.csv
REVIEW_OTHER,file,0.0,ana_rainfall_1995_2025/station_cache/1849002.csv
REVIEW_OTHER,file,0.0,ana_rainfall_1995_2025/station_cache/1849006.csv
REVIEW_OTHER,file,0.0,ana_rainfall_1995_2025/station_cache/1849016.csv
REVIEW_OTHER,file,0.0,ana_rainfall_1995_2025/station_cache/1849026.csv
REVIEW_OTHER,file,0.0,ana_rainfall_1995_2025/station_cache/1850001.csv
REVIEW_OTHER,file,0.0,ana_rainfall_1995_2025/station_cache/1850002.csv
REVIEW_OTHER,file,0.0,ana_rainfall_1995_2025/station_cache/1850003.csv
REVIEW_OTHER,file,0.0,ana_rainfall_1995_2025/station_cache/1851000.csv
REVIEW_OTHER,file,0.0,ana_rainfall_1995_2025/station_cache/1851001.csv
REVIEW_OTHER,file,0.0,ana_rainfall_1995_2025/station_cache/1851002.csv
REVIEW_OTHER,file,0.0,ana_rainfall_1995_2025/station_cache/1851004.csv
REVIEW_OTHER,file,0.0,ana_rainfall_1995_2025/station_cache/1851005.csv
REVIEW_OTHER,file,0.0,ana_rainfall_1995_2025/station_cache/1852000.csv
REVIEW_OTHER,file,0.0,ana_rainfall_1995_2025/station_cache/1852001.csv
REVIEW_OTHER,file,0.0,ana_rainfall_1995_2025/station_cache/1852002.csv
REVIEW_OTHER,file,0.0,ana_rainfall_1995_2025/station_cache/1852003.csv
REVIEW_OTHER,file,0.0,ana_rainfall_1995_2025/station_cache/1853000.csv
REVIEW_OTHER,file,0.0,ana_rainfall_1995_2025/station_cache/1853002.csv
REVIEW_OTHER,file,0.0,ana_rainfall_1995_2025/station_cache/1853004.csv
REVIEW_OTHER,file,0.0,ana_rainfall_1995_2025/station_cache/1853005.csv
REVIEW_OTHER,file,0.0,ana_rainfall_1995_2025/station_cache/1854001.csv
REVIEW_OTHER,file,0.0,ana_rainfall_1995_2025/station_cache/1854002.csv
REVIEW_OTHER,file,0.0,ana_rainfall_1995_2025/station_cache/1854003.csv
REVIEW_OTHER,file,0.0,ana_rainfall_1995_2025/station_cache/1854004.csv
REVIEW_OTHER,file,0.0,ana_rainfall_1995_2025/station_cache/1854006.csv
REVIEW_OTHER,file,0.0,ana_rainfall_1995_2025/station_cache/1857001.csv
REVIEW_OTHER,file,0.0,ana_rainfall_1995_2025/station_cache/1857003.csv
REVIEW_OTHER,file,0.0,ana_rainfall_1995_2025/station_cache/1939002.csv
REVIEW_OTHER,file,0.0,ana_rainfall_1995_2025/station_cache/1940000.csv
REVIEW_OTHER,file,0.0,ana_rainfall_1995_2025/station_cache/1940001.csv
REVIEW_OTHER,file,0.0,ana_rainfall_1995_2025/station_cache/1940002.csv
REVIEW_OTHER,file,0.0,ana_rainfall_1995_2025/station_cache/1940003.csv
REVIEW_OTHER,file,0.0,ana_rainfall_1995_2025/station_cache/1940005.csv
REVIEW_OTHER,file,0.0,ana_rainfall_1995_2025/station_cache/1940006.csv
REVIEW_OTHER,file,0.0,ana_rainfall_1995_2025/station_cache/1940007.csv
REVIEW_OTHER,file,0.0,ana_rainfall_1995_2025/station_cache/1940009.csv
REVIEW_OTHER,file,0.0,ana_rainfall_1995_2025/station_cache/1940010.csv
REVIEW_OTHER,file,0.0,ana_rainfall_1995_2025/station_cache/1940012.csv
REVIEW_OTHER,file,0.0,ana_rainfall_1995_2025/station_cache/1940013.csv
REVIEW_OTHER,file,0.0,ana_rainfall_1995_2025/station_cache/1940016.csv
REVIEW_OTHER,file,0.0,ana_rainfall_1995_2025/station_cache/1940020.csv
REVIEW_OTHER,file,0.0,ana_rainfall_1995_2025/station_cache/1940021.csv
REVIEW_OTHER,file,0.0,ana_rainfall_1995_2025/station_cache/1940022.csv
REVIEW_OTHER,file,0.0,ana_rainfall_1995_2025/station_cache/1940023.csv
REVIEW_OTHER,file,0.0,ana_rainfall_1995_2025/station_cache/1941000.csv
REVIEW_OTHER,file,0.0,ana_rainfall_1995_2025/station_cache/1941003.csv
REVIEW_OTHER,file,0.0,ana_rainfall_1995_2025/station_cache/1941004.csv
REVIEW_OTHER,file,0.0,ana_rainfall_1995_2025/station_cache/1941005.csv
REVIEW_OTHER,file,0.0,ana_rainfall_1995_2025/station_cache/1941006.csv
REVIEW_OTHER,file,0.0,ana_rainfall_1995_2025/station_cache/1941008.csv
REVIEW_OTHER,file,0.0,ana_rainfall_1995_2025/station_cache/1941009.csv
REVIEW_OTHER,file,0.0,ana_rainfall_1995_2025/station_cache/1941010.csv
REVIEW_OTHER,file,0.0,ana_rainfall_1995_2025/station_cache/1941011.csv
REVIEW_OTHER,file,0.0,ana_rainfall_1995_2025/station_cache/1941012.csv
REVIEW_OTHER,file,0.0,ana_rainfall_1995_2025/station_cache/1941018.csv
REVIEW_OTHER,file,0.0,ana_rainfall_1995_2025/station_cache/1941019.csv
REVIEW_OTHER,file,0.0,ana_rainfall_1995_2025/station_cache/1941021.csv
REVIEW_OTHER,file,0.0,ana_rainfall_1995_2025/station_cache/1942002.csv
REVIEW_OTHER,file,0.0,ana_rainfall_1995_2025/station_cache/1942006.csv
REVIEW_OTHER,file,0.0,ana_rainfall_1995_2025/station_cache/1942008.csv
REVIEW_OTHER,file,0.0,ana_rainfall_1995_2025/station_cache/1942029.csv
REVIEW_OTHER,file,0.0,ana_rainfall_1995_2025/station_cache/1942030.csv
REVIEW_OTHER,file,0.0,ana_rainfall_1995_2025/station_cache/1942031.csv
REVIEW_OTHER,file,0.0,ana_rainfall_1995_2025/station_cache/1942032.csv
REVIEW_OTHER,file,0.0,ana_rainfall_1995_2025/station_cache/1943000.csv
REVIEW_OTHER,file,0.0,ana_rainfall_1995_2025/station_cache/1943001.csv
REVIEW_OTHER,file,0.0,ana_rainfall_1995_2025/station_cache/1943002.csv
REVIEW_OTHER,file,0.0,ana_rainfall_1995_2025/station_cache/1943003.csv
REVIEW_OTHER,file,0.0,ana_rainfall_1995_2025/station_cache/1943004.csv
REVIEW_OTHER,file,0.0,ana_rainfall_1995_2025/station_cache/1943006.csv
REVIEW_OTHER,file,0.0,ana_rainfall_1995_2025/station_cache/1943007.csv
REVIEW_OTHER,file,0.0,ana_rainfall_1995_2025/station_cache/1943008.csv
REVIEW_OTHER,file,0.0,ana_rainfall_1995_2025/station_cache/1943009.csv
REVIEW_OTHER,file,0.0,ana_rainfall_1995_2025/station_cache/1943010.csv
REVIEW_OTHER,file,0.0,ana_rainfall_1995_2025/station_cache/1943022.csv
REVIEW_OTHER,file,0.0,ana_rainfall_1995_2025/station_cache/1943023.csv
REVIEW_OTHER,file,0.0,ana_rainfall_1995_2025/station_cache/1943024.csv
REVIEW_OTHER,file,0.0,ana_rainfall_1995_2025/station_cache/1943025.csv
REVIEW_OTHER,file,0.0,ana_rainfall_1995_2025/station_cache/1943027.csv
REVIEW_OTHER,file,0.0,ana_rainfall_1995_2025/station_cache/1943035.csv
REVIEW_OTHER,file,0.0,ana_rainfall_1995_2025/station_cache/1943042.csv
REVIEW_OTHER,file,0.0,ana_rainfall_1995_2025/station_cache/1943049.csv
REVIEW_OTHER,file,0.0,ana_rainfall_1995_2025/station_cache/1944004.csv
REVIEW_OTHER,file,0.0,ana_rainfall_1995_2025/station_cache/1944007.csv
REVIEW_OTHER,file,0.0,ana_rainfall_1995_2025/station_cache/1944009.csv
REVIEW_OTHER,file,0.0,ana_rainfall_1995_2025/station_cache/1944010.csv
REVIEW_OTHER,file,0.0,ana_rainfall_1995_2025/station_cache/1944011.csv
REVIEW_OTHER,file,0.0,ana_rainfall_1995_2025/station_cache/1944020.csv
REVIEW_OTHER,file,0.0,ana_rainfall_1995_2025/station_cache/1944021.csv
REVIEW_OTHER,file,0.0,ana_rainfall_1995_2025/station_cache/1944024.csv
REVIEW_OTHER,file,0.0,ana_rainfall_1995_2025/station_cache/1944026.csv
REVIEW_OTHER,file,0.0,ana_rainfall_1995_2025/station_cache/1944027.csv
REVIEW_OTHER,file,0.0,ana_rainfall_1995_2025/station_cache/1944031.csv
REVIEW_OTHER,file,0.0,ana_rainfall_1995_2025/station_cache/1944049.csv
REVIEW_OTHER,file,0.0,ana_rainfall_1995_2025/station_cache/1944055.csv
REVIEW_OTHER,file,0.0,ana_rainfall_1995_2025/station_cache/1944059.csv
REVIEW_OTHER,file,0.0,ana_rainfall_1995_2025/station_cache/1944062.csv
REVIEW_OTHER,file,0.0,ana_rainfall_1995_2025/station_cache/1944063.csv
REVIEW_OTHER,file,0.0,ana_rainfall_1995_2025/station_cache/1944068.csv
REVIEW_OTHER,file,0.0,ana_rainfall_1995_2025/station_cache/1945002.csv
REVIEW_OTHER,file,0.0,ana_rainfall_1995_2025/station_cache/1945004.csv
REVIEW_OTHER,file,0.0,ana_rainfall_1995_2025/station_cache/1945008.csv
REVIEW_OTHER,file,0.0,ana_rainfall_1995_2025/station_cache/1945019.csv
REVIEW_OTHER,file,0.0,ana_rainfall_1995_2025/station_cache/1945035.csv
REVIEW_OTHER,file,0.0,ana_rainfall_1995_2025/station_cache/1945038.csv
REVIEW_OTHER,file,0.0,ana_rainfall_1995_2025/station_cache/1945039.csv
REVIEW_OTHER,file,0.0,ana_rainfall_1995_2025/station_cache/1946000.csv
REVIEW_OTHER,file,0.0,ana_rainfall_1995_2025/station_cache/1946004.csv
REVIEW_OTHER,file,0.0,ana_rainfall_1995_2025/station_cache/1946005.csv
REVIEW_OTHER,file,0.0,ana_rainfall_1995_2025/station_cache/1946007.csv
REVIEW_OTHER,file,0.0,ana_rainfall_1995_2025/station_cache/1946008.csv
REVIEW_OTHER,file,0.0,ana_rainfall_1995_2025/station_cache/1946009.csv
REVIEW_OTHER,file,0.0,ana_rainfall_1995_2025/station_cache/1946010.csv
REVIEW_OTHER,file,0.0,ana_rainfall_1995_2025/station_cache/1946011.csv
REVIEW_OTHER,file,0.0,ana_rainfall_1995_2025/station_cache/1946018.csv
REVIEW_OTHER,file,0.0,ana_rainfall_1995_2025/station_cache/1946022.csv
REVIEW_OTHER,file,0.0,ana_rainfall_1995_2025/station_cache/1947001.csv
REVIEW_OTHER,file,0.0,ana_rainfall_1995_2025/station_cache/1947002.csv
REVIEW_OTHER,file,0.0,ana_rainfall_1995_2025/station_cache/1947006.csv
REVIEW_OTHER,file,0.0,ana_rainfall_1995_2025/station_cache/1947007.csv
REVIEW_OTHER,file,0.0,ana_rainfall_1995_2025/station_cache/1947008.csv
REVIEW_OTHER,file,0.0,ana_rainfall_1995_2025/station_cache/1947009.csv
REVIEW_OTHER,file,0.0,ana_rainfall_1995_2025/station_cache/1948003.csv
REVIEW_OTHER,file,0.0,ana_rainfall_1995_2025/station_cache/1948005.csv
REVIEW_OTHER,file,0.0,ana_rainfall_1995_2025/station_cache/1948006.csv
REVIEW_OTHER,file,0.0,ana_rainfall_1995_2025/station_cache/1948007.csv
REVIEW_OTHER,file,0.0,ana_rainfall_1995_2025/station_cache/1948010.csv
REVIEW_OTHER,file,0.0,ana_rainfall_1995_2025/station_cache/1948014.csv
REVIEW_OTHER,file,0.0,ana_rainfall_1995_2025/station_cache/1949000.csv
REVIEW_OTHER,file,0.0,ana_rainfall_1995_2025/station_cache/1949002.csv
REVIEW_OTHER,file,0.0,ana_rainfall_1995_2025/station_cache/1949003.csv
REVIEW_OTHER,file,0.0,ana_rainfall_1995_2025/station_cache/1949004.csv
REVIEW_OTHER,file,0.0,ana_rainfall_1995_2025/station_cache/1949005.csv
REVIEW_OTHER,file,0.0,ana_rainfall_1995_2025/station_cache/1949006.csv
REVIEW_OTHER,file,0.0,ana_rainfall_1995_2025/station_cache/1949007.csv
REVIEW_OTHER,file,0.0,ana_rainfall_1995_2025/station_cache/1950000.csv
REVIEW_OTHER,file,0.0,ana_rainfall_1995_2025/station_cache/1950011.csv
REVIEW_OTHER,file,0.0,ana_rainfall_1995_2025/station_cache/1950012.csv
REVIEW_OTHER,file,0.0,ana_rainfall_1995_2025/station_cache/1950017.csv
REVIEW_OTHER,file,0.0,ana_rainfall_1995_2025/station_cache/1951000.csv
REVIEW_OTHER,file,0.0,ana_rainfall_1995_2025/station_cache/1951001.csv
REVIEW_OTHER,file,0.0,ana_rainfall_1995_2025/station_cache/1951003.csv
REVIEW_OTHER,file,0.0,ana_rainfall_1995_2025/station_cache/1951004.csv
REVIEW_OTHER,file,0.0,ana_rainfall_1995_2025/station_cache/1951005.csv
REVIEW_OTHER,file,0.0,ana_rainfall_1995_2025/station_cache/1952000.csv
REVIEW_OTHER,file,0.0,ana_rainfall_1995_2025/station_cache/1952001.csv
REVIEW_OTHER,file,0.0,ana_rainfall_1995_2025/station_cache/1952002.csv
REVIEW_OTHER,file,0.0,ana_rainfall_1995_2025/station_cache/1953000.csv
REVIEW_OTHER,file,0.0,ana_rainfall_1995_2025/station_cache/1953001.csv
REVIEW_OTHER,file,0.0,ana_rainfall_1995_2025/station_cache/1953003.csv
REVIEW_OTHER,file,0.0,ana_rainfall_1995_2025/station_cache/1953004.csv
REVIEW_OTHER,file,0.0,ana_rainfall_1995_2025/station_cache/1954002.csv
REVIEW_OTHER,file,0.0,ana_rainfall_1995_2025/station_cache/1954003.csv
REVIEW_OTHER,file,0.0,ana_rainfall_1995_2025/station_cache/1954004.csv
REVIEW_OTHER,file,0.0,ana_rainfall_1995_2025/station_cache/1954005.csv
REVIEW_OTHER,file,0.0,ana_rainfall_1995_2025/station_cache/1954006.csv
REVIEW_OTHER,file,0.0,ana_rainfall_1995_2025/station_cache/1955000.csv
REVIEW_OTHER,file,0.0,ana_rainfall_1995_2025/station_cache/1956001.csv
REVIEW_OTHER,file,0.0,ana_rainfall_1995_2025/station_cache/1956003.csv
REVIEW_OTHER,file,0.0,ana_rainfall_1995_2025/station_cache/1956004.csv
REVIEW_OTHER,file,0.0,ana_rainfall_1995_2025/station_cache/1956005.csv
REVIEW_OTHER,file,0.0,ana_rainfall_1995_2025/station_cache/1956008.csv
REVIEW_OTHER,file,0.0,ana_rainfall_1995_2025/station_cache/1957003.csv
REVIEW_OTHER,file,0.0,ana_rainfall_1995_2025/station_cache/1957004.csv
REVIEW_OTHER,file,0.0,ana_rainfall_1995_2025/station_cache/1957005.csv
REVIEW_OTHER,file,0.0,ana_rainfall_1995_2025/station_cache/1957006.csv
REVIEW_OTHER,file,0.0,ana_rainfall_1995_2025/station_cache/2040001.csv
REVIEW_OTHER,file,0.0,ana_rainfall_1995_2025/station_cache/2040003.csv
REVIEW_OTHER,file,0.0,ana_rainfall_1995_2025/station_cache/2040004.csv
REVIEW_OTHER,file,0.0,ana_rainfall_1995_2025/station_cache/2040005.csv
REVIEW_OTHER,file,0.0,ana_rainfall_1995_2025/station_cache/2040006.csv
REVIEW_OTHER,file,0.0,ana_rainfall_1995_2025/station_cache/2040007.csv
REVIEW_OTHER,file,0.0,ana_rainfall_1995_2025/station_cache/2040008.csv
REVIEW_OTHER,file,0.0,ana_rainfall_1995_2025/station_cache/2040009.csv
REVIEW_OTHER,file,0.0,ana_rainfall_1995_2025/station_cache/2040010.csv
REVIEW_OTHER,file,0.0,ana_rainfall_1995_2025/station_cache/2040011.csv
REVIEW_OTHER,file,0.0,ana_rainfall_1995_2025/station_cache/2040012.csv
REVIEW_OTHER,file,0.0,ana_rainfall_1995_2025/station_cache/2040014.csv
REVIEW_OTHER,file,0.0,ana_rainfall_1995_2025/station_cache/2040015.csv
REVIEW_OTHER,file,0.0,ana_rainfall_1995_2025/station_cache/2040017.csv
REVIEW_OTHER,file,0.0,ana_rainfall_1995_2025/station_cache/2040018.csv
REVIEW_OTHER,file,0.0,ana_rainfall_1995_2025/station_cache/2040020.csv
REVIEW_OTHER,file,0.0,ana_rainfall_1995_2025/station_cache/2040022.csv
REVIEW_OTHER,file,0.0,ana_rainfall_1995_2025/station_cache/2040023.csv
REVIEW_OTHER,file,0.0,ana_rainfall_1995_2025/station_cache/2040045.csv
REVIEW_OTHER,file,0.0,ana_rainfall_1995_2025/station_cache/2041000.csv
REVIEW_OTHER,file,0.0,ana_rainfall_1995_2025/station_cache/2041001.csv
REVIEW_OTHER,file,0.0,ana_rainfall_1995_2025/station_cache/2041002.csv
REVIEW_OTHER,file,0.0,ana_rainfall_1995_2025/station_cache/2041003.csv
REVIEW_OTHER,file,0.0,ana_rainfall_1995_2025/station_cache/2041005.csv
REVIEW_OTHER,file,0.0,ana_rainfall_1995_2025/station_cache/2041008.csv
REVIEW_OTHER,file,0.0,ana_rainfall_1995_2025/station_cache/2041010.csv
REVIEW_OTHER,file,0.0,ana_rainfall_1995_2025/station_cache/2041011.csv
REVIEW_OTHER,file,0.0,ana_rainfall_1995_2025/station_cache/2041013.csv
REVIEW_OTHER,file,0.0,ana_rainfall_1995_2025/station_cache/2041014.csv
REVIEW_OTHER,file,0.0,ana_rainfall_1995_2025/station_cache/2041015.csv
REVIEW_OTHER,file,0.0,ana_rainfall_1995_2025/station_cache/2041016.csv
REVIEW_OTHER,file,0.0,ana_rainfall_1995_2025/station_cache/2041017.csv
REVIEW_OTHER,file,0.0,ana_rainfall_1995_2025/station_cache/2041018.csv
REVIEW_OTHER,file,0.0,ana_rainfall_1995_2025/station_cache/2041019.csv
REVIEW_OTHER,file,0.0,ana_rainfall_1995_2025/station_cache/2041020.csv
REVIEW_OTHER,file,0.0,ana_rainfall_1995_2025/station_cache/2041021.csv
REVIEW_OTHER,file,0.0,ana_rainfall_1995_2025/station_cache/2041023.csv
REVIEW_OTHER,file,0.0,ana_rainfall_1995_2025/station_cache/2041046.csv
REVIEW_OTHER,file,0.0,ana_rainfall_1995_2025/station_cache/2041048.csv
REVIEW_OTHER,file,0.0,ana_rainfall_1995_2025/station_cache/2042000.csv
REVIEW_OTHER,file,0.0,ana_rainfall_1995_2025/station_cache/2042008.csv
REVIEW_OTHER,file,0.0,ana_rainfall_1995_2025/station_cache/2042010.csv
REVIEW_OTHER,file,0.0,ana_rainfall_1995_2025/station_cache/2042011.csv
REVIEW_OTHER,file,0.0,ana_rainfall_1995_2025/station_cache/2042014.csv
REVIEW_OTHER,file,0.0,ana_rainfall_1995_2025/station_cache/2042016.csv
REVIEW_OTHER,file,0.0,ana_rainfall_1995_2025/station_cache/2042017.csv
REVIEW_OTHER,file,0.0,ana_rainfall_1995_2025/station_cache/2042018.csv
REVIEW_OTHER,file,0.0,ana_rainfall_1995_2025/station_cache/2042027.csv
REVIEW_OTHER,file,0.0,ana_rainfall_1995_2025/station_cache/2042031.csv
REVIEW_OTHER,file,0.0,ana_rainfall_1995_2025/station_cache/2043002.csv
REVIEW_OTHER,file,0.0,ana_rainfall_1995_2025/station_cache/2043004.csv
REVIEW_OTHER,file,0.0,ana_rainfall_1995_2025/station_cache/2043005.csv
REVIEW_OTHER,file,0.0,ana_rainfall_1995_2025/station_cache/2043009.csv
REVIEW_OTHER,file,0.0,ana_rainfall_1995_2025/station_cache/2043010.csv
REVIEW_OTHER,file,0.0,ana_rainfall_1995_2025/station_cache/2043011.csv
REVIEW_OTHER,file,0.0,ana_rainfall_1995_2025/station_cache/2043013.csv
REVIEW_OTHER,file,0.0,ana_rainfall_1995_2025/station_cache/2043014.csv
REVIEW_OTHER,file,0.0,ana_rainfall_1995_2025/station_cache/2043018.csv
REVIEW_OTHER,file,0.0,ana_rainfall_1995_2025/station_cache/2043025.csv
REVIEW_OTHER,file,0.0,ana_rainfall_1995_2025/station_cache/2043026.csv
REVIEW_OTHER,file,0.0,ana_rainfall_1995_2025/station_cache/2043027.csv
REVIEW_OTHER,file,0.0,ana_rainfall_1995_2025/station_cache/2043042.csv
REVIEW_OTHER,file,0.0,ana_rainfall_1995_2025/station_cache/2043043.csv
REVIEW_OTHER,file,0.0,ana_rainfall_1995_2025/station_cache/2043056.csv
REVIEW_OTHER,file,0.0,ana_rainfall_1995_2025/station_cache/2043059.csv
REVIEW_OTHER,file,0.0,ana_rainfall_1995_2025/station_cache/2043060.csv
REVIEW_OTHER,file,0.0,ana_rainfall_1995_2025/station_cache/2044002.csv
REVIEW_OTHER,file,0.0,ana_rainfall_1995_2025/station_cache/2044003.csv
REVIEW_OTHER,file,0.0,ana_rainfall_1995_2025/station_cache/2044006.csv
REVIEW_OTHER,file,0.0,ana_rainfall_1995_2025/station_cache/2044007.csv
REVIEW_OTHER,file,0.0,ana_rainfall_1995_2025/station_cache/2044008.csv
REVIEW_OTHER,file,0.0,ana_rainfall_1995_2025/station_cache/2044009.csv
REVIEW_OTHER,file,0.0,ana_rainfall_1995_2025/station_cache/2044012.csv
REVIEW_OTHER,file,0.0,ana_rainfall_1995_2025/station_cache/2044016.csv
REVIEW_OTHER,file,0.0,ana_rainfall_1995_2025/station_cache/2044019.csv
REVIEW_OTHER,file,0.0,ana_rainfall_1995_2025/station_cache/2044020.csv
REVIEW_OTHER,file,0.0,ana_rainfall_1995_2025/station_cache/2044021.csv
REVIEW_OTHER,file,0.0,ana_rainfall_1995_2025/station_cache/2044024.csv
REVIEW_OTHER,file,0.0,ana_rainfall_1995_2025/station_cache/2044026.csv
REVIEW_OTHER,file,0.0,ana_rainfall_1995_2025/station_cache/2044027.csv
REVIEW_OTHER,file,0.0,ana_rainfall_1995_2025/station_cache/2044037.csv
REVIEW_OTHER,file,0.0,ana_rainfall_1995_2025/station_cache/2044038.csv
REVIEW_OTHER,file,0.0,ana_rainfall_1995_2025/station_cache/2044041.csv
REVIEW_OTHER,file,0.0,ana_rainfall_1995_2025/station_cache/2044042.csv
REVIEW_OTHER,file,0.0,ana_rainfall_1995_2025/station_cache/2044043.csv
REVIEW_OTHER,file,0.0,ana_rainfall_1995_2025/station_cache/2044050.csv
REVIEW_OTHER,file,0.0,ana_rainfall_1995_2025/station_cache/2044052.csv
REVIEW_OTHER,file,0.0,ana_rainfall_1995_2025/station_cache/2044053.csv
REVIEW_OTHER,file,0.0,ana_rainfall_1995_2025/station_cache/2044054.csv
REVIEW_OTHER,file,0.0,ana_rainfall_1995_2025/station_cache/2045001.csv
REVIEW_OTHER,file,0.0,ana_rainfall_1995_2025/station_cache/2045002.csv
REVIEW_OTHER,file,0.0,ana_rainfall_1995_2025/station_cache/2045005.csv
REVIEW_OTHER,file,0.0,ana_rainfall_1995_2025/station_cache/2045010.csv
REVIEW_OTHER,file,0.0,ana_rainfall_1995_2025/station_cache/2045011.csv
REVIEW_OTHER,file,0.0,ana_rainfall_1995_2025/station_cache/2045012.csv
REVIEW_OTHER,file,0.0,ana_rainfall_1995_2025/station_cache/2045013.csv
REVIEW_OTHER,file,0.0,ana_rainfall_1995_2025/station_cache/2045020.csv
REVIEW_OTHER,file,0.0,ana_rainfall_1995_2025/station_cache/2045026.csv
REVIEW_OTHER,file,0.0,ana_rainfall_1995_2025/station_cache/2046007.csv
REVIEW_OTHER,file,0.0,ana_rainfall_1995_2025/station_cache/2046009.csv
REVIEW_OTHER,file,0.0,ana_rainfall_1995_2025/station_cache/2046011.csv
REVIEW_OTHER,file,0.0,ana_rainfall_1995_2025/station_cache/2046013.csv
REVIEW_OTHER,file,0.0,ana_rainfall_1995_2025/station_cache/2046025.csv
REVIEW_OTHER,file,0.0,ana_rainfall_1995_2025/station_cache/2047007.csv
REVIEW_OTHER,file,0.0,ana_rainfall_1995_2025/station_cache/2047016.csv
REVIEW_OTHER,file,0.0,ana_rainfall_1995_2025/station_cache/2047019.csv
REVIEW_OTHER,file,0.0,ana_rainfall_1995_2025/station_cache/2047031.csv
REVIEW_OTHER,file,0.0,ana_rainfall_1995_2025/station_cache/2047032.csv
REVIEW_OTHER,file,0.0,ana_rainfall_1995_2025/station_cache/2047037.csv
REVIEW_OTHER,file,0.0,ana_rainfall_1995_2025/station_cache/2047101.csv
REVIEW_OTHER,file,0.0,ana_rainfall_1995_2025/station_cache/2047102.csv
REVIEW_OTHER,file,0.0,ana_rainfall_1995_2025/station_cache/2047104.csv
REVIEW_OTHER,file,0.0,ana_rainfall_1995_2025/station_cache/2047116.csv
REVIEW_OTHER,file,0.0,ana_rainfall_1995_2025/station_cache/2048002.csv
REVIEW_OTHER,file,0.0,ana_rainfall_1995_2025/station_cache/2048004.csv
REVIEW_OTHER,file,0.0,ana_rainfall_1995_2025/station_cache/2048013.csv
REVIEW_OTHER,file,0.0,ana_rainfall_1995_2025/station_cache/2048020.csv
REVIEW_OTHER,file,0.0,ana_rainfall_1995_2025/station_cache/2048033.csv
REVIEW_OTHER,file,0.0,ana_rainfall_1995_2025/station_cache/2048090.csv
REVIEW_OTHER,file,0.0,ana_rainfall_1995_2025/station_cache/2048091.csv
REVIEW_OTHER,file,0.0,ana_rainfall_1995_2025/station_cache/2048092.csv
REVIEW_OTHER,file,0.0,ana_rainfall_1995_2025/station_cache/2048093.csv
REVIEW_OTHER,file,0.0,ana_rainfall_1995_2025/station_cache/2048094.csv
REVIEW_OTHER,file,0.0,ana_rainfall_1995_2025/station_cache/2048102.csv
REVIEW_OTHER,file,0.0,ana_rainfall_1995_2025/station_cache/2049072.csv
REVIEW_OTHER,file,0.0,ana_rainfall_1995_2025/station_cache/2051045.csv
REVIEW_OTHER,file,0.0,ana_rainfall_1995_2025/station_cache/2051046.csv
REVIEW_OTHER,file,0.0,ana_rainfall_1995_2025/station_cache/2052002.csv
REVIEW_OTHER,file,0.0,ana_rainfall_1995_2025/station_cache/2052003.csv
REVIEW_OTHER,file,0.0,ana_rainfall_1995_2025/station_cache/2052004.csv
REVIEW_OTHER,file,0.0,ana_rainfall_1995_2025/station_cache/2052006.csv
REVIEW_OTHER,file,0.0,ana_rainfall_1995_2025/station_cache/2053000.csv
REVIEW_OTHER,file,0.0,ana_rainfall_1995_2025/station_cache/2053001.csv
REVIEW_OTHER,file,0.0,ana_rainfall_1995_2025/station_cache/2053004.csv
REVIEW_OTHER,file,0.0,ana_rainfall_1995_2025/station_cache/2054005.csv
REVIEW_OTHER,file,0.0,ana_rainfall_1995_2025/station_cache/2054009.csv
REVIEW_OTHER,file,0.0,ana_rainfall_1995_2025/station_cache/2054014.csv
REVIEW_OTHER,file,0.0,ana_rainfall_1995_2025/station_cache/2054019.csv
REVIEW_OTHER,file,0.0,ana_rainfall_1995_2025/station_cache/2054020.csv
REVIEW_OTHER,file,0.0,ana_rainfall_1995_2025/station_cache/2054021.csv
REVIEW_OTHER,file,0.0,ana_rainfall_1995_2025/station_cache/2055001.csv
REVIEW_OTHER,file,0.0,ana_rainfall_1995_2025/station_cache/2055002.csv
REVIEW_OTHER,file,0.0,ana_rainfall_1995_2025/station_cache/2055003.csv
REVIEW_OTHER,file,0.0,ana_rainfall_1995_2025/station_cache/2055004.csv
REVIEW_OTHER,file,0.0,ana_rainfall_1995_2025/station_cache/2056001.csv
REVIEW_OTHER,file,0.0,ana_rainfall_1995_2025/station_cache/2056003.csv
REVIEW_OTHER,file,0.0,ana_rainfall_1995_2025/station_cache/2056005.csv
REVIEW_OTHER,file,0.0,ana_rainfall_1995_2025/station_cache/2056007.csv
REVIEW_OTHER,file,0.0,ana_rainfall_1995_2025/station_cache/2057000.csv
REVIEW_OTHER,file,0.0,ana_rainfall_1995_2025/station_cache/2057001.csv
REVIEW_OTHER,file,0.0,ana_rainfall_1995_2025/station_cache/2140000.csv
REVIEW_OTHER,file,0.0,ana_rainfall_1995_2025/station_cache/2141001.csv
REVIEW_OTHER,file,0.0,ana_rainfall_1995_2025/station_cache/2141002.csv
REVIEW_OTHER,file,0.0,ana_rainfall_1995_2025/station_cache/2141003.csv
REVIEW_OTHER,file,0.0,ana_rainfall_1995_2025/station_cache/2141004.csv
REVIEW_OTHER,file,0.0,ana_rainfall_1995_2025/station_cache/2141005.csv
REVIEW_OTHER,file,0.0,ana_rainfall_1995_2025/station_cache/2141006.csv
REVIEW_OTHER,file,0.0,ana_rainfall_1995_2025/station_cache/2141007.csv
REVIEW_OTHER,file,0.0,ana_rainfall_1995_2025/station_cache/2141014.csv
REVIEW_OTHER,file,0.0,ana_rainfall_1995_2025/station_cache/2141015.csv
REVIEW_OTHER,file,0.0,ana_rainfall_1995_2025/station_cache/2141016.csv
REVIEW_OTHER,file,0.0,ana_rainfall_1995_2025/station_cache/2141017.csv
REVIEW_OTHER,file,0.0,ana_rainfall_1995_2025/station_cache/2142000.csv
REVIEW_OTHER,file,0.0,ana_rainfall_1995_2025/station_cache/2142001.csv
REVIEW_OTHER,file,0.0,ana_rainfall_1995_2025/station_cache/2142002.csv
REVIEW_OTHER,file,0.0,ana_rainfall_1995_2025/station_cache/2142004.csv
REVIEW_OTHER,file,0.0,ana_rainfall_1995_2025/station_cache/2142006.csv
REVIEW_OTHER,file,0.0,ana_rainfall_1995_2025/station_cache/2142007.csv
REVIEW_OTHER,file,0.0,ana_rainfall_1995_2025/station_cache/2142008.csv
REVIEW_OTHER,file,0.0,ana_rainfall_1995_2025/station_cache/2142009.csv
REVIEW_OTHER,file,0.0,ana_rainfall_1995_2025/station_cache/2142014.csv
REVIEW_OTHER,file,0.0,ana_rainfall_1995_2025/station_cache/2142015.csv
REVIEW_OTHER,file,0.0,ana_rainfall_1995_2025/station_cache/2142022.csv
REVIEW_OTHER,file,0.0,ana_rainfall_1995_2025/station_cache/2142058.csv
REVIEW_OTHER,file,0.0,ana_rainfall_1995_2025/station_cache/2143000.csv
REVIEW_OTHER,file,0.0,ana_rainfall_1995_2025/station_cache/2143001.csv
REVIEW_OTHER,file,0.0,ana_rainfall_1995_2025/station_cache/2143003.csv
REVIEW_OTHER,file,0.0,ana_rainfall_1995_2025/station_cache/2143005.csv
REVIEW_OTHER,file,0.0,ana_rainfall_1995_2025/station_cache/2143006.csv
REVIEW_OTHER,file,0.0,ana_rainfall_1995_2025/station_cache/2143007.csv
REVIEW_OTHER,file,0.0,ana_rainfall_1995_2025/station_cache/2143008.csv
REVIEW_OTHER,file,0.0,ana_rainfall_1995_2025/station_cache/2143009.csv
REVIEW_OTHER,file,0.0,ana_rainfall_1995_2025/station_cache/2143011.csv
REVIEW_OTHER,file,0.0,ana_rainfall_1995_2025/station_cache/2143013.csv
REVIEW_OTHER,file,0.0,ana_rainfall_1995_2025/station_cache/2143016.csv
REVIEW_OTHER,file,0.0,ana_rainfall_1995_2025/station_cache/2143017.csv
REVIEW_OTHER,file,0.0,ana_rainfall_1995_2025/station_cache/2143018.csv
REVIEW_OTHER,file,0.0,ana_rainfall_1995_2025/station_cache/2143019.csv
REVIEW_OTHER,file,0.0,ana_rainfall_1995_2025/station_cache/2143020.csv
REVIEW_OTHER,file,0.0,ana_rainfall_1995_2025/station_cache/2143021.csv
REVIEW_OTHER,file,0.0,ana_rainfall_1995_2025/station_cache/2143022.csv
REVIEW_OTHER,file,0.0,ana_rainfall_1995_2025/station_cache/2143062.csv
REVIEW_OTHER,file,0.0,ana_rainfall_1995_2025/station_cache/2144000.csv
REVIEW_OTHER,file,0.0,ana_rainfall_1995_2025/station_cache/2144001.csv
REVIEW_OTHER,file,0.0,ana_rainfall_1995_2025/station_cache/2144002.csv
REVIEW_OTHER,file,0.0,ana_rainfall_1995_2025/station_cache/2144003.csv
REVIEW_OTHER,file,0.0,ana_rainfall_1995_2025/station_cache/2144004.csv
REVIEW_OTHER,file,0.0,ana_rainfall_1995_2025/station_cache/2144005.csv
REVIEW_OTHER,file,0.0,ana_rainfall_1995_2025/station_cache/2144006.csv
REVIEW_OTHER,file,0.0,ana_rainfall_1995_2025/station_cache/2144007.csv
REVIEW_OTHER,file,0.0,ana_rainfall_1995_2025/station_cache/2144009.csv
REVIEW_OTHER,file,0.0,ana_rainfall_1995_2025/station_cache/2144010.csv
REVIEW_OTHER,file,0.0,ana_rainfall_1995_2025/station_cache/2144016.csv
REVIEW_OTHER,file,0.0,ana_rainfall_1995_2025/station_cache/2144018.csv
REVIEW_OTHER,file,0.0,ana_rainfall_1995_2025/station_cache/2144019.csv
REVIEW_OTHER,file,0.0,ana_rainfall_1995_2025/station_cache/2144020.csv
REVIEW_OTHER,file,0.0,ana_rainfall_1995_2025/station_cache/2144021.csv
REVIEW_OTHER,file,0.0,ana_rainfall_1995_2025/station_cache/2144022.csv
REVIEW_OTHER,file,0.0,ana_rainfall_1995_2025/station_cache/2144023.csv
REVIEW_OTHER,file,0.0,ana_rainfall_1995_2025/station_cache/2144024.csv
REVIEW_OTHER,file,0.0,ana_rainfall_1995_2025/station_cache/2144025.csv
REVIEW_OTHER,file,0.0,ana_rainfall_1995_2025/station_cache/2144037.csv
REVIEW_OTHER,file,0.0,ana_rainfall_1995_2025/station_cache/2144038.csv
REVIEW_OTHER,file,0.0,ana_rainfall_1995_2025/station_cache/2145001.csv
REVIEW_OTHER,file,0.0,ana_rainfall_1995_2025/station_cache/2145003.csv
REVIEW_OTHER,file,0.0,ana_rainfall_1995_2025/station_cache/2145007.csv
REVIEW_OTHER,file,0.0,ana_rainfall_1995_2025/station_cache/2145008.csv
REVIEW_OTHER,file,0.0,ana_rainfall_1995_2025/station_cache/2145009.csv
REVIEW_OTHER,file,0.0,ana_rainfall_1995_2025/station_cache/2145017.csv
REVIEW_OTHER,file,0.0,ana_rainfall_1995_2025/station_cache/2145020.csv
REVIEW_OTHER,file,0.0,ana_rainfall_1995_2025/station_cache/2145024.csv
REVIEW_OTHER,file,0.0,ana_rainfall_1995_2025/station_cache/2145032.csv
REVIEW_OTHER,file,0.0,ana_rainfall_1995_2025/station_cache/2145041.csv
REVIEW_OTHER,file,0.0,ana_rainfall_1995_2025/station_cache/2145042.csv
REVIEW_OTHER,file,0.0,ana_rainfall_1995_2025/station_cache/2145043.csv
REVIEW_OTHER,file,0.0,ana_rainfall_1995_2025/station_cache/2145044.csv
REVIEW_OTHER,file,0.0,ana_rainfall_1995_2025/station_cache/2146001.csv
REVIEW_OTHER,file,0.0,ana_rainfall_1995_2025/station_cache/2146013.csv
REVIEW_OTHER,file,0.0,ana_rainfall_1995_2025/station_cache/2146026.csv
REVIEW_OTHER,file,0.0,ana_rainfall_1995_2025/station_cache/2146028.csv
REVIEW_OTHER,file,0.0,ana_rainfall_1995_2025/station_cache/2146029.csv
REVIEW_OTHER,file,0.0,ana_rainfall_1995_2025/station_cache/2146030.csv
REVIEW_OTHER,file,0.0,ana_rainfall_1995_2025/station_cache/2146078.csv
REVIEW_OTHER,file,0.0,ana_rainfall_1995_2025/station_cache/2146081.csv
REVIEW_OTHER,file,0.0,ana_rainfall_1995_2025/station_cache/2147022.csv
REVIEW_OTHER,file,0.0,ana_rainfall_1995_2025/station_cache/2147035.csv
REVIEW_OTHER,file,0.0,ana_rainfall_1995_2025/station_cache/2147054.csv
REVIEW_OTHER,file,0.0,ana_rainfall_1995_2025/station_cache/2147165.csv
REVIEW_OTHER,file,0.0,ana_rainfall_1995_2025/station_cache/2147166.csv
REVIEW_OTHER,file,0.0,ana_rainfall_1995_2025/station_cache/2148028.csv
REVIEW_OTHER,file,0.0,ana_rainfall_1995_2025/station_cache/2148050.csv
REVIEW_OTHER,file,0.0,ana_rainfall_1995_2025/station_cache/2148051.csv
REVIEW_OTHER,file,0.0,ana_rainfall_1995_2025/station_cache/2148164.csv
REVIEW_OTHER,file,0.0,ana_rainfall_1995_2025/station_cache/2148166.csv
REVIEW_OTHER,file,0.0,ana_rainfall_1995_2025/station_cache/2148167.csv
REVIEW_OTHER,file,0.0,ana_rainfall_1995_2025/station_cache/2148168.csv
REVIEW_OTHER,file,0.0,ana_rainfall_1995_2025/station_cache/2148169.csv
REVIEW_OTHER,file,0.0,ana_rainfall_1995_2025/station_cache/2148173.csv
REVIEW_OTHER,file,0.0,ana_rainfall_1995_2025/station_cache/2152000.csv
REVIEW_OTHER,file,0.0,ana_rainfall_1995_2025/station_cache/2152001.csv
REVIEW_OTHER,file,0.0,ana_rainfall_1995_2025/station_cache/2152005.csv
REVIEW_OTHER,file,0.0,ana_rainfall_1995_2025/station_cache/2152014.csv
REVIEW_OTHER,file,0.0,ana_rainfall_1995_2025/station_cache/2152016.csv
REVIEW_OTHER,file,0.0,ana_rainfall_1995_2025/station_cache/2153000.csv
REVIEW_OTHER,file,0.0,ana_rainfall_1995_2025/station_cache/2153002.csv
REVIEW_OTHER,file,0.0,ana_rainfall_1995_2025/station_cache/2153003.csv
REVIEW_OTHER,file,0.0,ana_rainfall_1995_2025/station_cache/2153004.csv
REVIEW_OTHER,file,0.0,ana_rainfall_1995_2025/station_cache/2153005.csv
REVIEW_OTHER,file,0.0,ana_rainfall_1995_2025/station_cache/2154000.csv
REVIEW_OTHER,file,0.0,ana_rainfall_1995_2025/station_cache/2154001.csv
REVIEW_OTHER,file,0.0,ana_rainfall_1995_2025/station_cache/2154002.csv
REVIEW_OTHER,file,0.0,ana_rainfall_1995_2025/station_cache/2154006.csv
REVIEW_OTHER,file,0.0,ana_rainfall_1995_2025/station_cache/2154007.csv
REVIEW_OTHER,file,0.0,ana_rainfall_1995_2025/station_cache/2154008.csv
REVIEW_OTHER,file,0.0,ana_rainfall_1995_2025/station_cache/2155000.csv
REVIEW_OTHER,file,0.0,ana_rainfall_1995_2025/station_cache/2155001.csv
REVIEW_OTHER,file,0.0,ana_rainfall_1995_2025/station_cache/2156000.csv
REVIEW_OTHER,file,0.0,ana_rainfall_1995_2025/station_cache/2156001.csv
REVIEW_OTHER,file,0.0,ana_rainfall_1995_2025/station_cache/2157003.csv
REVIEW_OTHER,file,0.0,ana_rainfall_1995_2025/station_cache/2157004.csv
REVIEW_OTHER,file,0.0,ana_rainfall_1995_2025/station_cache/2157005.csv
REVIEW_OTHER,file,0.0,ana_rainfall_1995_2025/station_cache/2157006.csv
REVIEW_OTHER,file,0.0,ana_rainfall_1995_2025/station_cache/2241001.csv
REVIEW_OTHER,file,0.0,ana_rainfall_1995_2025/station_cache/2241002.csv
REVIEW_OTHER,file,0.0,ana_rainfall_1995_2025/station_cache/2241003.csv
REVIEW_OTHER,file,0.0,ana_rainfall_1995_2025/station_cache/2241004.csv
REVIEW_OTHER,file,0.0,ana_rainfall_1995_2025/station_cache/2242001.csv
REVIEW_OTHER,file,0.0,ana_rainfall_1995_2025/station_cache/2242002.csv
REVIEW_OTHER,file,0.0,ana_rainfall_1995_2025/station_cache/2242003.csv
REVIEW_OTHER,file,0.0,ana_rainfall_1995_2025/station_cache/2242004.csv
REVIEW_OTHER,file,0.0,ana_rainfall_1995_2025/station_cache/2242005.csv
REVIEW_OTHER,file,0.0,ana_rainfall_1995_2025/station_cache/2242006.csv
REVIEW_OTHER,file,0.0,ana_rainfall_1995_2025/station_cache/2242007.csv
REVIEW_OTHER,file,0.0,ana_rainfall_1995_2025/station_cache/2242008.csv
REVIEW_OTHER,file,0.0,ana_rainfall_1995_2025/station_cache/2242010.csv
REVIEW_OTHER,file,0.0,ana_rainfall_1995_2025/station_cache/2242011.csv
REVIEW_OTHER,file,0.0,ana_rainfall_1995_2025/station_cache/2242012.csv
REVIEW_OTHER,file,0.0,ana_rainfall_1995_2025/station_cache/2242013.csv
REVIEW_OTHER,file,0.0,ana_rainfall_1995_2025/station_cache/2242014.csv
REVIEW_OTHER,file,0.0,ana_rainfall_1995_2025/station_cache/2242016.csv
REVIEW_OTHER,file,0.0,ana_rainfall_1995_2025/station_cache/2242017.csv
REVIEW_OTHER,file,0.0,ana_rainfall_1995_2025/station_cache/2242018.csv
REVIEW_OTHER,file,0.0,ana_rainfall_1995_2025/station_cache/2242019.csv
REVIEW_OTHER,file,0.0,ana_rainfall_1995_2025/station_cache/2242020.csv
REVIEW_OTHER,file,0.0,ana_rainfall_1995_2025/station_cache/2242021.csv
REVIEW_OTHER,file,0.0,ana_rainfall_1995_2025/station_cache/2242022.csv
REVIEW_OTHER,file,0.0,ana_rainfall_1995_2025/station_cache/2242024.csv
REVIEW_OTHER,file,0.0,ana_rainfall_1995_2025/station_cache/2242025.csv
REVIEW_OTHER,file,0.0,ana_rainfall_1995_2025/station_cache/2242026.csv
REVIEW_OTHER,file,0.0,ana_rainfall_1995_2025/station_cache/2242027.csv
REVIEW_OTHER,file,0.0,ana_rainfall_1995_2025/station_cache/2242028.csv
REVIEW_OTHER,file,0.0,ana_rainfall_1995_2025/station_cache/2242029.csv
REVIEW_OTHER,file,0.0,ana_rainfall_1995_2025/station_cache/2243002.csv
REVIEW_OTHER,file,0.0,ana_rainfall_1995_2025/station_cache/2243003.csv
REVIEW_OTHER,file,0.0,ana_rainfall_1995_2025/station_cache/2243004.csv
REVIEW_OTHER,file,0.0,ana_rainfall_1995_2025/station_cache/2243005.csv
REVIEW_OTHER,file,0.0,ana_rainfall_1995_2025/station_cache/2243006.csv
REVIEW_OTHER,file,0.0,ana_rainfall_1995_2025/station_cache/2243007.csv
REVIEW_OTHER,file,0.0,ana_rainfall_1995_2025/station_cache/2243008.csv
REVIEW_OTHER,file,0.0,ana_rainfall_1995_2025/station_cache/2243010.csv
REVIEW_OTHER,file,0.0,ana_rainfall_1995_2025/station_cache/2243011.csv
REVIEW_OTHER,file,0.0,ana_rainfall_1995_2025/station_cache/2243012.csv
REVIEW_OTHER,file,0.0,ana_rainfall_1995_2025/station_cache/2243013.csv
REVIEW_OTHER,file,0.0,ana_rainfall_1995_2025/station_cache/2243014.csv
REVIEW_OTHER,file,0.0,ana_rainfall_1995_2025/station_cache/2243015.csv
REVIEW_OTHER,file,0.0,ana_rainfall_1995_2025/station_cache/2243016.csv
REVIEW_OTHER,file,0.0,ana_rainfall_1995_2025/station_cache/2243202.csv
REVIEW_OTHER,file,0.0,ana_rainfall_1995_2025/station_cache/2243229.csv
REVIEW_OTHER,file,0.0,ana_rainfall_1995_2025/station_cache/2243250.csv
REVIEW_OTHER,file,0.0,ana_rainfall_1995_2025/station_cache/2244001.csv
REVIEW_OTHER,file,0.0,ana_rainfall_1995_2025/station_cache/2244010.csv
REVIEW_OTHER,file,0.0,ana_rainfall_1995_2025/station_cache/2244030.csv
REVIEW_OTHER,file,0.0,ana_rainfall_1995_2025/station_cache/2244033.csv
REVIEW_OTHER,file,0.0,ana_rainfall_1995_2025/station_cache/2244034.csv
REVIEW_OTHER,file,0.0,ana_rainfall_1995_2025/station_cache/2244035.csv
REVIEW_OTHER,file,0.0,ana_rainfall_1995_2025/station_cache/2244036.csv
REVIEW_OTHER,file,0.0,ana_rainfall_1995_2025/station_cache/2244037.csv
REVIEW_OTHER,file,0.0,ana_rainfall_1995_2025/station_cache/2244038.csv
REVIEW_OTHER,file,0.0,ana_rainfall_1995_2025/station_cache/2244039.csv
REVIEW_OTHER,file,0.0,ana_rainfall_1995_2025/station_cache/2244041.csv
REVIEW_OTHER,file,0.0,ana_rainfall_1995_2025/station_cache/2244043.csv
REVIEW_OTHER,file,0.0,ana_rainfall_1995_2025/station_cache/2244044.csv
REVIEW_OTHER,file,0.0,ana_rainfall_1995_2025/station_cache/2244045.csv
REVIEW_OTHER,file,0.0,ana_rainfall_1995_2025/station_cache/2244047.csv
REVIEW_OTHER,file,0.0,ana_rainfall_1995_2025/station_cache/2244048.csv
REVIEW_OTHER,file,0.0,ana_rainfall_1995_2025/station_cache/2244054.csv
REVIEW_OTHER,file,0.0,ana_rainfall_1995_2025/station_cache/2244057.csv
REVIEW_OTHER,file,0.0,ana_rainfall_1995_2025/station_cache/2244058.csv
REVIEW_OTHER,file,0.0,ana_rainfall_1995_2025/station_cache/2244064.csv
REVIEW_OTHER,file,0.0,ana_rainfall_1995_2025/station_cache/2244065.csv
REVIEW_OTHER,file,0.0,ana_rainfall_1995_2025/station_cache/2244068.csv
REVIEW_OTHER,file,0.0,ana_rainfall_1995_2025/station_cache/2244071.csv
REVIEW_OTHER,file,0.0,ana_rainfall_1995_2025/station_cache/2244135.csv
REVIEW_OTHER,file,0.0,ana_rainfall_1995_2025/station_cache/2244148.csv
REVIEW_OTHER,file,0.0,ana_rainfall_1995_2025/station_cache/2244149.csv
REVIEW_OTHER,file,0.0,ana_rainfall_1995_2025/station_cache/2245000.csv
REVIEW_OTHER,file,0.0,ana_rainfall_1995_2025/station_cache/2245010.csv
REVIEW_OTHER,file,0.0,ana_rainfall_1995_2025/station_cache/2245011.csv
REVIEW_OTHER,file,0.0,ana_rainfall_1995_2025/station_cache/2245048.csv
REVIEW_OTHER,file,0.0,ana_rainfall_1995_2025/station_cache/2245055.csv
REVIEW_OTHER,file,0.0,ana_rainfall_1995_2025/station_cache/2245064.csv
REVIEW_OTHER,file,0.0,ana_rainfall_1995_2025/station_cache/2245065.csv
REVIEW_OTHER,file,0.0,ana_rainfall_1995_2025/station_cache/2245066.csv
REVIEW_OTHER,file,0.0,ana_rainfall_1995_2025/station_cache/2245070.csv
REVIEW_OTHER,file,0.0,ana_rainfall_1995_2025/station_cache/2245077.csv
REVIEW_OTHER,file,0.0,ana_rainfall_1995_2025/station_cache/2245080.csv
REVIEW_OTHER,file,0.0,ana_rainfall_1995_2025/station_cache/2245083.csv
REVIEW_OTHER,file,0.0,ana_rainfall_1995_2025/station_cache/2245084.csv
REVIEW_OTHER,file,0.0,ana_rainfall_1995_2025/station_cache/2245085.csv
REVIEW_OTHER,file,0.0,ana_rainfall_1995_2025/station_cache/2245086.csv
REVIEW_OTHER,file,0.0,ana_rainfall_1995_2025/station_cache/2245087.csv
REVIEW_OTHER,file,0.0,ana_rainfall_1995_2025/station_cache/2245088.csv
REVIEW_OTHER,file,0.0,ana_rainfall_1995_2025/station_cache/2245089.csv
REVIEW_OTHER,file,0.0,ana_rainfall_1995_2025/station_cache/2245090.csv
REVIEW_OTHER,file,0.0,ana_rainfall_1995_2025/station_cache/2245104.csv
REVIEW_OTHER,file,0.0,ana_rainfall_1995_2025/station_cache/2246003.csv
REVIEW_OTHER,file,0.0,ana_rainfall_1995_2025/station_cache/2246009.csv
REVIEW_OTHER,file,0.0,ana_rainfall_1995_2025/station_cache/2246023.csv
REVIEW_OTHER,file,0.0,ana_rainfall_1995_2025/station_cache/2246033.csv
REVIEW_OTHER,file,0.0,ana_rainfall_1995_2025/station_cache/2246038.csv
REVIEW_OTHER,file,0.0,ana_rainfall_1995_2025/station_cache/2246047.csv
REVIEW_OTHER,file,0.0,ana_rainfall_1995_2025/station_cache/2246050.csv
REVIEW_OTHER,file,0.0,ana_rainfall_1995_2025/station_cache/2246052.csv
REVIEW_OTHER,file,0.0,ana_rainfall_1995_2025/station_cache/2246056.csv
REVIEW_OTHER,file,0.0,ana_rainfall_1995_2025/station_cache/2246057.csv
REVIEW_OTHER,file,0.0,ana_rainfall_1995_2025/station_cache/2246127.csv
REVIEW_OTHER,file,0.0,ana_rainfall_1995_2025/station_cache/2246131.csv
REVIEW_OTHER,file,0.0,ana_rainfall_1995_2025/station_cache/2247054.csv
REVIEW_OTHER,file,0.0,ana_rainfall_1995_2025/station_cache/2247055.csv
REVIEW_OTHER,file,0.0,ana_rainfall_1995_2025/station_cache/2247058.csv
REVIEW_OTHER,file,0.0,ana_rainfall_1995_2025/station_cache/2247059.csv
REVIEW_OTHER,file,0.0,ana_rainfall_1995_2025/station_cache/2247180.csv
REVIEW_OTHER,file,0.0,ana_rainfall_1995_2025/station_cache/2247182.csv
REVIEW_OTHER,file,0.0,ana_rainfall_1995_2025/station_cache/2247184.csv
REVIEW_OTHER,file,0.0,ana_rainfall_1995_2025/station_cache/2247185.csv
REVIEW_OTHER,file,0.0,ana_rainfall_1995_2025/station_cache/2247196.csv
REVIEW_OTHER,file,0.0,ana_rainfall_1995_2025/station_cache/2247197.csv
REVIEW_OTHER,file,0.0,ana_rainfall_1995_2025/station_cache/2247198.csv
REVIEW_OTHER,file,0.0,ana_rainfall_1995_2025/station_cache/2248110.csv
REVIEW_OTHER,file,0.0,ana_rainfall_1995_2025/station_cache/2249103.csv
REVIEW_OTHER,file,0.0,ana_rainfall_1995_2025/station_cache/2250024.csv
REVIEW_OTHER,file,0.0,ana_rainfall_1995_2025/station_cache/2252000.csv
REVIEW_OTHER,file,0.0,ana_rainfall_1995_2025/station_cache/2252010.csv
REVIEW_OTHER,file,0.0,ana_rainfall_1995_2025/station_cache/2253002.csv
REVIEW_OTHER,file,0.0,ana_rainfall_1995_2025/station_cache/2253014.csv
REVIEW_OTHER,file,0.0,ana_rainfall_1995_2025/station_cache/2253015.csv
REVIEW_OTHER,file,0.0,ana_rainfall_1995_2025/station_cache/2253016.csv
REVIEW_OTHER,file,0.0,ana_rainfall_1995_2025/station_cache/2254000.csv
REVIEW_OTHER,file,0.0,ana_rainfall_1995_2025/station_cache/2254001.csv
REVIEW_OTHER,file,0.0,ana_rainfall_1995_2025/station_cache/2254003.csv
REVIEW_OTHER,file,0.0,ana_rainfall_1995_2025/station_cache/2254004.csv
REVIEW_OTHER,file,0.0,ana_rainfall_1995_2025/station_cache/2254005.csv
REVIEW_OTHER,file,0.0,ana_rainfall_1995_2025/station_cache/2255002.csv
REVIEW_OTHER,file,0.0,ana_rainfall_1995_2025/station_cache/2255003.csv
REVIEW_OTHER,file,0.0,ana_rainfall_1995_2025/station_cache/2255004.csv
REVIEW_OTHER,file,0.0,ana_rainfall_1995_2025/station_cache/2256001.csv
REVIEW_OTHER,file,0.0,ana_rainfall_1995_2025/station_cache/2257000.csv
REVIEW_OTHER,file,0.0,ana_rainfall_1995_2025/station_cache/2257001.csv
REVIEW_OTHER,file,0.0,ana_rainfall_1995_2025/station_cache/2344006.csv
REVIEW_OTHER,file,0.0,ana_rainfall_1995_2025/station_cache/2344007.csv
REVIEW_OTHER,file,0.0,ana_rainfall_1995_2025/station_cache/2344008.csv
REVIEW_OTHER,file,0.0,ana_rainfall_1995_2025/station_cache/2344009.csv
REVIEW_OTHER,file,0.0,ana_rainfall_1995_2025/station_cache/2344016.csv
REVIEW_OTHER,file,0.0,ana_rainfall_1995_2025/station_cache/2344019.csv
REVIEW_OTHER,file,0.0,ana_rainfall_1995_2025/station_cache/2345062.csv
REVIEW_OTHER,file,0.0,ana_rainfall_1995_2025/station_cache/2345063.csv
REVIEW_OTHER,file,0.0,ana_rainfall_1995_2025/station_cache/2345065.csv
REVIEW_OTHER,file,0.0,ana_rainfall_1995_2025/station_cache/2345067.csv
REVIEW_OTHER,file,0.0,ana_rainfall_1995_2025/station_cache/2345071.csv
REVIEW_OTHER,file,0.0,ana_rainfall_1995_2025/station_cache/2345076.csv
REVIEW_OTHER,file,0.0,ana_rainfall_1995_2025/station_cache/2345191.csv
REVIEW_OTHER,file,0.0,ana_rainfall_1995_2025/station_cache/2346094.csv
REVIEW_OTHER,file,0.0,ana_rainfall_1995_2025/station_cache/2346095.csv
REVIEW_OTHER,file,0.0,ana_rainfall_1995_2025/station_cache/2346097.csv
REVIEW_OTHER,file,0.0,ana_rainfall_1995_2025/station_cache/2346098.csv
REVIEW_OTHER,file,0.0,ana_rainfall_1995_2025/station_cache/2346100.csv
REVIEW_OTHER,file,0.0,ana_rainfall_1995_2025/station_cache/2346101.csv
REVIEW_OTHER,file,0.0,ana_rainfall_1995_2025/station_cache/2346103.csv
REVIEW_OTHER,file,0.0,ana_rainfall_1995_2025/station_cache/2346106.csv
REVIEW_OTHER,file,0.0,ana_rainfall_1995_2025/station_cache/2347054.csv
REVIEW_OTHER,file,0.0,ana_rainfall_1995_2025/station_cache/2347055.csv
REVIEW_OTHER,file,0.0,ana_rainfall_1995_2025/station_cache/2347056.csv
REVIEW_OTHER,file,0.0,ana_rainfall_1995_2025/station_cache/2347057.csv
REVIEW_OTHER,file,0.0,ana_rainfall_1995_2025/station_cache/2347058.csv
REVIEW_OTHER,file,0.0,ana_rainfall_1995_2025/station_cache/2347059.csv
REVIEW_OTHER,file,0.0,ana_rainfall_1995_2025/station_cache/2347060.csv
REVIEW_OTHER,file,0.0,ana_rainfall_1995_2025/station_cache/2347061.csv
REVIEW_OTHER,file,0.0,ana_rainfall_1995_2025/station_cache/2347062.csv
REVIEW_OTHER,file,0.0,ana_rainfall_1995_2025/station_cache/2348033.csv
REVIEW_OTHER,file,0.0,ana_rainfall_1995_2025/station_cache/2348037.csv
REVIEW_OTHER,file,0.0,ana_rainfall_1995_2025/station_cache/2348088.csv
REVIEW_OTHER,file,0.0,ana_rainfall_1995_2025/station_cache/2349005.csv
REVIEW_OTHER,file,0.0,ana_rainfall_1995_2025/station_cache/2349007.csv
REVIEW_OTHER,file,0.0,ana_rainfall_1995_2025/station_cache/2349020.csv
REVIEW_OTHER,file,0.0,ana_rainfall_1995_2025/station_cache/2349030.csv
REVIEW_OTHER,file,0.0,ana_rainfall_1995_2025/station_cache/2349033.csv
REVIEW_OTHER,file,0.0,ana_rainfall_1995_2025/station_cache/2350062.csv
REVIEW_OTHER,file,0.0,ana_rainfall_1995_2025/station_cache/2350066.csv
REVIEW_OTHER,file,0.0,ana_rainfall_1995_2025/station_cache/2350067.csv
REVIEW_OTHER,file,0.0,ana_rainfall_1995_2025/station_cache/2351013.csv
REVIEW_OTHER,file,0.0,ana_rainfall_1995_2025/station_cache/2351066.csv
REVIEW_OTHER,file,0.0,ana_rainfall_1995_2025/station_cache/2352000.csv
REVIEW_OTHER,file,0.0,ana_rainfall_1995_2025/station_cache/2352002.csv
REVIEW_OTHER,file,0.0,ana_rainfall_1995_2025/station_cache/2352010.csv
REVIEW_OTHER,file,0.0,ana_rainfall_1995_2025/station_cache/2352017.csv
REVIEW_OTHER,file,0.0,ana_rainfall_1995_2025/station_cache/2353001.csv
REVIEW_OTHER,file,0.0,ana_rainfall_1995_2025/station_cache/2353002.csv
REVIEW_OTHER,file,0.0,ana_rainfall_1995_2025/station_cache/2353044.csv
REVIEW_OTHER,file,0.0,ana_rainfall_1995_2025/station_cache/2353048.csv
REVIEW_OTHER,file,0.0,ana_rainfall_1995_2025/station_cache/2354000.csv
REVIEW_OTHER,file,0.0,ana_rainfall_1995_2025/station_cache/2354001.csv
REVIEW_OTHER,file,0.0,ana_rainfall_1995_2025/station_cache/2354004.csv
REVIEW_OTHER,file,0.0,ana_rainfall_1995_2025/station_cache/2355000.csv
REVIEW_OTHER,file,0.0,ana_rainfall_1995_2025/station_cache/2355001.csv
REVIEW_OTHER,file,0.0,ana_rainfall_1995_2025/station_cache/2355002.csv
REVIEW_OTHER,file,0.0,ana_rainfall_1995_2025/station_cache/2355003.csv
REVIEW_OTHER,file,0.0,ana_rainfall_1995_2025/station_cache/242002.csv
REVIEW_OTHER,file,0.0,ana_rainfall_1995_2025/station_cache/244011.csv
REVIEW_OTHER,file,0.0,ana_rainfall_1995_2025/station_cache/244012.csv
REVIEW_OTHER,file,0.0,ana_rainfall_1995_2025/station_cache/2447042.csv
REVIEW_OTHER,file,0.0,ana_rainfall_1995_2025/station_cache/2447043.csv
REVIEW_OTHER,file,0.0,ana_rainfall_1995_2025/station_cache/2447044.csv
REVIEW_OTHER,file,0.0,ana_rainfall_1995_2025/station_cache/2447045.csv
REVIEW_OTHER,file,0.0,ana_rainfall_1995_2025/station_cache/2447046.csv
REVIEW_OTHER,file,0.0,ana_rainfall_1995_2025/station_cache/2447074.csv
REVIEW_OTHER,file,0.0,ana_rainfall_1995_2025/station_cache/2447075.csv
REVIEW_OTHER,file,0.0,ana_rainfall_1995_2025/station_cache/2448017.csv
REVIEW_OTHER,file,0.0,ana_rainfall_1995_2025/station_cache/2448036.csv
REVIEW_OTHER,file,0.0,ana_rainfall_1995_2025/station_cache/2449000.csv
REVIEW_OTHER,file,0.0,ana_rainfall_1995_2025/station_cache/2449006.csv
REVIEW_OTHER,file,0.0,ana_rainfall_1995_2025/station_cache/2449007.csv
REVIEW_OTHER,file,0.0,ana_rainfall_1995_2025/station_cache/2449008.csv
REVIEW_OTHER,file,0.0,ana_rainfall_1995_2025/station_cache/2449019.csv
REVIEW_OTHER,file,0.0,ana_rainfall_1995_2025/station_cache/2449020.csv
REVIEW_OTHER,file,0.0,ana_rainfall_1995_2025/station_cache/2449063.csv
REVIEW_OTHER,file,0.0,ana_rainfall_1995_2025/station_cache/245001.csv
REVIEW_OTHER,file,0.0,ana_rainfall_1995_2025/station_cache/2450013.csv
REVIEW_OTHER,file,0.0,ana_rainfall_1995_2025/station_cache/245003.csv
REVIEW_OTHER,file,0.0,ana_rainfall_1995_2025/station_cache/245007.csv
REVIEW_OTHER,file,0.0,ana_rainfall_1995_2025/station_cache/245008.csv
REVIEW_OTHER,file,0.0,ana_rainfall_1995_2025/station_cache/245009.csv
REVIEW_OTHER,file,0.0,ana_rainfall_1995_2025/station_cache/245010.csv
REVIEW_OTHER,file,0.0,ana_rainfall_1995_2025/station_cache/245011.csv
REVIEW_OTHER,file,0.0,ana_rainfall_1995_2025/station_cache/2451002.csv
REVIEW_OTHER,file,0.0,ana_rainfall_1995_2025/station_cache/2451003.csv
REVIEW_OTHER,file,0.0,ana_rainfall_1995_2025/station_cache/2451006.csv
REVIEW_OTHER,file,0.0,ana_rainfall_1995_2025/station_cache/2451014.csv
REVIEW_OTHER,file,0.0,ana_rainfall_1995_2025/station_cache/2451015.csv
REVIEW_OTHER,file,0.0,ana_rainfall_1995_2025/station_cache/2451017.csv
REVIEW_OTHER,file,0.0,ana_rainfall_1995_2025/station_cache/2451020.csv
REVIEW_OTHER,file,0.0,ana_rainfall_1995_2025/station_cache/2452000.csv
REVIEW_OTHER,file,0.0,ana_rainfall_1995_2025/station_cache/2452001.csv
REVIEW_OTHER,file,0.0,ana_rainfall_1995_2025/station_cache/2452051.csv
REVIEW_OTHER,file,0.0,ana_rainfall_1995_2025/station_cache/2452055.csv
REVIEW_OTHER,file,0.0,ana_rainfall_1995_2025/station_cache/2453000.csv
REVIEW_OTHER,file,0.0,ana_rainfall_1995_2025/station_cache/2453001.csv
REVIEW_OTHER,file,0.0,ana_rainfall_1995_2025/station_cache/2453009.csv
REVIEW_OTHER,file,0.0,ana_rainfall_1995_2025/station_cache/2453013.csv
REVIEW_OTHER,file,0.0,ana_rainfall_1995_2025/station_cache/2453043.csv
REVIEW_OTHER,file,0.0,ana_rainfall_1995_2025/station_cache/247000.csv
REVIEW_OTHER,file,0.0,ana_rainfall_1995_2025/station_cache/247003.csv
REVIEW_OTHER,file,0.0,ana_rainfall_1995_2025/station_cache/247004.csv
REVIEW_OTHER,file,0.0,ana_rainfall_1995_2025/station_cache/247005.csv
REVIEW_OTHER,file,0.0,ana_rainfall_1995_2025/station_cache/247006.csv
REVIEW_OTHER,file,0.0,ana_rainfall_1995_2025/station_cache/247008.csv
REVIEW_OTHER,file,0.0,ana_rainfall_1995_2025/station_cache/248001.csv
REVIEW_OTHER,file,0.0,ana_rainfall_1995_2025/station_cache/248003.csv
REVIEW_OTHER,file,0.0,ana_rainfall_1995_2025/station_cache/248006.csv
REVIEW_OTHER,file,0.0,ana_rainfall_1995_2025/station_cache/249002.csv
REVIEW_OTHER,file,0.0,ana_rainfall_1995_2025/station_cache/249003.csv
REVIEW_OTHER,file,0.0,ana_rainfall_1995_2025/station_cache/249004.csv
REVIEW_OTHER,file,0.0,ana_rainfall_1995_2025/station_cache/250000.csv
REVIEW_OTHER,file,0.0,ana_rainfall_1995_2025/station_cache/250001.csv
REVIEW_OTHER,file,0.0,ana_rainfall_1995_2025/station_cache/250002.csv
REVIEW_OTHER,file,0.0,ana_rainfall_1995_2025/station_cache/250003.csv
REVIEW_OTHER,file,0.0,ana_rainfall_1995_2025/station_cache/251000.csv
REVIEW_OTHER,file,0.0,ana_rainfall_1995_2025/station_cache/251001.csv
REVIEW_OTHER,file,0.0,ana_rainfall_1995_2025/station_cache/252001.csv
REVIEW_OTHER,file,0.0,ana_rainfall_1995_2025/station_cache/253000.csv
REVIEW_OTHER,file,0.0,ana_rainfall_1995_2025/station_cache/254000.csv
REVIEW_OTHER,file,0.0,ana_rainfall_1995_2025/station_cache/2548000.csv
REVIEW_OTHER,file,0.0,ana_rainfall_1995_2025/station_cache/2548001.csv
REVIEW_OTHER,file,0.0,ana_rainfall_1995_2025/station_cache/2548003.csv
REVIEW_OTHER,file,0.0,ana_rainfall_1995_2025/station_cache/2548044.csv
REVIEW_OTHER,file,0.0,ana_rainfall_1995_2025/station_cache/2549003.csv
REVIEW_OTHER,file,0.0,ana_rainfall_1995_2025/station_cache/2549004.csv
REVIEW_OTHER,file,0.0,ana_rainfall_1995_2025/station_cache/2549006.csv
REVIEW_OTHER,file,0.0,ana_rainfall_1995_2025/station_cache/2549017.csv
REVIEW_OTHER,file,0.0,ana_rainfall_1995_2025/station_cache/2549061.csv
REVIEW_OTHER,file,0.0,ana_rainfall_1995_2025/station_cache/2549076.csv
REVIEW_OTHER,file,0.0,ana_rainfall_1995_2025/station_cache/2549077.csv
REVIEW_OTHER,file,0.0,ana_rainfall_1995_2025/station_cache/2549080.csv
REVIEW_OTHER,file,0.0,ana_rainfall_1995_2025/station_cache/2549081.csv
REVIEW_OTHER,file,0.0,ana_rainfall_1995_2025/station_cache/2549082.csv
REVIEW_OTHER,file,0.0,ana_rainfall_1995_2025/station_cache/2549093.csv
REVIEW_OTHER,file,0.0,ana_rainfall_1995_2025/station_cache/255000.csv
REVIEW_OTHER,file,0.0,ana_rainfall_1995_2025/station_cache/2550000.csv
REVIEW_OTHER,file,0.0,ana_rainfall_1995_2025/station_cache/2550003.csv
REVIEW_OTHER,file,0.0,ana_rainfall_1995_2025/station_cache/2550005.csv
REVIEW_OTHER,file,0.0,ana_rainfall_1995_2025/station_cache/2550006.csv
REVIEW_OTHER,file,0.0,ana_rainfall_1995_2025/station_cache/255001.csv
REVIEW_OTHER,file,0.0,ana_rainfall_1995_2025/station_cache/2551000.csv
REVIEW_OTHER,file,0.0,ana_rainfall_1995_2025/station_cache/2551001.csv
REVIEW_OTHER,file,0.0,ana_rainfall_1995_2025/station_cache/2551024.csv
REVIEW_OTHER,file,0.0,ana_rainfall_1995_2025/station_cache/2551033.csv
REVIEW_OTHER,file,0.0,ana_rainfall_1995_2025/station_cache/2551047.csv
REVIEW_OTHER,file,0.0,ana_rainfall_1995_2025/station_cache/2552000.csv
REVIEW_OTHER,file,0.0,ana_rainfall_1995_2025/station_cache/2552041.csv
REVIEW_OTHER,file,0.0,ana_rainfall_1995_2025/station_cache/2553024.csv
REVIEW_OTHER,file,0.0,ana_rainfall_1995_2025/station_cache/2553057.csv
REVIEW_OTHER,file,0.0,ana_rainfall_1995_2025/station_cache/256001.csv
REVIEW_OTHER,file,0.0,ana_rainfall_1995_2025/station_cache/256002.csv
REVIEW_OTHER,file,0.0,ana_rainfall_1995_2025/station_cache/257000.csv
REVIEW_OTHER,file,0.0,ana_rainfall_1995_2025/station_cache/257001.csv
REVIEW_OTHER,file,0.0,ana_rainfall_1995_2025/station_cache/257002.csv
REVIEW_OTHER,file,0.0,ana_rainfall_1995_2025/station_cache/257003.csv
REVIEW_OTHER,file,0.0,ana_rainfall_1995_2025/station_cache/258001.csv
REVIEW_OTHER,file,0.0,ana_rainfall_1995_2025/station_cache/259000.csv
REVIEW_OTHER,file,0.0,ana_rainfall_1995_2025/station_cache/259004.csv
REVIEW_OTHER,file,0.0,ana_rainfall_1995_2025/station_cache/260006.csv
REVIEW_OTHER,file,0.0,ana_rainfall_1995_2025/station_cache/260007.csv
REVIEW_OTHER,file,0.0,ana_rainfall_1995_2025/station_cache/261000.csv
REVIEW_OTHER,file,0.0,ana_rainfall_1995_2025/station_cache/2648001.csv
REVIEW_OTHER,file,0.0,ana_rainfall_1995_2025/station_cache/2648002.csv
REVIEW_OTHER,file,0.0,ana_rainfall_1995_2025/station_cache/2648014.csv
REVIEW_OTHER,file,0.0,ana_rainfall_1995_2025/station_cache/2648019.csv
REVIEW_OTHER,file,0.0,ana_rainfall_1995_2025/station_cache/2648020.csv
REVIEW_OTHER,file,0.0,ana_rainfall_1995_2025/station_cache/2648027.csv
REVIEW_OTHER,file,0.0,ana_rainfall_1995_2025/station_cache/2648028.csv
REVIEW_OTHER,file,0.0,ana_rainfall_1995_2025/station_cache/2648033.csv
REVIEW_OTHER,file,0.0,ana_rainfall_1995_2025/station_cache/2648034.csv
REVIEW_OTHER,file,0.0,ana_rainfall_1995_2025/station_cache/2649001.csv
REVIEW_OTHER,file,0.0,ana_rainfall_1995_2025/station_cache/2649002.csv
REVIEW_OTHER,file,0.0,ana_rainfall_1995_2025/station_cache/2649003.csv
REVIEW_OTHER,file,0.0,ana_rainfall_1995_2025/station_cache/2649004.csv
REVIEW_OTHER,file,0.0,ana_rainfall_1995_2025/station_cache/2649005.csv
REVIEW_OTHER,file,0.0,ana_rainfall_1995_2025/station_cache/2649007.csv
REVIEW_OTHER,file,0.0,ana_rainfall_1995_2025/station_cache/2649008.csv
REVIEW_OTHER,file,0.0,ana_rainfall_1995_2025/station_cache/2649009.csv
REVIEW_OTHER,file,0.0,ana_rainfall_1995_2025/station_cache/2649010.csv
REVIEW_OTHER,file,0.0,ana_rainfall_1995_2025/station_cache/2649013.csv
REVIEW_OTHER,file,0.0,ana_rainfall_1995_2025/station_cache/2649017.csv
REVIEW_OTHER,file,0.0,ana_rainfall_1995_2025/station_cache/2649021.csv
REVIEW_OTHER,file,0.0,ana_rainfall_1995_2025/station_cache/2649037.csv
REVIEW_OTHER,file,0.0,ana_rainfall_1995_2025/station_cache/2649053.csv
REVIEW_OTHER,file,0.0,ana_rainfall_1995_2025/station_cache/2649054.csv
REVIEW_OTHER,file,0.0,ana_rainfall_1995_2025/station_cache/2649055.csv
REVIEW_OTHER,file,0.0,ana_rainfall_1995_2025/station_cache/2649056.csv
REVIEW_OTHER,file,0.0,ana_rainfall_1995_2025/station_cache/2649057.csv
REVIEW_OTHER,file,0.0,ana_rainfall_1995_2025/station_cache/2649058.csv
REVIEW_OTHER,file,0.0,ana_rainfall_1995_2025/station_cache/2649060.csv
REVIEW_OTHER,file,0.0,ana_rainfall_1995_2025/station_cache/2649061.csv
REVIEW_OTHER,file,0.0,ana_rainfall_1995_2025/station_cache/2649064.csv
REVIEW_OTHER,file,0.0,ana_rainfall_1995_2025/station_cache/2649065.csv
REVIEW_OTHER,file,0.0,ana_rainfall_1995_2025/station_cache/265000.csv
REVIEW_OTHER,file,0.0,ana_rainfall_1995_2025/station_cache/2650000.csv
REVIEW_OTHER,file,0.0,ana_rainfall_1995_2025/station_cache/2650015.csv
REVIEW_OTHER,file,0.0,ana_rainfall_1995_2025/station_cache/2650016.csv
REVIEW_OTHER,file,0.0,ana_rainfall_1995_2025/station_cache/2650018.csv
REVIEW_OTHER,file,0.0,ana_rainfall_1995_2025/station_cache/2650019.csv
REVIEW_OTHER,file,0.0,ana_rainfall_1995_2025/station_cache/2650022.csv
REVIEW_OTHER,file,0.0,ana_rainfall_1995_2025/station_cache/2650023.csv
REVIEW_OTHER,file,0.0,ana_rainfall_1995_2025/station_cache/2651001.csv
REVIEW_OTHER,file,0.0,ana_rainfall_1995_2025/station_cache/2651004.csv
REVIEW_OTHER,file,0.0,ana_rainfall_1995_2025/station_cache/2651022.csv
REVIEW_OTHER,file,0.0,ana_rainfall_1995_2025/station_cache/2651031.csv
REVIEW_OTHER,file,0.0,ana_rainfall_1995_2025/station_cache/2651036.csv
REVIEW_OTHER,file,0.0,ana_rainfall_1995_2025/station_cache/2651040.csv
REVIEW_OTHER,file,0.0,ana_rainfall_1995_2025/station_cache/2651043.csv
REVIEW_OTHER,file,0.0,ana_rainfall_1995_2025/station_cache/2651044.csv
REVIEW_OTHER,file,0.0,ana_rainfall_1995_2025/station_cache/2651052.csv
REVIEW_OTHER,file,0.0,ana_rainfall_1995_2025/station_cache/2652000.csv
REVIEW_OTHER,file,0.0,ana_rainfall_1995_2025/station_cache/2652001.csv
REVIEW_OTHER,file,0.0,ana_rainfall_1995_2025/station_cache/2652002.csv
REVIEW_OTHER,file,0.0,ana_rainfall_1995_2025/station_cache/2652009.csv
REVIEW_OTHER,file,0.0,ana_rainfall_1995_2025/station_cache/2652015.csv
REVIEW_OTHER,file,0.0,ana_rainfall_1995_2025/station_cache/2652021.csv
REVIEW_OTHER,file,0.0,ana_rainfall_1995_2025/station_cache/2652031.csv
REVIEW_OTHER,file,0.0,ana_rainfall_1995_2025/station_cache/2652034.csv
REVIEW_OTHER,file,0.0,ana_rainfall_1995_2025/station_cache/2653001.csv
REVIEW_OTHER,file,0.0,ana_rainfall_1995_2025/station_cache/2653002.csv
REVIEW_OTHER,file,0.0,ana_rainfall_1995_2025/station_cache/2653003.csv
REVIEW_OTHER,file,0.0,ana_rainfall_1995_2025/station_cache/2653004.csv
REVIEW_OTHER,file,0.0,ana_rainfall_1995_2025/station_cache/2653005.csv
REVIEW_OTHER,file,0.0,ana_rainfall_1995_2025/station_cache/2653007.csv
REVIEW_OTHER,file,0.0,ana_rainfall_1995_2025/station_cache/2653009.csv
REVIEW_OTHER,file,0.0,ana_rainfall_1995_2025/station_cache/2653012.csv
REVIEW_OTHER,file,0.0,ana_rainfall_1995_2025/station_cache/2653013.csv
REVIEW_OTHER,file,0.0,ana_rainfall_1995_2025/station_cache/2653024.csv
REVIEW_OTHER,file,0.0,ana_rainfall_1995_2025/station_cache/266004.csv
REVIEW_OTHER,file,0.0,ana_rainfall_1995_2025/station_cache/267001.csv
REVIEW_OTHER,file,0.0,ana_rainfall_1995_2025/station_cache/268000.csv
REVIEW_OTHER,file,0.0,ana_rainfall_1995_2025/station_cache/269001.csv
REVIEW_OTHER,file,0.0,ana_rainfall_1995_2025/station_cache/2748000.csv
REVIEW_OTHER,file,0.0,ana_rainfall_1995_2025/station_cache/2748001.csv
REVIEW_OTHER,file,0.0,ana_rainfall_1995_2025/station_cache/2748002.csv
REVIEW_OTHER,file,0.0,ana_rainfall_1995_2025/station_cache/2748003.csv
REVIEW_OTHER,file,0.0,ana_rainfall_1995_2025/station_cache/2748004.csv
REVIEW_OTHER,file,0.0,ana_rainfall_1995_2025/station_cache/2748005.csv
REVIEW_OTHER,file,0.0,ana_rainfall_1995_2025/station_cache/2748016.csv
REVIEW_OTHER,file,0.0,ana_rainfall_1995_2025/station_cache/2748017.csv
REVIEW_OTHER,file,0.0,ana_rainfall_1995_2025/station_cache/2748018.csv
REVIEW_OTHER,file,0.0,ana_rainfall_1995_2025/station_cache/2748019.csv
REVIEW_OTHER,file,0.0,ana_rainfall_1995_2025/station_cache/2749000.csv
REVIEW_OTHER,file,0.0,ana_rainfall_1995_2025/station_cache/2749001.csv
REVIEW_OTHER,file,0.0,ana_rainfall_1995_2025/station_cache/2749002.csv
REVIEW_OTHER,file,0.0,ana_rainfall_1995_2025/station_cache/2749003.csv
REVIEW_OTHER,file,0.0,ana_rainfall_1995_2025/station_cache/2749005.csv
REVIEW_OTHER,file,0.0,ana_rainfall_1995_2025/station_cache/2749006.csv
REVIEW_OTHER,file,0.0,ana_rainfall_1995_2025/station_cache/2749007.csv
REVIEW_OTHER,file,0.0,ana_rainfall_1995_2025/station_cache/2749009.csv
REVIEW_OTHER,file,0.0,ana_rainfall_1995_2025/station_cache/2749012.csv
REVIEW_OTHER,file,0.0,ana_rainfall_1995_2025/station_cache/2749013.csv
REVIEW_OTHER,file,0.0,ana_rainfall_1995_2025/station_cache/2749015.csv
REVIEW_OTHER,file,0.0,ana_rainfall_1995_2025/station_cache/2749016.csv
REVIEW_OTHER,file,0.0,ana_rainfall_1995_2025/station_cache/2749017.csv
REVIEW_OTHER,file,0.0,ana_rainfall_1995_2025/station_cache/2749020.csv
REVIEW_OTHER,file,0.0,ana_rainfall_1995_2025/station_cache/2749027.csv
REVIEW_OTHER,file,0.0,ana_rainfall_1995_2025/station_cache/2749031.csv
REVIEW_OTHER,file,0.0,ana_rainfall_1995_2025/station_cache/2749033.csv
REVIEW_OTHER,file,0.0,ana_rainfall_1995_2025/station_cache/2749034.csv
REVIEW_OTHER,file,0.0,ana_rainfall_1995_2025/station_cache/2749035.csv
REVIEW_OTHER,file,0.0,ana_rainfall_1995_2025/station_cache/2749037.csv
REVIEW_OTHER,file,0.0,ana_rainfall_1995_2025/station_cache/2749039.csv
REVIEW_OTHER,file,0.0,ana_rainfall_1995_2025/station_cache/2749041.csv
REVIEW_OTHER,file,0.0,ana_rainfall_1995_2025/station_cache/2749045.csv
REVIEW_OTHER,file,0.0,ana_rainfall_1995_2025/station_cache/2749046.csv
REVIEW_OTHER,file,0.0,ana_rainfall_1995_2025/station_cache/2750001.csv
REVIEW_OTHER,file,0.0,ana_rainfall_1995_2025/station_cache/2750007.csv
REVIEW_OTHER,file,0.0,ana_rainfall_1995_2025/station_cache/2750008.csv
REVIEW_OTHER,file,0.0,ana_rainfall_1995_2025/station_cache/2750009.csv
REVIEW_OTHER,file,0.0,ana_rainfall_1995_2025/station_cache/2750010.csv
REVIEW_OTHER,file,0.0,ana_rainfall_1995_2025/station_cache/2750011.csv
REVIEW_OTHER,file,0.0,ana_rainfall_1995_2025/station_cache/2750012.csv
REVIEW_OTHER,file,0.0,ana_rainfall_1995_2025/station_cache/2750014.csv
REVIEW_OTHER,file,0.0,ana_rainfall_1995_2025/station_cache/2750020.csv
REVIEW_OTHER,file,0.0,ana_rainfall_1995_2025/station_cache/2750021.csv
REVIEW_OTHER,file,0.0,ana_rainfall_1995_2025/station_cache/2750022.csv
REVIEW_OTHER,file,0.0,ana_rainfall_1995_2025/station_cache/2751001.csv
REVIEW_OTHER,file,0.0,ana_rainfall_1995_2025/station_cache/2751004.csv
REVIEW_OTHER,file,0.0,ana_rainfall_1995_2025/station_cache/2751006.csv
REVIEW_OTHER,file,0.0,ana_rainfall_1995_2025/station_cache/2751007.csv
REVIEW_OTHER,file,0.0,ana_rainfall_1995_2025/station_cache/2751011.csv
REVIEW_OTHER,file,0.0,ana_rainfall_1995_2025/station_cache/2751012.csv
REVIEW_OTHER,file,0.0,ana_rainfall_1995_2025/station_cache/2751015.csv
REVIEW_OTHER,file,0.0,ana_rainfall_1995_2025/station_cache/2751017.csv
REVIEW_OTHER,file,0.0,ana_rainfall_1995_2025/station_cache/2751018.csv
REVIEW_OTHER,file,0.0,ana_rainfall_1995_2025/station_cache/2752005.csv
REVIEW_OTHER,file,0.0,ana_rainfall_1995_2025/station_cache/2752006.csv
REVIEW_OTHER,file,0.0,ana_rainfall_1995_2025/station_cache/2752017.csv
REVIEW_OTHER,file,0.0,ana_rainfall_1995_2025/station_cache/2752021.csv
REVIEW_OTHER,file,0.0,ana_rainfall_1995_2025/station_cache/2753002.csv
REVIEW_OTHER,file,0.0,ana_rainfall_1995_2025/station_cache/2753004.csv
REVIEW_OTHER,file,0.0,ana_rainfall_1995_2025/station_cache/2753006.csv
REVIEW_OTHER,file,0.0,ana_rainfall_1995_2025/station_cache/2753007.csv
REVIEW_OTHER,file,0.0,ana_rainfall_1995_2025/station_cache/2753009.csv
REVIEW_OTHER,file,0.0,ana_rainfall_1995_2025/station_cache/2753013.csv
REVIEW_OTHER,file,0.0,ana_rainfall_1995_2025/station_cache/2753014.csv
REVIEW_OTHER,file,0.0,ana_rainfall_1995_2025/station_cache/2753015.csv
REVIEW_OTHER,file,0.0,ana_rainfall_1995_2025/station_cache/2753016.csv
REVIEW_OTHER,file,0.0,ana_rainfall_1995_2025/station_cache/2753019.csv
REVIEW_OTHER,file,0.0,ana_rainfall_1995_2025/station_cache/2754001.csv
REVIEW_OTHER,file,0.0,ana_rainfall_1995_2025/station_cache/2754007.csv
REVIEW_OTHER,file,0.0,ana_rainfall_1995_2025/station_cache/2754009.csv
REVIEW_OTHER,file,0.0,ana_rainfall_1995_2025/station_cache/2754010.csv
REVIEW_OTHER,file,0.0,ana_rainfall_1995_2025/station_cache/2755001.csv
REVIEW_OTHER,file,0.0,ana_rainfall_1995_2025/station_cache/2848000.csv
REVIEW_OTHER,file,0.0,ana_rainfall_1995_2025/station_cache/2848006.csv
REVIEW_OTHER,file,0.0,ana_rainfall_1995_2025/station_cache/2848007.csv
REVIEW_OTHER,file,0.0,ana_rainfall_1995_2025/station_cache/2848009.csv
REVIEW_OTHER,file,0.0,ana_rainfall_1995_2025/station_cache/2849000.csv
REVIEW_OTHER,file,0.0,ana_rainfall_1995_2025/station_cache/2849001.csv
REVIEW_OTHER,file,0.0,ana_rainfall_1995_2025/station_cache/2849002.csv
REVIEW_OTHER,file,0.0,ana_rainfall_1995_2025/station_cache/2849005.csv
REVIEW_OTHER,file,0.0,ana_rainfall_1995_2025/station_cache/2849006.csv
REVIEW_OTHER,file,0.0,ana_rainfall_1995_2025/station_cache/2849008.csv
REVIEW_OTHER,file,0.0,ana_rainfall_1995_2025/station_cache/2849009.csv
REVIEW_OTHER,file,0.0,ana_rainfall_1995_2025/station_cache/2849019.csv
REVIEW_OTHER,file,0.0,ana_rainfall_1995_2025/station_cache/2849020.csv
REVIEW_OTHER,file,0.0,ana_rainfall_1995_2025/station_cache/2849021.csv
REVIEW_OTHER,file,0.0,ana_rainfall_1995_2025/station_cache/2849022.csv
REVIEW_OTHER,file,0.0,ana_rainfall_1995_2025/station_cache/2849023.csv
REVIEW_OTHER,file,0.0,ana_rainfall_1995_2025/station_cache/2849024.csv
REVIEW_OTHER,file,0.0,ana_rainfall_1995_2025/station_cache/2849027.csv
REVIEW_OTHER,file,0.0,ana_rainfall_1995_2025/station_cache/2849028.csv
REVIEW_OTHER,file,0.0,ana_rainfall_1995_2025/station_cache/2849029.csv
REVIEW_OTHER,file,0.0,ana_rainfall_1995_2025/station_cache/2849030.csv
REVIEW_OTHER,file,0.0,ana_rainfall_1995_2025/station_cache/2849031.csv
REVIEW_OTHER,file,0.0,ana_rainfall_1995_2025/station_cache/2850002.csv
REVIEW_OTHER,file,0.0,ana_rainfall_1995_2025/station_cache/2850004.csv
REVIEW_OTHER,file,0.0,ana_rainfall_1995_2025/station_cache/2850006.csv
REVIEW_OTHER,file,0.0,ana_rainfall_1995_2025/station_cache/2850009.csv
REVIEW_OTHER,file,0.0,ana_rainfall_1995_2025/station_cache/2851003.csv
REVIEW_OTHER,file,0.0,ana_rainfall_1995_2025/station_cache/2851010.csv
REVIEW_OTHER,file,0.0,ana_rainfall_1995_2025/station_cache/2851020.csv
REVIEW_OTHER,file,0.0,ana_rainfall_1995_2025/station_cache/2851021.csv
REVIEW_OTHER,file,0.0,ana_rainfall_1995_2025/station_cache/2851022.csv
REVIEW_OTHER,file,0.0,ana_rainfall_1995_2025/station_cache/2851024.csv
REVIEW_OTHER,file,0.0,ana_rainfall_1995_2025/station_cache/2851028.csv
REVIEW_OTHER,file,0.0,ana_rainfall_1995_2025/station_cache/2851043.csv
REVIEW_OTHER,file,0.0,ana_rainfall_1995_2025/station_cache/2851044.csv
REVIEW_OTHER,file,0.0,ana_rainfall_1995_2025/station_cache/2852004.csv
REVIEW_OTHER,file,0.0,ana_rainfall_1995_2025/station_cache/2852006.csv
REVIEW_OTHER,file,0.0,ana_rainfall_1995_2025/station_cache/2852007.csv
REVIEW_OTHER,file,0.0,ana_rainfall_1995_2025/station_cache/2852009.csv
REVIEW_OTHER,file,0.0,ana_rainfall_1995_2025/station_cache/2852014.csv
REVIEW_OTHER,file,0.0,ana_rainfall_1995_2025/station_cache/2852024.csv
REVIEW_OTHER,file,0.0,ana_rainfall_1995_2025/station_cache/2852031.csv
REVIEW_OTHER,file,0.0,ana_rainfall_1995_2025/station_cache/2852046.csv
REVIEW_OTHER,file,0.0,ana_rainfall_1995_2025/station_cache/2852050.csv
REVIEW_OTHER,file,0.0,ana_rainfall_1995_2025/station_cache/2853003.csv
REVIEW_OTHER,file,0.0,ana_rainfall_1995_2025/station_cache/2853010.csv
REVIEW_OTHER,file,0.0,ana_rainfall_1995_2025/station_cache/2853014.csv
REVIEW_OTHER,file,0.0,ana_rainfall_1995_2025/station_cache/2853015.csv
REVIEW_OTHER,file,0.0,ana_rainfall_1995_2025/station_cache/2853023.csv
REVIEW_OTHER,file,0.0,ana_rainfall_1995_2025/station_cache/2853026.csv
REVIEW_OTHER,file,0.0,ana_rainfall_1995_2025/station_cache/2853028.csv
REVIEW_OTHER,file,0.0,ana_rainfall_1995_2025/station_cache/2854001.csv
REVIEW_OTHER,file,0.0,ana_rainfall_1995_2025/station_cache/2854003.csv
REVIEW_OTHER,file,0.0,ana_rainfall_1995_2025/station_cache/2854005.csv
REVIEW_OTHER,file,0.0,ana_rainfall_1995_2025/station_cache/2854006.csv
REVIEW_OTHER,file,0.0,ana_rainfall_1995_2025/station_cache/2854012.csv
REVIEW_OTHER,file,0.0,ana_rainfall_1995_2025/station_cache/2854013.csv
REVIEW_OTHER,file,0.0,ana_rainfall_1995_2025/station_cache/2855001.csv
REVIEW_OTHER,file,0.0,ana_rainfall_1995_2025/station_cache/2855002.csv
REVIEW_OTHER,file,0.0,ana_rainfall_1995_2025/station_cache/2855004.csv
REVIEW_OTHER,file,0.0,ana_rainfall_1995_2025/station_cache/2855005.csv
REVIEW_OTHER,file,0.0,ana_rainfall_1995_2025/station_cache/2855007.csv
REVIEW_OTHER,file,0.0,ana_rainfall_1995_2025/station_cache/2856006.csv
REVIEW_OTHER,file,0.0,ana_rainfall_1995_2025/station_cache/2856007.csv
REVIEW_OTHER,file,0.0,ana_rainfall_1995_2025/station_cache/2949001.csv
REVIEW_OTHER,file,0.0,ana_rainfall_1995_2025/station_cache/2949003.csv
REVIEW_OTHER,file,0.0,ana_rainfall_1995_2025/station_cache/2950008.csv
REVIEW_OTHER,file,0.0,ana_rainfall_1995_2025/station_cache/2950016.csv
REVIEW_OTHER,file,0.0,ana_rainfall_1995_2025/station_cache/2950019.csv
REVIEW_OTHER,file,0.0,ana_rainfall_1995_2025/station_cache/2950028.csv
REVIEW_OTHER,file,0.0,ana_rainfall_1995_2025/station_cache/2950033.csv
REVIEW_OTHER,file,0.0,ana_rainfall_1995_2025/station_cache/2950034.csv
REVIEW_OTHER,file,0.0,ana_rainfall_1995_2025/station_cache/2950038.csv
REVIEW_OTHER,file,0.0,ana_rainfall_1995_2025/station_cache/2950056.csv
REVIEW_OTHER,file,0.0,ana_rainfall_1995_2025/station_cache/2950059.csv
REVIEW_OTHER,file,0.0,ana_rainfall_1995_2025/station_cache/2950060.csv
REVIEW_OTHER,file,0.0,ana_rainfall_1995_2025/station_cache/2950062.csv
REVIEW_OTHER,file,0.0,ana_rainfall_1995_2025/station_cache/2951010.csv
REVIEW_OTHER,file,0.0,ana_rainfall_1995_2025/station_cache/2951017.csv
REVIEW_OTHER,file,0.0,ana_rainfall_1995_2025/station_cache/2951022.csv
REVIEW_OTHER,file,0.0,ana_rainfall_1995_2025/station_cache/2951024.csv
REVIEW_OTHER,file,0.0,ana_rainfall_1995_2025/station_cache/2951027.csv
REVIEW_OTHER,file,0.0,ana_rainfall_1995_2025/station_cache/2951028.csv
REVIEW_OTHER,file,0.0,ana_rainfall_1995_2025/station_cache/2951067.csv
REVIEW_OTHER,file,0.0,ana_rainfall_1995_2025/station_cache/2951070.csv
REVIEW_OTHER,file,0.0,ana_rainfall_1995_2025/station_cache/2952001.csv
REVIEW_OTHER,file,0.0,ana_rainfall_1995_2025/station_cache/2952003.csv
REVIEW_OTHER,file,0.0,ana_rainfall_1995_2025/station_cache/2952034.csv
REVIEW_OTHER,file,0.0,ana_rainfall_1995_2025/station_cache/2953008.csv
REVIEW_OTHER,file,0.0,ana_rainfall_1995_2025/station_cache/2953030.csv
REVIEW_OTHER,file,0.0,ana_rainfall_1995_2025/station_cache/2953037.csv
REVIEW_OTHER,file,0.0,ana_rainfall_1995_2025/station_cache/2954001.csv
REVIEW_OTHER,file,0.0,ana_rainfall_1995_2025/station_cache/2954004.csv
REVIEW_OTHER,file,0.0,ana_rainfall_1995_2025/station_cache/2954005.csv
REVIEW_OTHER,file,0.0,ana_rainfall_1995_2025/station_cache/2954007.csv
REVIEW_OTHER,file,0.0,ana_rainfall_1995_2025/station_cache/2954019.csv
REVIEW_OTHER,file,0.0,ana_rainfall_1995_2025/station_cache/2954020.csv
REVIEW_OTHER,file,0.0,ana_rainfall_1995_2025/station_cache/2954030.csv
REVIEW_OTHER,file,0.0,ana_rainfall_1995_2025/station_cache/2954031.csv
REVIEW_OTHER,file,0.0,ana_rainfall_1995_2025/station_cache/2954032.csv
REVIEW_OTHER,file,0.0,ana_rainfall_1995_2025/station_cache/2955002.csv
REVIEW_OTHER,file,0.0,ana_rainfall_1995_2025/station_cache/2955006.csv
REVIEW_OTHER,file,0.0,ana_rainfall_1995_2025/station_cache/2955007.csv
REVIEW_OTHER,file,0.0,ana_rainfall_1995_2025/station_cache/2955008.csv
REVIEW_OTHER,file,0.0,ana_rainfall_1995_2025/station_cache/2955013.csv
REVIEW_OTHER,file,0.0,ana_rainfall_1995_2025/station_cache/2955014.csv
REVIEW_OTHER,file,0.0,ana_rainfall_1995_2025/station_cache/2955016.csv
REVIEW_OTHER,file,0.0,ana_rainfall_1995_2025/station_cache/2956005.csv
REVIEW_OTHER,file,0.0,ana_rainfall_1995_2025/station_cache/2956006.csv
REVIEW_OTHER,file,0.0,ana_rainfall_1995_2025/station_cache/2956007.csv
REVIEW_OTHER,file,0.0,ana_rainfall_1995_2025/station_cache/2956008.csv
REVIEW_OTHER,file,0.0,ana_rainfall_1995_2025/station_cache/2956009.csv
REVIEW_OTHER,file,0.0,ana_rainfall_1995_2025/station_cache/3050002.csv
REVIEW_OTHER,file,0.0,ana_rainfall_1995_2025/station_cache/3050007.csv
REVIEW_OTHER,file,0.0,ana_rainfall_1995_2025/station_cache/3050008.csv
REVIEW_OTHER,file,0.0,ana_rainfall_1995_2025/station_cache/3051004.csv
REVIEW_OTHER,file,0.0,ana_rainfall_1995_2025/station_cache/3051005.csv
REVIEW_OTHER,file,0.0,ana_rainfall_1995_2025/station_cache/3051016.csv
REVIEW_OTHER,file,0.0,ana_rainfall_1995_2025/station_cache/3051017.csv
REVIEW_OTHER,file,0.0,ana_rainfall_1995_2025/station_cache/3051023.csv
REVIEW_OTHER,file,0.0,ana_rainfall_1995_2025/station_cache/3051031.csv
REVIEW_OTHER,file,0.0,ana_rainfall_1995_2025/station_cache/3052007.csv
REVIEW_OTHER,file,0.0,ana_rainfall_1995_2025/station_cache/3052009.csv
REVIEW_OTHER,file,0.0,ana_rainfall_1995_2025/station_cache/3052010.csv
REVIEW_OTHER,file,0.0,ana_rainfall_1995_2025/station_cache/3052011.csv
REVIEW_OTHER,file,0.0,ana_rainfall_1995_2025/station_cache/3052012.csv
REVIEW_OTHER,file,0.0,ana_rainfall_1995_2025/station_cache/3052013.csv
REVIEW_OTHER,file,0.0,ana_rainfall_1995_2025/station_cache/3052016.csv
REVIEW_OTHER,file,0.0,ana_rainfall_1995_2025/station_cache/3053004.csv
REVIEW_OTHER,file,0.0,ana_rainfall_1995_2025/station_cache/3053007.csv
REVIEW_OTHER,file,0.0,ana_rainfall_1995_2025/station_cache/3053017.csv
REVIEW_OTHER,file,0.0,ana_rainfall_1995_2025/station_cache/3053018.csv
REVIEW_OTHER,file,0.0,ana_rainfall_1995_2025/station_cache/3053020.csv
REVIEW_OTHER,file,0.0,ana_rainfall_1995_2025/station_cache/3053021.csv
REVIEW_OTHER,file,0.0,ana_rainfall_1995_2025/station_cache/3053022.csv
REVIEW_OTHER,file,0.0,ana_rainfall_1995_2025/station_cache/3054002.csv
REVIEW_OTHER,file,0.0,ana_rainfall_1995_2025/station_cache/3054007.csv
REVIEW_OTHER,file,0.0,ana_rainfall_1995_2025/station_cache/3054016.csv
REVIEW_OTHER,file,0.0,ana_rainfall_1995_2025/station_cache/3054018.csv
REVIEW_OTHER,file,0.0,ana_rainfall_1995_2025/station_cache/3054019.csv
REVIEW_OTHER,file,0.0,ana_rainfall_1995_2025/station_cache/3055003.csv
REVIEW_OTHER,file,0.0,ana_rainfall_1995_2025/station_cache/3055004.csv
REVIEW_OTHER,file,0.0,ana_rainfall_1995_2025/station_cache/3055005.csv
REVIEW_OTHER,file,0.0,ana_rainfall_1995_2025/station_cache/3055007.csv
REVIEW_OTHER,file,0.0,ana_rainfall_1995_2025/station_cache/3055008.csv
REVIEW_OTHER,file,0.0,ana_rainfall_1995_2025/station_cache/3056004.csv
REVIEW_OTHER,file,0.0,ana_rainfall_1995_2025/station_cache/3056006.csv
REVIEW_OTHER,file,0.0,ana_rainfall_1995_2025/station_cache/3056007.csv
REVIEW_OTHER,file,0.0,ana_rainfall_1995_2025/station_cache/3057002.csv
REVIEW_OTHER,file,0.0,ana_rainfall_1995_2025/station_cache/3151002.csv
REVIEW_OTHER,file,0.0,ana_rainfall_1995_2025/station_cache/3151003.csv
REVIEW_OTHER,file,0.0,ana_rainfall_1995_2025/station_cache/3151004.csv
REVIEW_OTHER,file,0.0,ana_rainfall_1995_2025/station_cache/3152002.csv
REVIEW_OTHER,file,0.0,ana_rainfall_1995_2025/station_cache/3152003.csv
REVIEW_OTHER,file,0.0,ana_rainfall_1995_2025/station_cache/3152005.csv
REVIEW_OTHER,file,0.0,ana_rainfall_1995_2025/station_cache/3152008.csv
REVIEW_OTHER,file,0.0,ana_rainfall_1995_2025/station_cache/3152011.csv
REVIEW_OTHER,file,0.0,ana_rainfall_1995_2025/station_cache/3152013.csv
REVIEW_OTHER,file,0.0,ana_rainfall_1995_2025/station_cache/3152016.csv
REVIEW_OTHER,file,0.0,ana_rainfall_1995_2025/station_cache/3153003.csv
REVIEW_OTHER,file,0.0,ana_rainfall_1995_2025/station_cache/3153004.csv
REVIEW_OTHER,file,0.0,ana_rainfall_1995_2025/station_cache/3153006.csv
REVIEW_OTHER,file,0.0,ana_rainfall_1995_2025/station_cache/3153007.csv
REVIEW_OTHER,file,0.0,ana_rainfall_1995_2025/station_cache/3153008.csv
REVIEW_OTHER,file,0.0,ana_rainfall_1995_2025/station_cache/3153017.csv
REVIEW_OTHER,file,0.0,ana_rainfall_1995_2025/station_cache/3153021.csv
REVIEW_OTHER,file,0.0,ana_rainfall_1995_2025/station_cache/3154003.csv
REVIEW_OTHER,file,0.0,ana_rainfall_1995_2025/station_cache/3154006.csv
REVIEW_OTHER,file,0.0,ana_rainfall_1995_2025/station_cache/3155001.csv
REVIEW_OTHER,file,0.0,ana_rainfall_1995_2025/station_cache/3252005.csv
REVIEW_OTHER,file,0.0,ana_rainfall_1995_2025/station_cache/3252006.csv
REVIEW_OTHER,file,0.0,ana_rainfall_1995_2025/station_cache/3252008.csv
REVIEW_OTHER,file,0.0,ana_rainfall_1995_2025/station_cache/3252024.csv
REVIEW_OTHER,file,0.0,ana_rainfall_1995_2025/station_cache/3253001.csv
REVIEW_OTHER,file,0.0,ana_rainfall_1995_2025/station_cache/3253003.csv
REVIEW_OTHER,file,0.0,ana_rainfall_1995_2025/station_cache/3253004.csv
REVIEW_OTHER,file,0.0,ana_rainfall_1995_2025/station_cache/338014.csv
REVIEW_OTHER,file,0.0,ana_rainfall_1995_2025/station_cache/339000.csv
REVIEW_OTHER,file,0.0,ana_rainfall_1995_2025/station_cache/339028.csv
REVIEW_OTHER,file,0.0,ana_rainfall_1995_2025/station_cache/339045.csv
REVIEW_OTHER,file,0.0,ana_rainfall_1995_2025/station_cache/340064.csv
REVIEW_OTHER,file,0.0,ana_rainfall_1995_2025/station_cache/341027.csv
REVIEW_OTHER,file,0.0,ana_rainfall_1995_2025/station_cache/342002.csv
REVIEW_OTHER,file,0.0,ana_rainfall_1995_2025/station_cache/342007.csv
REVIEW_OTHER,file,0.0,ana_rainfall_1995_2025/station_cache/342009.csv
REVIEW_OTHER,file,0.0,ana_rainfall_1995_2025/station_cache/343001.csv
REVIEW_OTHER,file,0.0,ana_rainfall_1995_2025/station_cache/343003.csv
REVIEW_OTHER,file,0.0,ana_rainfall_1995_2025/station_cache/343004.csv
REVIEW_OTHER,file,0.0,ana_rainfall_1995_2025/station_cache/343009.csv
REVIEW_OTHER,file,0.0,ana_rainfall_1995_2025/station_cache/343010.csv
REVIEW_OTHER,file,0.0,ana_rainfall_1995_2025/station_cache/343011.csv
REVIEW_OTHER,file,0.0,ana_rainfall_1995_2025/station_cache/344004.csv
REVIEW_OTHER,file,0.0,ana_rainfall_1995_2025/station_cache/344007.csv
REVIEW_OTHER,file,0.0,ana_rainfall_1995_2025/station_cache/344008.csv
REVIEW_OTHER,file,0.0,ana_rainfall_1995_2025/station_cache/344010.csv
REVIEW_OTHER,file,0.0,ana_rainfall_1995_2025/station_cache/344011.csv
REVIEW_OTHER,file,0.0,ana_rainfall_1995_2025/station_cache/344012.csv
REVIEW_OTHER,file,0.0,ana_rainfall_1995_2025/station_cache/344013.csv
REVIEW_OTHER,file,0.0,ana_rainfall_1995_2025/station_cache/345000.csv
REVIEW_OTHER,file,0.0,ana_rainfall_1995_2025/station_cache/345006.csv
REVIEW_OTHER,file,0.0,ana_rainfall_1995_2025/station_cache/345012.csv
REVIEW_OTHER,file,0.0,ana_rainfall_1995_2025/station_cache/345013.csv
REVIEW_OTHER,file,0.0,ana_rainfall_1995_2025/station_cache/346001.csv
REVIEW_OTHER,file,0.0,ana_rainfall_1995_2025/station_cache/346002.csv
REVIEW_OTHER,file,0.0,ana_rainfall_1995_2025/station_cache/347000.csv
REVIEW_OTHER,file,0.0,ana_rainfall_1995_2025/station_cache/347001.csv
REVIEW_OTHER,file,0.0,ana_rainfall_1995_2025/station_cache/347002.csv
REVIEW_OTHER,file,0.0,ana_rainfall_1995_2025/station_cache/348001.csv
REVIEW_OTHER,file,0.0,ana_rainfall_1995_2025/station_cache/348002.csv
REVIEW_OTHER,file,0.0,ana_rainfall_1995_2025/station_cache/349001.csv
REVIEW_OTHER,file,0.0,ana_rainfall_1995_2025/station_cache/349002.csv
REVIEW_OTHER,file,0.0,ana_rainfall_1995_2025/station_cache/349003.csv
REVIEW_OTHER,file,0.0,ana_rainfall_1995_2025/station_cache/350000.csv
REVIEW_OTHER,file,0.0,ana_rainfall_1995_2025/station_cache/350001.csv
REVIEW_OTHER,file,0.0,ana_rainfall_1995_2025/station_cache/351000.csv
REVIEW_OTHER,file,0.0,ana_rainfall_1995_2025/station_cache/351002.csv
REVIEW_OTHER,file,0.0,ana_rainfall_1995_2025/station_cache/352005.csv
REVIEW_OTHER,file,0.0,ana_rainfall_1995_2025/station_cache/353000.csv
REVIEW_OTHER,file,0.0,ana_rainfall_1995_2025/station_cache/353002.csv
REVIEW_OTHER,file,0.0,ana_rainfall_1995_2025/station_cache/354000.csv
REVIEW_OTHER,file,0.0,ana_rainfall_1995_2025/station_cache/355001.csv
REVIEW_OTHER,file,0.0,ana_rainfall_1995_2025/station_cache/356002.csv
REVIEW_OTHER,file,0.0,ana_rainfall_1995_2025/station_cache/357001.csv
REVIEW_OTHER,file,0.0,ana_rainfall_1995_2025/station_cache/357003.csv
REVIEW_OTHER,file,0.0,ana_rainfall_1995_2025/station_cache/357004.csv
REVIEW_OTHER,file,0.0,ana_rainfall_1995_2025/station_cache/358002.csv
REVIEW_OTHER,file,0.0,ana_rainfall_1995_2025/station_cache/358003.csv
REVIEW_OTHER,file,0.0,ana_rainfall_1995_2025/station_cache/359001.csv
REVIEW_OTHER,file,0.0,ana_rainfall_1995_2025/station_cache/359004.csv
REVIEW_OTHER,file,0.0,ana_rainfall_1995_2025/station_cache/359005.csv
REVIEW_OTHER,file,0.0,ana_rainfall_1995_2025/station_cache/360001.csv
REVIEW_OTHER,file,0.0,ana_rainfall_1995_2025/station_cache/361000.csv
REVIEW_OTHER,file,0.0,ana_rainfall_1995_2025/station_cache/361001.csv
REVIEW_OTHER,file,0.0,ana_rainfall_1995_2025/station_cache/361002.csv
REVIEW_OTHER,file,0.0,ana_rainfall_1995_2025/station_cache/362002.csv
REVIEW_OTHER,file,0.0,ana_rainfall_1995_2025/station_cache/363000.csv
REVIEW_OTHER,file,0.0,ana_rainfall_1995_2025/station_cache/364001.csv
REVIEW_OTHER,file,0.0,ana_rainfall_1995_2025/station_cache/366000.csv
REVIEW_OTHER,file,0.0,ana_rainfall_1995_2025/station_cache/366001.csv
REVIEW_OTHER,file,0.0,ana_rainfall_1995_2025/station_cache/367000.csv
REVIEW_OTHER,file,0.0,ana_rainfall_1995_2025/station_cache/367001.csv
REVIEW_OTHER,file,0.0,ana_rainfall_1995_2025/station_cache/368001.csv
REVIEW_OTHER,file,0.0,ana_rainfall_1995_2025/station_cache/369000.csv
REVIEW_OTHER,file,0.0,ana_rainfall_1995_2025/station_cache/438011.csv
REVIEW_OTHER,file,0.0,ana_rainfall_1995_2025/station_cache/438021.csv
REVIEW_OTHER,file,0.0,ana_rainfall_1995_2025/station_cache/438022.csv
REVIEW_OTHER,file,0.0,ana_rainfall_1995_2025/station_cache/438061.csv
REVIEW_OTHER,file,0.0,ana_rainfall_1995_2025/station_cache/440005.csv
REVIEW_OTHER,file,0.0,ana_rainfall_1995_2025/station_cache/440042.csv
REVIEW_OTHER,file,0.0,ana_rainfall_1995_2025/station_cache/440043.csv
REVIEW_OTHER,file,0.0,ana_rainfall_1995_2025/station_cache/441014.csv
REVIEW_OTHER,file,0.0,ana_rainfall_1995_2025/station_cache/442005.csv
REVIEW_OTHER,file,0.0,ana_rainfall_1995_2025/station_cache/442010.csv
REVIEW_OTHER,file,0.0,ana_rainfall_1995_2025/station_cache/442013.csv
REVIEW_OTHER,file,0.0,ana_rainfall_1995_2025/station_cache/443006.csv
REVIEW_OTHER,file,0.0,ana_rainfall_1995_2025/station_cache/443007.csv
REVIEW_OTHER,file,0.0,ana_rainfall_1995_2025/station_cache/443011.csv
REVIEW_OTHER,file,0.0,ana_rainfall_1995_2025/station_cache/443012.csv
REVIEW_OTHER,file,0.0,ana_rainfall_1995_2025/station_cache/444001.csv
REVIEW_OTHER,file,0.0,ana_rainfall_1995_2025/station_cache/444005.csv
REVIEW_OTHER,file,0.0,ana_rainfall_1995_2025/station_cache/444008.csv
REVIEW_OTHER,file,0.0,ana_rainfall_1995_2025/station_cache/444013.csv
REVIEW_OTHER,file,0.0,ana_rainfall_1995_2025/station_cache/445001.csv
REVIEW_OTHER,file,0.0,ana_rainfall_1995_2025/station_cache/445007.csv
REVIEW_OTHER,file,0.0,ana_rainfall_1995_2025/station_cache/445008.csv
REVIEW_OTHER,file,0.0,ana_rainfall_1995_2025/station_cache/445009.csv
REVIEW_OTHER,file,0.0,ana_rainfall_1995_2025/station_cache/445010.csv
REVIEW_OTHER,file,0.0,ana_rainfall_1995_2025/station_cache/446000.csv
REVIEW_OTHER,file,0.0,ana_rainfall_1995_2025/station_cache/446001.csv
REVIEW_OTHER,file,0.0,ana_rainfall_1995_2025/station_cache/446002.csv
REVIEW_OTHER,file,0.0,ana_rainfall_1995_2025/station_cache/447001.csv
REVIEW_OTHER,file,0.0,ana_rainfall_1995_2025/station_cache/447002.csv
REVIEW_OTHER,file,0.0,ana_rainfall_1995_2025/station_cache/447003.csv
REVIEW_OTHER,file,0.0,ana_rainfall_1995_2025/station_cache/447004.csv
REVIEW_OTHER,file,0.0,ana_rainfall_1995_2025/station_cache/448000.csv
REVIEW_OTHER,file,0.0,ana_rainfall_1995_2025/station_cache/449001.csv
REVIEW_OTHER,file,0.0,ana_rainfall_1995_2025/station_cache/449002.csv
REVIEW_OTHER,file,0.0,ana_rainfall_1995_2025/station_cache/449003.csv
REVIEW_OTHER,file,0.0,ana_rainfall_1995_2025/station_cache/452000.csv
REVIEW_OTHER,file,0.0,ana_rainfall_1995_2025/station_cache/454001.csv
REVIEW_OTHER,file,0.0,ana_rainfall_1995_2025/station_cache/455002.csv
REVIEW_OTHER,file,0.0,ana_rainfall_1995_2025/station_cache/455003.csv
REVIEW_OTHER,file,0.0,ana_rainfall_1995_2025/station_cache/455004.csv
REVIEW_OTHER,file,0.0,ana_rainfall_1995_2025/station_cache/456001.csv
REVIEW_OTHER,file,0.0,ana_rainfall_1995_2025/station_cache/456002.csv
REVIEW_OTHER,file,0.0,ana_rainfall_1995_2025/station_cache/458001.csv
REVIEW_OTHER,file,0.0,ana_rainfall_1995_2025/station_cache/459000.csv
REVIEW_OTHER,file,0.0,ana_rainfall_1995_2025/station_cache/459001.csv
REVIEW_OTHER,file,0.0,ana_rainfall_1995_2025/station_cache/460001.csv
REVIEW_OTHER,file,0.0,ana_rainfall_1995_2025/station_cache/462001.csv
REVIEW_OTHER,file,0.0,ana_rainfall_1995_2025/station_cache/462002.csv
REVIEW_OTHER,file,0.0,ana_rainfall_1995_2025/station_cache/463003.csv
REVIEW_OTHER,file,0.0,ana_rainfall_1995_2025/station_cache/465000.csv
REVIEW_OTHER,file,0.0,ana_rainfall_1995_2025/station_cache/465001.csv
REVIEW_OTHER,file,0.0,ana_rainfall_1995_2025/station_cache/466001.csv
REVIEW_OTHER,file,0.0,ana_rainfall_1995_2025/station_cache/468003.csv
REVIEW_OTHER,file,0.0,ana_rainfall_1995_2025/station_cache/469001.csv
REVIEW_OTHER,file,0.0,ana_rainfall_1995_2025/station_cache/470002.csv
REVIEW_OTHER,file,0.0,ana_rainfall_1995_2025/station_cache/470005.csv
REVIEW_OTHER,file,0.0,ana_rainfall_1995_2025/station_cache/470009.csv
REVIEW_OTHER,file,0.0,ana_rainfall_1995_2025/station_cache/47002.csv
REVIEW_OTHER,file,0.0,ana_rainfall_1995_2025/station_cache/47003.csv
REVIEW_OTHER,file,0.0,ana_rainfall_1995_2025/station_cache/47004.csv
REVIEW_OTHER,file,0.0,ana_rainfall_1995_2025/station_cache/47005.csv
REVIEW_OTHER,file,0.0,ana_rainfall_1995_2025/station_cache/47006.csv
REVIEW_OTHER,file,0.0,ana_rainfall_1995_2025/station_cache/47007.csv
REVIEW_OTHER,file,0.0,ana_rainfall_1995_2025/station_cache/471000.csv
REVIEW_OTHER,file,0.0,ana_rainfall_1995_2025/station_cache/48006.csv
REVIEW_OTHER,file,0.0,ana_rainfall_1995_2025/station_cache/49009.csv
REVIEW_OTHER,file,0.0,ana_rainfall_1995_2025/station_cache/49010.csv
REVIEW_OTHER,file,0.0,ana_rainfall_1995_2025/station_cache/49011.csv
REVIEW_OTHER,file,0.0,ana_rainfall_1995_2025/station_cache/51002.csv
REVIEW_OTHER,file,0.0,ana_rainfall_1995_2025/station_cache/51004.csv
REVIEW_OTHER,file,0.0,ana_rainfall_1995_2025/station_cache/51005.csv
REVIEW_OTHER,file,0.0,ana_rainfall_1995_2025/station_cache/52000.csv
REVIEW_OTHER,file,0.0,ana_rainfall_1995_2025/station_cache/52003.csv
REVIEW_OTHER,file,0.0,ana_rainfall_1995_2025/station_cache/535038.csv
REVIEW_OTHER,file,0.0,ana_rainfall_1995_2025/station_cache/536035.csv
REVIEW_OTHER,file,0.0,ana_rainfall_1995_2025/station_cache/536036.csv
REVIEW_OTHER,file,0.0,ana_rainfall_1995_2025/station_cache/537008.csv
REVIEW_OTHER,file,0.0,ana_rainfall_1995_2025/station_cache/537019.csv
REVIEW_OTHER,file,0.0,ana_rainfall_1995_2025/station_cache/537034.csv
REVIEW_OTHER,file,0.0,ana_rainfall_1995_2025/station_cache/537035.csv
REVIEW_OTHER,file,0.0,ana_rainfall_1995_2025/station_cache/537036.csv
REVIEW_OTHER,file,0.0,ana_rainfall_1995_2025/station_cache/537037.csv
REVIEW_OTHER,file,0.0,ana_rainfall_1995_2025/station_cache/538008.csv
REVIEW_OTHER,file,0.0,ana_rainfall_1995_2025/station_cache/538043.csv
REVIEW_OTHER,file,0.0,ana_rainfall_1995_2025/station_cache/538044.csv
REVIEW_OTHER,file,0.0,ana_rainfall_1995_2025/station_cache/539037.csv
REVIEW_OTHER,file,0.0,ana_rainfall_1995_2025/station_cache/539053.csv
REVIEW_OTHER,file,0.0,ana_rainfall_1995_2025/station_cache/541002.csv
REVIEW_OTHER,file,0.0,ana_rainfall_1995_2025/station_cache/542008.csv
REVIEW_OTHER,file,0.0,ana_rainfall_1995_2025/station_cache/542012.csv
REVIEW_OTHER,file,0.0,ana_rainfall_1995_2025/station_cache/543002.csv
REVIEW_OTHER,file,0.0,ana_rainfall_1995_2025/station_cache/543004.csv
REVIEW_OTHER,file,0.0,ana_rainfall_1995_2025/station_cache/543009.csv
REVIEW_OTHER,file,0.0,ana_rainfall_1995_2025/station_cache/543010.csv
REVIEW_OTHER,file,0.0,ana_rainfall_1995_2025/station_cache/543011.csv
REVIEW_OTHER,file,0.0,ana_rainfall_1995_2025/station_cache/544006.csv
REVIEW_OTHER,file,0.0,ana_rainfall_1995_2025/station_cache/544009.csv
REVIEW_OTHER,file,0.0,ana_rainfall_1995_2025/station_cache/545011.csv
REVIEW_OTHER,file,0.0,ana_rainfall_1995_2025/station_cache/546006.csv
REVIEW_OTHER,file,0.0,ana_rainfall_1995_2025/station_cache/546007.csv
REVIEW_OTHER,file,0.0,ana_rainfall_1995_2025/station_cache/547005.csv
REVIEW_OTHER,file,0.0,ana_rainfall_1995_2025/station_cache/548000.csv
REVIEW_OTHER,file,0.0,ana_rainfall_1995_2025/station_cache/548001.csv
REVIEW_OTHER,file,0.0,ana_rainfall_1995_2025/station_cache/548002.csv
REVIEW_OTHER,file,0.0,ana_rainfall_1995_2025/station_cache/549004.csv
REVIEW_OTHER,file,0.0,ana_rainfall_1995_2025/station_cache/549007.csv
REVIEW_OTHER,file,0.0,ana_rainfall_1995_2025/station_cache/549008.csv
REVIEW_OTHER,file,0.0,ana_rainfall_1995_2025/station_cache/554000.csv
REVIEW_OTHER,file,0.0,ana_rainfall_1995_2025/station_cache/555000.csv
REVIEW_OTHER,file,0.0,ana_rainfall_1995_2025/station_cache/555002.csv
REVIEW_OTHER,file,0.0,ana_rainfall_1995_2025/station_cache/560001.csv
REVIEW_OTHER,file,0.0,ana_rainfall_1995_2025/station_cache/560002.csv
REVIEW_OTHER,file,0.0,ana_rainfall_1995_2025/station_cache/563000.csv
REVIEW_OTHER,file,0.0,ana_rainfall_1995_2025/station_cache/563002.csv
REVIEW_OTHER,file,0.0,ana_rainfall_1995_2025/station_cache/564001.csv
REVIEW_OTHER,file,0.0,ana_rainfall_1995_2025/station_cache/564002.csv
REVIEW_OTHER,file,0.0,ana_rainfall_1995_2025/station_cache/567001.csv
REVIEW_OTHER,file,0.0,ana_rainfall_1995_2025/station_cache/567002.csv
REVIEW_OTHER,file,0.0,ana_rainfall_1995_2025/station_cache/568001.csv
REVIEW_OTHER,file,0.0,ana_rainfall_1995_2025/station_cache/569001.csv
REVIEW_OTHER,file,0.0,ana_rainfall_1995_2025/station_cache/572000.csv
REVIEW_OTHER,file,0.0,ana_rainfall_1995_2025/station_cache/60000.csv
REVIEW_OTHER,file,0.0,ana_rainfall_1995_2025/station_cache/60001.csv
REVIEW_OTHER,file,0.0,ana_rainfall_1995_2025/station_cache/61000.csv
REVIEW_OTHER,file,0.0,ana_rainfall_1995_2025/station_cache/61001.csv
REVIEW_OTHER,file,0.0,ana_rainfall_1995_2025/station_cache/63000.csv
REVIEW_OTHER,file,0.0,ana_rainfall_1995_2025/station_cache/63001.csv
REVIEW_OTHER,file,0.0,ana_rainfall_1995_2025/station_cache/635013.csv
REVIEW_OTHER,file,0.0,ana_rainfall_1995_2025/station_cache/635078.csv
REVIEW_OTHER,file,0.0,ana_rainfall_1995_2025/station_cache/635079.csv
REVIEW_OTHER,file,0.0,ana_rainfall_1995_2025/station_cache/636019.csv
REVIEW_OTHER,file,0.0,ana_rainfall_1995_2025/station_cache/636045.csv
REVIEW_OTHER,file,0.0,ana_rainfall_1995_2025/station_cache/637010.csv
REVIEW_OTHER,file,0.0,ana_rainfall_1995_2025/station_cache/637039.csv
REVIEW_OTHER,file,0.0,ana_rainfall_1995_2025/station_cache/637074.csv
REVIEW_OTHER,file,0.0,ana_rainfall_1995_2025/station_cache/638007.csv
REVIEW_OTHER,file,0.0,ana_rainfall_1995_2025/station_cache/638014.csv
REVIEW_OTHER,file,0.0,ana_rainfall_1995_2025/station_cache/638032.csv
REVIEW_OTHER,file,0.0,ana_rainfall_1995_2025/station_cache/638044.csv
REVIEW_OTHER,file,0.0,ana_rainfall_1995_2025/station_cache/639044.csv
REVIEW_OTHER,file,0.0,ana_rainfall_1995_2025/station_cache/639045.csv
REVIEW_OTHER,file,0.0,ana_rainfall_1995_2025/station_cache/640003.csv
REVIEW_OTHER,file,0.0,ana_rainfall_1995_2025/station_cache/642012.csv
REVIEW_OTHER,file,0.0,ana_rainfall_1995_2025/station_cache/643011.csv
REVIEW_OTHER,file,0.0,ana_rainfall_1995_2025/station_cache/643012.csv
REVIEW_OTHER,file,0.0,ana_rainfall_1995_2025/station_cache/643013.csv
REVIEW_OTHER,file,0.0,ana_rainfall_1995_2025/station_cache/644003.csv
REVIEW_OTHER,file,0.0,ana_rainfall_1995_2025/station_cache/644007.csv
REVIEW_OTHER,file,0.0,ana_rainfall_1995_2025/station_cache/644012.csv
REVIEW_OTHER,file,0.0,ana_rainfall_1995_2025/station_cache/644015.csv
REVIEW_OTHER,file,0.0,ana_rainfall_1995_2025/station_cache/645002.csv
REVIEW_OTHER,file,0.0,ana_rainfall_1995_2025/station_cache/645003.csv
REVIEW_OTHER,file,0.0,ana_rainfall_1995_2025/station_cache/645004.csv
REVIEW_OTHER,file,0.0,ana_rainfall_1995_2025/station_cache/646005.csv
REVIEW_OTHER,file,0.0,ana_rainfall_1995_2025/station_cache/646006.csv
REVIEW_OTHER,file,0.0,ana_rainfall_1995_2025/station_cache/647000.csv
REVIEW_OTHER,file,0.0,ana_rainfall_1995_2025/station_cache/647001.csv
REVIEW_OTHER,file,0.0,ana_rainfall_1995_2025/station_cache/648000.csv
REVIEW_OTHER,file,0.0,ana_rainfall_1995_2025/station_cache/648001.csv
REVIEW_OTHER,file,0.0,ana_rainfall_1995_2025/station_cache/648002.csv
REVIEW_OTHER,file,0.0,ana_rainfall_1995_2025/station_cache/649000.csv
REVIEW_OTHER,file,0.0,ana_rainfall_1995_2025/station_cache/649001.csv
REVIEW_OTHER,file,0.0,ana_rainfall_1995_2025/station_cache/649002.csv
REVIEW_OTHER,file,0.0,ana_rainfall_1995_2025/station_cache/649003.csv
REVIEW_OTHER,file,0.0,ana_rainfall_1995_2025/station_cache/650001.csv
REVIEW_OTHER,file,0.0,ana_rainfall_1995_2025/station_cache/65001.csv
REVIEW_OTHER,file,0.0,ana_rainfall_1995_2025/station_cache/651001.csv
REVIEW_OTHER,file,0.0,ana_rainfall_1995_2025/station_cache/654000.csv
REVIEW_OTHER,file,0.0,ana_rainfall_1995_2025/station_cache/655001.csv
REVIEW_OTHER,file,0.0,ana_rainfall_1995_2025/station_cache/655003.csv
REVIEW_OTHER,file,0.0,ana_rainfall_1995_2025/station_cache/655004.csv
REVIEW_OTHER,file,0.0,ana_rainfall_1995_2025/station_cache/657000.csv
REVIEW_OTHER,file,0.0,ana_rainfall_1995_2025/station_cache/658000.csv
REVIEW_OTHER,file,0.0,ana_rainfall_1995_2025/station_cache/66000.csv
REVIEW_OTHER,file,0.0,ana_rainfall_1995_2025/station_cache/660000.csv
REVIEW_OTHER,file,0.0,ana_rainfall_1995_2025/station_cache/661001.csv
REVIEW_OTHER,file,0.0,ana_rainfall_1995_2025/station_cache/662001.csv
REVIEW_OTHER,file,0.0,ana_rainfall_1995_2025/station_cache/664000.csv
REVIEW_OTHER,file,0.0,ana_rainfall_1995_2025/station_cache/664001.csv
REVIEW_OTHER,file,0.0,ana_rainfall_1995_2025/station_cache/668000.csv
REVIEW_OTHER,file,0.0,ana_rainfall_1995_2025/station_cache/669001.csv
REVIEW_OTHER,file,0.0,ana_rainfall_1995_2025/station_cache/670000.csv
REVIEW_OTHER,file,0.0,ana_rainfall_1995_2025/station_cache/67002.csv
REVIEW_OTHER,file,0.0,ana_rainfall_1995_2025/station_cache/735009.csv
REVIEW_OTHER,file,0.0,ana_rainfall_1995_2025/station_cache/735036.csv
REVIEW_OTHER,file,0.0,ana_rainfall_1995_2025/station_cache/735050.csv
REVIEW_OTHER,file,0.0,ana_rainfall_1995_2025/station_cache/735066.csv
REVIEW_OTHER,file,0.0,ana_rainfall_1995_2025/station_cache/735067.csv
REVIEW_OTHER,file,0.0,ana_rainfall_1995_2025/station_cache/735100.csv
REVIEW_OTHER,file,0.0,ana_rainfall_1995_2025/station_cache/735124.csv
REVIEW_OTHER,file,0.0,ana_rainfall_1995_2025/station_cache/735157.csv
REVIEW_OTHER,file,0.0,ana_rainfall_1995_2025/station_cache/735158.csv
REVIEW_OTHER,file,0.0,ana_rainfall_1995_2025/station_cache/735159.csv
REVIEW_OTHER,file,0.0,ana_rainfall_1995_2025/station_cache/736000.csv
REVIEW_OTHER,file,0.0,ana_rainfall_1995_2025/station_cache/736040.csv
REVIEW_OTHER,file,0.0,ana_rainfall_1995_2025/station_cache/736041.csv
REVIEW_OTHER,file,0.0,ana_rainfall_1995_2025/station_cache/736042.csv
REVIEW_OTHER,file,0.0,ana_rainfall_1995_2025/station_cache/737006.csv
REVIEW_OTHER,file,0.0,ana_rainfall_1995_2025/station_cache/737023.csv
REVIEW_OTHER,file,0.0,ana_rainfall_1995_2025/station_cache/737027.csv
REVIEW_OTHER,file,0.0,ana_rainfall_1995_2025/station_cache/738049.csv
REVIEW_OTHER,file,0.0,ana_rainfall_1995_2025/station_cache/741003.csv
REVIEW_OTHER,file,0.0,ana_rainfall_1995_2025/station_cache/741009.csv
REVIEW_OTHER,file,0.0,ana_rainfall_1995_2025/station_cache/742011.csv
REVIEW_OTHER,file,0.0,ana_rainfall_1995_2025/station_cache/742012.csv
REVIEW_OTHER,file,0.0,ana_rainfall_1995_2025/station_cache/743009.csv
REVIEW_OTHER,file,0.0,ana_rainfall_1995_2025/station_cache/744000.csv
REVIEW_OTHER,file,0.0,ana_rainfall_1995_2025/station_cache/745003.csv
REVIEW_OTHER,file,0.0,ana_rainfall_1995_2025/station_cache/745004.csv
REVIEW_OTHER,file,0.0,ana_rainfall_1995_2025/station_cache/745005.csv
REVIEW_OTHER,file,0.0,ana_rainfall_1995_2025/station_cache/746006.csv
REVIEW_OTHER,file,0.0,ana_rainfall_1995_2025/station_cache/746007.csv
REVIEW_OTHER,file,0.0,ana_rainfall_1995_2025/station_cache/746008.csv
REVIEW_OTHER,file,0.0,ana_rainfall_1995_2025/station_cache/746009.csv
REVIEW_OTHER,file,0.0,ana_rainfall_1995_2025/station_cache/747000.csv
REVIEW_OTHER,file,0.0,ana_rainfall_1995_2025/station_cache/747001.csv
REVIEW_OTHER,file,0.0,ana_rainfall_1995_2025/station_cache/747009.csv
REVIEW_OTHER,file,0.0,ana_rainfall_1995_2025/station_cache/748001.csv
REVIEW_OTHER,file,0.0,ana_rainfall_1995_2025/station_cache/748002.csv
REVIEW_OTHER,file,0.0,ana_rainfall_1995_2025/station_cache/748003.csv
REVIEW_OTHER,file,0.0,ana_rainfall_1995_2025/station_cache/749000.csv
REVIEW_OTHER,file,0.0,ana_rainfall_1995_2025/station_cache/749001.csv
REVIEW_OTHER,file,0.0,ana_rainfall_1995_2025/station_cache/749002.csv
REVIEW_OTHER,file,0.0,ana_rainfall_1995_2025/station_cache/750000.csv
REVIEW_OTHER,file,0.0,ana_rainfall_1995_2025/station_cache/750001.csv
REVIEW_OTHER,file,0.0,ana_rainfall_1995_2025/station_cache/750002.csv
REVIEW_OTHER,file,0.0,ana_rainfall_1995_2025/station_cache/758000.csv
REVIEW_OTHER,file,0.0,ana_rainfall_1995_2025/station_cache/759000.csv
REVIEW_OTHER,file,0.0,ana_rainfall_1995_2025/station_cache/760000.csv
REVIEW_OTHER,file,0.0,ana_rainfall_1995_2025/station_cache/760001.csv
REVIEW_OTHER,file,0.0,ana_rainfall_1995_2025/station_cache/762002.csv
REVIEW_OTHER,file,0.0,ana_rainfall_1995_2025/station_cache/762003.csv
REVIEW_OTHER,file,0.0,ana_rainfall_1995_2025/station_cache/763001.csv
REVIEW_OTHER,file,0.0,ana_rainfall_1995_2025/station_cache/764003.csv
REVIEW_OTHER,file,0.0,ana_rainfall_1995_2025/station_cache/765000.csv
REVIEW_OTHER,file,0.0,ana_rainfall_1995_2025/station_cache/765001.csv
REVIEW_OTHER,file,0.0,ana_rainfall_1995_2025/station_cache/766001.csv
REVIEW_OTHER,file,0.0,ana_rainfall_1995_2025/station_cache/767002.csv
REVIEW_OTHER,file,0.0,ana_rainfall_1995_2025/station_cache/770000.csv
REVIEW_OTHER,file,0.0,ana_rainfall_1995_2025/station_cache/770001.csv
REVIEW_OTHER,file,0.0,ana_rainfall_1995_2025/station_cache/771000.csv
REVIEW_OTHER,file,0.0,ana_rainfall_1995_2025/station_cache/771001.csv
REVIEW_OTHER,file,0.0,ana_rainfall_1995_2025/station_cache/772002.csv
REVIEW_OTHER,file,0.0,ana_rainfall_1995_2025/station_cache/772003.csv
REVIEW_OTHER,file,0.0,ana_rainfall_1995_2025/station_cache/773000.csv
REVIEW_OTHER,file,0.0,ana_rainfall_1995_2025/station_cache/8050000.csv
REVIEW_OTHER,file,0.0,ana_rainfall_1995_2025/station_cache/8050001.csv
REVIEW_OTHER,file,0.0,ana_rainfall_1995_2025/station_cache/8051010.csv
REVIEW_OTHER,file,0.0,ana_rainfall_1995_2025/station_cache/8051012.csv
REVIEW_OTHER,file,0.0,ana_rainfall_1995_2025/station_cache/8052000.csv
REVIEW_OTHER,file,0.0,ana_rainfall_1995_2025/station_cache/8059001.csv
REVIEW_OTHER,file,0.0,ana_rainfall_1995_2025/station_cache/8059002.csv
REVIEW_OTHER,file,0.0,ana_rainfall_1995_2025/station_cache/8059003.csv
REVIEW_OTHER,file,0.0,ana_rainfall_1995_2025/station_cache/8060000.csv
REVIEW_OTHER,file,0.0,ana_rainfall_1995_2025/station_cache/8062000.csv
REVIEW_OTHER,file,0.0,ana_rainfall_1995_2025/station_cache/8066001.csv
REVIEW_OTHER,file,0.0,ana_rainfall_1995_2025/station_cache/8066002.csv
REVIEW_OTHER,file,0.0,ana_rainfall_1995_2025/station_cache/8067001.csv
REVIEW_OTHER,file,0.0,ana_rainfall_1995_2025/station_cache/8067002.csv
REVIEW_OTHER,file,0.0,ana_rainfall_1995_2025/station_cache/8067003.csv
REVIEW_OTHER,file,0.0,ana_rainfall_1995_2025/station_cache/8068000.csv
REVIEW_OTHER,file,0.0,ana_rainfall_1995_2025/station_cache/8069003.csv
REVIEW_OTHER,file,0.0,ana_rainfall_1995_2025/station_cache/8069004.csv
REVIEW_OTHER,file,0.0,ana_rainfall_1995_2025/station_cache/8150000.csv
REVIEW_OTHER,file,0.0,ana_rainfall_1995_2025/station_cache/8150001.csv
REVIEW_OTHER,file,0.0,ana_rainfall_1995_2025/station_cache/8151000.csv
REVIEW_OTHER,file,0.0,ana_rainfall_1995_2025/station_cache/8160001.csv
REVIEW_OTHER,file,0.0,ana_rainfall_1995_2025/station_cache/8160003.csv
REVIEW_OTHER,file,0.0,ana_rainfall_1995_2025/station_cache/8161001.csv
REVIEW_OTHER,file,0.0,ana_rainfall_1995_2025/station_cache/8162000.csv
REVIEW_OTHER,file,0.0,ana_rainfall_1995_2025/station_cache/8166000.csv
REVIEW_OTHER,file,0.0,ana_rainfall_1995_2025/station_cache/8167000.csv
REVIEW_OTHER,file,0.0,ana_rainfall_1995_2025/station_cache/8168000.csv
REVIEW_OTHER,file,0.0,ana_rainfall_1995_2025/station_cache/8250002.csv
REVIEW_OTHER,file,0.0,ana_rainfall_1995_2025/station_cache/8250003.csv
REVIEW_OTHER,file,0.0,ana_rainfall_1995_2025/station_cache/8251001.csv
REVIEW_OTHER,file,0.0,ana_rainfall_1995_2025/station_cache/8251003.csv
REVIEW_OTHER,file,0.0,ana_rainfall_1995_2025/station_cache/8251004.csv
REVIEW_OTHER,file,0.0,ana_rainfall_1995_2025/station_cache/8260002.csv
REVIEW_OTHER,file,0.0,ana_rainfall_1995_2025/station_cache/8260003.csv
REVIEW_OTHER,file,0.0,ana_rainfall_1995_2025/station_cache/8260004.csv
REVIEW_OTHER,file,0.0,ana_rainfall_1995_2025/station_cache/8261000.csv
REVIEW_OTHER,file,0.0,ana_rainfall_1995_2025/station_cache/8261001.csv
REVIEW_OTHER,file,0.0,ana_rainfall_1995_2025/station_cache/8262000.csv
REVIEW_OTHER,file,0.0,ana_rainfall_1995_2025/station_cache/8263000.csv
REVIEW_OTHER,file,0.0,ana_rainfall_1995_2025/station_cache/835048.csv
REVIEW_OTHER,file,0.0,ana_rainfall_1995_2025/station_cache/835068.csv
REVIEW_OTHER,file,0.0,ana_rainfall_1995_2025/station_cache/8351002.csv
REVIEW_OTHER,file,0.0,ana_rainfall_1995_2025/station_cache/835106.csv
REVIEW_OTHER,file,0.0,ana_rainfall_1995_2025/station_cache/835135.csv
REVIEW_OTHER,file,0.0,ana_rainfall_1995_2025/station_cache/835136.csv
REVIEW_OTHER,file,0.0,ana_rainfall_1995_2025/station_cache/835137.csv
REVIEW_OTHER,file,0.0,ana_rainfall_1995_2025/station_cache/835138.csv
REVIEW_OTHER,file,0.0,ana_rainfall_1995_2025/station_cache/835139.csv
REVIEW_OTHER,file,0.0,ana_rainfall_1995_2025/station_cache/835140.csv
REVIEW_OTHER,file,0.0,ana_rainfall_1995_2025/station_cache/835141.csv
REVIEW_OTHER,file,0.0,ana_rainfall_1995_2025/station_cache/8359000.csv
REVIEW_OTHER,file,0.0,ana_rainfall_1995_2025/station_cache/8360000.csv
REVIEW_OTHER,file,0.0,ana_rainfall_1995_2025/station_cache/8360002.csv
REVIEW_OTHER,file,0.0,ana_rainfall_1995_2025/station_cache/8360003.csv
REVIEW_OTHER,file,0.0,ana_rainfall_1995_2025/station_cache/836043.csv
REVIEW_OTHER,file,0.0,ana_rainfall_1995_2025/station_cache/836092.csv
REVIEW_OTHER,file,0.0,ana_rainfall_1995_2025/station_cache/836093.csv
REVIEW_OTHER,file,0.0,ana_rainfall_1995_2025/station_cache/8361000.csv
REVIEW_OTHER,file,0.0,ana_rainfall_1995_2025/station_cache/8361001.csv
REVIEW_OTHER,file,0.0,ana_rainfall_1995_2025/station_cache/8361004.csv
REVIEW_OTHER,file,0.0,ana_rainfall_1995_2025/station_cache/8361005.csv
REVIEW_OTHER,file,0.0,ana_rainfall_1995_2025/station_cache/8362000.csv
REVIEW_OTHER,file,0.0,ana_rainfall_1995_2025/station_cache/8363000.csv
REVIEW_OTHER,file,0.0,ana_rainfall_1995_2025/station_cache/837038.csv
REVIEW_OTHER,file,0.0,ana_rainfall_1995_2025/station_cache/838000.csv
REVIEW_OTHER,file,0.0,ana_rainfall_1995_2025/station_cache/838002.csv
REVIEW_OTHER,file,0.0,ana_rainfall_1995_2025/station_cache/838004.csv
REVIEW_OTHER,file,0.0,ana_rainfall_1995_2025/station_cache/838021.csv
REVIEW_OTHER,file,0.0,ana_rainfall_1995_2025/station_cache/838031.csv
REVIEW_OTHER,file,0.0,ana_rainfall_1995_2025/station_cache/839009.csv
REVIEW_OTHER,file,0.0,ana_rainfall_1995_2025/station_cache/839013.csv
REVIEW_OTHER,file,0.0,ana_rainfall_1995_2025/station_cache/839014.csv
REVIEW_OTHER,file,0.0,ana_rainfall_1995_2025/station_cache/839031.csv
REVIEW_OTHER,file,0.0,ana_rainfall_1995_2025/station_cache/839034.csv
REVIEW_OTHER,file,0.0,ana_rainfall_1995_2025/station_cache/839035.csv
REVIEW_OTHER,file,0.0,ana_rainfall_1995_2025/station_cache/840010.csv
REVIEW_OTHER,file,0.0,ana_rainfall_1995_2025/station_cache/840015.csv
REVIEW_OTHER,file,0.0,ana_rainfall_1995_2025/station_cache/841017.csv
REVIEW_OTHER,file,0.0,ana_rainfall_1995_2025/station_cache/844008.csv
REVIEW_OTHER,file,0.0,ana_rainfall_1995_2025/station_cache/845003.csv
REVIEW_OTHER,file,0.0,ana_rainfall_1995_2025/station_cache/845004.csv
REVIEW_OTHER,file,0.0,ana_rainfall_1995_2025/station_cache/845005.csv
REVIEW_OTHER,file,0.0,ana_rainfall_1995_2025/station_cache/8459000.csv
REVIEW_OTHER,file,0.0,ana_rainfall_1995_2025/station_cache/8460001.csv
REVIEW_OTHER,file,0.0,ana_rainfall_1995_2025/station_cache/8460003.csv
REVIEW_OTHER,file,0.0,ana_rainfall_1995_2025/station_cache/846005.csv
REVIEW_OTHER,file,0.0,ana_rainfall_1995_2025/station_cache/8461000.csv
REVIEW_OTHER,file,0.0,ana_rainfall_1995_2025/station_cache/8464001.csv
REVIEW_OTHER,file,0.0,ana_rainfall_1995_2025/station_cache/847001.csv
REVIEW_OTHER,file,0.0,ana_rainfall_1995_2025/station_cache/847002.csv
REVIEW_OTHER,file,0.0,ana_rainfall_1995_2025/station_cache/848000.csv
REVIEW_OTHER,file,0.0,ana_rainfall_1995_2025/station_cache/848001.csv
REVIEW_OTHER,file,0.0,ana_rainfall_1995_2025/station_cache/848002.csv
REVIEW_OTHER,file,0.0,ana_rainfall_1995_2025/station_cache/848003.csv
REVIEW_OTHER,file,0.0,ana_rainfall_1995_2025/station_cache/849002.csv
REVIEW_OTHER,file,0.0,ana_rainfall_1995_2025/station_cache/850000.csv
REVIEW_OTHER,file,0.0,ana_rainfall_1995_2025/station_cache/850001.csv
REVIEW_OTHER,file,0.0,ana_rainfall_1995_2025/station_cache/851000.csv
REVIEW_OTHER,file,0.0,ana_rainfall_1995_2025/station_cache/855000.csv
REVIEW_OTHER,file,0.0,ana_rainfall_1995_2025/station_cache/862000.csv
REVIEW_OTHER,file,0.0,ana_rainfall_1995_2025/station_cache/863005.csv
REVIEW_OTHER,file,0.0,ana_rainfall_1995_2025/station_cache/865000.csv
REVIEW_OTHER,file,0.0,ana_rainfall_1995_2025/station_cache/867001.csv
REVIEW_OTHER,file,0.0,ana_rainfall_1995_2025/station_cache/867002.csv
REVIEW_OTHER,file,0.0,ana_rainfall_1995_2025/station_cache/869000.csv
REVIEW_OTHER,file,0.0,ana_rainfall_1995_2025/station_cache/870002.csv
REVIEW_OTHER,file,0.0,ana_rainfall_1995_2025/station_cache/870003.csv
REVIEW_OTHER,file,0.0,ana_rainfall_1995_2025/station_cache/872000.csv
REVIEW_OTHER,file,0.0,ana_rainfall_1995_2025/station_cache/872001.csv
REVIEW_OTHER,file,0.0,ana_rainfall_1995_2025/station_cache/935012.csv
REVIEW_OTHER,file,0.0,ana_rainfall_1995_2025/station_cache/935056.csv
REVIEW_OTHER,file,0.0,ana_rainfall_1995_2025/station_cache/935057.csv
REVIEW_OTHER,file,0.0,ana_rainfall_1995_2025/station_cache/936076.csv
REVIEW_OTHER,file,0.0,ana_rainfall_1995_2025/station_cache/936110.csv
REVIEW_OTHER,file,0.0,ana_rainfall_1995_2025/station_cache/936111.csv
REVIEW_OTHER,file,0.0,ana_rainfall_1995_2025/station_cache/936112.csv
REVIEW_OTHER,file,0.0,ana_rainfall_1995_2025/station_cache/936113.csv
REVIEW_OTHER,file,0.0,ana_rainfall_1995_2025/station_cache/936114.csv
REVIEW_OTHER,file,0.0,ana_rainfall_1995_2025/station_cache/937013.csv
REVIEW_OTHER,file,0.0,ana_rainfall_1995_2025/station_cache/937018.csv
REVIEW_OTHER,file,0.0,ana_rainfall_1995_2025/station_cache/937023.csv
REVIEW_OTHER,file,0.0,ana_rainfall_1995_2025/station_cache/937031.csv
REVIEW_OTHER,file,0.0,ana_rainfall_1995_2025/station_cache/937032.csv
REVIEW_OTHER,file,0.0,ana_rainfall_1995_2025/station_cache/939017.csv
REVIEW_OTHER,file,0.0,ana_rainfall_1995_2025/station_cache/940018.csv
REVIEW_OTHER,file,0.0,ana_rainfall_1995_2025/station_cache/940024.csv
REVIEW_OTHER,file,0.0,ana_rainfall_1995_2025/station_cache/940025.csv
REVIEW_OTHER,file,0.0,ana_rainfall_1995_2025/station_cache/940028.csv
REVIEW_OTHER,file,0.0,ana_rainfall_1995_2025/station_cache/945011.csv
REVIEW_OTHER,file,0.0,ana_rainfall_1995_2025/station_cache/946003.csv
REVIEW_OTHER,file,0.0,ana_rainfall_1995_2025/station_cache/947001.csv
REVIEW_OTHER,file,0.0,ana_rainfall_1995_2025/station_cache/948000.csv
REVIEW_OTHER,file,0.0,ana_rainfall_1995_2025/station_cache/948001.csv
REVIEW_OTHER,file,0.0,ana_rainfall_1995_2025/station_cache/949000.csv
REVIEW_OTHER,file,0.0,ana_rainfall_1995_2025/station_cache/949001.csv
REVIEW_OTHER,file,0.0,ana_rainfall_1995_2025/station_cache/949003.csv
REVIEW_OTHER,file,0.0,ana_rainfall_1995_2025/station_cache/950000.csv
REVIEW_OTHER,file,0.0,ana_rainfall_1995_2025/station_cache/950001.csv
REVIEW_OTHER,file,0.0,ana_rainfall_1995_2025/station_cache/950002.csv
REVIEW_OTHER,file,0.0,ana_rainfall_1995_2025/station_cache/950003.csv
REVIEW_OTHER,file,0.0,ana_rainfall_1995_2025/station_cache/951000.csv
REVIEW_OTHER,file,0.0,ana_rainfall_1995_2025/station_cache/954001.csv
REVIEW_OTHER,file,0.0,ana_rainfall_1995_2025/station_cache/956000.csv
REVIEW_OTHER,file,0.0,ana_rainfall_1995_2025/station_cache/956001.csv
REVIEW_OTHER,file,0.0,ana_rainfall_1995_2025/station_cache/956002.csv
REVIEW_OTHER,file,0.0,ana_rainfall_1995_2025/station_cache/957001.csv
REVIEW_OTHER,file,0.0,ana_rainfall_1995_2025/station_cache/961003.csv
REVIEW_OTHER,file,0.0,ana_rainfall_1995_2025/station_cache/962000.csv
REVIEW_OTHER,file,0.0,ana_rainfall_1995_2025/station_cache/963000.csv
REVIEW_OTHER,file,0.0,ana_rainfall_1995_2025/station_cache/963001.csv
REVIEW_OTHER,file,0.0,ana_rainfall_1995_2025/station_cache/963004.csv
REVIEW_OTHER,file,0.0,ana_rainfall_1995_2025/station_cache/963009.csv
REVIEW_OTHER,file,0.0,ana_rainfall_1995_2025/station_cache/965001.csv
REVIEW_OTHER,file,0.0,ana_rainfall_1995_2025/station_cache/966000.csv
REVIEW_OTHER,file,0.0,ana_rainfall_1995_2025/station_cache/966001.csv
REVIEW_OTHER,file,0.0,ana_rainfall_1995_2025/station_cache/967001.csv
REVIEW_OTHER,file,0.0,ana_rainfall_1995_2025/station_cache/967004.csv
REVIEW_OTHER,file,0.0,ana_rainfall_1995_2025/station_cache/967005.csv
REVIEW_OTHER,file,0.0,ana_rainfall_1995_2025/station_cache/968001.csv
REVIEW_OTHER,file,0.0,ana_rainfall_1995_2025/station_cache/968003.csv
REVIEW_OTHER,file,0.0,ana_rainfall_1995_2025/station_cache/968004.csv
REVIEW_OTHER,file,0.0,ana_rainfall_1995_2025/station_cache/969001.csv
REVIEW_OTHER,file,0.0,ana_rainfall_1995_2025/station_cache/972000.csv
KEEP_FINAL,file,0.01,build_legacy_equivalent_zeta_from_pairs.py
KEEP_FINAL,file,0.003,check_outputs.py
ARCHIVE_SUPERSEDED_SCRIPT,file,0.002,collect_all_pairs_from_drive.sh
ARCHIVE_SUPERSEDED_SCRIPT,file,0.006,collect_pairs_from_duplicate_drive_folders.py
REVIEW_SCRIPT,file,0.006,collect_paper_consistent_pairs.py
REVIEW_SCRIPT,file,0.001,compare_mean_median.py
REVIEW_SCRIPT,file,0.001,compare_percentile_sensitivity.py
KEEP_DATA_OR_OUTPUT,file,0.001,config/method.yml
ARCHIVE_OR_DELETE_BACKUP,file,0.001,config/method.yml.backup_before_idw_k5
ARCHIVE_OR_DELETE_BACKUP,file,0.001,config/method.yml.backup_before_old_method_match
KEEP_DATA_OR_OUTPUT,file,0.001,config/paths.yml
KEEP_DATA_OR_OUTPUT,file,0.003,config/products.yml
ARCHIVE_OR_DELETE_BACKUP,file,0.002,config/products.yml.backup_before_imergv07_filename_update
REVIEW_SCRIPT,file,0.002,copy_full_period_pairs_from_drive.sh
REVIEW_SCRIPT,file,0.002,copy_imergv06_persiann_pairs.sh
REVIEW_SCRIPT,file,0.002,copy_p98_pairs_from_drive_safe.sh
REVIEW_OTHER,file,0.152,data/gauges/processed/gauge_metadata_normalized.csv
REVIEW_OTHER,file,0.28,data/gauges/qc/gauge_date_columns.csv
REVIEW_OTHER,file,0.002,data/gauges/qc/gauge_detection_manifest.json
REVIEW_OTHER,file,0.26,data/gauges/qc/gauge_station_coverage_summary.csv
KEEP_DATA_OR_OUTPUT,file,0.023,data/products/br_dwgd/sensitivity/p98/annual_max_corrected/mean/annual_max_correction_summary_br_dwgd_p98_mean.csv
KEEP_DATA_OR_OUTPUT,file,0.006,data/products/br_dwgd/sensitivity/p98/annual_max_corrected/mean/apply_bias_manifest_br_dwgd_p98_mean.json
KEEP_DATA_OR_OUTPUT,file,0.236,data/products/br_dwgd/sensitivity/p98/annual_max_corrected/mean/corrected_br_dwgd_p98_mean_1995.tif
KEEP_DATA_OR_OUTPUT,file,0.236,data/products/br_dwgd/sensitivity/p98/annual_max_corrected/mean/corrected_br_dwgd_p98_mean_1996.tif
KEEP_DATA_OR_OUTPUT,file,0.236,data/products/br_dwgd/sensitivity/p98/annual_max_corrected/mean/corrected_br_dwgd_p98_mean_1997.tif
KEEP_DATA_OR_OUTPUT,file,0.236,data/products/br_dwgd/sensitivity/p98/annual_max_corrected/mean/corrected_br_dwgd_p98_mean_1998.tif
KEEP_DATA_OR_OUTPUT,file,0.236,data/products/br_dwgd/sensitivity/p98/annual_max_corrected/mean/corrected_br_dwgd_p98_mean_1999.tif
KEEP_DATA_OR_OUTPUT,file,0.236,data/products/br_dwgd/sensitivity/p98/annual_max_corrected/mean/corrected_br_dwgd_p98_mean_2000.tif
KEEP_DATA_OR_OUTPUT,file,0.236,data/products/br_dwgd/sensitivity/p98/annual_max_corrected/mean/corrected_br_dwgd_p98_mean_2001.tif
KEEP_DATA_OR_OUTPUT,file,0.235,data/products/br_dwgd/sensitivity/p98/annual_max_corrected/mean/corrected_br_dwgd_p98_mean_2002.tif
KEEP_DATA_OR_OUTPUT,file,0.236,data/products/br_dwgd/sensitivity/p98/annual_max_corrected/mean/corrected_br_dwgd_p98_mean_2003.tif
KEEP_DATA_OR_OUTPUT,file,0.236,data/products/br_dwgd/sensitivity/p98/annual_max_corrected/mean/corrected_br_dwgd_p98_mean_2004.tif
KEEP_DATA_OR_OUTPUT,file,0.236,data/products/br_dwgd/sensitivity/p98/annual_max_corrected/mean/corrected_br_dwgd_p98_mean_2005.tif
KEEP_DATA_OR_OUTPUT,file,0.236,data/products/br_dwgd/sensitivity/p98/annual_max_corrected/mean/corrected_br_dwgd_p98_mean_2006.tif
KEEP_DATA_OR_OUTPUT,file,0.236,data/products/br_dwgd/sensitivity/p98/annual_max_corrected/mean/corrected_br_dwgd_p98_mean_2007.tif
KEEP_DATA_OR_OUTPUT,file,0.237,data/products/br_dwgd/sensitivity/p98/annual_max_corrected/mean/corrected_br_dwgd_p98_mean_2008.tif
KEEP_DATA_OR_OUTPUT,file,0.237,data/products/br_dwgd/sensitivity/p98/annual_max_corrected/mean/corrected_br_dwgd_p98_mean_2009.tif
KEEP_DATA_OR_OUTPUT,file,0.237,data/products/br_dwgd/sensitivity/p98/annual_max_corrected/mean/corrected_br_dwgd_p98_mean_2010.tif
KEEP_DATA_OR_OUTPUT,file,0.237,data/products/br_dwgd/sensitivity/p98/annual_max_corrected/mean/corrected_br_dwgd_p98_mean_2011.tif
KEEP_DATA_OR_OUTPUT,file,0.237,data/products/br_dwgd/sensitivity/p98/annual_max_corrected/mean/corrected_br_dwgd_p98_mean_2012.tif
KEEP_DATA_OR_OUTPUT,file,0.237,data/products/br_dwgd/sensitivity/p98/annual_max_corrected/mean/corrected_br_dwgd_p98_mean_2013.tif
KEEP_DATA_OR_OUTPUT,file,0.236,data/products/br_dwgd/sensitivity/p98/annual_max_corrected/mean/corrected_br_dwgd_p98_mean_2014.tif
KEEP_DATA_OR_OUTPUT,file,0.237,data/products/br_dwgd/sensitivity/p98/annual_max_corrected/mean/corrected_br_dwgd_p98_mean_2015.tif
KEEP_DATA_OR_OUTPUT,file,0.237,data/products/br_dwgd/sensitivity/p98/annual_max_corrected/mean/corrected_br_dwgd_p98_mean_2016.tif
KEEP_DATA_OR_OUTPUT,file,0.237,data/products/br_dwgd/sensitivity/p98/annual_max_corrected/mean/corrected_br_dwgd_p98_mean_2017.tif
KEEP_DATA_OR_OUTPUT,file,0.236,data/products/br_dwgd/sensitivity/p98/annual_max_corrected/mean/corrected_br_dwgd_p98_mean_2018.tif
KEEP_DATA_OR_OUTPUT,file,0.237,data/products/br_dwgd/sensitivity/p98/annual_max_corrected/mean/corrected_br_dwgd_p98_mean_2019.tif
KEEP_DATA_OR_OUTPUT,file,0.236,data/products/br_dwgd/sensitivity/p98/annual_max_corrected/mean/corrected_br_dwgd_p98_mean_2020.tif
KEEP_DATA_OR_OUTPUT,file,0.237,data/products/br_dwgd/sensitivity/p98/annual_max_corrected/mean/corrected_br_dwgd_p98_mean_2021.tif
KEEP_DATA_OR_OUTPUT,file,0.237,data/products/br_dwgd/sensitivity/p98/annual_max_corrected/mean/corrected_br_dwgd_p98_mean_2022.tif
KEEP_DATA_OR_OUTPUT,file,0.235,data/products/br_dwgd/sensitivity/p98/annual_max_corrected/mean/corrected_br_dwgd_p98_mean_2023.tif
KEEP_DATA_OR_OUTPUT,file,0.226,data/products/br_dwgd/sensitivity/p98/annual_max_corrected/mean/corrected_br_dwgd_p98_mean_2024.tif
KEEP_DATA_OR_OUTPUT,file,0.24,data/products/br_dwgd/sensitivity/p98/annual_max_corrected/mean/corrected_br_dwgd_p98_mean_2025.tif
KEEP_DATA_OR_OUTPUT,file,0.024,data/products/br_dwgd/sensitivity/p98/annual_max_corrected/median/annual_max_correction_summary_br_dwgd_p98_median.csv
KEEP_DATA_OR_OUTPUT,file,0.007,data/products/br_dwgd/sensitivity/p98/annual_max_corrected/median/apply_bias_manifest_br_dwgd_p98_median.json
KEEP_DATA_OR_OUTPUT,file,0.236,data/products/br_dwgd/sensitivity/p98/annual_max_corrected/median/corrected_br_dwgd_p98_median_1995.tif
KEEP_DATA_OR_OUTPUT,file,0.236,data/products/br_dwgd/sensitivity/p98/annual_max_corrected/median/corrected_br_dwgd_p98_median_1996.tif
KEEP_DATA_OR_OUTPUT,file,0.236,data/products/br_dwgd/sensitivity/p98/annual_max_corrected/median/corrected_br_dwgd_p98_median_1997.tif
KEEP_DATA_OR_OUTPUT,file,0.236,data/products/br_dwgd/sensitivity/p98/annual_max_corrected/median/corrected_br_dwgd_p98_median_1998.tif
KEEP_DATA_OR_OUTPUT,file,0.236,data/products/br_dwgd/sensitivity/p98/annual_max_corrected/median/corrected_br_dwgd_p98_median_1999.tif
KEEP_DATA_OR_OUTPUT,file,0.236,data/products/br_dwgd/sensitivity/p98/annual_max_corrected/median/corrected_br_dwgd_p98_median_2000.tif
KEEP_DATA_OR_OUTPUT,file,0.236,data/products/br_dwgd/sensitivity/p98/annual_max_corrected/median/corrected_br_dwgd_p98_median_2001.tif
KEEP_DATA_OR_OUTPUT,file,0.236,data/products/br_dwgd/sensitivity/p98/annual_max_corrected/median/corrected_br_dwgd_p98_median_2002.tif
KEEP_DATA_OR_OUTPUT,file,0.236,data/products/br_dwgd/sensitivity/p98/annual_max_corrected/median/corrected_br_dwgd_p98_median_2003.tif
KEEP_DATA_OR_OUTPUT,file,0.236,data/products/br_dwgd/sensitivity/p98/annual_max_corrected/median/corrected_br_dwgd_p98_median_2004.tif
KEEP_DATA_OR_OUTPUT,file,0.236,data/products/br_dwgd/sensitivity/p98/annual_max_corrected/median/corrected_br_dwgd_p98_median_2005.tif
KEEP_DATA_OR_OUTPUT,file,0.236,data/products/br_dwgd/sensitivity/p98/annual_max_corrected/median/corrected_br_dwgd_p98_median_2006.tif
KEEP_DATA_OR_OUTPUT,file,0.236,data/products/br_dwgd/sensitivity/p98/annual_max_corrected/median/corrected_br_dwgd_p98_median_2007.tif
KEEP_DATA_OR_OUTPUT,file,0.237,data/products/br_dwgd/sensitivity/p98/annual_max_corrected/median/corrected_br_dwgd_p98_median_2008.tif
KEEP_DATA_OR_OUTPUT,file,0.237,data/products/br_dwgd/sensitivity/p98/annual_max_corrected/median/corrected_br_dwgd_p98_median_2009.tif
KEEP_DATA_OR_OUTPUT,file,0.237,data/products/br_dwgd/sensitivity/p98/annual_max_corrected/median/corrected_br_dwgd_p98_median_2010.tif
KEEP_DATA_OR_OUTPUT,file,0.237,data/products/br_dwgd/sensitivity/p98/annual_max_corrected/median/corrected_br_dwgd_p98_median_2011.tif
KEEP_DATA_OR_OUTPUT,file,0.237,data/products/br_dwgd/sensitivity/p98/annual_max_corrected/median/corrected_br_dwgd_p98_median_2012.tif
KEEP_DATA_OR_OUTPUT,file,0.237,data/products/br_dwgd/sensitivity/p98/annual_max_corrected/median/corrected_br_dwgd_p98_median_2013.tif
KEEP_DATA_OR_OUTPUT,file,0.236,data/products/br_dwgd/sensitivity/p98/annual_max_corrected/median/corrected_br_dwgd_p98_median_2014.tif
KEEP_DATA_OR_OUTPUT,file,0.237,data/products/br_dwgd/sensitivity/p98/annual_max_corrected/median/corrected_br_dwgd_p98_median_2015.tif
KEEP_DATA_OR_OUTPUT,file,0.237,data/products/br_dwgd/sensitivity/p98/annual_max_corrected/median/corrected_br_dwgd_p98_median_2016.tif
KEEP_DATA_OR_OUTPUT,file,0.237,data/products/br_dwgd/sensitivity/p98/annual_max_corrected/median/corrected_br_dwgd_p98_median_2017.tif
KEEP_DATA_OR_OUTPUT,file,0.237,data/products/br_dwgd/sensitivity/p98/annual_max_corrected/median/corrected_br_dwgd_p98_median_2018.tif
KEEP_DATA_OR_OUTPUT,file,0.237,data/products/br_dwgd/sensitivity/p98/annual_max_corrected/median/corrected_br_dwgd_p98_median_2019.tif
KEEP_DATA_OR_OUTPUT,file,0.236,data/products/br_dwgd/sensitivity/p98/annual_max_corrected/median/corrected_br_dwgd_p98_median_2020.tif
KEEP_DATA_OR_OUTPUT,file,0.237,data/products/br_dwgd/sensitivity/p98/annual_max_corrected/median/corrected_br_dwgd_p98_median_2021.tif
KEEP_DATA_OR_OUTPUT,file,0.237,data/products/br_dwgd/sensitivity/p98/annual_max_corrected/median/corrected_br_dwgd_p98_median_2022.tif
KEEP_DATA_OR_OUTPUT,file,0.235,data/products/br_dwgd/sensitivity/p98/annual_max_corrected/median/corrected_br_dwgd_p98_median_2023.tif
KEEP_DATA_OR_OUTPUT,file,0.226,data/products/br_dwgd/sensitivity/p98/annual_max_corrected/median/corrected_br_dwgd_p98_median_2024.tif
KEEP_DATA_OR_OUTPUT,file,0.24,data/products/br_dwgd/sensitivity/p98/annual_max_corrected/median/corrected_br_dwgd_p98_median_2025.tif
KEEP_DATA_OR_OUTPUT,file,0.0,data/products/br_dwgd/sensitivity/p98/diagnostics/mean/diagnostic_metrics_br_dwgd_p98_mean.csv
KEEP_DATA_OR_OUTPUT,file,0.011,data/products/br_dwgd/sensitivity/p98/diagnostics/mean/diagnostic_summary_br_dwgd_p98_mean.json
KEEP_DATA_OR_OUTPUT,file,0.0,data/products/br_dwgd/sensitivity/p98/diagnostics/median/diagnostic_metrics_br_dwgd_p98_median.csv
KEEP_DATA_OR_OUTPUT,file,0.011,data/products/br_dwgd/sensitivity/p98/diagnostics/median/diagnostic_summary_br_dwgd_p98_median.json
KEEP_DATA_OR_OUTPUT,file,0.003,data/products/br_dwgd/sensitivity/p98/events/event_selection_manifest_br_dwgd_p98.json
KEEP_DATA_OR_OUTPUT,file,2.449,data/products/br_dwgd/sensitivity/p98/events/event_selection_summary_br_dwgd_p98.csv
KEEP_DATA_OR_OUTPUT,file,0.096,data/products/br_dwgd/sensitivity/p98/events/events_br_dwgd_p98_1995.csv
KEEP_DATA_OR_OUTPUT,file,0.102,data/products/br_dwgd/sensitivity/p98/events/events_br_dwgd_p98_1996.csv
KEEP_DATA_OR_OUTPUT,file,0.1,data/products/br_dwgd/sensitivity/p98/events/events_br_dwgd_p98_1997.csv
KEEP_DATA_OR_OUTPUT,file,0.104,data/products/br_dwgd/sensitivity/p98/events/events_br_dwgd_p98_1998.csv
KEEP_DATA_OR_OUTPUT,file,0.097,data/products/br_dwgd/sensitivity/p98/events/events_br_dwgd_p98_1999.csv
KEEP_DATA_OR_OUTPUT,file,0.101,data/products/br_dwgd/sensitivity/p98/events/events_br_dwgd_p98_2000.csv
KEEP_DATA_OR_OUTPUT,file,0.102,data/products/br_dwgd/sensitivity/p98/events/events_br_dwgd_p98_2001.csv
KEEP_DATA_OR_OUTPUT,file,0.088,data/products/br_dwgd/sensitivity/p98/events/events_br_dwgd_p98_2002.csv
KEEP_DATA_OR_OUTPUT,file,0.09,data/products/br_dwgd/sensitivity/p98/events/events_br_dwgd_p98_2003.csv
KEEP_DATA_OR_OUTPUT,file,0.103,data/products/br_dwgd/sensitivity/p98/events/events_br_dwgd_p98_2004.csv
KEEP_DATA_OR_OUTPUT,file,0.093,data/products/br_dwgd/sensitivity/p98/events/events_br_dwgd_p98_2005.csv
KEEP_DATA_OR_OUTPUT,file,0.064,data/products/br_dwgd/sensitivity/p98/events/events_br_dwgd_p98_2006.csv
KEEP_DATA_OR_OUTPUT,file,1.137,data/products/br_dwgd/sensitivity/p98/events/events_br_dwgd_p98_all_years.csv
KEEP_DATA_OR_OUTPUT,file,0.001,data/products/br_dwgd/sensitivity/p98/pairs/README_GEE_EXPORTS_br_dwgd_p98.txt
KEEP_DATA_OR_OUTPUT,file,0.019,data/products/br_dwgd/sensitivity/p98/pairs/gee_pair_export_manifest_br_dwgd_p98_latest.json
KEEP_DATA_OR_OUTPUT,file,0.06,data/products/br_dwgd/sensitivity/p98/pairs/pairs_br_dwgd_p98_1995_chunk001.csv
KEEP_DATA_OR_OUTPUT,file,0.064,data/products/br_dwgd/sensitivity/p98/pairs/pairs_br_dwgd_p98_1996_chunk001.csv
KEEP_DATA_OR_OUTPUT,file,0.064,data/products/br_dwgd/sensitivity/p98/pairs/pairs_br_dwgd_p98_1997_chunk001.csv
KEEP_DATA_OR_OUTPUT,file,0.066,data/products/br_dwgd/sensitivity/p98/pairs/pairs_br_dwgd_p98_1998_chunk001.csv
KEEP_DATA_OR_OUTPUT,file,0.062,data/products/br_dwgd/sensitivity/p98/pairs/pairs_br_dwgd_p98_1999_chunk001.csv
KEEP_DATA_OR_OUTPUT,file,0.064,data/products/br_dwgd/sensitivity/p98/pairs/pairs_br_dwgd_p98_2000_chunk001.csv
KEEP_DATA_OR_OUTPUT,file,0.064,data/products/br_dwgd/sensitivity/p98/pairs/pairs_br_dwgd_p98_2001_chunk001.csv
KEEP_DATA_OR_OUTPUT,file,0.055,data/products/br_dwgd/sensitivity/p98/pairs/pairs_br_dwgd_p98_2002_chunk001.csv
KEEP_DATA_OR_OUTPUT,file,0.057,data/products/br_dwgd/sensitivity/p98/pairs/pairs_br_dwgd_p98_2003_chunk001.csv
KEEP_DATA_OR_OUTPUT,file,0.065,data/products/br_dwgd/sensitivity/p98/pairs/pairs_br_dwgd_p98_2004_chunk001.csv
KEEP_DATA_OR_OUTPUT,file,0.058,data/products/br_dwgd/sensitivity/p98/pairs/pairs_br_dwgd_p98_2005_chunk001.csv
KEEP_DATA_OR_OUTPUT,file,0.041,data/products/br_dwgd/sensitivity/p98/pairs/pairs_br_dwgd_p98_2006_chunk001.csv
KEEP_DATA_OR_OUTPUT,file,1.08,data/products/br_dwgd/sensitivity/p98/tables/br_dwgd_pair_debug_reconstructed_qc.csv
KEEP_DATA_OR_OUTPUT,file,1.611,data/products/br_dwgd/sensitivity/p98/tables/pair_qc_br_dwgd_p98.csv
KEEP_DATA_OR_OUTPUT,file,0.002,data/products/br_dwgd/sensitivity/p98/zeta_grid/mean/zeta_grid_manifest_br_dwgd_p98_mean.json
KEEP_DATA_OR_OUTPUT,file,0.2,data/products/br_dwgd/sensitivity/p98/zeta_grid/mean/zeta_map_br_dwgd_p98_mean_idw_k8_p2p0.tif
KEEP_DATA_OR_OUTPUT,file,0.279,data/products/br_dwgd/sensitivity/p98/zeta_grid/mean/zeta_map_preview_br_dwgd_p98_mean.png
KEEP_DATA_OR_OUTPUT,file,0.044,data/products/br_dwgd/sensitivity/p98/zeta_grid/mean/zeta_station_points_br_dwgd_p98_mean.csv
KEEP_DATA_OR_OUTPUT,file,0.002,data/products/br_dwgd/sensitivity/p98/zeta_grid/median/zeta_grid_manifest_br_dwgd_p98_median.json
KEEP_DATA_OR_OUTPUT,file,0.202,data/products/br_dwgd/sensitivity/p98/zeta_grid/median/zeta_map_br_dwgd_p98_median_idw_k8_p2p0.tif
KEEP_DATA_OR_OUTPUT,file,0.263,data/products/br_dwgd/sensitivity/p98/zeta_grid/median/zeta_map_preview_br_dwgd_p98_median.png
KEEP_DATA_OR_OUTPUT,file,0.049,data/products/br_dwgd/sensitivity/p98/zeta_grid/median/zeta_station_points_br_dwgd_p98_median.csv
KEEP_DATA_OR_OUTPUT,file,0.003,data/products/br_dwgd/sensitivity/p98/zeta_station/mean/zeta_manifest_br_dwgd_p98_mean.json
KEEP_DATA_OR_OUTPUT,file,0.038,data/products/br_dwgd/sensitivity/p98/zeta_station/mean/zeta_per_station_br_dwgd_p98_mean.csv
KEEP_DATA_OR_OUTPUT,file,0.038,data/products/br_dwgd/sensitivity/p98/zeta_station/mean/zeta_station_all_br_dwgd_p98_mean.csv
KEEP_DATA_OR_OUTPUT,file,0.003,data/products/br_dwgd/sensitivity/p98/zeta_station/median/zeta_manifest_br_dwgd_p98_median.json
KEEP_DATA_OR_OUTPUT,file,0.039,data/products/br_dwgd/sensitivity/p98/zeta_station/median/zeta_per_station_br_dwgd_p98_median.csv
KEEP_DATA_OR_OUTPUT,file,0.039,data/products/br_dwgd/sensitivity/p98/zeta_station/median/zeta_station_all_br_dwgd_p98_median.csv
KEEP_DATA_OR_OUTPUT,file,0.003,data/products/br_dwgd/sensitivity/p98/zeta_station/zeta_manifest_br_dwgd_p98_mean_latest.json
KEEP_DATA_OR_OUTPUT,file,0.003,data/products/br_dwgd/sensitivity/p98/zeta_station/zeta_manifest_br_dwgd_p98_median_latest.json
KEEP_DATA_OR_OUTPUT,file,0.024,data/products/chirps/sensitivity/p98/annual_max_corrected/mean/annual_max_correction_summary_chirps_p98_mean.csv
KEEP_DATA_OR_OUTPUT,file,0.006,data/products/chirps/sensitivity/p98/annual_max_corrected/mean/apply_bias_manifest_chirps_p98_mean.json
KEEP_DATA_OR_OUTPUT,file,0.943,data/products/chirps/sensitivity/p98/annual_max_corrected/mean/corrected_chirps_p98_mean_1995.tif
KEEP_DATA_OR_OUTPUT,file,0.944,data/products/chirps/sensitivity/p98/annual_max_corrected/mean/corrected_chirps_p98_mean_1996.tif
KEEP_DATA_OR_OUTPUT,file,0.943,data/products/chirps/sensitivity/p98/annual_max_corrected/mean/corrected_chirps_p98_mean_1997.tif
KEEP_DATA_OR_OUTPUT,file,0.946,data/products/chirps/sensitivity/p98/annual_max_corrected/mean/corrected_chirps_p98_mean_1998.tif
KEEP_DATA_OR_OUTPUT,file,0.944,data/products/chirps/sensitivity/p98/annual_max_corrected/mean/corrected_chirps_p98_mean_1999.tif
KEEP_DATA_OR_OUTPUT,file,0.954,data/products/chirps/sensitivity/p98/annual_max_corrected/mean/corrected_chirps_p98_mean_2000.tif
KEEP_DATA_OR_OUTPUT,file,0.957,data/products/chirps/sensitivity/p98/annual_max_corrected/mean/corrected_chirps_p98_mean_2001.tif
KEEP_DATA_OR_OUTPUT,file,0.956,data/products/chirps/sensitivity/p98/annual_max_corrected/mean/corrected_chirps_p98_mean_2002.tif
KEEP_DATA_OR_OUTPUT,file,0.956,data/products/chirps/sensitivity/p98/annual_max_corrected/mean/corrected_chirps_p98_mean_2003.tif
KEEP_DATA_OR_OUTPUT,file,0.955,data/products/chirps/sensitivity/p98/annual_max_corrected/mean/corrected_chirps_p98_mean_2004.tif
KEEP_DATA_OR_OUTPUT,file,0.955,data/products/chirps/sensitivity/p98/annual_max_corrected/mean/corrected_chirps_p98_mean_2005.tif
KEEP_DATA_OR_OUTPUT,file,0.956,data/products/chirps/sensitivity/p98/annual_max_corrected/mean/corrected_chirps_p98_mean_2006.tif
KEEP_DATA_OR_OUTPUT,file,0.956,data/products/chirps/sensitivity/p98/annual_max_corrected/mean/corrected_chirps_p98_mean_2007.tif
KEEP_DATA_OR_OUTPUT,file,0.956,data/products/chirps/sensitivity/p98/annual_max_corrected/mean/corrected_chirps_p98_mean_2008.tif
KEEP_DATA_OR_OUTPUT,file,0.956,data/products/chirps/sensitivity/p98/annual_max_corrected/mean/corrected_chirps_p98_mean_2009.tif
KEEP_DATA_OR_OUTPUT,file,0.956,data/products/chirps/sensitivity/p98/annual_max_corrected/mean/corrected_chirps_p98_mean_2010.tif
KEEP_DATA_OR_OUTPUT,file,0.956,data/products/chirps/sensitivity/p98/annual_max_corrected/mean/corrected_chirps_p98_mean_2011.tif
KEEP_DATA_OR_OUTPUT,file,0.958,data/products/chirps/sensitivity/p98/annual_max_corrected/mean/corrected_chirps_p98_mean_2012.tif
KEEP_DATA_OR_OUTPUT,file,0.955,data/products/chirps/sensitivity/p98/annual_max_corrected/mean/corrected_chirps_p98_mean_2013.tif
KEEP_DATA_OR_OUTPUT,file,0.957,data/products/chirps/sensitivity/p98/annual_max_corrected/mean/corrected_chirps_p98_mean_2014.tif
KEEP_DATA_OR_OUTPUT,file,0.958,data/products/chirps/sensitivity/p98/annual_max_corrected/mean/corrected_chirps_p98_mean_2015.tif
KEEP_DATA_OR_OUTPUT,file,0.956,data/products/chirps/sensitivity/p98/annual_max_corrected/mean/corrected_chirps_p98_mean_2016.tif
KEEP_DATA_OR_OUTPUT,file,0.957,data/products/chirps/sensitivity/p98/annual_max_corrected/mean/corrected_chirps_p98_mean_2017.tif
KEEP_DATA_OR_OUTPUT,file,0.958,data/products/chirps/sensitivity/p98/annual_max_corrected/mean/corrected_chirps_p98_mean_2018.tif
KEEP_DATA_OR_OUTPUT,file,0.96,data/products/chirps/sensitivity/p98/annual_max_corrected/mean/corrected_chirps_p98_mean_2019.tif
KEEP_DATA_OR_OUTPUT,file,0.958,data/products/chirps/sensitivity/p98/annual_max_corrected/mean/corrected_chirps_p98_mean_2020.tif
KEEP_DATA_OR_OUTPUT,file,0.958,data/products/chirps/sensitivity/p98/annual_max_corrected/mean/corrected_chirps_p98_mean_2021.tif
KEEP_DATA_OR_OUTPUT,file,0.958,data/products/chirps/sensitivity/p98/annual_max_corrected/mean/corrected_chirps_p98_mean_2022.tif
KEEP_DATA_OR_OUTPUT,file,0.959,data/products/chirps/sensitivity/p98/annual_max_corrected/mean/corrected_chirps_p98_mean_2023.tif
KEEP_DATA_OR_OUTPUT,file,0.958,data/products/chirps/sensitivity/p98/annual_max_corrected/mean/corrected_chirps_p98_mean_2024.tif
KEEP_DATA_OR_OUTPUT,file,0.956,data/products/chirps/sensitivity/p98/annual_max_corrected/mean/corrected_chirps_p98_mean_2025.tif
KEEP_DATA_OR_OUTPUT,file,0.024,data/products/chirps/sensitivity/p98/annual_max_corrected/median/annual_max_correction_summary_chirps_p98_median.csv
KEEP_DATA_OR_OUTPUT,file,0.006,data/products/chirps/sensitivity/p98/annual_max_corrected/median/apply_bias_manifest_chirps_p98_median.json
KEEP_DATA_OR_OUTPUT,file,0.944,data/products/chirps/sensitivity/p98/annual_max_corrected/median/corrected_chirps_p98_median_1995.tif
KEEP_DATA_OR_OUTPUT,file,0.944,data/products/chirps/sensitivity/p98/annual_max_corrected/median/corrected_chirps_p98_median_1996.tif
KEEP_DATA_OR_OUTPUT,file,0.943,data/products/chirps/sensitivity/p98/annual_max_corrected/median/corrected_chirps_p98_median_1997.tif
KEEP_DATA_OR_OUTPUT,file,0.946,data/products/chirps/sensitivity/p98/annual_max_corrected/median/corrected_chirps_p98_median_1998.tif
KEEP_DATA_OR_OUTPUT,file,0.945,data/products/chirps/sensitivity/p98/annual_max_corrected/median/corrected_chirps_p98_median_1999.tif
KEEP_DATA_OR_OUTPUT,file,0.955,data/products/chirps/sensitivity/p98/annual_max_corrected/median/corrected_chirps_p98_median_2000.tif
KEEP_DATA_OR_OUTPUT,file,0.957,data/products/chirps/sensitivity/p98/annual_max_corrected/median/corrected_chirps_p98_median_2001.tif
KEEP_DATA_OR_OUTPUT,file,0.957,data/products/chirps/sensitivity/p98/annual_max_corrected/median/corrected_chirps_p98_median_2002.tif
KEEP_DATA_OR_OUTPUT,file,0.956,data/products/chirps/sensitivity/p98/annual_max_corrected/median/corrected_chirps_p98_median_2003.tif
KEEP_DATA_OR_OUTPUT,file,0.956,data/products/chirps/sensitivity/p98/annual_max_corrected/median/corrected_chirps_p98_median_2004.tif
KEEP_DATA_OR_OUTPUT,file,0.956,data/products/chirps/sensitivity/p98/annual_max_corrected/median/corrected_chirps_p98_median_2005.tif
KEEP_DATA_OR_OUTPUT,file,0.957,data/products/chirps/sensitivity/p98/annual_max_corrected/median/corrected_chirps_p98_median_2006.tif
KEEP_DATA_OR_OUTPUT,file,0.956,data/products/chirps/sensitivity/p98/annual_max_corrected/median/corrected_chirps_p98_median_2007.tif
KEEP_DATA_OR_OUTPUT,file,0.956,data/products/chirps/sensitivity/p98/annual_max_corrected/median/corrected_chirps_p98_median_2008.tif
KEEP_DATA_OR_OUTPUT,file,0.956,data/products/chirps/sensitivity/p98/annual_max_corrected/median/corrected_chirps_p98_median_2009.tif
KEEP_DATA_OR_OUTPUT,file,0.957,data/products/chirps/sensitivity/p98/annual_max_corrected/median/corrected_chirps_p98_median_2010.tif
KEEP_DATA_OR_OUTPUT,file,0.956,data/products/chirps/sensitivity/p98/annual_max_corrected/median/corrected_chirps_p98_median_2011.tif
KEEP_DATA_OR_OUTPUT,file,0.958,data/products/chirps/sensitivity/p98/annual_max_corrected/median/corrected_chirps_p98_median_2012.tif
KEEP_DATA_OR_OUTPUT,file,0.955,data/products/chirps/sensitivity/p98/annual_max_corrected/median/corrected_chirps_p98_median_2013.tif
KEEP_DATA_OR_OUTPUT,file,0.957,data/products/chirps/sensitivity/p98/annual_max_corrected/median/corrected_chirps_p98_median_2014.tif
KEEP_DATA_OR_OUTPUT,file,0.958,data/products/chirps/sensitivity/p98/annual_max_corrected/median/corrected_chirps_p98_median_2015.tif
KEEP_DATA_OR_OUTPUT,file,0.957,data/products/chirps/sensitivity/p98/annual_max_corrected/median/corrected_chirps_p98_median_2016.tif
KEEP_DATA_OR_OUTPUT,file,0.957,data/products/chirps/sensitivity/p98/annual_max_corrected/median/corrected_chirps_p98_median_2017.tif
KEEP_DATA_OR_OUTPUT,file,0.959,data/products/chirps/sensitivity/p98/annual_max_corrected/median/corrected_chirps_p98_median_2018.tif
KEEP_DATA_OR_OUTPUT,file,0.96,data/products/chirps/sensitivity/p98/annual_max_corrected/median/corrected_chirps_p98_median_2019.tif
KEEP_DATA_OR_OUTPUT,file,0.959,data/products/chirps/sensitivity/p98/annual_max_corrected/median/corrected_chirps_p98_median_2020.tif
KEEP_DATA_OR_OUTPUT,file,0.958,data/products/chirps/sensitivity/p98/annual_max_corrected/median/corrected_chirps_p98_median_2021.tif
KEEP_DATA_OR_OUTPUT,file,0.959,data/products/chirps/sensitivity/p98/annual_max_corrected/median/corrected_chirps_p98_median_2022.tif
KEEP_DATA_OR_OUTPUT,file,0.96,data/products/chirps/sensitivity/p98/annual_max_corrected/median/corrected_chirps_p98_median_2023.tif
KEEP_DATA_OR_OUTPUT,file,0.959,data/products/chirps/sensitivity/p98/annual_max_corrected/median/corrected_chirps_p98_median_2024.tif
KEEP_DATA_OR_OUTPUT,file,0.956,data/products/chirps/sensitivity/p98/annual_max_corrected/median/corrected_chirps_p98_median_2025.tif
KEEP_DATA_OR_OUTPUT,file,0.0,data/products/chirps/sensitivity/p98/diagnostics/mean/diagnostic_metrics_chirps_p98_mean.csv
KEEP_DATA_OR_OUTPUT,file,0.011,data/products/chirps/sensitivity/p98/diagnostics/mean/diagnostic_summary_chirps_p98_mean.json
KEEP_DATA_OR_OUTPUT,file,0.0,data/products/chirps/sensitivity/p98/diagnostics/median/diagnostic_metrics_chirps_p98_median.csv
KEEP_DATA_OR_OUTPUT,file,0.011,data/products/chirps/sensitivity/p98/diagnostics/median/diagnostic_summary_chirps_p98_median.json
KEEP_DATA_OR_OUTPUT,file,0.003,data/products/chirps/sensitivity/p98/events/event_selection_manifest_chirps_p98.json
KEEP_DATA_OR_OUTPUT,file,2.424,data/products/chirps/sensitivity/p98/events/event_selection_summary_chirps_p98.csv
KEEP_DATA_OR_OUTPUT,file,0.089,data/products/chirps/sensitivity/p98/events/events_chirps_p98_1995.csv
KEEP_DATA_OR_OUTPUT,file,0.095,data/products/chirps/sensitivity/p98/events/events_chirps_p98_1996.csv
KEEP_DATA_OR_OUTPUT,file,0.094,data/products/chirps/sensitivity/p98/events/events_chirps_p98_1997.csv
KEEP_DATA_OR_OUTPUT,file,0.097,data/products/chirps/sensitivity/p98/events/events_chirps_p98_1998.csv
KEEP_DATA_OR_OUTPUT,file,0.091,data/products/chirps/sensitivity/p98/events/events_chirps_p98_1999.csv
KEEP_DATA_OR_OUTPUT,file,0.094,data/products/chirps/sensitivity/p98/events/events_chirps_p98_2000.csv
KEEP_DATA_OR_OUTPUT,file,0.095,data/products/chirps/sensitivity/p98/events/events_chirps_p98_2001.csv
KEEP_DATA_OR_OUTPUT,file,0.083,data/products/chirps/sensitivity/p98/events/events_chirps_p98_2002.csv
KEEP_DATA_OR_OUTPUT,file,0.084,data/products/chirps/sensitivity/p98/events/events_chirps_p98_2003.csv
KEEP_DATA_OR_OUTPUT,file,0.096,data/products/chirps/sensitivity/p98/events/events_chirps_p98_2004.csv
KEEP_DATA_OR_OUTPUT,file,0.087,data/products/chirps/sensitivity/p98/events/events_chirps_p98_2005.csv
KEEP_DATA_OR_OUTPUT,file,0.06,data/products/chirps/sensitivity/p98/events/events_chirps_p98_2006.csv
KEEP_DATA_OR_OUTPUT,file,1.063,data/products/chirps/sensitivity/p98/events/events_chirps_p98_all_years.csv
KEEP_DATA_OR_OUTPUT,file,0.001,data/products/chirps/sensitivity/p98/pairs/README_GEE_EXPORTS_chirps_p98.txt
KEEP_DATA_OR_OUTPUT,file,0.019,data/products/chirps/sensitivity/p98/pairs/gee_pair_export_manifest_chirps_p98_latest.json
KEEP_DATA_OR_OUTPUT,file,0.042,data/products/chirps/sensitivity/p98/pairs/pairs_chirps_p98_1995_chunk001.csv
KEEP_DATA_OR_OUTPUT,file,0.047,data/products/chirps/sensitivity/p98/pairs/pairs_chirps_p98_1996_chunk001.csv
KEEP_DATA_OR_OUTPUT,file,0.047,data/products/chirps/sensitivity/p98/pairs/pairs_chirps_p98_1997_chunk001.csv
KEEP_DATA_OR_OUTPUT,file,0.048,data/products/chirps/sensitivity/p98/pairs/pairs_chirps_p98_1998_chunk001.csv
KEEP_DATA_OR_OUTPUT,file,0.047,data/products/chirps/sensitivity/p98/pairs/pairs_chirps_p98_1999_chunk001.csv
KEEP_DATA_OR_OUTPUT,file,0.049,data/products/chirps/sensitivity/p98/pairs/pairs_chirps_p98_2000_chunk001.csv
KEEP_DATA_OR_OUTPUT,file,0.047,data/products/chirps/sensitivity/p98/pairs/pairs_chirps_p98_2001_chunk001.csv
KEEP_DATA_OR_OUTPUT,file,0.043,data/products/chirps/sensitivity/p98/pairs/pairs_chirps_p98_2002_chunk001.csv
KEEP_DATA_OR_OUTPUT,file,0.045,data/products/chirps/sensitivity/p98/pairs/pairs_chirps_p98_2003_chunk001.csv
KEEP_DATA_OR_OUTPUT,file,0.052,data/products/chirps/sensitivity/p98/pairs/pairs_chirps_p98_2004_chunk001.csv
KEEP_DATA_OR_OUTPUT,file,0.044,data/products/chirps/sensitivity/p98/pairs/pairs_chirps_p98_2005_chunk001.csv
KEEP_DATA_OR_OUTPUT,file,0.033,data/products/chirps/sensitivity/p98/pairs/pairs_chirps_p98_2006_chunk001.csv
KEEP_DATA_OR_OUTPUT,file,1.194,data/products/chirps/sensitivity/p98/tables/pair_qc_chirps_p98.csv
KEEP_DATA_OR_OUTPUT,file,0.002,data/products/chirps/sensitivity/p98/zeta_grid/mean/zeta_grid_manifest_chirps_p98_mean.json
KEEP_DATA_OR_OUTPUT,file,0.688,data/products/chirps/sensitivity/p98/zeta_grid/mean/zeta_map_chirps_p98_mean_idw_k8_p2p0.tif
KEEP_DATA_OR_OUTPUT,file,0.312,data/products/chirps/sensitivity/p98/zeta_grid/mean/zeta_map_preview_chirps_p98_mean.png
KEEP_DATA_OR_OUTPUT,file,0.041,data/products/chirps/sensitivity/p98/zeta_grid/mean/zeta_station_points_chirps_p98_mean.csv
KEEP_DATA_OR_OUTPUT,file,0.002,data/products/chirps/sensitivity/p98/zeta_grid/median/zeta_grid_manifest_chirps_p98_median.json
KEEP_DATA_OR_OUTPUT,file,0.72,data/products/chirps/sensitivity/p98/zeta_grid/median/zeta_map_chirps_p98_median_idw_k8_p2p0.tif
KEEP_DATA_OR_OUTPUT,file,0.27,data/products/chirps/sensitivity/p98/zeta_grid/median/zeta_map_preview_chirps_p98_median.png
KEEP_DATA_OR_OUTPUT,file,0.046,data/products/chirps/sensitivity/p98/zeta_grid/median/zeta_station_points_chirps_p98_median.csv
KEEP_DATA_OR_OUTPUT,file,0.003,data/products/chirps/sensitivity/p98/zeta_station/mean/zeta_manifest_chirps_p98_mean.json
KEEP_DATA_OR_OUTPUT,file,0.037,data/products/chirps/sensitivity/p98/zeta_station/mean/zeta_per_station_chirps_p98_mean.csv
KEEP_DATA_OR_OUTPUT,file,0.037,data/products/chirps/sensitivity/p98/zeta_station/mean/zeta_station_all_chirps_p98_mean.csv
KEEP_DATA_OR_OUTPUT,file,0.003,data/products/chirps/sensitivity/p98/zeta_station/median/zeta_manifest_chirps_p98_median.json
KEEP_DATA_OR_OUTPUT,file,0.037,data/products/chirps/sensitivity/p98/zeta_station/median/zeta_per_station_chirps_p98_median.csv
KEEP_DATA_OR_OUTPUT,file,0.038,data/products/chirps/sensitivity/p98/zeta_station/median/zeta_station_all_chirps_p98_median.csv
KEEP_DATA_OR_OUTPUT,file,0.003,data/products/chirps/sensitivity/p98/zeta_station/zeta_manifest_chirps_p98_mean_latest.json
KEEP_DATA_OR_OUTPUT,file,0.003,data/products/chirps/sensitivity/p98/zeta_station/zeta_manifest_chirps_p98_median_latest.json
KEEP_DATA_OR_OUTPUT,file,0.016,data/products/imerg_v06/sensitivity/p98/annual_max_corrected/mean/annual_max_correction_summary_imerg_v06_p98_mean.csv
KEEP_DATA_OR_OUTPUT,file,0.005,data/products/imerg_v06/sensitivity/p98/annual_max_corrected/mean/apply_bias_manifest_imerg_v06_p98_mean.json
KEEP_DATA_OR_OUTPUT,file,0.245,data/products/imerg_v06/sensitivity/p98/annual_max_corrected/mean/corrected_imerg_v06_p98_mean_2001.tif
KEEP_DATA_OR_OUTPUT,file,0.245,data/products/imerg_v06/sensitivity/p98/annual_max_corrected/mean/corrected_imerg_v06_p98_mean_2002.tif
KEEP_DATA_OR_OUTPUT,file,0.245,data/products/imerg_v06/sensitivity/p98/annual_max_corrected/mean/corrected_imerg_v06_p98_mean_2003.tif
KEEP_DATA_OR_OUTPUT,file,0.245,data/products/imerg_v06/sensitivity/p98/annual_max_corrected/mean/corrected_imerg_v06_p98_mean_2004.tif
KEEP_DATA_OR_OUTPUT,file,0.245,data/products/imerg_v06/sensitivity/p98/annual_max_corrected/mean/corrected_imerg_v06_p98_mean_2005.tif
KEEP_DATA_OR_OUTPUT,file,0.246,data/products/imerg_v06/sensitivity/p98/annual_max_corrected/mean/corrected_imerg_v06_p98_mean_2006.tif
KEEP_DATA_OR_OUTPUT,file,0.245,data/products/imerg_v06/sensitivity/p98/annual_max_corrected/mean/corrected_imerg_v06_p98_mean_2007.tif
KEEP_DATA_OR_OUTPUT,file,0.246,data/products/imerg_v06/sensitivity/p98/annual_max_corrected/mean/corrected_imerg_v06_p98_mean_2008.tif
KEEP_DATA_OR_OUTPUT,file,0.246,data/products/imerg_v06/sensitivity/p98/annual_max_corrected/mean/corrected_imerg_v06_p98_mean_2009.tif
KEEP_DATA_OR_OUTPUT,file,0.245,data/products/imerg_v06/sensitivity/p98/annual_max_corrected/mean/corrected_imerg_v06_p98_mean_2010.tif
KEEP_DATA_OR_OUTPUT,file,0.246,data/products/imerg_v06/sensitivity/p98/annual_max_corrected/mean/corrected_imerg_v06_p98_mean_2011.tif
KEEP_DATA_OR_OUTPUT,file,0.246,data/products/imerg_v06/sensitivity/p98/annual_max_corrected/mean/corrected_imerg_v06_p98_mean_2012.tif
KEEP_DATA_OR_OUTPUT,file,0.246,data/products/imerg_v06/sensitivity/p98/annual_max_corrected/mean/corrected_imerg_v06_p98_mean_2013.tif
KEEP_DATA_OR_OUTPUT,file,0.245,data/products/imerg_v06/sensitivity/p98/annual_max_corrected/mean/corrected_imerg_v06_p98_mean_2014.tif
KEEP_DATA_OR_OUTPUT,file,0.245,data/products/imerg_v06/sensitivity/p98/annual_max_corrected/mean/corrected_imerg_v06_p98_mean_2015.tif
KEEP_DATA_OR_OUTPUT,file,0.245,data/products/imerg_v06/sensitivity/p98/annual_max_corrected/mean/corrected_imerg_v06_p98_mean_2016.tif
KEEP_DATA_OR_OUTPUT,file,0.245,data/products/imerg_v06/sensitivity/p98/annual_max_corrected/mean/corrected_imerg_v06_p98_mean_2017.tif
KEEP_DATA_OR_OUTPUT,file,0.245,data/products/imerg_v06/sensitivity/p98/annual_max_corrected/mean/corrected_imerg_v06_p98_mean_2018.tif
KEEP_DATA_OR_OUTPUT,file,0.245,data/products/imerg_v06/sensitivity/p98/annual_max_corrected/mean/corrected_imerg_v06_p98_mean_2019.tif
KEEP_DATA_OR_OUTPUT,file,0.245,data/products/imerg_v06/sensitivity/p98/annual_max_corrected/mean/corrected_imerg_v06_p98_mean_2020.tif
KEEP_DATA_OR_OUTPUT,file,0.016,data/products/imerg_v06/sensitivity/p98/annual_max_corrected/median/annual_max_correction_summary_imerg_v06_p98_median.csv
KEEP_DATA_OR_OUTPUT,file,0.005,data/products/imerg_v06/sensitivity/p98/annual_max_corrected/median/apply_bias_manifest_imerg_v06_p98_median.json
KEEP_DATA_OR_OUTPUT,file,0.245,data/products/imerg_v06/sensitivity/p98/annual_max_corrected/median/corrected_imerg_v06_p98_median_2001.tif
KEEP_DATA_OR_OUTPUT,file,0.245,data/products/imerg_v06/sensitivity/p98/annual_max_corrected/median/corrected_imerg_v06_p98_median_2002.tif
KEEP_DATA_OR_OUTPUT,file,0.245,data/products/imerg_v06/sensitivity/p98/annual_max_corrected/median/corrected_imerg_v06_p98_median_2003.tif
KEEP_DATA_OR_OUTPUT,file,0.245,data/products/imerg_v06/sensitivity/p98/annual_max_corrected/median/corrected_imerg_v06_p98_median_2004.tif
KEEP_DATA_OR_OUTPUT,file,0.245,data/products/imerg_v06/sensitivity/p98/annual_max_corrected/median/corrected_imerg_v06_p98_median_2005.tif
KEEP_DATA_OR_OUTPUT,file,0.246,data/products/imerg_v06/sensitivity/p98/annual_max_corrected/median/corrected_imerg_v06_p98_median_2006.tif
KEEP_DATA_OR_OUTPUT,file,0.245,data/products/imerg_v06/sensitivity/p98/annual_max_corrected/median/corrected_imerg_v06_p98_median_2007.tif
KEEP_DATA_OR_OUTPUT,file,0.246,data/products/imerg_v06/sensitivity/p98/annual_max_corrected/median/corrected_imerg_v06_p98_median_2008.tif
KEEP_DATA_OR_OUTPUT,file,0.246,data/products/imerg_v06/sensitivity/p98/annual_max_corrected/median/corrected_imerg_v06_p98_median_2009.tif
KEEP_DATA_OR_OUTPUT,file,0.245,data/products/imerg_v06/sensitivity/p98/annual_max_corrected/median/corrected_imerg_v06_p98_median_2010.tif
KEEP_DATA_OR_OUTPUT,file,0.246,data/products/imerg_v06/sensitivity/p98/annual_max_corrected/median/corrected_imerg_v06_p98_median_2011.tif
KEEP_DATA_OR_OUTPUT,file,0.246,data/products/imerg_v06/sensitivity/p98/annual_max_corrected/median/corrected_imerg_v06_p98_median_2012.tif
KEEP_DATA_OR_OUTPUT,file,0.246,data/products/imerg_v06/sensitivity/p98/annual_max_corrected/median/corrected_imerg_v06_p98_median_2013.tif
KEEP_DATA_OR_OUTPUT,file,0.245,data/products/imerg_v06/sensitivity/p98/annual_max_corrected/median/corrected_imerg_v06_p98_median_2014.tif
KEEP_DATA_OR_OUTPUT,file,0.245,data/products/imerg_v06/sensitivity/p98/annual_max_corrected/median/corrected_imerg_v06_p98_median_2015.tif
KEEP_DATA_OR_OUTPUT,file,0.245,data/products/imerg_v06/sensitivity/p98/annual_max_corrected/median/corrected_imerg_v06_p98_median_2016.tif
KEEP_DATA_OR_OUTPUT,file,0.245,data/products/imerg_v06/sensitivity/p98/annual_max_corrected/median/corrected_imerg_v06_p98_median_2017.tif
KEEP_DATA_OR_OUTPUT,file,0.245,data/products/imerg_v06/sensitivity/p98/annual_max_corrected/median/corrected_imerg_v06_p98_median_2018.tif
KEEP_DATA_OR_OUTPUT,file,0.245,data/products/imerg_v06/sensitivity/p98/annual_max_corrected/median/corrected_imerg_v06_p98_median_2019.tif
KEEP_DATA_OR_OUTPUT,file,0.245,data/products/imerg_v06/sensitivity/p98/annual_max_corrected/median/corrected_imerg_v06_p98_median_2020.tif
KEEP_DATA_OR_OUTPUT,file,0.0,data/products/imerg_v06/sensitivity/p98/diagnostics/mean/diagnostic_metrics_imerg_v06_p98_mean.csv
KEEP_DATA_OR_OUTPUT,file,0.011,data/products/imerg_v06/sensitivity/p98/diagnostics/mean/diagnostic_summary_imerg_v06_p98_mean.json
KEEP_DATA_OR_OUTPUT,file,0.0,data/products/imerg_v06/sensitivity/p98/diagnostics/median/diagnostic_metrics_imerg_v06_p98_median.csv
KEEP_DATA_OR_OUTPUT,file,0.011,data/products/imerg_v06/sensitivity/p98/diagnostics/median/diagnostic_summary_imerg_v06_p98_median.json
KEEP_DATA_OR_OUTPUT,file,0.002,data/products/imerg_v06/sensitivity/p98/events/event_selection_manifest_imerg_v06_p98.json
KEEP_DATA_OR_OUTPUT,file,1.249,data/products/imerg_v06/sensitivity/p98/events/event_selection_summary_imerg_v06_p98.csv
KEEP_DATA_OR_OUTPUT,file,0.099,data/products/imerg_v06/sensitivity/p98/events/events_imerg_v06_p98_2001.csv
KEEP_DATA_OR_OUTPUT,file,0.086,data/products/imerg_v06/sensitivity/p98/events/events_imerg_v06_p98_2002.csv
KEEP_DATA_OR_OUTPUT,file,0.087,data/products/imerg_v06/sensitivity/p98/events/events_imerg_v06_p98_2003.csv
KEEP_DATA_OR_OUTPUT,file,0.1,data/products/imerg_v06/sensitivity/p98/events/events_imerg_v06_p98_2004.csv
KEEP_DATA_OR_OUTPUT,file,0.09,data/products/imerg_v06/sensitivity/p98/events/events_imerg_v06_p98_2005.csv
KEEP_DATA_OR_OUTPUT,file,0.062,data/products/imerg_v06/sensitivity/p98/events/events_imerg_v06_p98_2006.csv
KEEP_DATA_OR_OUTPUT,file,0.523,data/products/imerg_v06/sensitivity/p98/events/events_imerg_v06_p98_all_years.csv
KEEP_DATA_OR_OUTPUT,file,0.001,data/products/imerg_v06/sensitivity/p98/pairs/README_GEE_EXPORTS_imerg_v06_p98.txt
KEEP_DATA_OR_OUTPUT,file,0.011,data/products/imerg_v06/sensitivity/p98/pairs/gee_pair_export_manifest_imerg_v06_p98_latest.json
KEEP_DATA_OR_OUTPUT,file,0.055,data/products/imerg_v06/sensitivity/p98/pairs/pairs_imerg_v06_p98_2001_chunk001.csv
KEEP_DATA_OR_OUTPUT,file,0.048,data/products/imerg_v06/sensitivity/p98/pairs/pairs_imerg_v06_p98_2002_chunk001.csv
KEEP_DATA_OR_OUTPUT,file,0.049,data/products/imerg_v06/sensitivity/p98/pairs/pairs_imerg_v06_p98_2003_chunk001.csv
KEEP_DATA_OR_OUTPUT,file,0.057,data/products/imerg_v06/sensitivity/p98/pairs/pairs_imerg_v06_p98_2004_chunk001.csv
KEEP_DATA_OR_OUTPUT,file,0.05,data/products/imerg_v06/sensitivity/p98/pairs/pairs_imerg_v06_p98_2005_chunk001.csv
KEEP_DATA_OR_OUTPUT,file,0.035,data/products/imerg_v06/sensitivity/p98/pairs/pairs_imerg_v06_p98_2006_chunk001.csv
KEEP_DATA_OR_OUTPUT,file,0.644,data/products/imerg_v06/sensitivity/p98/tables/pair_qc_imerg_v06_p98.csv
KEEP_DATA_OR_OUTPUT,file,0.002,data/products/imerg_v06/sensitivity/p98/zeta_grid/mean/zeta_grid_manifest_imerg_v06_p98_mean.json
KEEP_DATA_OR_OUTPUT,file,0.198,data/products/imerg_v06/sensitivity/p98/zeta_grid/mean/zeta_map_imerg_v06_p98_mean_idw_k8_p2p0.tif
KEEP_DATA_OR_OUTPUT,file,0.293,data/products/imerg_v06/sensitivity/p98/zeta_grid/mean/zeta_map_preview_imerg_v06_p98_mean.png
KEEP_DATA_OR_OUTPUT,file,0.036,data/products/imerg_v06/sensitivity/p98/zeta_grid/mean/zeta_station_points_imerg_v06_p98_mean.csv
KEEP_DATA_OR_OUTPUT,file,0.002,data/products/imerg_v06/sensitivity/p98/zeta_grid/median/zeta_grid_manifest_imerg_v06_p98_median.json
KEEP_DATA_OR_OUTPUT,file,0.207,data/products/imerg_v06/sensitivity/p98/zeta_grid/median/zeta_map_imerg_v06_p98_median_idw_k8_p2p0.tif
KEEP_DATA_OR_OUTPUT,file,0.311,data/products/imerg_v06/sensitivity/p98/zeta_grid/median/zeta_map_preview_imerg_v06_p98_median.png
KEEP_DATA_OR_OUTPUT,file,0.038,data/products/imerg_v06/sensitivity/p98/zeta_grid/median/zeta_station_points_imerg_v06_p98_median.csv
KEEP_DATA_OR_OUTPUT,file,0.002,data/products/imerg_v06/sensitivity/p98/zeta_station/mean/zeta_manifest_imerg_v06_p98_mean.json
KEEP_DATA_OR_OUTPUT,file,0.032,data/products/imerg_v06/sensitivity/p98/zeta_station/mean/zeta_per_station_imerg_v06_p98_mean.csv
KEEP_DATA_OR_OUTPUT,file,0.033,data/products/imerg_v06/sensitivity/p98/zeta_station/mean/zeta_station_all_imerg_v06_p98_mean.csv
KEEP_DATA_OR_OUTPUT,file,0.002,data/products/imerg_v06/sensitivity/p98/zeta_station/median/zeta_manifest_imerg_v06_p98_median.json
KEEP_DATA_OR_OUTPUT,file,0.032,data/products/imerg_v06/sensitivity/p98/zeta_station/median/zeta_per_station_imerg_v06_p98_median.csv
KEEP_DATA_OR_OUTPUT,file,0.033,data/products/imerg_v06/sensitivity/p98/zeta_station/median/zeta_station_all_imerg_v06_p98_median.csv
KEEP_DATA_OR_OUTPUT,file,0.002,data/products/imerg_v06/sensitivity/p98/zeta_station/zeta_manifest_imerg_v06_p98_mean_latest.json
KEEP_DATA_OR_OUTPUT,file,0.002,data/products/imerg_v06/sensitivity/p98/zeta_station/zeta_manifest_imerg_v06_p98_median_latest.json
KEEP_DATA_OR_OUTPUT,file,0.02,data/products/imerg_v07/sensitivity/p98/annual_max_corrected/mean/annual_max_correction_summary_imerg_v07_p98_mean.csv
KEEP_DATA_OR_OUTPUT,file,0.005,data/products/imerg_v07/sensitivity/p98/annual_max_corrected/mean/apply_bias_manifest_imerg_v07_p98_mean.json
KEEP_DATA_OR_OUTPUT,file,0.244,data/products/imerg_v07/sensitivity/p98/annual_max_corrected/mean/corrected_imerg_v07_p98_mean_2001.tif
KEEP_DATA_OR_OUTPUT,file,0.244,data/products/imerg_v07/sensitivity/p98/annual_max_corrected/mean/corrected_imerg_v07_p98_mean_2002.tif
KEEP_DATA_OR_OUTPUT,file,0.244,data/products/imerg_v07/sensitivity/p98/annual_max_corrected/mean/corrected_imerg_v07_p98_mean_2003.tif
KEEP_DATA_OR_OUTPUT,file,0.244,data/products/imerg_v07/sensitivity/p98/annual_max_corrected/mean/corrected_imerg_v07_p98_mean_2004.tif
KEEP_DATA_OR_OUTPUT,file,0.244,data/products/imerg_v07/sensitivity/p98/annual_max_corrected/mean/corrected_imerg_v07_p98_mean_2005.tif
KEEP_DATA_OR_OUTPUT,file,0.244,data/products/imerg_v07/sensitivity/p98/annual_max_corrected/mean/corrected_imerg_v07_p98_mean_2006.tif
KEEP_DATA_OR_OUTPUT,file,0.244,data/products/imerg_v07/sensitivity/p98/annual_max_corrected/mean/corrected_imerg_v07_p98_mean_2007.tif
KEEP_DATA_OR_OUTPUT,file,0.244,data/products/imerg_v07/sensitivity/p98/annual_max_corrected/mean/corrected_imerg_v07_p98_mean_2008.tif
KEEP_DATA_OR_OUTPUT,file,0.244,data/products/imerg_v07/sensitivity/p98/annual_max_corrected/mean/corrected_imerg_v07_p98_mean_2009.tif
KEEP_DATA_OR_OUTPUT,file,0.244,data/products/imerg_v07/sensitivity/p98/annual_max_corrected/mean/corrected_imerg_v07_p98_mean_2010.tif
KEEP_DATA_OR_OUTPUT,file,0.244,data/products/imerg_v07/sensitivity/p98/annual_max_corrected/mean/corrected_imerg_v07_p98_mean_2011.tif
KEEP_DATA_OR_OUTPUT,file,0.244,data/products/imerg_v07/sensitivity/p98/annual_max_corrected/mean/corrected_imerg_v07_p98_mean_2012.tif
KEEP_DATA_OR_OUTPUT,file,0.244,data/products/imerg_v07/sensitivity/p98/annual_max_corrected/mean/corrected_imerg_v07_p98_mean_2013.tif
KEEP_DATA_OR_OUTPUT,file,0.244,data/products/imerg_v07/sensitivity/p98/annual_max_corrected/mean/corrected_imerg_v07_p98_mean_2014.tif
KEEP_DATA_OR_OUTPUT,file,0.244,data/products/imerg_v07/sensitivity/p98/annual_max_corrected/mean/corrected_imerg_v07_p98_mean_2015.tif
KEEP_DATA_OR_OUTPUT,file,0.243,data/products/imerg_v07/sensitivity/p98/annual_max_corrected/mean/corrected_imerg_v07_p98_mean_2016.tif
KEEP_DATA_OR_OUTPUT,file,0.244,data/products/imerg_v07/sensitivity/p98/annual_max_corrected/mean/corrected_imerg_v07_p98_mean_2017.tif
KEEP_DATA_OR_OUTPUT,file,0.243,data/products/imerg_v07/sensitivity/p98/annual_max_corrected/mean/corrected_imerg_v07_p98_mean_2018.tif
KEEP_DATA_OR_OUTPUT,file,0.244,data/products/imerg_v07/sensitivity/p98/annual_max_corrected/mean/corrected_imerg_v07_p98_mean_2019.tif
KEEP_DATA_OR_OUTPUT,file,0.244,data/products/imerg_v07/sensitivity/p98/annual_max_corrected/mean/corrected_imerg_v07_p98_mean_2020.tif
KEEP_DATA_OR_OUTPUT,file,0.243,data/products/imerg_v07/sensitivity/p98/annual_max_corrected/mean/corrected_imerg_v07_p98_mean_2021.tif
KEEP_DATA_OR_OUTPUT,file,0.244,data/products/imerg_v07/sensitivity/p98/annual_max_corrected/mean/corrected_imerg_v07_p98_mean_2022.tif
KEEP_DATA_OR_OUTPUT,file,0.244,data/products/imerg_v07/sensitivity/p98/annual_max_corrected/mean/corrected_imerg_v07_p98_mean_2023.tif
KEEP_DATA_OR_OUTPUT,file,0.244,data/products/imerg_v07/sensitivity/p98/annual_max_corrected/mean/corrected_imerg_v07_p98_mean_2024.tif
KEEP_DATA_OR_OUTPUT,file,0.244,data/products/imerg_v07/sensitivity/p98/annual_max_corrected/mean/corrected_imerg_v07_p98_mean_2025.tif
KEEP_DATA_OR_OUTPUT,file,0.02,data/products/imerg_v07/sensitivity/p98/annual_max_corrected/median/annual_max_correction_summary_imerg_v07_p98_median.csv
KEEP_DATA_OR_OUTPUT,file,0.006,data/products/imerg_v07/sensitivity/p98/annual_max_corrected/median/apply_bias_manifest_imerg_v07_p98_median.json
KEEP_DATA_OR_OUTPUT,file,0.244,data/products/imerg_v07/sensitivity/p98/annual_max_corrected/median/corrected_imerg_v07_p98_median_2001.tif
KEEP_DATA_OR_OUTPUT,file,0.244,data/products/imerg_v07/sensitivity/p98/annual_max_corrected/median/corrected_imerg_v07_p98_median_2002.tif
KEEP_DATA_OR_OUTPUT,file,0.244,data/products/imerg_v07/sensitivity/p98/annual_max_corrected/median/corrected_imerg_v07_p98_median_2003.tif
KEEP_DATA_OR_OUTPUT,file,0.244,data/products/imerg_v07/sensitivity/p98/annual_max_corrected/median/corrected_imerg_v07_p98_median_2004.tif
KEEP_DATA_OR_OUTPUT,file,0.244,data/products/imerg_v07/sensitivity/p98/annual_max_corrected/median/corrected_imerg_v07_p98_median_2005.tif
KEEP_DATA_OR_OUTPUT,file,0.244,data/products/imerg_v07/sensitivity/p98/annual_max_corrected/median/corrected_imerg_v07_p98_median_2006.tif
KEEP_DATA_OR_OUTPUT,file,0.244,data/products/imerg_v07/sensitivity/p98/annual_max_corrected/median/corrected_imerg_v07_p98_median_2007.tif
KEEP_DATA_OR_OUTPUT,file,0.244,data/products/imerg_v07/sensitivity/p98/annual_max_corrected/median/corrected_imerg_v07_p98_median_2008.tif
KEEP_DATA_OR_OUTPUT,file,0.244,data/products/imerg_v07/sensitivity/p98/annual_max_corrected/median/corrected_imerg_v07_p98_median_2009.tif
KEEP_DATA_OR_OUTPUT,file,0.244,data/products/imerg_v07/sensitivity/p98/annual_max_corrected/median/corrected_imerg_v07_p98_median_2010.tif
KEEP_DATA_OR_OUTPUT,file,0.244,data/products/imerg_v07/sensitivity/p98/annual_max_corrected/median/corrected_imerg_v07_p98_median_2011.tif
KEEP_DATA_OR_OUTPUT,file,0.244,data/products/imerg_v07/sensitivity/p98/annual_max_corrected/median/corrected_imerg_v07_p98_median_2012.tif
KEEP_DATA_OR_OUTPUT,file,0.244,data/products/imerg_v07/sensitivity/p98/annual_max_corrected/median/corrected_imerg_v07_p98_median_2013.tif
KEEP_DATA_OR_OUTPUT,file,0.244,data/products/imerg_v07/sensitivity/p98/annual_max_corrected/median/corrected_imerg_v07_p98_median_2014.tif
KEEP_DATA_OR_OUTPUT,file,0.244,data/products/imerg_v07/sensitivity/p98/annual_max_corrected/median/corrected_imerg_v07_p98_median_2015.tif
KEEP_DATA_OR_OUTPUT,file,0.243,data/products/imerg_v07/sensitivity/p98/annual_max_corrected/median/corrected_imerg_v07_p98_median_2016.tif
KEEP_DATA_OR_OUTPUT,file,0.244,data/products/imerg_v07/sensitivity/p98/annual_max_corrected/median/corrected_imerg_v07_p98_median_2017.tif
KEEP_DATA_OR_OUTPUT,file,0.243,data/products/imerg_v07/sensitivity/p98/annual_max_corrected/median/corrected_imerg_v07_p98_median_2018.tif
KEEP_DATA_OR_OUTPUT,file,0.244,data/products/imerg_v07/sensitivity/p98/annual_max_corrected/median/corrected_imerg_v07_p98_median_2019.tif
KEEP_DATA_OR_OUTPUT,file,0.244,data/products/imerg_v07/sensitivity/p98/annual_max_corrected/median/corrected_imerg_v07_p98_median_2020.tif
KEEP_DATA_OR_OUTPUT,file,0.243,data/products/imerg_v07/sensitivity/p98/annual_max_corrected/median/corrected_imerg_v07_p98_median_2021.tif
KEEP_DATA_OR_OUTPUT,file,0.244,data/products/imerg_v07/sensitivity/p98/annual_max_corrected/median/corrected_imerg_v07_p98_median_2022.tif
KEEP_DATA_OR_OUTPUT,file,0.244,data/products/imerg_v07/sensitivity/p98/annual_max_corrected/median/corrected_imerg_v07_p98_median_2023.tif
KEEP_DATA_OR_OUTPUT,file,0.244,data/products/imerg_v07/sensitivity/p98/annual_max_corrected/median/corrected_imerg_v07_p98_median_2024.tif
KEEP_DATA_OR_OUTPUT,file,0.244,data/products/imerg_v07/sensitivity/p98/annual_max_corrected/median/corrected_imerg_v07_p98_median_2025.tif
KEEP_DATA_OR_OUTPUT,file,0.0,data/products/imerg_v07/sensitivity/p98/diagnostics/mean/diagnostic_metrics_imerg_v07_p98_mean.csv
KEEP_DATA_OR_OUTPUT,file,0.011,data/products/imerg_v07/sensitivity/p98/diagnostics/mean/diagnostic_summary_imerg_v07_p98_mean.json
KEEP_DATA_OR_OUTPUT,file,0.0,data/products/imerg_v07/sensitivity/p98/diagnostics/median/diagnostic_metrics_imerg_v07_p98_median.csv
KEEP_DATA_OR_OUTPUT,file,0.011,data/products/imerg_v07/sensitivity/p98/diagnostics/median/diagnostic_summary_imerg_v07_p98_median.json
KEEP_DATA_OR_OUTPUT,file,0.002,data/products/imerg_v07/sensitivity/p98/events/event_selection_manifest_imerg_v07_p98.json
KEEP_DATA_OR_OUTPUT,file,1.249,data/products/imerg_v07/sensitivity/p98/events/event_selection_summary_imerg_v07_p98.csv
KEEP_DATA_OR_OUTPUT,file,0.106,data/products/imerg_v07/sensitivity/p98/events/events_imerg_v07_p98_2001.csv
KEEP_DATA_OR_OUTPUT,file,0.092,data/products/imerg_v07/sensitivity/p98/events/events_imerg_v07_p98_2002.csv
KEEP_DATA_OR_OUTPUT,file,0.093,data/products/imerg_v07/sensitivity/p98/events/events_imerg_v07_p98_2003.csv
KEEP_DATA_OR_OUTPUT,file,0.107,data/products/imerg_v07/sensitivity/p98/events/events_imerg_v07_p98_2004.csv
KEEP_DATA_OR_OUTPUT,file,0.097,data/products/imerg_v07/sensitivity/p98/events/events_imerg_v07_p98_2005.csv
KEEP_DATA_OR_OUTPUT,file,0.067,data/products/imerg_v07/sensitivity/p98/events/events_imerg_v07_p98_2006.csv
KEEP_DATA_OR_OUTPUT,file,0.0,data/products/imerg_v07/sensitivity/p98/events/events_imerg_v07_p98_2007.csv
KEEP_DATA_OR_OUTPUT,file,0.0,data/products/imerg_v07/sensitivity/p98/events/events_imerg_v07_p98_2008.csv
KEEP_DATA_OR_OUTPUT,file,0.0,data/products/imerg_v07/sensitivity/p98/events/events_imerg_v07_p98_2009.csv
KEEP_DATA_OR_OUTPUT,file,0.0,data/products/imerg_v07/sensitivity/p98/events/events_imerg_v07_p98_2010.csv
KEEP_DATA_OR_OUTPUT,file,0.0,data/products/imerg_v07/sensitivity/p98/events/events_imerg_v07_p98_2011.csv
KEEP_DATA_OR_OUTPUT,file,0.0,data/products/imerg_v07/sensitivity/p98/events/events_imerg_v07_p98_2012.csv
KEEP_DATA_OR_OUTPUT,file,0.0,data/products/imerg_v07/sensitivity/p98/events/events_imerg_v07_p98_2013.csv
KEEP_DATA_OR_OUTPUT,file,0.0,data/products/imerg_v07/sensitivity/p98/events/events_imerg_v07_p98_2014.csv
KEEP_DATA_OR_OUTPUT,file,0.0,data/products/imerg_v07/sensitivity/p98/events/events_imerg_v07_p98_2015.csv
KEEP_DATA_OR_OUTPUT,file,0.0,data/products/imerg_v07/sensitivity/p98/events/events_imerg_v07_p98_2016.csv
KEEP_DATA_OR_OUTPUT,file,0.0,data/products/imerg_v07/sensitivity/p98/events/events_imerg_v07_p98_2017.csv
KEEP_DATA_OR_OUTPUT,file,0.0,data/products/imerg_v07/sensitivity/p98/events/events_imerg_v07_p98_2018.csv
KEEP_DATA_OR_OUTPUT,file,0.0,data/products/imerg_v07/sensitivity/p98/events/events_imerg_v07_p98_2019.csv
KEEP_DATA_OR_OUTPUT,file,0.561,data/products/imerg_v07/sensitivity/p98/events/events_imerg_v07_p98_all_years.csv
KEEP_DATA_OR_OUTPUT,file,0.001,data/products/imerg_v07/sensitivity/p98/pairs/README_GEE_EXPORTS_imerg_v07_p98.txt
KEEP_DATA_OR_OUTPUT,file,0.011,data/products/imerg_v07/sensitivity/p98/pairs/gee_pair_export_manifest_imerg_v07_p98_latest.json
KEEP_DATA_OR_OUTPUT,file,0.055,data/products/imerg_v07/sensitivity/p98/pairs/pairs_imerg_v07_p98_2001_chunk001.csv
KEEP_DATA_OR_OUTPUT,file,0.047,data/products/imerg_v07/sensitivity/p98/pairs/pairs_imerg_v07_p98_2002_chunk001.csv
KEEP_DATA_OR_OUTPUT,file,0.049,data/products/imerg_v07/sensitivity/p98/pairs/pairs_imerg_v07_p98_2003_chunk001.csv
KEEP_DATA_OR_OUTPUT,file,0.058,data/products/imerg_v07/sensitivity/p98/pairs/pairs_imerg_v07_p98_2004_chunk001.csv
KEEP_DATA_OR_OUTPUT,file,0.051,data/products/imerg_v07/sensitivity/p98/pairs/pairs_imerg_v07_p98_2005_chunk001.csv
KEEP_DATA_OR_OUTPUT,file,0.035,data/products/imerg_v07/sensitivity/p98/pairs/pairs_imerg_v07_p98_2006_chunk001.csv
KEEP_DATA_OR_OUTPUT,file,0.659,data/products/imerg_v07/sensitivity/p98/tables/pair_qc_imerg_v07_p98.csv
KEEP_DATA_OR_OUTPUT,file,0.002,data/products/imerg_v07/sensitivity/p98/zeta_grid/mean/zeta_grid_manifest_imerg_v07_p98_mean.json
KEEP_DATA_OR_OUTPUT,file,0.195,data/products/imerg_v07/sensitivity/p98/zeta_grid/mean/zeta_map_imerg_v07_p98_mean_idw_k8_p2p0.tif
KEEP_DATA_OR_OUTPUT,file,0.269,data/products/imerg_v07/sensitivity/p98/zeta_grid/mean/zeta_map_preview_imerg_v07_p98_mean.png
KEEP_DATA_OR_OUTPUT,file,0.037,data/products/imerg_v07/sensitivity/p98/zeta_grid/mean/zeta_station_points_imerg_v07_p98_mean.csv
KEEP_DATA_OR_OUTPUT,file,0.002,data/products/imerg_v07/sensitivity/p98/zeta_grid/median/zeta_grid_manifest_imerg_v07_p98_median.json
KEEP_DATA_OR_OUTPUT,file,0.201,data/products/imerg_v07/sensitivity/p98/zeta_grid/median/zeta_map_imerg_v07_p98_median_idw_k8_p2p0.tif
KEEP_DATA_OR_OUTPUT,file,0.318,data/products/imerg_v07/sensitivity/p98/zeta_grid/median/zeta_map_preview_imerg_v07_p98_median.png
KEEP_DATA_OR_OUTPUT,file,0.041,data/products/imerg_v07/sensitivity/p98/zeta_grid/median/zeta_station_points_imerg_v07_p98_median.csv
KEEP_DATA_OR_OUTPUT,file,0.002,data/products/imerg_v07/sensitivity/p98/zeta_station/mean/zeta_manifest_imerg_v07_p98_mean.json
KEEP_DATA_OR_OUTPUT,file,0.032,data/products/imerg_v07/sensitivity/p98/zeta_station/mean/zeta_per_station_imerg_v07_p98_mean.csv
KEEP_DATA_OR_OUTPUT,file,0.033,data/products/imerg_v07/sensitivity/p98/zeta_station/mean/zeta_station_all_imerg_v07_p98_mean.csv
KEEP_DATA_OR_OUTPUT,file,0.002,data/products/imerg_v07/sensitivity/p98/zeta_station/median/zeta_manifest_imerg_v07_p98_median.json
KEEP_DATA_OR_OUTPUT,file,0.032,data/products/imerg_v07/sensitivity/p98/zeta_station/median/zeta_per_station_imerg_v07_p98_median.csv
KEEP_DATA_OR_OUTPUT,file,0.034,data/products/imerg_v07/sensitivity/p98/zeta_station/median/zeta_station_all_imerg_v07_p98_median.csv
KEEP_DATA_OR_OUTPUT,file,0.002,data/products/imerg_v07/sensitivity/p98/zeta_station/zeta_manifest_imerg_v07_p98_mean_latest.json
KEEP_DATA_OR_OUTPUT,file,0.002,data/products/imerg_v07/sensitivity/p98/zeta_station/zeta_manifest_imerg_v07_p98_median_latest.json
KEEP_DATA_OR_OUTPUT,file,0.001,data/products/p98_bias_correction_summary_all_products.csv
KEEP_DATA_OR_OUTPUT,file,0.001,data/products/p98_bias_correction_summary_all_products_mean.csv
KEEP_DATA_OR_OUTPUT,file,0.001,data/products/p98_bias_correction_summary_all_products_mean_old_method.csv
KEEP_DATA_OR_OUTPUT,file,0.001,data/products/p98_bias_correction_summary_all_products_median.csv
KEEP_DATA_OR_OUTPUT,file,0.001,data/products/p98_bias_correction_summary_product_years_mean.csv
KEEP_DATA_OR_OUTPUT,file,0.001,data/products/p98_bias_correction_summary_product_years_median.csv
KEEP_DATA_OR_OUTPUT,file,0.03,data/products/p98_corrected_max_pixel_diagnostic.csv
KEEP_DATA_OR_OUTPUT,file,0.029,data/products/p98_corrected_max_pixel_diagnostic_mean.csv
KEEP_DATA_OR_OUTPUT,file,0.029,data/products/p98_corrected_max_pixel_diagnostic_median.csv
KEEP_DATA_OR_OUTPUT,file,0.024,data/products/p98_corrected_max_pixel_diagnostic_product_years_mean.csv
KEEP_DATA_OR_OUTPUT,file,0.024,data/products/p98_corrected_max_pixel_diagnostic_product_years_median.csv
KEEP_DATA_OR_OUTPUT,file,0.025,data/products/persiann_cdr/sensitivity/p98/annual_max_corrected/mean/annual_max_correction_summary_persiann_cdr_p98_mean.csv
KEEP_DATA_OR_OUTPUT,file,0.007,data/products/persiann_cdr/sensitivity/p98/annual_max_corrected/mean/apply_bias_manifest_persiann_cdr_p98_mean.json
KEEP_DATA_OR_OUTPUT,file,0.041,data/products/persiann_cdr/sensitivity/p98/annual_max_corrected/mean/corrected_persiann_cdr_p98_mean_1995.tif
KEEP_DATA_OR_OUTPUT,file,0.041,data/products/persiann_cdr/sensitivity/p98/annual_max_corrected/mean/corrected_persiann_cdr_p98_mean_1996.tif
KEEP_DATA_OR_OUTPUT,file,0.041,data/products/persiann_cdr/sensitivity/p98/annual_max_corrected/mean/corrected_persiann_cdr_p98_mean_1997.tif
KEEP_DATA_OR_OUTPUT,file,0.041,data/products/persiann_cdr/sensitivity/p98/annual_max_corrected/mean/corrected_persiann_cdr_p98_mean_1998.tif
KEEP_DATA_OR_OUTPUT,file,0.041,data/products/persiann_cdr/sensitivity/p98/annual_max_corrected/mean/corrected_persiann_cdr_p98_mean_1999.tif
KEEP_DATA_OR_OUTPUT,file,0.041,data/products/persiann_cdr/sensitivity/p98/annual_max_corrected/mean/corrected_persiann_cdr_p98_mean_2000.tif
KEEP_DATA_OR_OUTPUT,file,0.041,data/products/persiann_cdr/sensitivity/p98/annual_max_corrected/mean/corrected_persiann_cdr_p98_mean_2001.tif
KEEP_DATA_OR_OUTPUT,file,0.041,data/products/persiann_cdr/sensitivity/p98/annual_max_corrected/mean/corrected_persiann_cdr_p98_mean_2002.tif
KEEP_DATA_OR_OUTPUT,file,0.041,data/products/persiann_cdr/sensitivity/p98/annual_max_corrected/mean/corrected_persiann_cdr_p98_mean_2003.tif
KEEP_DATA_OR_OUTPUT,file,0.041,data/products/persiann_cdr/sensitivity/p98/annual_max_corrected/mean/corrected_persiann_cdr_p98_mean_2004.tif
KEEP_DATA_OR_OUTPUT,file,0.041,data/products/persiann_cdr/sensitivity/p98/annual_max_corrected/mean/corrected_persiann_cdr_p98_mean_2005.tif
KEEP_DATA_OR_OUTPUT,file,0.041,data/products/persiann_cdr/sensitivity/p98/annual_max_corrected/mean/corrected_persiann_cdr_p98_mean_2006.tif
KEEP_DATA_OR_OUTPUT,file,0.041,data/products/persiann_cdr/sensitivity/p98/annual_max_corrected/mean/corrected_persiann_cdr_p98_mean_2007.tif
KEEP_DATA_OR_OUTPUT,file,0.041,data/products/persiann_cdr/sensitivity/p98/annual_max_corrected/mean/corrected_persiann_cdr_p98_mean_2008.tif
KEEP_DATA_OR_OUTPUT,file,0.041,data/products/persiann_cdr/sensitivity/p98/annual_max_corrected/mean/corrected_persiann_cdr_p98_mean_2009.tif
KEEP_DATA_OR_OUTPUT,file,0.041,data/products/persiann_cdr/sensitivity/p98/annual_max_corrected/mean/corrected_persiann_cdr_p98_mean_2010.tif
KEEP_DATA_OR_OUTPUT,file,0.041,data/products/persiann_cdr/sensitivity/p98/annual_max_corrected/mean/corrected_persiann_cdr_p98_mean_2011.tif
KEEP_DATA_OR_OUTPUT,file,0.041,data/products/persiann_cdr/sensitivity/p98/annual_max_corrected/mean/corrected_persiann_cdr_p98_mean_2012.tif
KEEP_DATA_OR_OUTPUT,file,0.041,data/products/persiann_cdr/sensitivity/p98/annual_max_corrected/mean/corrected_persiann_cdr_p98_mean_2013.tif
KEEP_DATA_OR_OUTPUT,file,0.041,data/products/persiann_cdr/sensitivity/p98/annual_max_corrected/mean/corrected_persiann_cdr_p98_mean_2014.tif
KEEP_DATA_OR_OUTPUT,file,0.041,data/products/persiann_cdr/sensitivity/p98/annual_max_corrected/mean/corrected_persiann_cdr_p98_mean_2015.tif
KEEP_DATA_OR_OUTPUT,file,0.041,data/products/persiann_cdr/sensitivity/p98/annual_max_corrected/mean/corrected_persiann_cdr_p98_mean_2016.tif
KEEP_DATA_OR_OUTPUT,file,0.041,data/products/persiann_cdr/sensitivity/p98/annual_max_corrected/mean/corrected_persiann_cdr_p98_mean_2017.tif
KEEP_DATA_OR_OUTPUT,file,0.041,data/products/persiann_cdr/sensitivity/p98/annual_max_corrected/mean/corrected_persiann_cdr_p98_mean_2018.tif
KEEP_DATA_OR_OUTPUT,file,0.041,data/products/persiann_cdr/sensitivity/p98/annual_max_corrected/mean/corrected_persiann_cdr_p98_mean_2019.tif
KEEP_DATA_OR_OUTPUT,file,0.041,data/products/persiann_cdr/sensitivity/p98/annual_max_corrected/mean/corrected_persiann_cdr_p98_mean_2020.tif
KEEP_DATA_OR_OUTPUT,file,0.041,data/products/persiann_cdr/sensitivity/p98/annual_max_corrected/mean/corrected_persiann_cdr_p98_mean_2021.tif
KEEP_DATA_OR_OUTPUT,file,0.041,data/products/persiann_cdr/sensitivity/p98/annual_max_corrected/mean/corrected_persiann_cdr_p98_mean_2022.tif
KEEP_DATA_OR_OUTPUT,file,0.041,data/products/persiann_cdr/sensitivity/p98/annual_max_corrected/mean/corrected_persiann_cdr_p98_mean_2023.tif
KEEP_DATA_OR_OUTPUT,file,0.041,data/products/persiann_cdr/sensitivity/p98/annual_max_corrected/mean/corrected_persiann_cdr_p98_mean_2024.tif
KEEP_DATA_OR_OUTPUT,file,0.041,data/products/persiann_cdr/sensitivity/p98/annual_max_corrected/mean/corrected_persiann_cdr_p98_mean_2025.tif
KEEP_DATA_OR_OUTPUT,file,0.025,data/products/persiann_cdr/sensitivity/p98/annual_max_corrected/median/annual_max_correction_summary_persiann_cdr_p98_median.csv
KEEP_DATA_OR_OUTPUT,file,0.007,data/products/persiann_cdr/sensitivity/p98/annual_max_corrected/median/apply_bias_manifest_persiann_cdr_p98_median.json
KEEP_DATA_OR_OUTPUT,file,0.041,data/products/persiann_cdr/sensitivity/p98/annual_max_corrected/median/corrected_persiann_cdr_p98_median_1995.tif
KEEP_DATA_OR_OUTPUT,file,0.041,data/products/persiann_cdr/sensitivity/p98/annual_max_corrected/median/corrected_persiann_cdr_p98_median_1996.tif
KEEP_DATA_OR_OUTPUT,file,0.041,data/products/persiann_cdr/sensitivity/p98/annual_max_corrected/median/corrected_persiann_cdr_p98_median_1997.tif
KEEP_DATA_OR_OUTPUT,file,0.041,data/products/persiann_cdr/sensitivity/p98/annual_max_corrected/median/corrected_persiann_cdr_p98_median_1998.tif
KEEP_DATA_OR_OUTPUT,file,0.041,data/products/persiann_cdr/sensitivity/p98/annual_max_corrected/median/corrected_persiann_cdr_p98_median_1999.tif
KEEP_DATA_OR_OUTPUT,file,0.041,data/products/persiann_cdr/sensitivity/p98/annual_max_corrected/median/corrected_persiann_cdr_p98_median_2000.tif
KEEP_DATA_OR_OUTPUT,file,0.041,data/products/persiann_cdr/sensitivity/p98/annual_max_corrected/median/corrected_persiann_cdr_p98_median_2001.tif
KEEP_DATA_OR_OUTPUT,file,0.041,data/products/persiann_cdr/sensitivity/p98/annual_max_corrected/median/corrected_persiann_cdr_p98_median_2002.tif
KEEP_DATA_OR_OUTPUT,file,0.041,data/products/persiann_cdr/sensitivity/p98/annual_max_corrected/median/corrected_persiann_cdr_p98_median_2003.tif
KEEP_DATA_OR_OUTPUT,file,0.041,data/products/persiann_cdr/sensitivity/p98/annual_max_corrected/median/corrected_persiann_cdr_p98_median_2004.tif
KEEP_DATA_OR_OUTPUT,file,0.041,data/products/persiann_cdr/sensitivity/p98/annual_max_corrected/median/corrected_persiann_cdr_p98_median_2005.tif
KEEP_DATA_OR_OUTPUT,file,0.041,data/products/persiann_cdr/sensitivity/p98/annual_max_corrected/median/corrected_persiann_cdr_p98_median_2006.tif
KEEP_DATA_OR_OUTPUT,file,0.041,data/products/persiann_cdr/sensitivity/p98/annual_max_corrected/median/corrected_persiann_cdr_p98_median_2007.tif
KEEP_DATA_OR_OUTPUT,file,0.041,data/products/persiann_cdr/sensitivity/p98/annual_max_corrected/median/corrected_persiann_cdr_p98_median_2008.tif
KEEP_DATA_OR_OUTPUT,file,0.041,data/products/persiann_cdr/sensitivity/p98/annual_max_corrected/median/corrected_persiann_cdr_p98_median_2009.tif
KEEP_DATA_OR_OUTPUT,file,0.041,data/products/persiann_cdr/sensitivity/p98/annual_max_corrected/median/corrected_persiann_cdr_p98_median_2010.tif
KEEP_DATA_OR_OUTPUT,file,0.041,data/products/persiann_cdr/sensitivity/p98/annual_max_corrected/median/corrected_persiann_cdr_p98_median_2011.tif
KEEP_DATA_OR_OUTPUT,file,0.041,data/products/persiann_cdr/sensitivity/p98/annual_max_corrected/median/corrected_persiann_cdr_p98_median_2012.tif
KEEP_DATA_OR_OUTPUT,file,0.041,data/products/persiann_cdr/sensitivity/p98/annual_max_corrected/median/corrected_persiann_cdr_p98_median_2013.tif
KEEP_DATA_OR_OUTPUT,file,0.041,data/products/persiann_cdr/sensitivity/p98/annual_max_corrected/median/corrected_persiann_cdr_p98_median_2014.tif
KEEP_DATA_OR_OUTPUT,file,0.041,data/products/persiann_cdr/sensitivity/p98/annual_max_corrected/median/corrected_persiann_cdr_p98_median_2015.tif
KEEP_DATA_OR_OUTPUT,file,0.041,data/products/persiann_cdr/sensitivity/p98/annual_max_corrected/median/corrected_persiann_cdr_p98_median_2016.tif
KEEP_DATA_OR_OUTPUT,file,0.041,data/products/persiann_cdr/sensitivity/p98/annual_max_corrected/median/corrected_persiann_cdr_p98_median_2017.tif
KEEP_DATA_OR_OUTPUT,file,0.041,data/products/persiann_cdr/sensitivity/p98/annual_max_corrected/median/corrected_persiann_cdr_p98_median_2018.tif
KEEP_DATA_OR_OUTPUT,file,0.041,data/products/persiann_cdr/sensitivity/p98/annual_max_corrected/median/corrected_persiann_cdr_p98_median_2019.tif
KEEP_DATA_OR_OUTPUT,file,0.041,data/products/persiann_cdr/sensitivity/p98/annual_max_corrected/median/corrected_persiann_cdr_p98_median_2020.tif
KEEP_DATA_OR_OUTPUT,file,0.041,data/products/persiann_cdr/sensitivity/p98/annual_max_corrected/median/corrected_persiann_cdr_p98_median_2021.tif
KEEP_DATA_OR_OUTPUT,file,0.041,data/products/persiann_cdr/sensitivity/p98/annual_max_corrected/median/corrected_persiann_cdr_p98_median_2022.tif
KEEP_DATA_OR_OUTPUT,file,0.041,data/products/persiann_cdr/sensitivity/p98/annual_max_corrected/median/corrected_persiann_cdr_p98_median_2023.tif
KEEP_DATA_OR_OUTPUT,file,0.041,data/products/persiann_cdr/sensitivity/p98/annual_max_corrected/median/corrected_persiann_cdr_p98_median_2024.tif
KEEP_DATA_OR_OUTPUT,file,0.041,data/products/persiann_cdr/sensitivity/p98/annual_max_corrected/median/corrected_persiann_cdr_p98_median_2025.tif
KEEP_DATA_OR_OUTPUT,file,0.0,data/products/persiann_cdr/sensitivity/p98/diagnostics/mean/diagnostic_metrics_persiann_cdr_p98_mean.csv
KEEP_DATA_OR_OUTPUT,file,0.011,data/products/persiann_cdr/sensitivity/p98/diagnostics/mean/diagnostic_summary_persiann_cdr_p98_mean.json
KEEP_DATA_OR_OUTPUT,file,0.0,data/products/persiann_cdr/sensitivity/p98/diagnostics/median/diagnostic_metrics_persiann_cdr_p98_median.csv
KEEP_DATA_OR_OUTPUT,file,0.011,data/products/persiann_cdr/sensitivity/p98/diagnostics/median/diagnostic_summary_persiann_cdr_p98_median.json
KEEP_DATA_OR_OUTPUT,file,0.003,data/products/persiann_cdr/sensitivity/p98/events/event_selection_manifest_persiann_cdr_p98.json
KEEP_DATA_OR_OUTPUT,file,2.573,data/products/persiann_cdr/sensitivity/p98/events/event_selection_summary_persiann_cdr_p98.csv
KEEP_DATA_OR_OUTPUT,file,0.096,data/products/persiann_cdr/sensitivity/p98/events/events_persiann_cdr_p98_1995.csv
KEEP_DATA_OR_OUTPUT,file,0.102,data/products/persiann_cdr/sensitivity/p98/events/events_persiann_cdr_p98_1996.csv
KEEP_DATA_OR_OUTPUT,file,0.101,data/products/persiann_cdr/sensitivity/p98/events/events_persiann_cdr_p98_1997.csv
KEEP_DATA_OR_OUTPUT,file,0.105,data/products/persiann_cdr/sensitivity/p98/events/events_persiann_cdr_p98_1998.csv
KEEP_DATA_OR_OUTPUT,file,0.098,data/products/persiann_cdr/sensitivity/p98/events/events_persiann_cdr_p98_1999.csv
KEEP_DATA_OR_OUTPUT,file,0.102,data/products/persiann_cdr/sensitivity/p98/events/events_persiann_cdr_p98_2000.csv
KEEP_DATA_OR_OUTPUT,file,0.103,data/products/persiann_cdr/sensitivity/p98/events/events_persiann_cdr_p98_2001.csv
KEEP_DATA_OR_OUTPUT,file,0.089,data/products/persiann_cdr/sensitivity/p98/events/events_persiann_cdr_p98_2002.csv
KEEP_DATA_OR_OUTPUT,file,0.09,data/products/persiann_cdr/sensitivity/p98/events/events_persiann_cdr_p98_2003.csv
KEEP_DATA_OR_OUTPUT,file,0.104,data/products/persiann_cdr/sensitivity/p98/events/events_persiann_cdr_p98_2004.csv
KEEP_DATA_OR_OUTPUT,file,0.093,data/products/persiann_cdr/sensitivity/p98/events/events_persiann_cdr_p98_2005.csv
KEEP_DATA_OR_OUTPUT,file,0.065,data/products/persiann_cdr/sensitivity/p98/events/events_persiann_cdr_p98_2006.csv
KEEP_DATA_OR_OUTPUT,file,1.144,data/products/persiann_cdr/sensitivity/p98/events/events_persiann_cdr_p98_all_years.csv
KEEP_DATA_OR_OUTPUT,file,0.001,data/products/persiann_cdr/sensitivity/p98/pairs/README_GEE_EXPORTS_persiann_cdr_p98.txt
KEEP_DATA_OR_OUTPUT,file,0.02,data/products/persiann_cdr/sensitivity/p98/pairs/gee_pair_export_manifest_persiann_cdr_p98_latest.json
KEEP_DATA_OR_OUTPUT,file,0.053,data/products/persiann_cdr/sensitivity/p98/pairs/pairs_persiann_cdr_p98_1995_chunk001.csv
KEEP_DATA_OR_OUTPUT,file,0.058,data/products/persiann_cdr/sensitivity/p98/pairs/pairs_persiann_cdr_p98_1996_chunk001.csv
KEEP_DATA_OR_OUTPUT,file,0.058,data/products/persiann_cdr/sensitivity/p98/pairs/pairs_persiann_cdr_p98_1997_chunk001.csv
KEEP_DATA_OR_OUTPUT,file,0.058,data/products/persiann_cdr/sensitivity/p98/pairs/pairs_persiann_cdr_p98_1998_chunk001.csv
KEEP_DATA_OR_OUTPUT,file,0.055,data/products/persiann_cdr/sensitivity/p98/pairs/pairs_persiann_cdr_p98_1999_chunk001.csv
KEEP_DATA_OR_OUTPUT,file,0.059,data/products/persiann_cdr/sensitivity/p98/pairs/pairs_persiann_cdr_p98_2000_chunk001.csv
KEEP_DATA_OR_OUTPUT,file,0.058,data/products/persiann_cdr/sensitivity/p98/pairs/pairs_persiann_cdr_p98_2001_chunk001.csv
KEEP_DATA_OR_OUTPUT,file,0.051,data/products/persiann_cdr/sensitivity/p98/pairs/pairs_persiann_cdr_p98_2002_chunk001.csv
KEEP_DATA_OR_OUTPUT,file,0.052,data/products/persiann_cdr/sensitivity/p98/pairs/pairs_persiann_cdr_p98_2003_chunk001.csv
KEEP_DATA_OR_OUTPUT,file,0.061,data/products/persiann_cdr/sensitivity/p98/pairs/pairs_persiann_cdr_p98_2004_chunk001.csv
KEEP_DATA_OR_OUTPUT,file,0.053,data/products/persiann_cdr/sensitivity/p98/pairs/pairs_persiann_cdr_p98_2005_chunk001.csv
KEEP_DATA_OR_OUTPUT,file,0.037,data/products/persiann_cdr/sensitivity/p98/pairs/pairs_persiann_cdr_p98_2006_chunk001.csv
KEEP_DATA_OR_OUTPUT,file,1.45,data/products/persiann_cdr/sensitivity/p98/tables/pair_qc_persiann_cdr_p98.csv
KEEP_DATA_OR_OUTPUT,file,0.002,data/products/persiann_cdr/sensitivity/p98/zeta_grid/mean/zeta_grid_manifest_persiann_cdr_p98_mean.json
KEEP_DATA_OR_OUTPUT,file,0.036,data/products/persiann_cdr/sensitivity/p98/zeta_grid/mean/zeta_map_persiann_cdr_p98_mean_idw_k8_p2p0.tif
KEEP_DATA_OR_OUTPUT,file,0.1,data/products/persiann_cdr/sensitivity/p98/zeta_grid/mean/zeta_map_preview_persiann_cdr_p98_mean.png
KEEP_DATA_OR_OUTPUT,file,0.041,data/products/persiann_cdr/sensitivity/p98/zeta_grid/mean/zeta_station_points_persiann_cdr_p98_mean.csv
KEEP_DATA_OR_OUTPUT,file,0.002,data/products/persiann_cdr/sensitivity/p98/zeta_grid/median/zeta_grid_manifest_persiann_cdr_p98_median.json
KEEP_DATA_OR_OUTPUT,file,0.037,data/products/persiann_cdr/sensitivity/p98/zeta_grid/median/zeta_map_persiann_cdr_p98_median_idw_k8_p2p0.tif
KEEP_DATA_OR_OUTPUT,file,0.102,data/products/persiann_cdr/sensitivity/p98/zeta_grid/median/zeta_map_preview_persiann_cdr_p98_median.png
KEEP_DATA_OR_OUTPUT,file,0.045,data/products/persiann_cdr/sensitivity/p98/zeta_grid/median/zeta_station_points_persiann_cdr_p98_median.csv
KEEP_DATA_OR_OUTPUT,file,0.003,data/products/persiann_cdr/sensitivity/p98/zeta_station/mean/zeta_manifest_persiann_cdr_p98_mean.json
KEEP_DATA_OR_OUTPUT,file,0.038,data/products/persiann_cdr/sensitivity/p98/zeta_station/mean/zeta_per_station_persiann_cdr_p98_mean.csv
KEEP_DATA_OR_OUTPUT,file,0.038,data/products/persiann_cdr/sensitivity/p98/zeta_station/mean/zeta_station_all_persiann_cdr_p98_mean.csv
KEEP_DATA_OR_OUTPUT,file,0.003,data/products/persiann_cdr/sensitivity/p98/zeta_station/median/zeta_manifest_persiann_cdr_p98_median.json
KEEP_DATA_OR_OUTPUT,file,0.038,data/products/persiann_cdr/sensitivity/p98/zeta_station/median/zeta_per_station_persiann_cdr_p98_median.csv
KEEP_DATA_OR_OUTPUT,file,0.039,data/products/persiann_cdr/sensitivity/p98/zeta_station/median/zeta_station_all_persiann_cdr_p98_median.csv
KEEP_DATA_OR_OUTPUT,file,0.003,data/products/persiann_cdr/sensitivity/p98/zeta_station/zeta_manifest_persiann_cdr_p98_mean_latest.json
KEEP_DATA_OR_OUTPUT,file,0.003,data/products/persiann_cdr/sensitivity/p98/zeta_station/zeta_manifest_persiann_cdr_p98_median_latest.json
KEEP_AUDIT_OR_MOVE_TO_DEBUG,file,0.009,diagnose_legacy_vs_current_bias.py
REVIEW_SCRIPT,file,0.007,export_br_dwgd_pairs_scaled.py
REVIEW_SCRIPT,file,0.011,export_pairs_paper_consistent.py
ARCHIVE_OR_DELETE_BACKUP,file,0.006,figures/bias_correction/legacy_style_5x3_helvetica/p98/.DS_Store
REVIEW_OTHER,file,2.668,figures/bias_correction/legacy_style_5x3_helvetica/p98/mean/density_raw_vs_corrected_and_biasmaps_5x3_p98_mean.pdf
REVIEW_OTHER,file,3.564,figures/bias_correction/legacy_style_5x3_helvetica/p98/mean/density_raw_vs_corrected_and_biasmaps_5x3_p98_mean.png
REVIEW_OTHER,file,2.725,figures/bias_correction/legacy_style_5x3_helvetica/p98/median/density_raw_vs_corrected_and_biasmaps_5x3_p98_median.pdf
REVIEW_OTHER,file,3.6,figures/bias_correction/legacy_style_5x3_helvetica/p98/median/density_raw_vs_corrected_and_biasmaps_5x3_p98_median.png
ARCHIVE_OR_DELETE_BACKUP,file,0.006,figures/bias_correction/legacy_style_5x3_helvetica_biomes/p98/.DS_Store
KEEP_DATA_OR_OUTPUT,file,2.891,figures/bias_correction/legacy_style_5x3_helvetica_biomes/p98/mean/density_raw_vs_corrected_and_biasmaps_5x3_p98_mean_biomes.pdf
KEEP_DATA_OR_OUTPUT,file,4.064,figures/bias_correction/legacy_style_5x3_helvetica_biomes/p98/mean/density_raw_vs_corrected_and_biasmaps_5x3_p98_mean_biomes.png
KEEP_DATA_OR_OUTPUT,file,9.398,figures/bias_correction/legacy_style_5x3_helvetica_biomes/p98/mean/density_raw_vs_corrected_and_biasmaps_5x3_p98_mean_biomes.svg
KEEP_DATA_OR_OUTPUT,file,6.611,figures/bias_correction/legacy_style_5x3_helvetica_biomes/p98/mean/density_raw_vs_corrected_and_biasmaps_5x3_p98_mean_biomes_edited.pdf
KEEP_DATA_OR_OUTPUT,file,9.01,figures/bias_correction/legacy_style_5x3_helvetica_biomes/p98/mean/density_raw_vs_corrected_and_biasmaps_5x3_p98_mean_biomes_edited.svg
KEEP_DATA_OR_OUTPUT,file,2.944,figures/bias_correction/legacy_style_5x3_helvetica_biomes/p98/median/density_raw_vs_corrected_and_biasmaps_5x3_p98_median_biomes.pdf
KEEP_DATA_OR_OUTPUT,file,4.097,figures/bias_correction/legacy_style_5x3_helvetica_biomes/p98/median/density_raw_vs_corrected_and_biasmaps_5x3_p98_median_biomes.png
KEEP_DATA_OR_OUTPUT,file,9.468,figures/bias_correction/legacy_style_5x3_helvetica_biomes/p98/median/density_raw_vs_corrected_and_biasmaps_5x3_p98_median_biomes.svg
KEEP_DATA_OR_OUTPUT,file,6.645,figures/bias_correction/legacy_style_5x3_helvetica_biomes/p98/median/density_raw_vs_corrected_and_biasmaps_5x3_p98_median_biomes_edited.pdf
KEEP_DATA_OR_OUTPUT,file,9.051,figures/bias_correction/legacy_style_5x3_helvetica_biomes/p98/median/density_raw_vs_corrected_and_biasmaps_5x3_p98_median_biomes_edited.svg
ARCHIVE_OR_DELETE_BACKUP,file,0.006,figures/bias_correction/p98/.DS_Store
REVIEW_OTHER,file,2.896,figures/bias_correction/p98/mean/bias_correction_raw_corrected_zeta_p98_mean.pdf
REVIEW_OTHER,file,3.791,figures/bias_correction/p98/mean/bias_correction_raw_corrected_zeta_p98_mean.png
REVIEW_OTHER,file,2.982,figures/bias_correction/p98/median/bias_correction_raw_corrected_zeta_p98_median.pdf
REVIEW_OTHER,file,3.892,figures/bias_correction/p98/median/bias_correction_raw_corrected_zeta_p98_median.png
ARCHIVE_OR_DELETE_BACKUP,file,0.006,figures/bias_correction/paper5/p98/.DS_Store
REVIEW_OTHER,file,3.148,figures/bias_correction/paper5/p98/mean/bias_correction_raw_corrected_zeta_p98_mean.pdf
REVIEW_OTHER,file,4.118,figures/bias_correction/paper5/p98/mean/bias_correction_raw_corrected_zeta_p98_mean.png
REVIEW_OTHER,file,3.216,figures/bias_correction/paper5/p98/median/bias_correction_raw_corrected_zeta_p98_median.pdf
REVIEW_OTHER,file,4.212,figures/bias_correction/paper5/p98/median/bias_correction_raw_corrected_zeta_p98_median.png
REVIEW_OTHER,file,0.062,figures/diagnostics/br_dwgd/p98/mean/hist_ratio_for_zeta_br_dwgd_p98_mean.png
REVIEW_OTHER,file,0.072,figures/diagnostics/br_dwgd/p98/mean/hist_raw_ratio_br_dwgd_p98_mean.png
REVIEW_OTHER,file,0.052,figures/diagnostics/br_dwgd/p98/mean/hist_station_zeta_br_dwgd_p98_mean.png
REVIEW_OTHER,file,0.229,figures/diagnostics/br_dwgd/p98/mean/scatter_gauge_vs_product_events_br_dwgd_p98_mean.png
REVIEW_OTHER,file,0.121,figures/diagnostics/br_dwgd/p98/mean/scatter_zeta_mean_vs_median_br_dwgd_p98_mean.png
REVIEW_OTHER,file,0.189,figures/diagnostics/br_dwgd/p98/mean/timeseries_max_annual_max_br_dwgd_p98_mean.png
REVIEW_OTHER,file,0.163,figures/diagnostics/br_dwgd/p98/mean/timeseries_mean_annual_max_br_dwgd_p98_mean.png
REVIEW_OTHER,file,0.169,figures/diagnostics/br_dwgd/p98/mean/zeta_raster_preview_br_dwgd_p98_mean.png
REVIEW_OTHER,file,0.062,figures/diagnostics/br_dwgd/p98/median/hist_ratio_for_zeta_br_dwgd_p98_median.png
REVIEW_OTHER,file,0.072,figures/diagnostics/br_dwgd/p98/median/hist_raw_ratio_br_dwgd_p98_median.png
REVIEW_OTHER,file,0.049,figures/diagnostics/br_dwgd/p98/median/hist_station_zeta_br_dwgd_p98_median.png
REVIEW_OTHER,file,0.229,figures/diagnostics/br_dwgd/p98/median/scatter_gauge_vs_product_events_br_dwgd_p98_median.png
REVIEW_OTHER,file,0.121,figures/diagnostics/br_dwgd/p98/median/scatter_zeta_mean_vs_median_br_dwgd_p98_median.png
REVIEW_OTHER,file,0.192,figures/diagnostics/br_dwgd/p98/median/timeseries_max_annual_max_br_dwgd_p98_median.png
REVIEW_OTHER,file,0.166,figures/diagnostics/br_dwgd/p98/median/timeseries_mean_annual_max_br_dwgd_p98_median.png
REVIEW_OTHER,file,0.168,figures/diagnostics/br_dwgd/p98/median/zeta_raster_preview_br_dwgd_p98_median.png
REVIEW_OTHER,file,0.058,figures/diagnostics/chirps/p98/mean/hist_ratio_for_zeta_chirps_p98_mean.png
REVIEW_OTHER,file,0.068,figures/diagnostics/chirps/p98/mean/hist_raw_ratio_chirps_p98_mean.png
REVIEW_OTHER,file,0.048,figures/diagnostics/chirps/p98/mean/hist_station_zeta_chirps_p98_mean.png
REVIEW_OTHER,file,0.264,figures/diagnostics/chirps/p98/mean/scatter_gauge_vs_product_events_chirps_p98_mean.png
REVIEW_OTHER,file,0.127,figures/diagnostics/chirps/p98/mean/scatter_zeta_mean_vs_median_chirps_p98_mean.png
REVIEW_OTHER,file,0.178,figures/diagnostics/chirps/p98/mean/timeseries_max_annual_max_chirps_p98_mean.png
REVIEW_OTHER,file,0.132,figures/diagnostics/chirps/p98/mean/timeseries_mean_annual_max_chirps_p98_mean.png
REVIEW_OTHER,file,0.422,figures/diagnostics/chirps/p98/mean/zeta_raster_preview_chirps_p98_mean.png
REVIEW_OTHER,file,0.058,figures/diagnostics/chirps/p98/median/hist_ratio_for_zeta_chirps_p98_median.png
REVIEW_OTHER,file,0.068,figures/diagnostics/chirps/p98/median/hist_raw_ratio_chirps_p98_median.png
REVIEW_OTHER,file,0.052,figures/diagnostics/chirps/p98/median/hist_station_zeta_chirps_p98_median.png
REVIEW_OTHER,file,0.264,figures/diagnostics/chirps/p98/median/scatter_gauge_vs_product_events_chirps_p98_median.png
REVIEW_OTHER,file,0.127,figures/diagnostics/chirps/p98/median/scatter_zeta_mean_vs_median_chirps_p98_median.png
REVIEW_OTHER,file,0.191,figures/diagnostics/chirps/p98/median/timeseries_max_annual_max_chirps_p98_median.png
REVIEW_OTHER,file,0.135,figures/diagnostics/chirps/p98/median/timeseries_mean_annual_max_chirps_p98_median.png
REVIEW_OTHER,file,0.408,figures/diagnostics/chirps/p98/median/zeta_raster_preview_chirps_p98_median.png
REVIEW_OTHER,file,0.058,figures/diagnostics/imerg_v06/p98/mean/hist_ratio_for_zeta_imerg_v06_p98_mean.png
REVIEW_OTHER,file,0.073,figures/diagnostics/imerg_v06/p98/mean/hist_raw_ratio_imerg_v06_p98_mean.png
REVIEW_OTHER,file,0.053,figures/diagnostics/imerg_v06/p98/mean/hist_station_zeta_imerg_v06_p98_mean.png
REVIEW_OTHER,file,0.281,figures/diagnostics/imerg_v06/p98/mean/scatter_gauge_vs_product_events_imerg_v06_p98_mean.png
REVIEW_OTHER,file,0.112,figures/diagnostics/imerg_v06/p98/mean/scatter_zeta_mean_vs_median_imerg_v06_p98_mean.png
REVIEW_OTHER,file,0.178,figures/diagnostics/imerg_v06/p98/mean/timeseries_max_annual_max_imerg_v06_p98_mean.png
REVIEW_OTHER,file,0.138,figures/diagnostics/imerg_v06/p98/mean/timeseries_mean_annual_max_imerg_v06_p98_mean.png
REVIEW_OTHER,file,0.172,figures/diagnostics/imerg_v06/p98/mean/zeta_raster_preview_imerg_v06_p98_mean.png
REVIEW_OTHER,file,0.058,figures/diagnostics/imerg_v06/p98/median/hist_ratio_for_zeta_imerg_v06_p98_median.png
REVIEW_OTHER,file,0.073,figures/diagnostics/imerg_v06/p98/median/hist_raw_ratio_imerg_v06_p98_median.png
REVIEW_OTHER,file,0.049,figures/diagnostics/imerg_v06/p98/median/hist_station_zeta_imerg_v06_p98_median.png
REVIEW_OTHER,file,0.281,figures/diagnostics/imerg_v06/p98/median/scatter_gauge_vs_product_events_imerg_v06_p98_median.png
REVIEW_OTHER,file,0.112,figures/diagnostics/imerg_v06/p98/median/scatter_zeta_mean_vs_median_imerg_v06_p98_median.png
REVIEW_OTHER,file,0.189,figures/diagnostics/imerg_v06/p98/median/timeseries_max_annual_max_imerg_v06_p98_median.png
REVIEW_OTHER,file,0.14,figures/diagnostics/imerg_v06/p98/median/timeseries_mean_annual_max_imerg_v06_p98_median.png
REVIEW_OTHER,file,0.165,figures/diagnostics/imerg_v06/p98/median/zeta_raster_preview_imerg_v06_p98_median.png
REVIEW_OTHER,file,0.057,figures/diagnostics/imerg_v07/p98/mean/hist_ratio_for_zeta_imerg_v07_p98_mean.png
REVIEW_OTHER,file,0.073,figures/diagnostics/imerg_v07/p98/mean/hist_raw_ratio_imerg_v07_p98_mean.png
REVIEW_OTHER,file,0.05,figures/diagnostics/imerg_v07/p98/mean/hist_station_zeta_imerg_v07_p98_mean.png
REVIEW_OTHER,file,0.269,figures/diagnostics/imerg_v07/p98/mean/scatter_gauge_vs_product_events_imerg_v07_p98_mean.png
REVIEW_OTHER,file,0.113,figures/diagnostics/imerg_v07/p98/mean/scatter_zeta_mean_vs_median_imerg_v07_p98_mean.png
REVIEW_OTHER,file,0.161,figures/diagnostics/imerg_v07/p98/mean/timeseries_max_annual_max_imerg_v07_p98_mean.png
REVIEW_OTHER,file,0.143,figures/diagnostics/imerg_v07/p98/mean/timeseries_mean_annual_max_imerg_v07_p98_mean.png
REVIEW_OTHER,file,0.167,figures/diagnostics/imerg_v07/p98/mean/zeta_raster_preview_imerg_v07_p98_mean.png
REVIEW_OTHER,file,0.057,figures/diagnostics/imerg_v07/p98/median/hist_ratio_for_zeta_imerg_v07_p98_median.png
REVIEW_OTHER,file,0.073,figures/diagnostics/imerg_v07/p98/median/hist_raw_ratio_imerg_v07_p98_median.png
REVIEW_OTHER,file,0.048,figures/diagnostics/imerg_v07/p98/median/hist_station_zeta_imerg_v07_p98_median.png
REVIEW_OTHER,file,0.269,figures/diagnostics/imerg_v07/p98/median/scatter_gauge_vs_product_events_imerg_v07_p98_median.png
REVIEW_OTHER,file,0.113,figures/diagnostics/imerg_v07/p98/median/scatter_zeta_mean_vs_median_imerg_v07_p98_median.png
REVIEW_OTHER,file,0.164,figures/diagnostics/imerg_v07/p98/median/timeseries_max_annual_max_imerg_v07_p98_median.png
REVIEW_OTHER,file,0.142,figures/diagnostics/imerg_v07/p98/median/timeseries_mean_annual_max_imerg_v07_p98_median.png
REVIEW_OTHER,file,0.161,figures/diagnostics/imerg_v07/p98/median/zeta_raster_preview_imerg_v07_p98_median.png
REVIEW_OTHER,file,0.057,figures/diagnostics/persiann_cdr/p98/mean/hist_ratio_for_zeta_persiann_cdr_p98_mean.png
REVIEW_OTHER,file,0.075,figures/diagnostics/persiann_cdr/p98/mean/hist_raw_ratio_persiann_cdr_p98_mean.png
REVIEW_OTHER,file,0.054,figures/diagnostics/persiann_cdr/p98/mean/hist_station_zeta_persiann_cdr_p98_mean.png
REVIEW_OTHER,file,0.231,figures/diagnostics/persiann_cdr/p98/mean/scatter_gauge_vs_product_events_persiann_cdr_p98_mean.png
REVIEW_OTHER,file,0.116,figures/diagnostics/persiann_cdr/p98/mean/scatter_zeta_mean_vs_median_persiann_cdr_p98_mean.png
REVIEW_OTHER,file,0.199,figures/diagnostics/persiann_cdr/p98/mean/timeseries_max_annual_max_persiann_cdr_p98_mean.png
REVIEW_OTHER,file,0.141,figures/diagnostics/persiann_cdr/p98/mean/timeseries_mean_annual_max_persiann_cdr_p98_mean.png
REVIEW_OTHER,file,0.131,figures/diagnostics/persiann_cdr/p98/mean/zeta_raster_preview_persiann_cdr_p98_mean.png
REVIEW_OTHER,file,0.057,figures/diagnostics/persiann_cdr/p98/median/hist_ratio_for_zeta_persiann_cdr_p98_median.png
REVIEW_OTHER,file,0.075,figures/diagnostics/persiann_cdr/p98/median/hist_raw_ratio_persiann_cdr_p98_median.png
REVIEW_OTHER,file,0.048,figures/diagnostics/persiann_cdr/p98/median/hist_station_zeta_persiann_cdr_p98_median.png
REVIEW_OTHER,file,0.231,figures/diagnostics/persiann_cdr/p98/median/scatter_gauge_vs_product_events_persiann_cdr_p98_median.png
REVIEW_OTHER,file,0.116,figures/diagnostics/persiann_cdr/p98/median/scatter_zeta_mean_vs_median_persiann_cdr_p98_median.png
REVIEW_OTHER,file,0.201,figures/diagnostics/persiann_cdr/p98/median/timeseries_max_annual_max_persiann_cdr_p98_median.png
REVIEW_OTHER,file,0.147,figures/diagnostics/persiann_cdr/p98/median/timeseries_mean_annual_max_persiann_cdr_p98_median.png
REVIEW_OTHER,file,0.138,figures/diagnostics/persiann_cdr/p98/median/zeta_raster_preview_persiann_cdr_p98_median.png
REVIEW_SCRIPT,file,0.003,inspect_cleanup_candidates.py
REVIEW_SCRIPT,file,0.002,inspect_corrected_max_pixels.py
REVIEW_SCRIPT,file,0.003,inspect_gee_products.py
KEEP_FINAL,file,0.007,interpolate_zeta_legacy_equivalent_from_pipeline.py
ARCHIVE_SUPERSEDED_SCRIPT,file,0.011,legacy_export_pairs_old_style.py
REVIEW_SCRIPT,file,0.007,make_br_dwgd_2025_annual_max_from_nc.py
REVIEW_SCRIPT,file,0.002,make_paper_figures.py
REVIEW_OTHER,file,0.005,metadata/data_inventory/annual_max_year_inventory.json
REVIEW_OTHER,file,0.003,metadata/data_inventory/gee_product_inspection_imerg_v07_20260510_093101.json
REVIEW_OTHER,file,0.01,metadata/gee_tasks/gee_pair_export_manifest_br_dwgd_p98_20260510_103528.json
REVIEW_OTHER,file,0.019,metadata/gee_tasks/gee_pair_export_manifest_br_dwgd_p98_20260510_131344.json
REVIEW_OTHER,file,0.019,metadata/gee_tasks/gee_pair_export_manifest_br_dwgd_p98_20260510_165501.json
REVIEW_OTHER,file,0.019,metadata/gee_tasks/gee_pair_export_manifest_br_dwgd_p98_20260510_180010.json
REVIEW_OTHER,file,0.01,metadata/gee_tasks/gee_pair_export_manifest_chirps_p98_20260510_101513.json
REVIEW_OTHER,file,0.019,metadata/gee_tasks/gee_pair_export_manifest_chirps_p98_20260510_131451.json
REVIEW_OTHER,file,0.019,metadata/gee_tasks/gee_pair_export_manifest_chirps_p98_20260510_165600.json
REVIEW_OTHER,file,0.019,metadata/gee_tasks/gee_pair_export_manifest_chirps_p98_20260510_180108.json
REVIEW_OTHER,file,0.011,metadata/gee_tasks/gee_pair_export_manifest_imerg_v06_p98_20260510_104438.json
REVIEW_OTHER,file,0.011,metadata/gee_tasks/gee_pair_export_manifest_imerg_v06_p98_20260510_131904.json
REVIEW_OTHER,file,0.011,metadata/gee_tasks/gee_pair_export_manifest_imerg_v06_p98_20260510_170047.json
REVIEW_OTHER,file,0.011,metadata/gee_tasks/gee_pair_export_manifest_imerg_v06_p98_20260510_180512.json
REVIEW_OTHER,file,0.003,metadata/gee_tasks/gee_pair_export_manifest_imerg_v07_p98_20260510_093814.json
REVIEW_OTHER,file,0.003,metadata/gee_tasks/gee_pair_export_manifest_imerg_v07_p98_20260510_094019.json
REVIEW_OTHER,file,0.011,metadata/gee_tasks/gee_pair_export_manifest_imerg_v07_p98_20260510_101334.json
REVIEW_OTHER,file,0.011,metadata/gee_tasks/gee_pair_export_manifest_imerg_v07_p98_20260510_131942.json
REVIEW_OTHER,file,0.011,metadata/gee_tasks/gee_pair_export_manifest_imerg_v07_p98_20260510_170130.json
REVIEW_OTHER,file,0.011,metadata/gee_tasks/gee_pair_export_manifest_imerg_v07_p98_20260510_180548.json
REVIEW_OTHER,file,0.011,metadata/gee_tasks/gee_pair_export_manifest_persiann_cdr_p98_20260510_104516.json
REVIEW_OTHER,file,0.02,metadata/gee_tasks/gee_pair_export_manifest_persiann_cdr_p98_20260510_131556.json
REVIEW_OTHER,file,0.02,metadata/gee_tasks/gee_pair_export_manifest_persiann_cdr_p98_20260510_165701.json
REVIEW_OTHER,file,0.02,metadata/gee_tasks/gee_pair_export_manifest_persiann_cdr_p98_20260510_180210.json
REVIEW_OTHER,file,0.0,metadata/manifests/setup_manifest.yml
ARCHIVE_SUPERSEDED_SCRIPT,file,0.005,patch_pair_extraction_paper_consistent.py
ARCHIVE_SUPERSEDED_SCRIPT,file,0.002,patch_zeta_ratio_filter.py
REVIEW_SCRIPT,file,0.018,plot_bias_correction_figure_all_products.py
ARCHIVE_SUPERSEDED_SCRIPT,file,0.018,plot_bias_correction_figure_paper5.py
ARCHIVE_SUPERSEDED_SCRIPT,file,0.015,plot_bias_correction_legacy_style_5x3_helvetica.py
KEEP_FINAL,file,0.017,plot_bias_correction_legacy_style_5x3_helvetica_biomes.py
ARCHIVE_SUPERSEDED_SCRIPT,file,0.004,repair_zeta_coordinates_from_pairs.py
REVIEW_SCRIPT,file,0.007,rerun_bias_pipeline_from_existing_pairs_old_method.sh
ARCHIVE_SUPERSEDED_SCRIPT,file,0.003,rerun_p98_all_products_mean_median.sh
REVIEW_SCRIPT,file,0.0,run_bias_correction_figures_mean_median.sh
KEEP_FINAL,file,0.002,run_final_paper_bias_workflow.sh
REVIEW_SCRIPT,file,0.011,run_menu.py
ARCHIVE_SUPERSEDED_SCRIPT,file,0.009,run_p98_mean_full_update.sh
ARCHIVE_SUPERSEDED_SCRIPT,file,0.008,run_p98_mean_product_years_no_v07.sh
ARCHIVE_SUPERSEDED_SCRIPT,file,0.009,run_p98_median_full_update.sh
ARCHIVE_SUPERSEDED_SCRIPT,file,0.008,run_p98_median_product_years_no_v07.sh
KEEP_FINAL,file,0.016,run_pipeline.py
KEEP_DATA_OR_OUTPUT,file,0.0,src/biascorr/__init__.py
ARCHIVE_OR_DELETE_BACKUP,dir,0.232,src/biascorr/__pycache__
ARCHIVE_OR_DELETE_BACKUP,file,0.0,src/biascorr/__pycache__/__init__.cpython-313.pyc
ARCHIVE_OR_DELETE_BACKUP,file,0.017,src/biascorr/__pycache__/apply_bias.cpython-313.pyc
ARCHIVE_OR_DELETE_BACKUP,file,0.016,src/biascorr/__pycache__/config.cpython-313.pyc
ARCHIVE_OR_DELETE_BACKUP,file,0.031,src/biascorr/__pycache__/diagnostics.cpython-313.pyc
ARCHIVE_OR_DELETE_BACKUP,file,0.018,src/biascorr/__pycache__/event_selection.cpython-313.pyc
ARCHIVE_OR_DELETE_BACKUP,file,0.023,src/biascorr/__pycache__/gauges.cpython-313.pyc
ARCHIVE_OR_DELETE_BACKUP,file,0.024,src/biascorr/__pycache__/gee_pair_exports.cpython-313.pyc
ARCHIVE_OR_DELETE_BACKUP,file,0.021,src/biascorr/__pycache__/gee_products.cpython-313.pyc
ARCHIVE_OR_DELETE_BACKUP,file,0.023,src/biascorr/__pycache__/interpolation.cpython-313.pyc
ARCHIVE_OR_DELETE_BACKUP,file,0.009,src/biascorr/__pycache__/plot_utils.cpython-313.pyc
ARCHIVE_OR_DELETE_BACKUP,file,0.014,src/biascorr/__pycache__/raster_utils.cpython-313.pyc
ARCHIVE_OR_DELETE_BACKUP,file,0.008,src/biascorr/__pycache__/utils.cpython-313.pyc
ARCHIVE_OR_DELETE_BACKUP,file,0.029,src/biascorr/__pycache__/zeta.cpython-313.pyc
KEEP_DATA_OR_OUTPUT,file,0.015,src/biascorr/apply_bias.py
ARCHIVE_OR_DELETE_BACKUP,file,0.015,src/biascorr/apply_bias.py.backup_before_old_method_match
KEEP_DATA_OR_OUTPUT,file,0.011,src/biascorr/config.py
KEEP_DATA_OR_OUTPUT,file,0.027,src/biascorr/diagnostics.py
KEEP_DATA_OR_OUTPUT,file,0.018,src/biascorr/event_selection.py
ARCHIVE_OR_DELETE_BACKUP,file,0.017,src/biascorr/event_selection.py.backup_paper_consistent_20260510_175742
KEEP_DATA_OR_OUTPUT,file,0.017,src/biascorr/gauges.py
KEEP_DATA_OR_OUTPUT,file,0.022,src/biascorr/gee_pair_exports.py
KEEP_DATA_OR_OUTPUT,file,0.019,src/biascorr/gee_products.py
KEEP_DATA_OR_OUTPUT,file,0.019,src/biascorr/interpolation.py
KEEP_DATA_OR_OUTPUT,file,0.006,src/biascorr/plot_utils.py
KEEP_DATA_OR_OUTPUT,file,0.01,src/biascorr/raster_utils.py
KEEP_DATA_OR_OUTPUT,file,0.004,src/biascorr/utils.py
KEEP_DATA_OR_OUTPUT,file,0.024,src/biascorr/zeta.py
ARCHIVE_OR_DELETE_BACKUP,file,0.024,src/biascorr/zeta.py.backup_before_ratio_filter_fix
ARCHIVE_SUPERSEDED_SCRIPT,file,0.001,submit_all_p98_pairs_again.sh
REVIEW_SCRIPT,file,0.001,submit_p98_pairs_full_valid_gauge_period.sh
REVIEW_SCRIPT,file,0.001,submit_paper_consistent_pairs.sh
